{
  "type": "FeatureCollection",
  "features": [
    {
      "type": "Feature",
      "id": 959,
      "geometry": {
        "type": "Polygon",
        "coordinates": [
          [
            [
              -80.09177999975843,
              25.721109999744286
            ],
            [
              -80.08825999982662,
              25.7236599997296
            ],
            [
              -80.08641000034734,
              25.725190000182998
            ],
            [
              -80.08448999964956,
              25.726940000083918
            ],
            [
              -80.08280000000387,
              25.7286200002631
            ],
            [
              -80.08158999985888,
              25.729929999774644
            ],
            [
              -80.08080999988421,
              25.730819999727274
            ],
            [
              -80.07979999975576,
              25.73203999961995
            ],
            [
              -80.07872000020542,
              25.733439999763434
            ],
            [
              -80.07792000013927,
              25.734550000337396
            ],
            [
              -80.07714000016456,
              25.73567999984674
            ],
            [
              -80.0760999998989,
              25.737330000150774
            ],
            [
              -80.07550999989502,
              25.738330000319582
            ],
            [
              -80.07465999960014,
              25.739859999715843
            ],
            [
              -80.07387999962546,
              25.741409999887896
            ],
            [
              -80.0731499998795,
              25.742989999635487
            ],
            [
              -80.072480000408,
              25.744589999929946
            ],
            [
              -80.07193999973451,
              25.746030000059847
            ],
            [
              -80.07111000042944,
              25.748580000337224
            ],
            [
              -80.07060999993894,
              25.750420000113184
            ],
            [
              -80.07028299970078,
              25.75180199974006
            ],
            [
              -80.07011000034673,
              25.752650000135855
            ],
            [
              -80.06990000028445,
              25.753779999856174
            ],
            [
              -80.06961999990196,
              25.755659999725356
            ],
            [
              -80.06942999993116,
              25.757360000045743
            ],
            [
              -80.06933000037205,
              25.758500000153987
            ],
            [
              -80.0692700000976,
              25.759820000146906
            ],
            [
              -80.06923999996037,
              25.761719999919208
            ],
            [
              -80.06928000014334,
              25.76343000033391
            ],
            [
              -80.06933000037205,
              25.76437999980935
            ],
            [
              -80.06942999993116,
              25.765710000055833
            ],
            [
              -80.069579999719,
              25.76702999997626
            ],
            [
              -80.06978999978128,
              25.768539999688205
            ],
            [
              -80.07012000039246,
              25.770409999936636
            ],
            [
              -80.07048000024258,
              25.772090000258395
            ],
            [
              -80.07091000041291,
              25.773749999799136
            ],
            [
              -80.07124000012578,
              25.774849999713563
            ],
            [
              -80.07175999980946,
              25.77648000028653
            ],
            [
              -80.07227000034571,
              25.777870000141814
            ],
            [
              -80.07254999982987,
              25.778570000345503
            ],
            [
              -80.07262000015008,
              25.779280000227246
            ],
            [
              -80.07254999982987,
              25.779810000251505
            ],
            [
              -80.07245000027076,
              25.780529999650426
            ],
            [
              -80.0723899999963,
              25.781070000174058
            ],
            [
              -80.07232999972184,
              25.781620000232657
            ],
            [
              -80.07211999965956,
              25.782539999615754
            ],
            [
              -80.07194999978026,
              25.78327999990259
            ],
            [
              -80.07173999971796,
              25.784399999906178
            ],
            [
              -80.07155999979292,
              25.78551999984884
            ],
            [
              -80.07119999994282,
              25.78659999991629
            ],
            [
              -80.07091999956033,
              25.787499999739193
            ],
            [
              -80.07072000044208,
              25.788229999997924
            ],
            [
              -80.07061999998467,
              25.788599999953142
            ],
            [
              -80.07047000019685,
              25.789149999873512
            ],
            [
              -80.07029000027178,
              25.789879999680856
            ],
            [
              -80.0700800002095,
              25.790799999696148
            ],
            [
              -80.06986000010147,
              25.791529999860085
            ],
            [
              -80.069579999719,
              25.792250000095432
            ],
            [
              -80.06943999997691,
              25.792599999933614
            ],
            [
              -80.06898999971511,
              25.7938700000059
            ],
            [
              -80.06852000026015,
              25.795330000092036
            ],
            [
              -80.06815000036428,
              25.796609999955702
            ],
            [
              -80.0678199997531,
              25.79791999998742
            ],
            [
              -80.06747999999448,
              25.799390000022292
            ],
            [
              -80.06722999974922,
              25.8007000000627
            ],
            [
              -80.0669600003108,
              25.802390000234976
            ],
            [
              -80.0667500002485,
              25.804089999858693
            ],
            [
              -80.0666099996081,
              25.805800000118754
            ],
            [
              -80.06655000023197,
              25.807120000312274
            ],
            [
              -80.06652000009473,
              25.80863999964457
            ],
            [
              -80.06648999995751,
              25.809780000296648
            ],
            [
              -80.06632000007819,
              25.810520000381683
            ],
            [
              -80.06614000015314,
              25.811460000075538
            ],
            [
              -80.0659400001366,
              25.81256999971069
            ],
            [
              -80.06576000021153,
              25.813690000362197
            ],
            [
              -80.065560000195,
              25.81537999963145
            ],
            [
              -80.06545999973757,
              25.816520000113446
            ],
            [
              -80.06537000022419,
              25.818030000400526
            ],
            [
              -80.0652299995838,
              25.819249999905356
            ],
            [
              -80.06511999997895,
              25.82036999965305
            ],
            [
              -80.0649900002826,
              25.82205999982577
            ],
            [
              -80.0649400000539,
              25.82375000013575
            ],
            [
              -80.06493000000815,
              25.824689999944496
            ],
            [
              -80.06495000009964,
              25.825630000375885
            ],
            [
              -80.06488999982517,
              25.82676000021962
            ],
            [
              -80.06477000017458,
              25.82788000008301
            ],
            [
              -80.06464999962566,
              25.82939000023465
            ],
            [
              -80.06450999988358,
              25.831080000210697
            ],
            [
              -80.06441000032447,
              25.832009999865377
            ],
            [
              -80.06427999972982,
              25.8334999998064
            ],
            [
              -80.06424999959258,
              25.83423999962629
            ],
            [
              -80.06420000026219,
              25.83499000039292
            ],
            [
              -80.06419000021644,
              25.835549999903243
            ],
            [
              -80.06418000017071,
              25.836480000006382
            ],
            [
              -80.06418000017071,
              25.837219999787305
            ],
            [
              -80.06420000026219,
              25.83816999980175
            ],
            [
              -80.06424999959258,
              25.83891000033248
            ],
            [
              -80.06425999963832,
              25.83929000003015
            ],
            [
              -80.06416000007921,
              25.839650000277494
            ],
            [
              -80.06403000038287,
              25.84021000037145
            ],
            [
              -80.06389999978822,
              25.84076000000594
            ],
            [
              -80.06378000013761,
              25.84131999969683
            ],
            [
              -80.06365000044127,
              25.84187999997084
            ],
            [
              -80.06354999998385,
              25.84244000001945
            ],
            [
              -80.06339000015028,
              25.8433700001337
            ],
            [
              -80.06326999960136,
              25.844119999620574
            ],
            [
              -80.06311999981355,
              25.84524999996817
            ],
            [
              -80.06305000039164,
              25.845810000232312
            ],
            [
              -80.06295999997997,
              25.846759999986865
            ],
            [
              -80.06288999965976,
              25.847699999739383
            ],
            [
              -80.06285000037511,
              25.848270000130505
            ],
            [
              -80.0628000001464,
              25.84958999976458
            ],
            [
              -80.06279000010065,
              25.850720000399495
            ],
            [
              -80.06279000010065,
              25.85186000004269
            ],
            [
              -80.06282000023789,
              25.852619999896987
            ],
            [
              -80.06287999961403,
              25.85374999987167
            ],
            [
              -80.06294999993423,
              25.85468999984231
            ],
            [
              -80.06300000016294,
              25.8552599996849
            ],
            [
              -80.06306999958483,
              25.85602000032015
            ],
            [
              -80.06314999995075,
              25.85657999970429
            ],
            [
              -80.0632300003167,
              25.85713999966937
            ],
            [
              -80.06326999960136,
              25.85741800034705
            ],
            [
              -80.06330999978434,
              25.857700000215306
            ],
            [
              -80.06345999957216,
              25.8586400003071
            ],
            [
              -80.06352999989235,
              25.859010000167828
            ],
            [
              -80.06366999963446,
              25.859759999893768
            ],
            [
              -80.06379000018336,
              25.860320000153724
            ],
            [
              -80.06390999983395,
              25.86087000003515
            ],
            [
              -80.06393999997118,
              25.861439999989596
            ],
            [
              -80.06393999997118,
              25.86182000004887
            ],
            [
              -80.06398000015416,
              25.862199999694774
            ],
            [
              -80.06403000038287,
              25.86296000017145
            ],
            [
              -80.0641099998505,
              25.86388999976415
            ],
            [
              -80.06422000035367,
              25.86482999993832
            ],
            [
              -80.06434000000426,
              25.86576000017397
            ],
            [
              -80.06444999960912,
              25.86650999990898
            ],
            [
              -80.06458000020379,
              25.86725000012315
            ],
            [
              -80.06460000029526,
              25.86763000009263
            ],
            [
              -80.06457000015804,
              25.868190000245207
            ],
            [
              -80.06455000006655,
              25.86875000016872
            ],
            [
              -80.06454000002081,
              25.869509999745862
            ],
            [
              -80.06451999992932,
              25.87063999991721
            ],
            [
              -80.06454000002081,
              25.871200000353276
            ],
            [
              -80.06455000006655,
              25.871950000315543
            ],
            [
              -80.06459000024952,
              25.87271000032406
            ],
            [
              -80.06464999962566,
              25.873649999846123
            ],
            [
              -80.0647299999916,
              25.874580000172614
            ],
            [
              -80.06483000044904,
              25.875529999890706
            ],
            [
              -80.06495000009964,
              25.8764599999648
            ],
            [
              -80.06507999979598,
              25.877389999990868
            ],
            [
              -80.06523999962954,
              25.878319999968593
            ],
            [
              -80.06538000026994,
              25.87905999975987
            ],
            [
              -80.06553000005778,
              25.879799999764046
            ],
            [
              -80.06566999979985,
              25.880879999749105
            ],
            [
              -80.06572000002858,
              25.881240000243412
            ],
            [
              -80.06568999989135,
              25.88143000010675
            ],
            [
              -80.06563999966264,
              25.88198000032748
            ],
            [
              -80.06559000033224,
              25.882540000344974
            ],
            [
              -80.06553000005778,
              25.88329000023494
            ],
            [
              -80.06549999992053,
              25.88384999969743
            ],
            [
              -80.06546999978332,
              25.884409999736906
            ],
            [
              -80.06544999969182,
              25.885150000160504
            ],
            [
              -80.06542999960034,
              25.88589999963645
            ],
            [
              -80.06542999960034,
              25.886650000005574
            ],
            [
              -80.06543999964609,
              25.88720999969597
            ],
            [
              -80.06547999982907,
              25.888329999997957
            ],
            [
              -80.06549999992053,
              25.888889999801233
            ],
            [
              -80.06557000024074,
              25.88981999972452
            ],
            [
              -80.06560000037797,
              25.890189999724925
            ],
            [
              -80.0654899998748,
              25.89056000018192
            ],
            [
              -80.06543999964609,
              25.890740000356228
            ],
            [
              -80.06528999985825,
              25.89129000004125
            ],
            [
              -80.06508999984173,
              25.892113000273095
            ],
            [
              -80.06487999977944,
              25.89294999974319
            ],
            [
              -80.06463999957992,
              25.894069999730725
            ],
            [
              -80.06440000027872,
              25.895369999982602
            ],
            [
              -80.06423000039942,
              25.896480000072444
            ],
            [
              -80.06403000038287,
              25.898000000272468
            ],
            [
              -80.06387999969672,
              25.899699999727225
            ],
            [
              -80.06378000013761,
              25.90158000035213
            ],
            [
              -80.06376000004613,
              25.90327999994467
            ],
            [
              -80.06378000013761,
              25.904599999912342
            ],
            [
              -80.06387999969672,
              25.906299999622576
            ],
            [
              -80.06403000038287,
              25.90799999988294
            ],
            [
              -80.06411999989623,
              25.908740000270775
            ],
            [
              -80.06430999986705,
              25.910049999717234
            ],
            [
              -80.06460000029526,
              25.9117300002997
            ],
            [
              -80.06490999991668,
              25.913209999723012
            ],
            [
              -80.06516699983462,
              25.91423599990846
            ],
            [
              -80.06542999960034,
              25.91522999992529
            ],
            [
              -80.06534599993476,
              25.915485999910732
            ],
            [
              -80.06521299986537,
              25.915891000207488
            ],
            [
              -80.06506999975022,
              25.916330000306665
            ],
            [
              -80.06484999964219,
              25.91705999989697
            ],
            [
              -80.06468999980864,
              25.917609999701988
            ],
            [
              -80.06454000002081,
              25.918170000319613
            ],
            [
              -80.06424999959258,
              25.919279999987463
            ],
            [
              -80.0639900001999,
              25.920399999665197
            ],
            [
              -80.06387200019911,
              25.92101399961722
            ],
            [
              -80.06347999966366,
              25.92321000009759
            ],
            [
              -80.06319000013373,
              25.92547999997087
            ],
            [
              -80.06303000030017,
              25.927570000304645
            ],
            [
              -80.0629700000257,
              25.929470000173193
            ],
            [
              -80.06301000020868,
              25.93195000036134
            ],
            [
              -80.06315999999651,
              25.934230000321143
            ],
            [
              -80.06348999970939,
              25.93687000017037
            ],
            [
              -80.06384999955951,
              25.93893999963206
            ],
            [
              -80.064089999759,
              25.940059999882926
            ],
            [
              -80.06421000030792,
              25.940810000004564
            ],
            [
              -80.06418000017071,
              25.94117999998561
            ],
            [
              -80.06411999989623,
              25.94211000037285
            ],
            [
              -80.06406999966752,
              25.943780000015252
            ],
            [
              -80.06403000038287,
              25.94515000027528
            ],
            [
              -80.06388999974249,
              25.94590000029397
            ],
            [
              -80.06368999972592,
              25.947009999665173
            ],
            [
              -80.06341000024176,
              25.949070000284813
            ],
            [
              -80.0632300003167,
              25.951130000403083
            ],
            [
              -80.06312999985929,
              25.95355999986847
            ],
            [
              -80.06306999958483,
              25.95674999978025
            ],
            [
              -80.06303000030017,
              25.960519999743287
            ],
            [
              -80.06309999972204,
              25.962759999833846
            ],
            [
              -80.0629900001172,
              25.963879999637964
            ],
            [
              -80.06285000037511,
              25.966699999882554
            ],
            [
              -80.06284000032937,
              25.96745999989277
            ],
            [
              -80.06284000032937,
              25.96802000015915
            ],
            [
              -80.06286000042086,
              25.968959999978267
            ],
            [
              -80.06288999965976,
              25.96990000036225
            ],
            [
              -80.0629399998885,
              25.97047000006393
            ],
            [
              -80.0629700000257,
              25.971029999730508
            ],
            [
              -80.06298000007145,
              25.971220000266303
            ],
            [
              -80.06303000030017,
              25.971780000400194
            ],
            [
              -80.06309999972204,
              25.972530000325502
            ],
            [
              -80.06317000004225,
              25.973089999875427
            ],
            [
              -80.06331999983007,
              25.97420999985958
            ],
            [
              -80.0633499999673,
              25.97440000010383
            ],
            [
              -80.06322799976857,
              25.974971000384617
            ],
            [
              -80.06315999999651,
              25.9753299996763
            ],
            [
              -80.06305000039164,
              25.97588999962264
            ],
            [
              -80.0629900001172,
              25.976270000028762
            ],
            [
              -80.06289300003282,
              25.976808999754667
            ],
            [
              -80.06394699964387,
              25.976778999713467
            ],
            [
              -80.11270500025384,
              25.97540200016489
            ],
            [
              -80.11378099960622,
              25.975360999858417
            ],
            [
              -80.11529399969992,
              25.975317999994374
            ],
            [
              -80.11601299957523,
              25.97531400010013
            ],
            [
              -80.11614499981971,
              25.975303999960133
            ],
            [
              -80.11808100041101,
              25.97524200036522
            ],
            [
              -80.11900000030288,
              25.975211999924312
            ],
            [
              -80.11946499973496,
              25.975200000230352
            ],
            [
              -80.11956799966713,
              25.975197000104757
            ],
            [
              -80.11982899978304,
              25.97519199962609
            ],
            [
              -80.12084499975927,
              25.9751640003335
            ],
            [
              -80.12124300014251,
              25.975151999827055
            ],
            [
              -80.1214880003649,
              25.97514499980026
            ],
            [
              -80.12220999971494,
              25.975126000071526
            ],
            [
              -80.12255899969442,
              25.975115999915538
            ],
            [
              -80.12282300018337,
              25.97510899988658
            ],
            [
              -80.12294899968175,
              25.975105999758682
            ],
            [
              -80.12330900043017,
              25.975102999630725
            ],
            [
              -80.1234809999593,
              25.975091999699217
            ],
            [
              -80.12375100029605,
              25.97508099976665
            ],
            [
              -80.12376600036465,
              25.974890000039743
            ],
            [
              -80.12378800010598,
              25.974626999891214
            ],
            [
              -80.12378899993088,
              25.974615999915162
            ],
            [
              -80.12382999993876,
              25.974552000401257
            ],
            [
              -80.1238740003197,
              25.974484000122473
            ],
            [
              -80.12807499959366,
              25.974319000173256
            ],
            [
              -80.13041100021805,
              25.974227000174455
            ],
            [
              -80.13315299982499,
              25.974120000146794
            ],
            [
              -80.13386199965454,
              25.974109999905263
            ],
            [
              -80.13386699967742,
              25.974868000135846
            ],
            [
              -80.13398200020346,
              25.974868000135846
            ],
            [
              -80.13404900015061,
              25.974865999777276
            ],
            [
              -80.14212500008192,
              25.974676000285886
            ],
            [
              -80.14350099990826,
              25.974510999798454
            ],
            [
              -80.14367499998554,
              25.974503999733518
            ],
            [
              -80.14384900006281,
              25.974496999668123
            ],
            [
              -80.14447300040189,
              25.9744940003322
            ],
            [
              -80.14472299974882,
              25.974472000354222
            ],
            [
              -80.1456220004475,
              25.974469999988923
            ],
            [
              -80.14594899978734,
              25.974469000210068
            ],
            [
              -80.14599099962012,
              25.974466999844754
            ],
            [
              -80.146115000367,
              25.974462000142626
            ],
            [
              -80.1462550001091,
              25.974455999853745
            ],
            [
              -80.14691600025809,
              25.97442500024062
            ],
            [
              -80.14756999983607,
              25.974396000178356
            ],
            [
              -80.14759199957736,
              25.974396999957833
            ],
            [
              -80.14763799960812,
              25.974397999737324
            ],
            [
              -80.14777700042362,
              25.974404000029182
            ],
            [
              -80.14782400027929,
              25.974406000395575
            ],
            [
              -80.14786399956395,
              25.974407999954366
            ],
            [
              -80.147902999922,
              25.97440700017499
            ],
            [
              -80.14802000009786,
              25.974396000178356
            ],
            [
              -80.14806299975557,
              25.97440700017499
            ],
            [
              -80.14847600020744,
              25.974392000252767
            ],
            [
              -80.14971599959135,
              25.974351000401747
            ],
            [
              -80.15012999986814,
              25.974337000252394
            ],
            [
              -80.1501490001347,
              25.974335999664827
            ],
            [
              -80.1502060000361,
              25.974334000104793
            ],
            [
              -80.15022600012759,
              25.974334000104793
            ],
            [
              -80.1505280002514,
              25.974319999953394
            ],
            [
              -80.15143600027258,
              25.974282000226264
            ],
            [
              -80.1517390002213,
              25.974268999849265
            ],
            [
              -80.1518379999555,
              25.974267000288098
            ],
            [
              -80.15192800036718,
              25.97426599969993
            ],
            [
              -80.15211699961476,
              25.974263000358118
            ],
            [
              -80.15213699970623,
              25.974261999769915
            ],
            [
              -80.1521769998892,
              25.974261999769915
            ],
            [
              -80.15223700016365,
              25.97426099998929
            ],
            [
              -80.15232199965416,
              25.974258999620403
            ],
            [
              -80.15257699992227,
              25.97425600027841
            ],
            [
              -80.152663000136,
              25.974254999690142
            ],
            [
              -80.1528809996959,
              25.974245000267654
            ],
            [
              -80.1535359999971,
              25.974216000161015
            ],
            [
              -80.15375500028023,
              25.974206999708745
            ],
            [
              -80.1538459996185,
              25.97420199999556
            ],
            [
              -80.1541190003283,
              25.97419099997979
            ],
            [
              -80.15421100038981,
              25.97418700004719
            ],
            [
              -80.15442599957663,
              25.974180999744277
            ],
            [
              -80.15507099983212,
              25.974162999641308
            ],
            [
              -80.15528599991727,
              25.974157000144714
            ],
            [
              -80.15547099986519,
              25.974150999840298
            ],
            [
              -80.1560270004322,
              25.97413599988543
            ],
            [
              -80.15621300020503,
              25.97413100016923
            ],
            [
              -80.15623499994635,
              25.97413000038746
            ],
            [
              -80.15630400044164,
              25.97412800001637
            ],
            [
              -80.15632700000785,
              25.97412800001637
            ],
            [
              -80.15657800007801,
              25.974120000146794
            ],
            [
              -80.15733200011343,
              25.974099999662876
            ],
            [
              -80.15743400022068,
              25.97409800009886
            ],
            [
              -80.15758400000851,
              25.974094000163117
            ],
            [
              -80.15768500029085,
              25.97409100000933
            ],
            [
              -80.15779300024587,
              25.97408700007332
            ],
            [
              -80.15811700011099,
              25.974079000200984
            ],
            [
              -80.15822599989093,
              25.974076000046804
            ],
            [
              -80.15863400031992,
              25.974065000019216
            ],
            [
              -80.15986000035844,
              25.974034000303064
            ],
            [
              -80.16026899971403,
              25.974024000054193
            ],
            [
              -80.16067399976998,
              25.974012000239
            ],
            [
              -80.16189099958768,
              25.973976999761586
            ],
            [
              -80.16229700036686,
              25.973965999724737
            ],
            [
              -80.16284399981473,
              25.97394900017973
            ],
            [
              -80.16448800032798,
              25.973901000073436
            ],
            [
              -80.16503599960075,
              25.973885000302833
            ],
            [
              -80.16517600024115,
              25.973885000302833
            ],
            [
              -80.16539200015121,
              25.973886999870487
            ],
            [
              -80.1655889997947,
              25.973825000336156
            ],
            [
              -80.16572400041224,
              25.973782999695224
            ],
            [
              -80.16591000018508,
              25.973732999950947
            ],
            [
              -80.16594100014721,
              25.973724000269296
            ],
            [
              -80.16598100033019,
              25.973713000208797
            ],
            [
              -80.16622700037748,
              25.973646000038347
            ],
            [
              -80.16632299973864,
              25.973619000163783
            ],
            [
              -80.16647400024969,
              25.973578999829744
            ],
            [
              -80.16776600041044,
              25.973578999829744
            ],
            [
              -80.17164500036743,
              25.973578999829744
            ],
            [
              -80.1729380003531,
              25.973579999616167
            ],
            [
              -80.17317099998161,
              25.973577000256856
            ],
            [
              -80.17386999976544,
              25.973570000136313
            ],
            [
              -80.17396799967472,
              25.973569000349787
            ],
            [
              -80.174029999599,
              25.973569000349787
            ],
            [
              -80.17410400011717,
              25.973569000349787
            ],
            [
              -80.17414900032301,
              25.973569000349787
            ],
            [
              -80.17428400004222,
              25.973569000349787
            ],
            [
              -80.17433000007296,
              25.973569000349787
            ],
            [
              -80.17434500014157,
              25.973569000349787
            ],
            [
              -80.17439199999725,
              25.973569000349787
            ],
            [
              -80.17440799989076,
              25.973569000349787
            ],
            [
              -80.17442999963208,
              25.973569000349787
            ],
            [
              -80.17446499979218,
              25.973569000349787
            ],
            [
              -80.17448800025672,
              25.973566000182633
            ],
            [
              -80.17449800030245,
              25.97356399980191
            ],
            [
              -80.1745300000895,
              25.97354599960448
            ],
            [
              -80.1786480004211,
              25.973469999637828
            ],
            [
              -80.17898599963159,
              25.973469999637828
            ],
            [
              -80.1801199996086,
              25.973469999637828
            ],
            [
              -80.18049799990038,
              25.973469999637828
            ],
            [
              -80.18067799982543,
              25.973475000189687
            ],
            [
              -80.18099099981988,
              25.97348300010316
            ],
            [
              -80.18108500042953,
              25.973483999890384
            ],
            [
              -80.18122099997365,
              25.973484999677645
            ],
            [
              -80.18140199972362,
              25.97349499997232
            ],
            [
              -80.18152399992236,
              25.97349199980324
            ],
            [
              -80.18189100034348,
              25.973483999890384
            ],
            [
              -80.18201400036712,
              25.973482000315883
            ],
            [
              -80.18216599980477,
              25.973468000063086
            ],
            [
              -80.18262299973927,
              25.97342699988994
            ],
            [
              -80.1826899996864,
              25.97342100035584
            ],
            [
              -80.1827600000066,
              25.973415000013848
            ],
            [
              -80.18277599990014,
              25.973414000226022
            ],
            [
              -80.18302399959727,
              25.97340600030787
            ],
            [
              -80.18377000013506,
              25.973384999914444
            ],
            [
              -80.18401899965708,
              25.97337900037821
            ],
            [
              -80.18408399995441,
              25.973376999994347
            ],
            [
              -80.184279999773,
              25.973373000034062
            ],
            [
              -80.18434599989523,
              25.97337200024588
            ],
            [
              -80.18447300011684,
              25.97336999986188
            ],
            [
              -80.18485499970826,
              25.973365000113137
            ],
            [
              -80.18498299975478,
              25.973364000324867
            ],
            [
              -80.1850749998163,
              25.97336199994075
            ],
            [
              -80.18535299965063,
              25.973360000364178
            ],
            [
              -80.18544600043536,
              25.97335899976829
            ],
            [
              -80.18563600040618,
              25.97335300023072
            ],
            [
              -80.18620799996839,
              25.973338999962543
            ],
            [
              -80.1862780002886,
              25.973337000385563
            ],
            [
              -80.1863989997641,
              25.973334000212464
            ],
            [
              -80.18672000015445,
              25.973324999692686
            ],
            [
              -80.19038900004917,
              25.97323199993455
            ],
            [
              -80.19083900031097,
              25.973227999969367
            ],
            [
              -80.1910109998401,
              25.973220999828047
            ],
            [
              -80.19442199999196,
              25.973169000265028
            ],
            [
              -80.19802899996239,
              25.97303299968404
            ],
            [
              -80.19875799988344,
              25.97300999964148
            ],
            [
              -80.19970600008762,
              25.97297899964726
            ],
            [
              -80.20094899984456,
              25.972939999695008
            ],
            [
              -80.20168000031376,
              25.972919000025957
            ],
            [
              -80.20183199975139,
              25.972912999658373
            ],
            [
              -80.20208299982157,
              25.97290499970614
            ],
            [
              -80.20229000040912,
              25.972899000145414
            ],
            [
              -80.20244299967167,
              25.972894000376634
            ],
            [
              -80.20287299984199,
              25.972880000053816
            ],
            [
              -80.20322900039244,
              25.97286700032943
            ],
            [
              -80.20398500007768,
              25.97284299965414
            ],
            [
              -80.20447899982211,
              25.97277100002167
            ],
            [
              -80.20559500025577,
              25.972723000242183
            ],
            [
              -80.20601000035747,
              25.97268000022124
            ],
            [
              -80.2062189996965,
              25.97264699974372
            ],
            [
              -80.2072799998786,
              25.97255299965432
            ],
            [
              -80.21015799992797,
              25.97245200011029
            ],
            [
              -80.2103200003097,
              25.9724449999228
            ],
            [
              -80.21198499984102,
              25.97239600021379
            ],
            [
              -80.2125460004309,
              25.972385000029085
            ],
            [
              -80.21293300004518,
              25.97240700039748
            ],
            [
              -80.2134760001934,
              25.97244000013472
            ],
            [
              -80.21382000014998,
              25.97244000013472
            ],
            [
              -80.21402900038737,
              25.97242499996164
            ],
            [
              -80.21425600016809,
              25.97239600021379
            ],
            [
              -80.21484600017195,
              25.972334999690517
            ],
            [
              -80.21720199998953,
              25.972284000340814
            ],
            [
              -80.21953600006577,
              25.972241000159325
            ],
            [
              -80.22281999999602,
              25.972316000315406
            ],
            [
              -80.22312200011982,
              25.97232599990186
            ],
            [
              -80.22397200041469,
              25.972322999703
            ],
            [
              -80.2244800004028,
              25.972322999703
            ],
            [
              -80.22462900036572,
              25.972317000112568
            ],
            [
              -80.2250000000865,
              25.972304000325956
            ],
            [
              -80.22555800030332,
              25.972297999926965
            ],
            [
              -80.22697199976449,
              25.972281999938325
            ],
            [
              -80.22781000036382,
              25.972273000145623
            ],
            [
              -80.22864300004193,
              25.972254999750618
            ],
            [
              -80.22949499998663,
              25.97223399995928
            ],
            [
              -80.22958600022322,
              25.97223200036352
            ],
            [
              -80.22968499995744,
              25.97223300016142
            ],
            [
              -80.22975899957726,
              25.972234999757152
            ],
            [
              -80.22991500011119,
              25.972228000364318
            ],
            [
              -80.22997700003549,
              25.972226999758803
            ],
            [
              -80.23007599976968,
              25.97222599996089
            ],
            [
              -80.23016299980831,
              25.972225000162926
            ],
            [
              -80.23068300039031,
              25.9722160003659
            ],
            [
              -80.23140300009054,
              25.97217499975632
            ],
            [
              -80.2321040004225,
              25.972136000345074
            ],
            [
              -80.2334490002867,
              25.972112000328213
            ],
            [
              -80.2342099999948,
              25.972097999912318
            ],
            [
              -80.23504900041902,
              25.972081999896467
            ],
            [
              -80.23805700016476,
              25.972028000230644
            ],
            [
              -80.24356100036843,
              25.971929999637197
            ],
            [
              -80.24642599999903,
              25.97187900011188
            ],
            [
              -80.24646799983182,
              25.971878000311005
            ],
            [
              -80.24653399995405,
              25.97187699970251
            ],
            [
              -80.24659599987835,
              25.971875999901606
            ],
            [
              -80.24663900043434,
              25.971875999901606
            ],
            [
              -80.24671499970403,
              25.97187500010068
            ],
            [
              -80.24676300028291,
              25.971874000299767
            ],
            [
              -80.2469239999414,
              25.971870000288366
            ],
            [
              -80.24697099979706,
              25.971868999679806
            ],
            [
              -80.24703899956911,
              25.971866000276872
            ],
            [
              -80.2478670001227,
              25.971834999981123
            ],
            [
              -80.24814300030721,
              25.97182500035289
            ],
            [
              -80.24826499960764,
              25.97181999973087
            ],
            [
              -80.2486350004018,
              25.971806000087813
            ],
            [
              -80.24875800042545,
              25.971802000074106
            ],
            [
              -80.25103800007503,
              25.97171399973845
            ],
            [
              -80.25787799992207,
              25.971453999977353
            ],
            [
              -80.26015900029489,
              25.971367999799437
            ],
            [
              -80.26048700035795,
              25.97135599971326
            ],
            [
              -80.26056600000067,
              25.97135300029721
            ],
            [
              -80.26179000038937,
              25.97131700003045
            ],
            [
              -80.26219799992003,
              25.971305999744843
            ],
            [
              -80.26225399999655,
              25.97130400013331
            ],
            [
              -80.26234000021027,
              25.97130199971414
            ],
            [
              -80.26242499970077,
              25.971300000102527
            ],
            [
              -80.26248199960217,
              25.971299000296728
            ],
            [
              -80.2625679998159,
              25.971296000071636
            ],
            [
              -80.2628280001069,
              25.971289999621234
            ],
            [
              -80.26291500014554,
              25.97128800000943
            ],
            [
              -80.26601999997564,
              25.97122500010624
            ],
            [
              -80.2753389996639,
              25.971037000002216
            ],
            [
              -80.27844500021723,
              25.97097499977315
            ],
            [
              -80.27850799996642,
              25.970973000155993
            ],
            [
              -80.278555999647,
              25.970973000155993
            ],
            [
              -80.27866600015015,
              25.97096999992259
            ],
            [
              -80.27869999958705,
              25.970969000113953
            ],
            [
              -80.27873800012019,
              25.970969000113953
            ],
            [
              -80.27876400005945,
              25.970968000305344
            ],
            [
              -80.27881099991511,
              25.970965999880438
            ],
            [
              -80.27916400009254,
              25.970957999795818
            ],
            [
              -80.2819700001719,
              25.970889999861896
            ],
            [
              -80.28637499966035,
              25.970784999649183
            ],
            [
              -80.29158799961088,
              25.970658000266575
            ],
            [
              -80.29479399972334,
              25.97057999961755
            ],
            [
              -80.2948759997391,
              25.970577999993672
            ],
            [
              -80.29499700011294,
              25.970574999750195
            ],
            [
              -80.29510400024306,
              25.97057200031426
            ],
            [
              -80.29518700008373,
              25.970569999882628
            ],
            [
              -80.29515399957346,
              25.96879899966426
            ],
            [
              -80.29514799972567,
              25.968494000326313
            ],
            [
              -80.2951150001137,
              25.966682000249975
            ],
            [
              -80.29508900017444,
              25.965253999625777
            ],
            [
              -80.29508499997648,
              25.965045000211518
            ],
            [
              -80.29507599975564,
              25.964569000152146
            ],
            [
              -80.29507499993072,
              25.96423600006863
            ],
            [
              -80.29507199955768,
              25.9635549998084
            ],
            [
              -80.29506700043314,
              25.96050600037088
            ],
            [
              -80.29497600019654,
              25.956942999737183
            ],
            [
              -80.29497600019654,
              25.956928999939272
            ],
            [
              -80.29497500037162,
              25.956905999979206
            ],
            [
              -80.29497199999855,
              25.956769999982992
            ],
            [
              -80.29505499983925,
              25.956769999982992
            ],
            [
              -80.29527800032032,
              25.956770999912262
            ],
            [
              -80.29866699983255,
              25.95688699972784
            ],
            [
              -80.29882199964325,
              25.95689200017688
            ],
            [
              -80.29897900000209,
              25.956894999961605
            ],
            [
              -80.30170200024077,
              25.956972000063242
            ],
            [
              -80.30190100043241,
              25.95697100013569
            ],
            [
              -80.30222799977223,
              25.956970000208088
            ],
            [
              -80.31010799988495,
              25.957155000396433
            ],
            [
              -80.31014300004507,
              25.957155000396433
            ],
            [
              -80.3102510000001,
              25.957158000174456
            ],
            [
              -80.31028699998511,
              25.95715900010043
            ],
            [
              -80.31035300010734,
              25.957160000026416
            ],
            [
              -80.31054999975085,
              25.95716299980427
            ],
            [
              -80.310616999698,
              25.957164999656143
            ],
            [
              -80.31064799966013,
              25.957164999656143
            ],
            [
              -80.3106810001704,
              25.957167000315657
            ],
            [
              -80.31074100044486,
              25.95716800024158
            ],
            [
              -80.310772000407,
              25.957170000093374
            ],
            [
              -80.31078499992749,
              25.957170000093374
            ],
            [
              -80.31082599993536,
              25.957170000093374
            ],
            [
              -80.31084000017906,
              25.957170000093374
            ],
            [
              -80.3108860002098,
              25.957170000093374
            ],
            [
              -80.31091600034705,
              25.957170000093374
            ],
            [
              -80.31102500012699,
              25.957170000093374
            ],
            [
              -80.31107199998266,
              25.957170000093374
            ],
            [
              -80.31118599978547,
              25.957170000093374
            ],
            [
              -80.31127199999919,
              25.957170000093374
            ],
            [
              -80.31153099956695,
              25.95716800024158
            ],
            [
              -80.311646000093,
              25.95716800024158
            ],
            [
              -80.31173399995656,
              25.957167000315657
            ],
            [
              -80.31200000009532,
              25.957167000315657
            ],
            [
              -80.3120889997838,
              25.957167000315657
            ],
            [
              -80.3122650004092,
              25.957166000389762
            ],
            [
              -80.31279400031373,
              25.957166000389762
            ],
            [
              -80.31297099986574,
              25.957166000389762
            ],
            [
              -80.31307700017094,
              25.957164999656143
            ],
            [
              -80.313397999663,
              25.95716299980427
            ],
            [
              -80.31350499979311,
              25.95716299980427
            ],
            [
              -80.3142780000951,
              25.957160000026416
            ],
            [
              -80.31659799992765,
              25.957151999810705
            ],
            [
              -80.31737200005455,
              25.957149999958606
            ],
            [
              -80.31861999983435,
              25.957145000328204
            ],
            [
              -80.32236700044518,
              25.95713299959907
            ],
            [
              -80.32361600004994,
              25.957128999894184
            ],
            [
              -80.32443799985741,
              25.957126000115466
            ],
            [
              -80.3267119996592,
              25.957117999897438
            ],
            [
              -80.32672199970494,
              25.957116999971095
            ],
            [
              -80.33178499986765,
              25.957102000267437
            ],
            [
              -80.33324799973263,
              25.957096999827332
            ],
            [
              -80.33600399958328,
              25.957087999680734
            ],
            [
              -80.33830900024553,
              25.957081000194457
            ],
            [
              -80.33910099991577,
              25.957077999606806
            ],
            [
              -80.33930500013028,
              25.957085999827555
            ],
            [
              -80.33992000024851,
              25.957112000339322
            ],
            [
              -80.34004300027217,
              25.957116999971095
            ],
            [
              -80.34012500028793,
              25.957120999676377
            ],
            [
              -80.34027500007575,
              25.957127000041705
            ],
            [
              -80.34072600016246,
              25.95714600025432
            ],
            [
              -80.3408769997752,
              25.957152999736717
            ],
            [
              -80.34114100026416,
              25.957163999730234
            ],
            [
              -80.34119700034066,
              25.957167000315657
            ],
            [
              -80.34125300041715,
              25.957169000167465
            ],
            [
              -80.34163800038162,
              25.957171000019233
            ],
            [
              -80.34193600030746,
              25.957170000093374
            ],
            [
              -80.34281500001633,
              25.957170000093374
            ],
            [
              -80.3429249996212,
              25.957171000019233
            ],
            [
              -80.34297599967482,
              25.957167000315657
            ],
            [
              -80.34302900027657,
              25.957163999730234
            ],
            [
              -80.3431089997442,
              25.957161999878338
            ],
            [
              -80.34357599972444,
              25.957112000339322
            ],
            [
              -80.34411100037507,
              25.95705299982213
            ],
            [
              -80.34530800010124,
              25.957055999602712
            ],
            [
              -80.3470859996105,
              25.957036000256288
            ],
            [
              -80.34833400028863,
              25.957020999734592
            ],
            [
              -80.34933900039421,
              25.957009999727727
            ],
            [
              -80.3503389995786,
              25.956991000300867
            ],
            [
              -80.35138399986714,
              25.956962999907116
            ],
            [
              -80.35205000003901,
              25.956968000352937
            ],
            [
              -80.35208799967386,
              25.956968000352937
            ],
            [
              -80.35338599968239,
              25.95698200014618
            ],
            [
              -80.35757900035705,
              25.95703099981337
            ],
            [
              -80.35897699992469,
              25.957048000187648
            ],
            [
              -80.35905100044286,
              25.957047000260694
            ],
            [
              -80.36189299960891,
              25.95704600033378
            ],
            [
              -80.36646600022517,
              25.957044999599145
            ],
            [
              -80.3700449997082,
              25.957031999740412
            ],
            [
              -80.370643000108,
              25.957036000256288
            ],
            [
              -80.3729670001385,
              25.95705299982213
            ],
            [
              -80.37355999961711,
              25.957069000266483
            ],
            [
              -80.37384300037266,
              25.957057000337258
            ],
            [
              -80.37469299976921,
              25.95706399982496
            ],
            [
              -80.37497700034967,
              25.957072999973377
            ],
            [
              -80.37506699986304,
              25.95707200004668
            ],
            [
              -80.37513999965797,
              25.95707200004668
            ],
            [
              -80.37521099980309,
              25.95707200004668
            ],
            [
              -80.37531100026051,
              25.95707200004668
            ],
            [
              -80.3753949999261,
              25.95707200004668
            ],
            [
              -80.37832999987688,
              25.957071000119942
            ],
            [
              -80.3871380001023,
              25.95707000019323
            ],
            [
              -80.390081000449,
              25.957021999661734
            ],
            [
              -80.39353299971043,
              25.957042999745227
            ],
            [
              -80.40391099993093,
              25.9569649997624
            ],
            [
              -80.4070340002027,
              25.956941999809352
            ],
            [
              -80.4071329999369,
              25.95693999995369
            ],
            [
              -80.40722199962536,
              25.95693999995369
            ],
            [
              -80.40737099958828,
              25.95693900002586
            ],
            [
              -80.40738200035726,
              25.95693900002586
            ],
            [
              -80.40872600039656,
              25.956903000194785
            ],
            [
              -80.42375500015281,
              25.95694700025606
            ],
            [
              -80.43047600017418,
              25.956965999690013
            ],
            [
              -80.4308169997577,
              25.956965999690013
            ],
            [
              -80.43117599978291,
              25.9569649997624
            ],
            [
              -80.43135900008102,
              25.9569649997624
            ],
            [
              -80.43153999983099,
              25.956962999907116
            ],
            [
              -80.4336539997992,
              25.956905999979206
            ],
            [
              -80.43577000031557,
              25.956849999952265
            ],
            [
              -80.43579000040707,
              25.956849999952265
            ],
            [
              -80.43867599995404,
              25.9568440003805
            ],
            [
              -80.43938899998157,
              25.95685199980947
            ],
            [
              -80.43957599957932,
              25.956855000402896
            ],
            [
              -80.44031799991917,
              25.956857000259994
            ],
            [
              -80.44049000034661,
              25.956860999974104
            ],
            [
              -80.44061099982213,
              25.95686399975958
            ],
            [
              -80.44092800001452,
              25.956858000188525
            ],
            [
              -80.44112399983312,
              25.956856000331438
            ],
            [
              -80.44118900013044,
              25.95685399966663
            ],
            [
              -80.44125400042778,
              25.95685399966663
            ],
            [
              -80.45027600001512,
              25.956769999982992
            ],
            [
              -80.45107600008127,
              25.956769999982992
            ],
            [
              -80.45124199976263,
              25.956769999982992
            ],
            [
              -80.45136300013647,
              25.956769000053725
            ],
            [
              -80.45149200000787,
              25.956769000053725
            ],
            [
              -80.45157400002364,
              25.956768000124406
            ],
            [
              -80.45158900009227,
              25.95676700019511
            ],
            [
              -80.45163400029811,
              25.95676700019511
            ],
            [
              -80.45165299966636,
              25.95676700019511
            ],
            [
              -80.45166799973497,
              25.95676700019511
            ],
            [
              -80.45238199958742,
              25.9567629996701
            ],
            [
              -80.45452400004305,
              25.95675400030568
            ],
            [
              -80.45524499956818,
              25.956751999639142
            ],
            [
              -80.45527100040577,
              25.956751999639142
            ],
            [
              -80.45531700043652,
              25.956750999709683
            ],
            [
              -80.45545800000352,
              25.956750999709683
            ],
            [
              -80.45550499985917,
              25.956750999709683
            ],
            [
              -80.45553300034658,
              25.95674999978025
            ],
            [
              -80.45557799965412,
              25.95674999978025
            ],
            [
              -80.45562000038524,
              25.95674999978025
            ],
            [
              -80.45564999962413,
              25.95674999978025
            ],
            [
              -80.4557240001423,
              25.95674999978025
            ],
            [
              -80.45758899969017,
              25.95675300037627
            ],
            [
              -80.46340599988831,
              25.95676600026579
            ],
            [
              -80.46534599977926,
              25.956770999912262
            ],
            [
              -80.47223199965707,
              25.956787000394968
            ],
            [
              -80.49289000018881,
              25.95683500021459
            ],
            [
              -80.49977699989152,
              25.95685199980947
            ],
            [
              -80.5041739998824,
              25.956870000138025
            ],
            [
              -80.5082310001146,
              25.95688699972784
            ],
            [
              -80.51736499985493,
              25.95692400029948
            ],
            [
              -80.5217629996707,
              25.956941999809352
            ],
            [
              -80.52307900012092,
              25.95694700025606
            ],
            [
              -80.52702900022301,
              25.956962999907116
            ],
            [
              -80.52834599959982,
              25.956969000280512
            ],
            [
              -80.52843099998861,
              25.956969000280512
            ],
            [
              -80.52868600025676,
              25.956969000280512
            ],
            [
              -80.52871600039397,
              25.956969000280512
            ],
            [
              -80.52877199957217,
              25.956970000208088
            ],
            [
              -80.52886600018181,
              25.95697499984592
            ],
            [
              -80.53318600017977,
              25.956983000073667
            ],
            [
              -80.53571900044767,
              25.95699200022825
            ],
            [
              -80.54642900003088,
              25.957009999727727
            ],
            [
              -80.55084399956509,
              25.957017999953084
            ],
            [
              -80.55099099987817,
              25.957009999727727
            ],
            [
              -80.55141500020069,
              25.956990000373466
            ],
            [
              -80.55143199991913,
              25.956994000083036
            ],
            [
              -80.55149600039155,
              25.956995000010433
            ],
            [
              -80.55158000005714,
              25.956983000073667
            ],
            [
              -80.55166500044595,
              25.956977999628496
            ],
            [
              -80.55174999993645,
              25.956973999918358
            ],
            [
              -80.5772670004164,
              25.956994000083036
            ],
            [
              -80.58379799956866,
              25.95699999964717
            ],
            [
              -80.63191299957298,
              25.956928000011327
            ],
            [
              -80.65432799969757,
              25.956894000033355
            ],
            [
              -80.68001599988175,
              25.956857000259994
            ],
            [
              -80.68001900025479,
              25.95999100031961
            ],
            [
              -80.68002500010259,
              25.96538699994082
            ],
            [
              -80.6800279995773,
              25.969395999897895
            ],
            [
              -80.68003199977527,
              25.972531000120856
            ],
            [
              -80.68003299960017,
              25.973692999655672
            ],
            [
              -80.68003500014832,
              25.97543799998888
            ],
            [
              -80.68003599997324,
              25.977180999952417
            ],
            [
              -80.68003799962305,
              25.978344000126423
            ],
            [
              -80.68003799962305,
              25.978414999831855
            ],
            [
              -80.68003799962305,
              25.978629000049526
            ],
            [
              -80.68003799962305,
              25.97870100013332
            ],
            [
              -80.68003799962305,
              25.9787489998955
            ],
            [
              -80.6829769997718,
              25.978754000222903
            ],
            [
              -80.74978399957932,
              25.97886600039456
            ],
            [
              -80.77648400044009,
              25.978967000082985
            ],
            [
              -80.78132400012171,
              25.979072999998458
            ],
            [
              -80.80259600004847,
              25.979057000124
            ],
            [
              -80.80924699974963,
              25.979104000001417
            ],
            [
              -80.83537900034783,
              25.97928999984739
            ],
            [
              -80.83545200014275,
              25.97928999984739
            ],
            [
              -80.83582200003862,
              25.97929200013067
            ],
            [
              -80.83616699982012,
              25.97929200013067
            ],
            [
              -80.87293200000863,
              25.97943399996892
            ],
            [
              -80.872957000123,
              25.97236599985449
            ],
            [
              -80.87299200028309,
              25.950546000157868
            ],
            [
              -80.8732679995693,
              25.933724000366574
            ],
            [
              -80.8733160001482,
              25.932231999932608
            ],
            [
              -80.87345500006536,
              25.920508000280666
            ],
            [
              -80.87359999983032,
              25.90830100019791
            ],
            [
              -80.87351000031694,
              25.87537400029795
            ],
            [
              -80.87355600034769,
              25.868317000128577
            ],
            [
              -80.87358099956374,
              25.862415999842327
            ],
            [
              -80.87357200024124,
              25.86192700018972
            ],
            [
              -80.87355999964734,
              25.861240000190996
            ],
            [
              -80.87338800011821,
              25.851696999840936
            ],
            [
              -80.87341099968442,
              25.851575999962474
            ],
            [
              -80.87335799998098,
              25.85005499970927
            ],
            [
              -80.87329000020891,
              25.84629399996459
            ],
            [
              -80.87326500009456,
              25.844976000062555
            ],
            [
              -80.87324400017816,
              25.843835000278712
            ],
            [
              -80.87323999998021,
              25.842077999990668
            ],
            [
              -80.87316600036036,
              25.81445400003627
            ],
            [
              -80.87319200029962,
              25.81136400022167
            ],
            [
              -80.87318700027676,
              25.806160999894438
            ],
            [
              -80.87312299980435,
              25.805764000282462
            ],
            [
              -80.87310000023813,
              25.805606000062774
            ],
            [
              -80.87309600004015,
              25.8053770001382
            ],
            [
              -80.87310100006303,
              25.8051279997533
            ],
            [
              -80.87315999961426,
              25.77686299996668
            ],
            [
              -80.8731760004061,
              25.771037000057596
            ],
            [
              -80.8731760004061,
              25.77099500006784
            ],
            [
              -80.87314999956853,
              25.766233999660642
            ],
            [
              -80.87312700000231,
              25.76138100001293
            ],
            [
              -80.87312500035247,
              25.76088499998093
            ],
            [
              -80.87312399962924,
              25.7608659997493
            ],
            [
              -80.87312299980435,
              25.760517000105807
            ],
            [
              -80.87308199979645,
              25.76045800008789
            ],
            [
              -80.87308000014663,
              25.76019700034251
            ],
            [
              -80.87300900000152,
              25.75038000022763
            ],
            [
              -80.87306400025312,
              25.73495000008867
            ],
            [
              -80.87308799964424,
              25.714146000364707
            ],
            [
              -80.87311199993368,
              25.693217999778717
            ],
            [
              -80.87311799978147,
              25.68935299998189
            ],
            [
              -80.87312399962924,
              25.685453999953012
            ],
            [
              -80.8731279998272,
              25.683091000059044
            ],
            [
              -80.8731479999187,
              25.668804000270725
            ],
            [
              -80.87315299994155,
              25.66618000017094
            ],
            [
              -80.87315499959139,
              25.665228000091705
            ],
            [
              -80.8731689998351,
              25.662509000306418
            ],
            [
              -80.87324400017816,
              25.64819400006953
            ],
            [
              -80.87327000011743,
              25.62538500000905
            ],
            [
              -80.87320599964501,
              25.62468399964517
            ],
            [
              -80.87309400039034,
              25.623461000007282
            ],
            [
              -80.87311000028386,
              25.62076399961177
            ],
            [
              -80.87314500044396,
              25.615045999827196
            ],
            [
              -80.87320900001808,
              25.604364000187616
            ],
            [
              -80.87323400013243,
              25.584295999882244
            ],
            [
              -80.87337200022468,
              25.55974700000666
            ],
            [
              -80.87332399964579,
              25.546535999719634
            ],
            [
              -80.87331500032327,
              25.544079999674352
            ],
            [
              -80.87330600010245,
              25.541624999754337
            ],
            [
              -80.87320099962214,
              25.51246800022408
            ],
            [
              -80.8731620001624,
              25.50043499976504
            ],
            [
              -80.8731620001624,
              25.500381000258447
            ],
            [
              -80.87324400017816,
              25.496320999727246
            ],
            [
              -80.87349000022546,
              25.484089999706136
            ],
            [
              -80.87349000022546,
              25.46553799995716
            ],
            [
              -80.87349000022546,
              25.465439999687582
            ],
            [
              -80.87349000022546,
              25.45981099992612
            ],
            [
              -80.87349000022546,
              25.45979499980466
            ],
            [
              -80.87348900040054,
              25.459666000319096
            ],
            [
              -80.8734580004384,
              25.452166999966057
            ],
            [
              -80.87345400024044,
              25.451223999904126
            ],
            [
              -80.8734080002097,
              25.440026999603703
            ],
            [
              -80.87338999976802,
              25.435891999612238
            ],
            [
              -80.87338999976802,
              25.433416000047114
            ],
            [
              -80.87338999976802,
              25.433358999632233
            ],
            [
              -80.87339099959294,
              25.425373000299487
            ],
            [
              -80.87339099959294,
              25.42530900015742
            ],
            [
              -80.87339099959294,
              25.417892999736303
            ],
            [
              -80.87329100003382,
              25.39909300033538
            ],
            [
              -80.87321900006381,
              25.387336999786015
            ],
            [
              -80.87319700032249,
              25.38368500007444
            ],
            [
              -80.87319599959928,
              25.38352599983059
            ],
            [
              -80.8731909995764,
              25.382693999673144
            ],
            [
              -80.87320999984297,
              25.379823999731055
            ],
            [
              -80.87323999998021,
              25.375393999969152
            ],
            [
              -80.87321300021603,
              25.36903499992439
            ],
            [
              -80.87321300021603,
              25.368946999923562
            ],
            [
              -80.8731899997515,
              25.36399299961154
            ],
            [
              -80.8719510001925,
              25.364012999625537
            ],
            [
              -80.8719160000324,
              25.36401399966672
            ],
            [
              -80.86219099956496,
              25.364192999602597
            ],
            [
              -80.86209000018093,
              25.301096000309542
            ],
            [
              -80.86204099977712,
              25.28444700020034
            ],
            [
              -80.86204099977712,
              25.284183999754408
            ],
            [
              -80.86203199955631,
              25.281138999682533
            ],
            [
              -80.86203199955631,
              25.281031999944343
            ],
            [
              -80.8620249998836,
              25.27890399998024
            ],
            [
              -80.8620240000587,
              25.27847499995143
            ],
            [
              -80.86199899994433,
              25.269973999764275
            ],
            [
              -80.86199899994433,
              25.26988900006963
            ],
            [
              -80.86197700020303,
              25.262485999723864
            ],
            [
              -80.86197700020303,
              25.26240600000036
            ],
            [
              -80.86197300000508,
              25.26100900020077
            ],
            [
              -80.86196899980712,
              25.259611999764306
            ],
            [
              -80.86195899976137,
              25.258502000140947
            ],
            [
              -80.86196399978424,
              25.257381999840284
            ],
            [
              -80.86196600033236,
              25.25614800001457
            ],
            [
              -80.86195399973849,
              25.254898000199216
            ],
            [
              -80.86195399973849,
              25.25481399982962
            ],
            [
              -80.86194799989072,
              25.252710999702135
            ],
            [
              -80.86194799989072,
              25.25266799983891
            ],
            [
              -80.86194600024089,
              25.25192599976375
            ],
            [
              -80.86194500041597,
              25.25179499979659
            ],
            [
              -80.86194299986784,
              25.251069000220905
            ],
            [
              -80.86194100021802,
              25.25039799980781
            ],
            [
              -80.8619470000658,
              25.249516999934258
            ],
            [
              -80.86194799989072,
              25.249366000364077
            ],
            [
              -80.86196999963201,
              25.245943000325887
            ],
            [
              -80.86199100044672,
              25.242897999784745
            ],
            [
              -80.8618909999893,
              25.242996999623077
            ],
            [
              -80.86145099977325,
              25.24299799985085
            ],
            [
              -80.86098499961794,
              25.242999000078594
            ],
            [
              -80.85798899956777,
              25.24300000030635
            ],
            [
              -80.85809999989586,
              25.213081999743896
            ],
            [
              -80.85810400009382,
              25.212110000158628
            ],
            [
              -80.85810699956855,
              25.21113800012438
            ],
            [
              -80.85816600001809,
              25.201261999987775
            ],
            [
              -80.85822000044477,
              25.19230100007843
            ],
            [
              -80.85822000044477,
              25.192146999876392
            ],
            [
              -80.85819699998024,
              25.18562000031286
            ],
            [
              -80.85816699984301,
              25.176606999661796
            ],
            [
              -80.85772499997714,
              25.176613000237996
            ],
            [
              -80.8548019997219,
              25.17672199994985
            ],
            [
              -80.8535410004216,
              25.176883999803955
            ],
            [
              -80.85167599997541,
              25.17732000034907
            ],
            [
              -80.85145800041552,
              25.177323000213196
            ],
            [
              -80.85035700005047,
              25.177341000209186
            ],
            [
              -80.84640699994836,
              25.177066000206228
            ],
            [
              -80.84622799984821,
              25.176897000074
            ],
            [
              -80.84592999992238,
              25.176606999661796
            ],
            [
              -80.84529800008572,
              25.176353999621714
            ],
            [
              -80.84179499987235,
              25.176261999772578
            ],
            [
              -80.84029400037255,
              25.175738999911665
            ],
            [
              -80.83975399969906,
              25.175550000182486
            ],
            [
              -80.83821600038932,
              25.17479200001046
            ],
            [
              -80.83682999961894,
              25.17394399999361
            ],
            [
              -80.83658500029486,
              25.173828000353318
            ],
            [
              -80.83474999998589,
              25.172942999674266
            ],
            [
              -80.83420900038581,
              25.172682000217733
            ],
            [
              -80.83392499980538,
              25.172423000192232
            ],
            [
              -80.83335200041823,
              25.17190100011989
            ],
            [
              -80.83271399983546,
              25.171155000086802
            ],
            [
              -80.83264699988831,
              25.171073999631943
            ],
            [
              -80.83207600015102,
              25.170265000266255
            ],
            [
              -80.83173999969203,
              25.16978999986809
            ],
            [
              -80.83111600025127,
              25.1691799996722
            ],
            [
              -80.83002499993196,
              25.168113999755235
            ],
            [
              -80.82927099989655,
              25.16703599980723
            ],
            [
              -80.82874100016714,
              25.16611999960855
            ],
            [
              -80.82824700042273,
              25.163696000018493
            ],
            [
              -80.82755799978632,
              25.16263200028373
            ],
            [
              -80.82733199983053,
              25.16240299992702
            ],
            [
              -80.82718100021779,
              25.162036000365326
            ],
            [
              -80.82716399960104,
              25.160905999785104
            ],
            [
              -80.82700499959236,
              25.16072800001575
            ],
            [
              -80.82652599991658,
              25.1605000002424
            ],
            [
              -80.82573900026921,
              25.160547999802187
            ],
            [
              -80.82448300009347,
              25.161116999750774
            ],
            [
              -80.82135700034696,
              25.16286000013717
            ],
            [
              -80.81684999985293,
              25.164280000029237
            ],
            [
              -80.81636600015426,
              25.16444799970373
            ],
            [
              -80.81627099971972,
              25.164486000362675
            ],
            [
              -80.8161929999019,
              25.16450699999427
            ],
            [
              -80.81416299959926,
              25.165417999851453
            ],
            [
              -80.81200400032351,
              25.166733999830985
            ],
            [
              -80.8103909997724,
              25.16785499978225
            ],
            [
              -80.80996200032531,
              25.168290000069636
            ],
            [
              -80.80955899991919,
              25.169048000017188
            ],
            [
              -80.80925500014557,
              25.170401000275696
            ],
            [
              -80.80925500014557,
              25.17219200034246
            ],
            [
              -80.80965699982846,
              25.173313999693814
            ],
            [
              -80.81000400015812,
              25.17398500007836
            ],
            [
              -80.81008500034895,
              25.17413999963964
            ],
            [
              -80.81021699969511,
              25.174261999674993
            ],
            [
              -80.81041199968878,
              25.17443900003564
            ],
            [
              -80.81042500010757,
              25.174489999733588
            ],
            [
              -80.81043699980314,
              25.174576000243974
            ],
            [
              -80.81139400022815,
              25.175423999929272
            ],
            [
              -80.81173700035983,
              25.175549000213255
            ],
            [
              -80.8122710002872,
              25.175740999847005
            ],
            [
              -80.81303399964513,
              25.17606700025155
            ],
            [
              -80.81307100035337,
              25.176347999845767
            ],
            [
              -80.81308300004893,
              25.176481999649788
            ],
            [
              -80.81288100038256,
              25.17707699973047
            ],
            [
              -80.81303199999529,
              25.17834000029051
            ],
            [
              -80.81323299983677,
              25.17873099982042
            ],
            [
              -80.8133340001191,
              25.17914400002413
            ],
            [
              -80.81333300029418,
              25.180037999785462
            ],
            [
              -80.81351700041719,
              25.180419000266035
            ],
            [
              -80.81358500018926,
              25.1805639996815
            ],
            [
              -80.81359799970974,
              25.180732999606676
            ],
            [
              -80.81363399969474,
              25.18112999994247
            ],
            [
              -80.81368499974838,
              25.181735000092505
            ],
            [
              -80.81421700002595,
              25.182295000309125
            ],
            [
              -80.81438400043051,
              25.182460999722043
            ],
            [
              -80.81452199962446,
              25.182604000136894
            ],
            [
              -80.81441600021758,
              25.182742999930184
            ],
            [
              -80.81356000007492,
              25.182973000199087
            ],
            [
              -80.81352200044007,
              25.182812000219037
            ],
            [
              -80.81348300008202,
              25.1826739996023
            ],
            [
              -80.81335400021058,
              25.182549000122275
            ],
            [
              -80.81330700035492,
              25.18249799973178
            ],
            [
              -80.81323200001185,
              25.1825149998643
            ],
            [
              -80.81300500023112,
              25.182583000370734
            ],
            [
              -80.81293099971298,
              25.182691999620896
            ],
            [
              -80.8128410001996,
              25.182821000218475
            ],
            [
              -80.81260100000009,
              25.183134999873417
            ],
            [
              -80.81229800005137,
              25.18329500033392
            ],
            [
              -80.81176800032196,
              25.183429999720747
            ],
            [
              -80.81154599966581,
              25.18347500029603
            ],
            [
              -80.81047899963593,
              25.183729999990447
            ],
            [
              -80.8100030003332,
              25.183844000159418
            ],
            [
              -80.80957599963762,
              25.183865999609267
            ],
            [
              -80.80940599975831,
              25.18369099973702
            ],
            [
              -80.80938700039005,
              25.183535000224325
            ],
            [
              -80.80937399997126,
              25.183361999687005
            ],
            [
              -80.80939400006272,
              25.183349000106595
            ],
            [
              -80.80980999998934,
              25.1830530001555
            ],
            [
              -80.80983199973065,
              25.183044000173172
            ],
            [
              -80.8098850003324,
              25.18295899985579
            ],
            [
              -80.81006400043255,
              25.182691999620896
            ],
            [
              -80.81055900000187,
              25.181962999991896
            ],
            [
              -80.8110379996777,
              25.18148200012911
            ],
            [
              -80.81182100002542,
              25.180884999752895
            ],
            [
              -80.81204699998122,
              25.180586999651428
            ],
            [
              -80.81194700042211,
              25.18001299984671
            ],
            [
              -80.81168399975806,
              25.179950000010855
            ],
            [
              -80.81148999958928,
              25.179904999759707
            ],
            [
              -80.8114689996729,
              25.179900000092108
            ],
            [
              -80.80859399999657,
              25.181274000215602
            ],
            [
              -80.80836800004076,
              25.18154899966607
            ],
            [
              -80.8081660003744,
              25.18200900021226
            ],
            [
              -80.80814000043512,
              25.18306300004473
            ],
            [
              -80.80859300017165,
              25.18379799981885
            ],
            [
              -80.80856800005729,
              25.184050999851262
            ],
            [
              -80.80818899994063,
              25.184210000023757
            ],
            [
              -80.80763499992176,
              25.18402699982253
            ],
            [
              -80.80670199978618,
              25.18400299978908
            ],
            [
              -80.80554299969482,
              25.183543000266745
            ],
            [
              -80.80377900042929,
              25.182395999699725
            ],
            [
              -80.8029219995634,
              25.18200399981802
            ],
            [
              -80.80168700020238,
              25.181706999932818
            ],
            [
              -80.79924199979803,
              25.181567999770724
            ],
            [
              -80.79785599992594,
              25.181223000104463
            ],
            [
              -80.79621800015877,
              25.180420000195305
            ],
            [
              -80.79594000032444,
              25.180213999957054
            ],
            [
              -80.79528500002323,
              25.17945600033663
            ],
            [
              -80.79427900009274,
              25.176907999613498
            ],
            [
              -80.79400200008331,
              25.176564999685066
            ],
            [
              -80.79390099980098,
              25.176243999617245
            ],
            [
              -80.79430500003201,
              25.175854000205685
            ],
            [
              -80.79480999964707,
              25.175006000259835
            ],
            [
              -80.79513799971014,
              25.173996999862602
            ],
            [
              -80.79534000027482,
              25.172665000339673
            ],
            [
              -80.79574500033077,
              25.171518999840565
            ],
            [
              -80.79713200002777,
              25.16904199988166
            ],
            [
              -80.7974099998621,
              25.16824100027553
            ],
            [
              -80.79758700031243,
              25.16716199978614
            ],
            [
              -80.79776399986443,
              25.166588000182735
            ],
            [
              -80.79829399959387,
              25.16571799973483
            ],
            [
              -80.79927699995812,
              25.164867999910115
            ],
            [
              -80.79940400017973,
              25.164409999846004
            ],
            [
              -80.7999079999699,
              25.16374399994665
            ],
            [
              -80.80008899971985,
              25.163305000238797
            ],
            [
              -80.8001349997506,
              25.163193999773437
            ],
            [
              -80.80028299988861,
              25.161509000124536
            ],
            [
              -80.80028799991149,
              25.16145100009474
            ],
            [
              -80.80053399995877,
              25.16077899975698
            ],
            [
              -80.80063600006604,
              25.1604869998502
            ],
            [
              -80.80089399980889,
              25.158881999764034
            ],
            [
              -80.80112300013776,
              25.156610999883497
            ],
            [
              -80.8015769996992,
              25.155096000191328
            ],
            [
              -80.80254599981976,
              25.152907000298164
            ],
            [
              -80.80256099988837,
              25.152870999595017
            ],
            [
              -80.80258699982765,
              25.15232399966588
            ],
            [
              -80.80254699964468,
              25.152272000295667
            ],
            [
              -80.8019070003104,
              25.1514289998302
            ],
            [
              -80.80144899965268,
              25.150620999623577
            ],
            [
              -80.80115199955176,
              25.150098000386418
            ],
            [
              -80.80076400011255,
              25.14885899969831
            ],
            [
              -80.80069899981524,
              25.14865299981084
            ],
            [
              -80.80065799980734,
              25.148289000122837
            ],
            [
              -80.80054800020248,
              25.147319999776638
            ],
            [
              -80.80067500042409,
              25.146128000303406
            ],
            [
              -80.80097800037281,
              25.144821000401645
            ],
            [
              -80.8010550003657,
              25.143559000184396
            ],
            [
              -80.80052599956286,
              25.142985000122348
            ],
            [
              -80.80027399966778,
              25.143054000137937
            ],
            [
              -80.80008100022226,
              25.143182000146076
            ],
            [
              -80.79988799987841,
              25.143329999810312
            ],
            [
              -80.79973399989262,
              25.1435539998399
            ],
            [
              -80.79888699997079,
              25.144728000126644
            ],
            [
              -80.79824699973818,
              25.14609499985903
            ],
            [
              -80.79795300001031,
              25.14672299966321
            ],
            [
              -80.79793299991884,
              25.14700800018788
            ],
            [
              -80.79790199995671,
              25.147457000360518
            ],
            [
              -80.79805299956944,
              25.148168000321206
            ],
            [
              -80.79812899973741,
              25.14821599985366
            ],
            [
              -80.79840400009704,
              25.1507380003682
            ],
            [
              -80.79857999982413,
              25.151770000200973
            ],
            [
              -80.79853999964116,
              25.152803000406248
            ],
            [
              -80.798400999724,
              25.1563569996961
            ],
            [
              -80.79804699972166,
              25.15796399989335
            ],
            [
              -80.7972900002115,
              25.159798999945835
            ],
            [
              -80.79688599998047,
              25.160554999634762
            ],
            [
              -80.79580100040727,
              25.162113000001572
            ],
            [
              -80.79464099959267,
              25.163168000374995
            ],
            [
              -80.7936070000731,
              25.163925000386612
            ],
            [
              -80.79242200004248,
              25.16445199994482
            ],
            [
              -80.7914889999069,
              25.164610999665204
            ],
            [
              -80.79017900020281,
              25.16470400023396
            ],
            [
              -80.78841400021403,
              25.164448999764023
            ],
            [
              -80.78723000000831,
              25.164427000061966
            ],
            [
              -80.7851379997814,
              25.165045000086522
            ],
            [
              -80.78221299987635,
              25.165273000307263
            ],
            [
              -80.78200299981407,
              25.16521499962824
            ],
            [
              -80.78022299975667,
              25.164719000292834
            ],
            [
              -80.77805699990992,
              25.162538999761104
            ],
            [
              -80.77692399975781,
              25.160726999924965
            ],
            [
              -80.77657200030363,
              25.15976200036454
            ],
            [
              -80.77584400020748,
              25.15664299979916
            ],
            [
              -80.7756419996428,
              25.156229999810684
            ],
            [
              -80.77447599987876,
              25.154714000126067
            ],
            [
              -80.77410699980781,
              25.154234000238656
            ],
            [
              -80.7733519999475,
              25.152534999838362
            ],
            [
              -80.77330500009182,
              25.15239699991714
            ],
            [
              -80.77295000026459,
              25.151364999694962
            ],
            [
              -80.77290000003586,
              25.15086100040452
            ],
            [
              -80.77274900042313,
              25.150586000046246
            ],
            [
              -80.77262300002643,
              25.14982699984254
            ],
            [
              -80.77257399962265,
              25.148290999695174
            ],
            [
              -80.77290300040892,
              25.146364000140974
            ],
            [
              -80.7735350002456,
              25.144300999755846
            ],
            [
              -80.77416600025735,
              25.143360999722713
            ],
            [
              -80.77552799984001,
              25.14161799971683
            ],
            [
              -80.77732200014108,
              25.139889999893654
            ],
            [
              -80.77805000023723,
              25.139187999663072
            ],
            [
              -80.77840300041464,
              25.138636999942424
            ],
            [
              -80.77840400023956,
              25.138155999982214
            ],
            [
              -80.77826799979711,
              25.138001000238884
            ],
            [
              -80.77801799955186,
              25.137703999729798
            ],
            [
              -80.77766500027275,
              25.13758900006427
            ],
            [
              -80.77709299981223,
              25.137419999722823
            ],
            [
              -80.77666500019005,
              25.137489999911885
            ],
            [
              -80.7757959996286,
              25.13790499962762
            ],
            [
              -80.7736909998812,
              25.13890999984619
            ],
            [
              -80.77263200024727,
              25.139872000063285
            ],
            [
              -80.771472000331,
              25.140443999610103
            ],
            [
              -80.77124399982705,
              25.140767000071147
            ],
            [
              -80.77116799965907,
              25.141225000246834
            ],
            [
              -80.77106700027504,
              25.141384000147553
            ],
            [
              -80.77106800009994,
              25.141591999786826
            ],
            [
              -80.77058799970092,
              25.143037000196635
            ],
            [
              -80.76960400041006,
              25.144801000042445
            ],
            [
              -80.76907600033046,
              25.14655899998983
            ],
            [
              -80.76899699978944,
              25.146821000255386
            ],
            [
              -80.768867999918,
              25.14887599964194
            ],
            [
              -80.76879299957494,
              25.15007800007878
            ],
            [
              -80.76889300003235,
              25.150375999931935
            ],
            [
              -80.76900299963721,
              25.150508999639722
            ],
            [
              -80.76911999981309,
              25.150649999776917
            ],
            [
              -80.77015199968284,
              25.151523000044225
            ],
            [
              -80.77035300042259,
              25.152166999701567
            ],
            [
              -80.77052800032479,
              25.153932999610145
            ],
            [
              -80.77103100029002,
              25.154943000281115
            ],
            [
              -80.77138899959199,
              25.155282999640356
            ],
            [
              -80.7721900003814,
              25.156044000316115
            ],
            [
              -80.77236600010849,
              25.156502000082334
            ],
            [
              -80.7724649998427,
              25.158566000032025
            ],
            [
              -80.77228800029067,
              25.15948500035197
            ],
            [
              -80.77221200012269,
              25.15953000000935
            ],
            [
              -80.77218600018344,
              25.159804999723043
            ],
            [
              -80.77188400005964,
              25.160287999928112
            ],
            [
              -80.77165100043115,
              25.160492999593565
            ],
            [
              -80.77120399964409,
              25.160885999623005
            ],
            [
              -80.77110200043514,
              25.160975000237904
            ],
            [
              -80.7705500000661,
              25.16118499999718
            ],
            [
              -80.77031999991232,
              25.161272000221306
            ],
            [
              -80.7683540000821,
              25.161523999763297
            ],
            [
              -80.76699199960115,
              25.162095000196558
            ],
            [
              -80.76599900008944,
              25.162272000332077
            ],
            [
              -80.76595899990649,
              25.162279000065713
            ],
            [
              -80.76490699994523,
              25.16207600030914
            ],
            [
              -80.76373299978525,
              25.161849999966414
            ],
            [
              -80.76369099995247,
              25.16184200012649
            ],
            [
              -80.76198000039038,
              25.161816999708645
            ],
            [
              -80.76190099984935,
              25.16181500035798
            ],
            [
              -80.76102299996538,
              25.161583999925973
            ],
            [
              -80.75936900030469,
              25.160891000070364
            ],
            [
              -80.7574629998506,
              25.16040099997273
            ],
            [
              -80.7563849999501,
              25.159894000313628
            ],
            [
              -80.75538400004247,
              25.159157000125465
            ],
            [
              -80.755075000246,
              25.15848299994091
            ],
            [
              -80.75494999967421,
              25.156511999710084
            ],
            [
              -80.75510200001017,
              25.15573200026486
            ],
            [
              -80.75565799967886,
              25.154127000229963
            ],
            [
              -80.7563149996299,
              25.152981999696113
            ],
            [
              -80.7563149996299,
              25.152705999895474
            ],
            [
              -80.75581099983972,
              25.152406999881315
            ],
            [
              -80.75528299976014,
              25.151948000030284
            ],
            [
              -80.75495399987216,
              25.151555999834034
            ],
            [
              -80.75455800003704,
              25.151350999787944
            ],
            [
              -80.7535610003274,
              25.151720000110856
            ],
            [
              -80.75270799965945,
              25.151899000176257
            ],
            [
              -80.75233299974073,
              25.151830999632672
            ],
            [
              -80.75145300020694,
              25.151392000149965
            ],
            [
              -80.74990699960297,
              25.14963200033614
            ],
            [
              -80.74978399957932,
              25.149492000018792
            ],
            [
              -80.74905200018354,
              25.14880399991241
            ],
            [
              -80.74874800040992,
              25.148092000209765
            ],
            [
              -80.7476639997633,
              25.1470389999794
            ],
            [
              -80.74615099966961,
              25.14641900021329
            ],
            [
              -80.74574700033689,
              25.14605199973482
            ],
            [
              -80.74463799957594,
              25.144492999789364
            ],
            [
              -80.74415800007522,
              25.143645999965347
            ],
            [
              -80.7435520001778,
              25.14297999975434
            ],
            [
              -80.74293000038689,
              25.142654000365596
            ],
            [
              -80.74231000024577,
              25.142525000377045
            ],
            [
              -80.7415300002711,
              25.142426000160988
            ],
            [
              -80.74056799982323,
              25.142477999660205
            ],
            [
              -80.74039799994392,
              25.142519999990206
            ],
            [
              -80.73980799994003,
              25.142667000218196
            ],
            [
              -80.73904999970667,
              25.14306400005444
            ],
            [
              -80.73813900021072,
              25.14320799973744
            ],
            [
              -80.7371650000673,
              25.14341600033496
            ],
            [
              -80.73680000019431,
              25.143490999873148
            ],
            [
              -80.73490999963376,
              25.143651999723637
            ],
            [
              -80.73412800000925,
              25.143399999863703
            ],
            [
              -80.7319350003983,
              25.14303499972504
            ],
            [
              -80.73062499979591,
              25.143059999925285
            ],
            [
              -80.72979299994267,
              25.14338100031785
            ],
            [
              -80.72835799966678,
              25.144506999669883
            ],
            [
              -80.72772800037825,
              25.1448970001103
            ],
            [
              -80.72639299966148,
              25.14517200027647
            ],
            [
              -80.72620100004086,
              25.145176999741484
            ],
            [
              -80.72205900031813,
              25.145288999739396
            ],
            [
              -80.72195399983782,
              25.14533700040404
            ],
            [
              -80.72155499962966,
              25.14549599982806
            ],
            [
              -80.72139800016913,
              25.145672000248005
            ],
            [
              -80.72132799984895,
              25.14574999985399
            ],
            [
              -80.72128799966598,
              25.1459920000657
            ],
            [
              -80.72124900020621,
              25.146213999669953
            ],
            [
              -80.72144699967463,
              25.146525000267967
            ],
            [
              -80.72150500029925,
              25.14675899974054
            ],
            [
              -80.72236200026683,
              25.14751499972447
            ],
            [
              -80.72311999960189,
              25.14804200023902
            ],
            [
              -80.72637099992018,
              25.149821000387817
            ],
            [
              -80.72703600026712,
              25.149956000245506
            ],
            [
              -80.72802299993104,
              25.150043000345704
            ],
            [
              -80.72857100010214,
              25.15027500003867
            ],
            [
              -80.72901700016595,
              25.1507420002457
            ],
            [
              -80.72904399993013,
              25.150786999875265
            ],
            [
              -80.72962399988828,
              25.15177699972406
            ],
            [
              -80.73028000001439,
              25.152465000145316
            ],
            [
              -80.73098600036923,
              25.152922000181444
            ],
            [
              -80.73141499981632,
              25.15301299959642
            ],
            [
              -80.7340610000621,
              25.152415000339957
            ],
            [
              -80.73620299961942,
              25.152116999774105
            ],
            [
              -80.73690800014934,
              25.151795000238337
            ],
            [
              -80.7379400000191,
              25.150990999885053
            ],
            [
              -80.73846899992361,
              25.1508070000667
            ],
            [
              -80.73894799959942,
              25.150875000367748
            ],
            [
              -80.73942700017352,
              25.15108099975707
            ],
            [
              -80.73959000038015,
              25.15121300015399
            ],
            [
              -80.74147099982154,
              25.152730999741113
            ],
            [
              -80.74303400014395,
              25.153395000108432
            ],
            [
              -80.74373899977556,
              25.153899999650076
            ],
            [
              -80.74401699960993,
              25.154336000250762
            ],
            [
              -80.7442690004033,
              25.155341000163506
            ],
            [
              -80.74432100028184,
              25.155550999864207
            ],
            [
              -80.74452299994819,
              25.155939999845618
            ],
            [
              -80.74556200038897,
              25.15701899960249
            ],
            [
              -80.74719699978309,
              25.158714999848105
            ],
            [
              -80.74739900034777,
              25.15919600009697
            ],
            [
              -80.74747499961742,
              25.16015999997416
            ],
            [
              -80.74725200003466,
              25.162888999820524
            ],
            [
              -80.74727399977597,
              25.16446499991441
            ],
            [
              -80.74727899979885,
              25.164815000138027
            ],
            [
              -80.74591800004113,
              25.165391000061543
            ],
            [
              -80.74543900036532,
              25.16532199966786
            ],
            [
              -80.74296499964868,
              25.16418699995022
            ],
            [
              -80.74286900028751,
              25.16413099969357
            ],
            [
              -80.74279300011953,
              25.16412300000326
            ],
            [
              -80.7424380002923,
              25.16401699978856
            ],
            [
              -80.74196399974105,
              25.16352399984979
            ],
            [
              -80.74173199993746,
              25.16328400040021
            ],
            [
              -80.74107499998642,
              25.162366000322574
            ],
            [
              -80.74047099973885,
              25.16211500016043
            ],
            [
              -80.73981600033595,
              25.161958999867405
            ],
            [
              -80.73931099982258,
              25.161838999881486
            ],
            [
              -80.73883200014677,
              25.161609999662037
            ],
            [
              -80.73815099990628,
              25.160993000208233
            ],
            [
              -80.73792300030065,
              25.160441999732786
            ],
            [
              -80.73782200001833,
              25.159454999758083
            ],
            [
              -80.73751900006963,
              25.159181000171934
            ],
            [
              -80.73726700017454,
              25.159065000310083
            ],
            [
              -80.73699000016511,
              25.15915800022913
            ],
            [
              -80.73568100028592,
              25.160581999682158
            ],
            [
              -80.73517699959744,
              25.160833999836598
            ],
            [
              -80.73419400013151,
              25.160971999971594
            ],
            [
              -80.73278200032016,
              25.16056100018786
            ],
            [
              -80.73069000009322,
              25.159645000142433
            ],
            [
              -80.73018600030306,
              25.159622000287108
            ],
            [
              -80.7299079995704,
              25.159759000068384
            ],
            [
              -80.72953100000186,
              25.160196000152652
            ],
            [
              -80.7294060003284,
              25.16216900037173
            ],
            [
              -80.72918000037258,
              25.163133000331726
            ],
            [
              -80.72925599964223,
              25.163614000233036
            ],
            [
              -80.72963499975893,
              25.164598999770227
            ],
            [
              -80.72998799993634,
              25.1651279997776
            ],
            [
              -80.73059399983374,
              25.16551700011406
            ],
            [
              -80.73102300017915,
              25.166021999882847
            ],
            [
              -80.73130000018858,
              25.16652599995624
            ],
            [
              -80.73198100042906,
              25.16719100007259
            ],
            [
              -80.73203199958438,
              25.16735100032352
            ],
            [
              -80.73170400041963,
              25.167443000393042
            ],
            [
              -80.7302669995956,
              25.167098999812975
            ],
            [
              -80.72875500022514,
              25.16703099961177
            ],
            [
              -80.72789800025755,
              25.166733999830985
            ],
            [
              -80.7264860004462,
              25.16606999970854
            ],
            [
              -80.72552700037139,
              25.165771999976933
            ],
            [
              -80.72494700041325,
              25.165290000402926
            ],
            [
              -80.72477099978785,
              25.164853999926535
            ],
            [
              -80.72441799961042,
              25.164236999809177
            ],
            [
              -80.72408899972245,
              25.16341000019045
            ],
            [
              -80.72360900022174,
              25.162401999849962
            ],
            [
              -80.72308000031724,
              25.161552999764304
            ],
            [
              -80.72295200027071,
              25.160543000153822
            ],
            [
              -80.72280099975966,
              25.159946999784847
            ],
            [
              -80.72300199960111,
              25.15932899994768
            ],
            [
              -80.72375800018466,
              25.158824000111274
            ],
            [
              -80.72476499994006,
              25.157675000100447
            ],
            [
              -80.72592400003141,
              25.156665000092037
            ],
            [
              -80.72632599971433,
              25.155955000169126
            ],
            [
              -80.7264010000574,
              25.155196000023675
            ],
            [
              -80.72657699978448,
              25.15462300035346
            ],
            [
              -80.72725700020007,
              25.15372800030496
            ],
            [
              -80.72733199964482,
              25.153177000354397
            ],
            [
              -80.72725600037515,
              25.15313199997994
            ],
            [
              -80.72720600014642,
              25.152879000023226
            ],
            [
              -80.72703000041933,
              25.15271900030372
            ],
            [
              -80.72689300015199,
              25.15266799963247
            ],
            [
              -80.72672699957232,
              25.152605000304412
            ],
            [
              -80.72617199972854,
              25.152559000374406
            ],
            [
              -80.72561799970967,
              25.15271999964704
            ],
            [
              -80.72487799991796,
              25.153216999950523
            ],
            [
              -80.72370399975797,
              25.15400599971193
            ],
            [
              -80.7227969995617,
              25.154441999933837
            ],
            [
              -80.7216130002543,
              25.154855999608845
            ],
            [
              -80.71957100025608,
              25.155179000147395
            ],
            [
              -80.71871400028851,
              25.15554600001105
            ],
            [
              -80.71788300026022,
              25.155660999834236
            ],
            [
              -80.71732900024134,
              25.155386999857807
            ],
            [
              -80.71609300015709,
              25.15444799997451
            ],
            [
              -80.71485700007283,
              25.15336900024773
            ],
            [
              -80.71432700034342,
              25.152704000395502
            ],
            [
              -80.713897999998,
              25.15190099968945
            ],
            [
              -80.71359599987422,
              25.15171799978156
            ],
            [
              -80.71296700041059,
              25.151535999765382
            ],
            [
              -80.71261300040825,
              25.1516560001282
            ],
            [
              -80.71256200035464,
              25.151672999682198
            ],
            [
              -80.71236599963773,
              25.151811999772974
            ],
            [
              -80.71233600039884,
              25.1518340001238
            ],
            [
              -80.71185299962676,
              25.152008000023855
            ],
            [
              -80.71157099959444,
              25.15194599970474
            ],
            [
              -80.7108989995748,
              25.15137599991118
            ],
            [
              -80.71062199956535,
              25.150780000295352
            ],
            [
              -80.71052000035642,
              25.1498849997065
            ],
            [
              -80.71021599968451,
              25.14892099995954
            ],
            [
              -80.70903099965386,
              25.147431000047842
            ],
            [
              -80.70875299981952,
              25.14683499986889
            ],
            [
              -80.70860200020678,
              25.14603200039052
            ],
            [
              -80.70860499968153,
              25.145691999651323
            ],
            [
              -80.70860100038188,
              25.143807999840877
            ],
            [
              -80.70797000037012,
              25.142889999600982
            ],
            [
              -80.7078430001485,
              25.142248000268804
            ],
            [
              -80.70801999970051,
              25.141788999618882
            ],
            [
              -80.70799399976124,
              25.141306999628195
            ],
            [
              -80.70733699981021,
              25.140549999973956
            ],
            [
              -80.70697199993722,
              25.140041000263754
            ],
            [
              -80.70645499972828,
              25.139777000372376
            ],
            [
              -80.70629400006979,
              25.139814999769698
            ],
            [
              -80.70406200010079,
              25.140415000284737
            ],
            [
              -80.7037099997483,
              25.140666999800697
            ],
            [
              -80.70323100007249,
              25.14144700038847
            ],
            [
              -80.70321900037693,
              25.14266099959831
            ],
            [
              -80.70321699982878,
              25.14291000027328
            ],
            [
              -80.70320799960795,
              25.143834000112115
            ],
            [
              -80.70338500005829,
              25.144221999811066
            ],
            [
              -80.70421600008659,
              25.14470499989908
            ],
            [
              -80.70466999964802,
              25.14511699964227
            ],
            [
              -80.70484799992326,
              25.146745000118333
            ],
            [
              -80.70522700003994,
              25.148190999896233
            ],
            [
              -80.70532699959905,
              25.14832899969484
            ],
            [
              -80.7053790003759,
              25.14901700003956
            ],
            [
              -80.70512699958252,
              25.14956800007161
            ],
            [
              -80.70487499968745,
              25.150484000152023
            ],
            [
              -80.70467399984597,
              25.150921000119453
            ],
            [
              -80.70404500038237,
              25.152044000168498
            ],
            [
              -80.70351599957954,
              25.152734000210117
            ],
            [
              -80.7029359996214,
              25.153078999987454
            ],
            [
              -80.70240699971689,
              25.153193000357053
            ],
            [
              -80.70026500015958,
              25.153353000268172
            ],
            [
              -80.69918100041129,
              25.153882000259426
            ],
            [
              -80.69774500031046,
              25.15429600020833
            ],
            [
              -80.69759399979941,
              25.154433999608106
            ],
            [
              -80.69759399979941,
              25.154914999660285
            ],
            [
              -80.69792199986249,
              25.155488999719132
            ],
            [
              -80.698049999909,
              25.157461999637558
            ],
            [
              -80.69837799997205,
              25.158607999703907
            ],
            [
              -80.69860499975277,
              25.159043999741506
            ],
            [
              -80.69860700030091,
              25.161693000064655
            ],
            [
              -80.69860700030091,
              25.161843000208144
            ],
            [
              -80.6985140004145,
              25.162033000125106
            ],
            [
              -80.69830400035222,
              25.16246100031724
            ],
            [
              -80.69785099971736,
              25.16294399976176
            ],
            [
              -80.69648999995964,
              25.16351900032342
            ],
            [
              -80.69613799960713,
              25.163838999681015
            ],
            [
              -80.69560899970263,
              25.164734000349828
            ],
            [
              -80.69465100035103,
              25.16533000009255
            ],
            [
              -80.69422299983054,
              25.165719999834558
            ],
            [
              -80.69402199998908,
              25.166295000316687
            ],
            [
              -80.69369399992603,
              25.166867999632743
            ],
            [
              -80.69316599984643,
              25.167282000225796
            ],
            [
              -80.69135099962894,
              25.16801700003698
            ],
            [
              -80.6907709996708,
              25.168360999653338
            ],
            [
              -80.69026699988065,
              25.16851999996818
            ],
            [
              -80.68900700040527,
              25.168566999597147
            ],
            [
              -80.68810000020898,
              25.168865999839706
            ],
            [
              -80.6874199997934,
              25.169325000261825
            ],
            [
              -80.68678999960655,
              25.17017499991357
            ],
            [
              -80.68631099993077,
              25.170449000003696
            ],
            [
              -80.68505099955705,
              25.170726000317476
            ],
            [
              -80.68464800004924,
              25.1710240001373
            ],
            [
              -80.68429499987182,
              25.17182700015923
            ],
            [
              -80.68422000042706,
              25.1720089999818
            ],
            [
              -80.68379199990656,
              25.17233099981529
            ],
            [
              -80.6825059995936,
              25.172607999918164
            ],
            [
              -80.68200199980343,
              25.17281499999506
            ],
            [
              -80.68142199984531,
              25.173479999957095
            ],
            [
              -80.68119599988951,
              25.17421299984207
            ],
            [
              -80.68104500027677,
              25.174372999820974
            ],
            [
              -80.68023799963959,
              25.174558999817027
            ],
            [
              -80.67933100034162,
              25.174488999755656
            ],
            [
              -80.67844900025969,
              25.174603999602986
            ],
            [
              -80.67786900030154,
              25.17393900008146
            ],
            [
              -80.67784400018719,
              25.173734000255415
            ],
            [
              -80.67774299990485,
              25.17364000008509
            ],
            [
              -80.6777169999656,
              25.173365999849572
            ],
            [
              -80.67751500029922,
              25.17286199959437
            ],
            [
              -80.67751500029922,
              25.172034999934255
            ],
            [
              -80.67779200030866,
              25.170797000108756
            ],
            [
              -80.67799300015011,
              25.169351999993722
            ],
            [
              -80.67811899964849,
              25.168961999672355
            ],
            [
              -80.68000800038413,
              25.16655200026488
            ],
            [
              -80.68010899976817,
              25.166138999678992
            ],
            [
              -80.68036099966325,
              25.165656999929432
            ],
            [
              -80.68043600000631,
              25.164785000042087
            ],
            [
              -80.6803859997776,
              25.164648000214694
            ],
            [
              -80.68025100005839,
              25.1645339999799
            ],
            [
              -80.67965400038182,
              25.16402999980453
            ],
            [
              -80.67806599994503,
              25.163937999599298
            ],
            [
              -80.67763800032289,
              25.16414499976015
            ],
            [
              -80.67710900041837,
              25.1645339999799
            ],
            [
              -80.67572299964796,
              25.166300999774336
            ],
            [
              -80.6752189998578,
              25.166783000230616
            ],
            [
              -80.67479100023562,
              25.16701299971957
            ],
            [
              -80.67373199970338,
              25.16722000035215
            ],
            [
              -80.67252300028161,
              25.16733499973872
            ],
            [
              -80.67232099971694,
              25.1674949998007
            ],
            [
              -80.6723459998313,
              25.167793000199943
            ],
            [
              -80.67257299961203,
              25.168046000120093
            ],
            [
              -80.67375799964265,
              25.16857299975607
            ],
            [
              -80.67401000043606,
              25.168849000242563
            ],
            [
              -80.67406099959135,
              25.170019000174687
            ],
            [
              -80.67340600018846,
              25.171118999891284
            ],
            [
              -80.67339399959457,
              25.1715589999259
            ],
            [
              -80.6733879997468,
              25.17176700015819
            ],
            [
              -80.67338199989902,
              25.17196900004407
            ],
            [
              -80.6733810000741,
              25.172014999971328
            ],
            [
              -80.67348200035643,
              25.172381000399923
            ],
            [
              -80.67348300018135,
              25.17341300004946
            ],
            [
              -80.67325600040063,
              25.173895000032854
            ],
            [
              -80.67277699982651,
              25.174329999908256
            ],
            [
              -80.6723740003187,
              25.174491999689426
            ],
            [
              -80.67169399990314,
              25.17458300008434
            ],
            [
              -80.67126499955774,
              25.174375999757576
            ],
            [
              -80.67093700039298,
              25.174079999963958
            ],
            [
              -80.67058400021558,
              25.173505999595836
            ],
            [
              -80.66965100008001,
              25.172473999920573
            ],
            [
              -80.66866799971575,
              25.1717860001617
            ],
            [
              -80.66813799998631,
              25.17121300037944
            ],
            [
              -80.66798700037359,
              25.170822000311674
            ],
            [
              -80.66801099976472,
              25.16995099997586
            ],
            [
              -80.6683890000565,
              25.169217999669552
            ],
            [
              -80.66899400012899,
              25.168482999780508
            ],
            [
              -80.6696490004302,
              25.1679789996653
            ],
            [
              -80.66990100032528,
              25.16763399975013
            ],
            [
              -80.66997699959494,
              25.167243999625068
            ],
            [
              -80.66982500015729,
              25.167037999885327
            ],
            [
              -80.66937200042075,
              25.1668309997568
            ],
            [
              -80.66869100018029,
              25.166740000080097
            ],
            [
              -80.66740599969222,
              25.166924000258653
            ],
            [
              -80.66619600044555,
              25.166670999636658
            ],
            [
              -80.66564200042667,
              25.166787000395143
            ],
            [
              -80.66450799955138,
              25.167359999838485
            ],
            [
              -80.66347400003177,
              25.16749799990656
            ],
            [
              -80.66191099970936,
              25.16738299986066
            ],
            [
              -80.66095300035778,
              25.1677740003872
            ],
            [
              -80.66027299994221,
              25.168301000385735
            ],
            [
              -80.65891200018449,
              25.169014000058286
            ],
            [
              -80.6581809997153,
              25.169174000356186
            ],
            [
              -80.65810200007257,
              25.169164000140455
            ],
            [
              -80.65780300032183,
              25.169128000170083
            ],
            [
              -80.65751700009157,
              25.1689780000436
            ],
            [
              -80.65732399974773,
              25.168877000103837
            ],
            [
              -80.65699599968467,
              25.16839499979436
            ],
            [
              -80.65674399978958,
              25.167522999972864
            ],
            [
              -80.65631600016741,
              25.166926000338595
            ],
            [
              -80.65568599998056,
              25.16651400024969
            ],
            [
              -80.65465199956266,
              25.165733999718725
            ],
            [
              -80.65356799981437,
              25.164654999811987
            ],
            [
              -80.65311400025293,
              25.163829999906202
            ],
            [
              -80.65306300019931,
              25.16286599976382
            ],
            [
              -80.65316399958333,
              25.162385000164818
            ],
            [
              -80.6538439999989,
              25.161032000405797
            ],
            [
              -80.65495299986155,
              25.15954000020198
            ],
            [
              -80.65522999987098,
              25.15894499991635
            ],
            [
              -80.65550699988043,
              25.15788900030547
            ],
            [
              -80.65608600001366,
              25.15694900004259
            ],
            [
              -80.65661499991816,
              25.156281999933405
            ],
            [
              -80.65737099960339,
              25.15575500004048
            ],
            [
              -80.65888399969708,
              25.155020000329
            ],
            [
              -80.65908500043685,
              25.15506600014434
            ],
            [
              -80.66122699999416,
              25.154399999640844
            ],
            [
              -80.66190700040973,
              25.154010999628177
            ],
            [
              -80.66214599988602,
              25.153737000011965
            ],
            [
              -80.66336899955148,
              25.152334999795638
            ],
            [
              -80.66354500017691,
              25.152131000406364
            ],
            [
              -80.66419999957978,
              25.15137300022191
            ],
            [
              -80.66525800028712,
              25.151097000034564
            ],
            [
              -80.66549299956546,
              25.150955000242952
            ],
            [
              -80.6656370004038,
              25.15086799997977
            ],
            [
              -80.66568699973422,
              25.15004200016731
            ],
            [
              -80.66575000038172,
              25.14990200032034
            ],
            [
              -80.66586300035962,
              25.149651999903703
            ],
            [
              -80.66717300006371,
              25.148390000033405
            ],
            [
              -80.66755100035549,
              25.1477249998828
            ],
            [
              -80.66856300013377,
              25.147056000176494
            ],
            [
              -80.66928899968177,
              25.14657699964742
            ],
            [
              -80.6696920000879,
              25.146117999824693
            ],
            [
              -80.66989399975427,
              25.14554499981337
            ],
            [
              -80.67037199960517,
              25.144695000116972
            ],
            [
              -80.67087100027075,
              25.144199000301313
            ],
            [
              -80.6709239999742,
              25.144145000268608
            ],
            [
              -80.67137000003804,
              25.143824999674806
            ],
            [
              -80.67243500041806,
              25.14331899968208
            ],
            [
              -80.67407499983506,
              25.142698000298978
            ],
            [
              -80.67458000034844,
              25.142241000199224
            ],
            [
              -80.67505700037442,
              25.141092000181082
            ],
            [
              -80.67510800042803,
              25.140266000081013
            ],
            [
              -80.67498000038152,
              25.13995900003209
            ],
            [
              -80.67450300035554,
              25.138821000215714
            ],
            [
              -80.67404499969783,
              25.13857699988178
            ],
            [
              -80.6739099999786,
              25.13853400036231
            ],
            [
              -80.67369599971838,
              25.13847700025728
            ],
            [
              -80.67309200036911,
              25.138593999630878
            ],
            [
              -80.67241199995352,
              25.138960000304582
            ],
            [
              -80.67208399989048,
              25.13946500020836
            ],
            [
              -80.67127799997654,
              25.140038999743066
            ],
            [
              -80.6710510001958,
              25.14040599959536
            ],
            [
              -80.6702200001675,
              25.141483999830708
            ],
            [
              -80.66971600037735,
              25.141872999925283
            ],
            [
              -80.66906100007614,
              25.142127000171065
            ],
            [
              -80.6677499996488,
              25.142285999710207
            ],
            [
              -80.66606199965294,
              25.141921000306784
            ],
            [
              -80.66538200013568,
              25.141621999893225
            ],
            [
              -80.66404599959401,
              25.14144099970862
            ],
            [
              -80.66124899973548,
              25.142312000305623
            ],
            [
              -80.65971200025064,
              25.142426000160988
            ],
            [
              -80.65915800023178,
              25.142633000225455
            ],
            [
              -80.658603000388,
              25.14300200007089
            ],
            [
              -80.65832600037857,
              25.143413999869573
            ],
            [
              -80.6583010002642,
              25.144216000080792
            ],
            [
              -80.65855300015929,
              25.144699000192546
            ],
            [
              -80.65862900032727,
              25.145225999854855
            ],
            [
              -80.65850299993058,
              25.145570999714636
            ],
            [
              -80.65797400002607,
              25.146600999728847
            ],
            [
              -80.65754600040388,
              25.146694999595763
            ],
            [
              -80.65711700005848,
              25.14628099988142
            ],
            [
              -80.65706699982978,
              25.145915000013414
            ],
            [
              -80.65739400006792,
              25.145250000201937
            ],
            [
              -80.65714200017284,
              25.14499599994875
            ],
            [
              -80.65666299959874,
              25.144927999624805
            ],
            [
              -80.65497299995303,
              25.145600999656345
            ],
            [
              -80.65482399999011,
              25.145661999731978
            ],
            [
              -80.65280799993117,
              25.14607700013036
            ],
            [
              -80.65248800026404,
              25.146380999618934
            ],
            [
              -80.65227700037684,
              25.14658000026773
            ],
            [
              -80.65220200003378,
              25.146969000386502
            ],
            [
              -80.65245399992887,
              25.14731500039937
            ],
            [
              -80.65363899995948,
              25.1481869999351
            ],
            [
              -80.65465599976062,
              25.14854400021921
            ],
            [
              -80.65505300031897,
              25.148677999673627
            ],
            [
              -80.65529299962017,
              25.14876099992943
            ],
            [
              -80.65560599961461,
              25.148985999937263
            ],
            [
              -80.65593299985277,
              25.149378000257457
            ],
            [
              -80.65623499997656,
              25.15022699968974
            ],
            [
              -80.65631199996946,
              25.151513000007597
            ],
            [
              -80.65644599986376,
              25.152495000018682
            ],
            [
              -80.656435999818,
              25.15262100038208
            ],
            [
              -80.65640999987875,
              25.154286999729443
            ],
            [
              -80.65598100043165,
              25.15513200023798
            ],
            [
              -80.65532500030554,
              25.15575100032727
            ],
            [
              -80.65411500016054,
              25.156277000110236
            ],
            [
              -80.65303100041226,
              25.156526999963265
            ],
            [
              -80.65167200030436,
              25.156732000257335
            ],
            [
              -80.65161899970259,
              25.156752000287415
            ],
            [
              -80.65131900012693,
              25.15687000015422
            ],
            [
              -80.65094400020821,
              25.157440000301495
            ],
            [
              -80.65099500026183,
              25.159036999822217
            ],
            [
              -80.65106999970659,
              25.1593339996458
            ],
            [
              -80.651422999884,
              25.15978999987289
            ],
            [
              -80.65167300012926,
              25.160451999850647
            ],
            [
              -80.65174900029724,
              25.16049699996437
            ],
            [
              -80.65177500023651,
              25.162118999664965
            ],
            [
              -80.65127499974601,
              25.163966999839406
            ],
            [
              -80.64989700026985,
              25.167349000250514
            ],
            [
              -80.64924600016658,
              25.168648000091494
            ],
            [
              -80.64751700016284,
              25.17150299980273
            ],
            [
              -80.64586299960382,
              25.173947999923158
            ],
            [
              -80.64507400030662,
              25.17470399970015
            ],
            [
              -80.64434399966235,
              25.17513899994059
            ],
            [
              -80.64257899967357,
              25.175553000090172
            ],
            [
              -80.64164600043634,
              25.175918999652243
            ],
            [
              -80.6402849997803,
              25.17665500019819
            ],
            [
              -80.63935199964473,
              25.17660599970123
            ],
            [
              -80.63784100009919,
              25.176216999785733
            ],
            [
              -80.63652899984694,
              25.176333000404544
            ],
            [
              -80.63567199987938,
              25.17607999979574
            ],
            [
              -80.63547199986284,
              25.17594299965179
            ],
            [
              -80.63456399984165,
              25.176034999741695
            ],
            [
              -80.6337090004222,
              25.176313000333767
            ],
            [
              -80.63363200042932,
              25.176334000367348
            ],
            [
              -80.63360599959172,
              25.176470000110182
            ],
            [
              -80.63391500028654,
              25.176758000116717
            ],
            [
              -80.63403800031017,
              25.176872000303916
            ],
            [
              -80.6347160001776,
              25.177503000053544
            ],
            [
              -80.63519499985341,
              25.178212999722138
            ],
            [
              -80.63552100026662,
              25.178396999657615
            ],
            [
              -80.638067000055,
              25.178555999890655
            ],
            [
              -80.63942699998782,
              25.178333999799346
            ],
            [
              -80.63990700038684,
              25.178254999943952
            ],
            [
              -80.6407149999506,
              25.17812300035945
            ],
            [
              -80.64305900007261,
              25.178099999924537
            ],
            [
              -80.64328599985332,
              25.178006999818283
            ],
            [
              -80.64378999964347,
              25.177571000104702
            ],
            [
              -80.6445720001663,
              25.177204999812247
            ],
            [
              -80.64726899956739,
              25.176515999964927
            ],
            [
              -80.65094900023108,
              25.175391000093043
            ],
            [
              -80.65165399986269,
              25.175344999813735
            ],
            [
              -80.65343499974499,
              25.175626000259374
            ],
            [
              -80.65360700017243,
              25.175640999787564
            ],
            [
              -80.65495700005951,
              25.175597000353303
            ],
            [
              -80.65538200020694,
              25.175726000331114
            ],
            [
              -80.65578800008781,
              25.175849000371866
            ],
            [
              -80.65717700033295,
              25.17690599969728
            ],
            [
              -80.65795499975948,
              25.177499000240648
            ],
            [
              -80.65830899976181,
              25.177431000149287
            ],
            [
              -80.65825900043141,
              25.176697000143903
            ],
            [
              -80.65825900043141,
              25.17616899988983
            ],
            [
              -80.65878800033593,
              25.175137999967987
            ],
            [
              -80.65919099984374,
              25.174747000293937
            ],
            [
              -80.65984600014495,
              25.174425000338005
            ],
            [
              -80.66090499977888,
              25.174473000107618
            ],
            [
              -80.66191300025751,
              25.17474600031812
            ],
            [
              -80.66244299998695,
              25.17497500025839
            ],
            [
              -80.66309800028814,
              25.175573000285638
            ],
            [
              -80.66386400001913,
              25.176840000005402
            ],
            [
              -80.66408199957901,
              25.1772000000339
            ],
            [
              -80.66425900002933,
              25.17740599967577
            ],
            [
              -80.66430900025804,
              25.177980000377303
            ],
            [
              -80.6639820000199,
              25.179494000382668
            ],
            [
              -80.66378000035354,
              25.17979199990498
            ],
            [
              -80.66292300038597,
              25.180457999940757
            ],
            [
              -80.66158699984427,
              25.181283000328673
            ],
            [
              -80.66085700009832,
              25.1819729999706
            ],
            [
              -80.6605540001496,
              25.18240800028176
            ],
            [
              -80.66032700036888,
              25.182983000094882
            ],
            [
              -80.66015099974348,
              25.18387700014563
            ],
            [
              -80.6598989998484,
              25.18442699968404
            ],
            [
              -80.65936999994388,
              25.18477100014055
            ],
            [
              -80.65856300020504,
              25.18493199997094
            ],
            [
              -80.6563449995814,
              25.185000999833125
            ],
            [
              -80.65518499966514,
              25.184496999728044
            ],
            [
              -80.65453000026224,
              25.184542999804737
            ],
            [
              -80.65427800036717,
              25.184795000022724
            ],
            [
              -80.65417700008484,
              25.185599000253543
            ],
            [
              -80.65450500014788,
              25.186721999623206
            ],
            [
              -80.65445499991918,
              25.18761599987849
            ],
            [
              -80.65432900042079,
              25.188213999657297
            ],
            [
              -80.6539009999003,
              25.18864799977368
            ],
            [
              -80.65314500021508,
              25.189129999656647
            ],
            [
              -80.65274099998403,
              25.18961200007122
            ],
            [
              -80.65248900008895,
              25.19043800010454
            ],
            [
              -80.65243899986024,
              25.19144700012508
            ],
            [
              -80.65218699996515,
              25.192089999625537
            ],
            [
              -80.65163299994629,
              25.192479000079924
            ],
            [
              -80.65127899994395,
              25.192595999678886
            ],
            [
              -80.64908600033303,
              25.19238899987418
            ],
            [
              -80.64827899969585,
              25.192159000310852
            ],
            [
              -80.6478250001344,
              25.191837999865488
            ],
            [
              -80.64749799989626,
              25.191426000257344
            ],
            [
              -80.64727100011554,
              25.190828999832277
            ],
            [
              -80.64732100034425,
              25.18968300024095
            ],
            [
              -80.64711899977958,
              25.189522000185825
            ],
            [
              -80.6466910001574,
              25.189706000115333
            ],
            [
              -80.64667199989083,
              25.189718999830344
            ],
            [
              -80.64603500003128,
              25.190139999793587
            ],
            [
              -80.64540599966934,
              25.19041600021563
            ],
            [
              -80.64419499969944,
              25.19069100016733
            ],
            [
              -80.64200499956323,
              25.190766999742962
            ],
            [
              -80.63942100014005,
              25.19085700033428
            ],
            [
              -80.6391659998719,
              25.190865999739437
            ],
            [
              -80.63885000040274,
              25.190876999643756
            ],
            [
              -80.63819500010152,
              25.191173000095436
            ],
            [
              -80.63789299997774,
              25.191472999995007
            ],
            [
              -80.63761599996829,
              25.1919999999453
            ],
            [
              -80.63698599978144,
              25.1924120000505
            ],
            [
              -80.63650600028073,
              25.192573000350198
            ],
            [
              -80.63567400042751,
              25.192432999748238
            ],
            [
              -80.63514499962469,
              25.19234400015286
            ],
            [
              -80.63423699960347,
              25.19236700033764
            ],
            [
              -80.63403599976203,
              25.19255199986372
            ],
            [
              -80.63403599976203,
              25.193583000389253
            ],
            [
              -80.63368199975972,
              25.194155999849873
            ],
            [
              -80.63320300008391,
              25.194593000181424
            ],
            [
              -80.63176699998311,
              25.19502700032965
            ],
            [
              -80.63111099985699,
              25.195325999871
            ],
            [
              -80.6309850003586,
              25.19551099977962
            ],
            [
              -80.63096000024426,
              25.196496999829105
            ],
            [
              -80.6309419998026,
              25.196540000047776
            ],
            [
              -80.63075799967959,
              25.196977999746668
            ],
            [
              -80.63035500017176,
              25.197344999769673
            ],
            [
              -80.62994500009293,
              25.197510999808838
            ],
            [
              -80.62944700015055,
              25.19771300009968
            ],
            [
              -80.62866600035098,
              25.197664999730964
            ],
            [
              -80.62823799983049,
              25.19748099963244
            ],
            [
              -80.62700199974623,
              25.196335999839572
            ],
            [
              -80.62591799999792,
              25.19550900016876
            ],
            [
              -80.62571600033156,
              25.195164999959072
            ],
            [
              -80.62564199981341,
              25.195135999826114
            ],
            [
              -80.62531299992544,
              25.19500399983432
            ],
            [
              -80.62478300019602,
              25.195279999801773
            ],
            [
              -80.62420400006279,
              25.195463999974454
            ],
            [
              -80.62407799966608,
              25.196220000381654
            ],
            [
              -80.62415300000916,
              25.196335999839572
            ],
            [
              -80.62417899994843,
              25.197138999700247
            ],
            [
              -80.62400200039643,
              25.197779999651345
            ],
            [
              -80.62357300005102,
              25.198377000143232
            ],
            [
              -80.62314500042885,
              25.198788999809146
            ],
            [
              -80.62253899963314,
              25.19918100013846
            ],
            [
              -80.62198499961426,
              25.199364000332864
            ],
            [
              -80.6216060003959,
              25.19936299974624
            ],
            [
              -80.62125400004338,
              25.199202000294655
            ],
            [
              -80.62090099986598,
              25.19888099971777
            ],
            [
              -80.62069900019961,
              25.198492000204052
            ],
            [
              -80.62006900001275,
              25.19778100025096
            ],
            [
              -80.61959000033697,
              25.19757500010626
            ],
            [
              -80.61945899991738,
              25.19762100012145
            ],
            [
              -80.6192620002739,
              25.197689000324104
            ],
            [
              -80.6191359998772,
              25.198261999973813
            ],
            [
              -80.6189600001501,
              25.19846900036313
            ],
            [
              -80.61827899990962,
              25.198951000396814
            ],
            [
              -80.61674099970158,
              25.199409999672206
            ],
            [
              -80.61606000035941,
              25.199708000060458
            ],
            [
              -80.61490000044314,
              25.200716999685525
            ],
            [
              -80.61416899997396,
              25.200921999630577
            ],
            [
              -80.61280800021622,
              25.200647999784984
            ],
            [
              -80.61207599992213,
              25.200578000081528
            ],
            [
              -80.61109299955784,
              25.200715999922856
            ],
            [
              -80.61069900027087,
              25.200523999818323
            ],
            [
              -80.61033699987262,
              25.200347999727477
            ],
            [
              -80.60993299964157,
              25.200256000114464
            ],
            [
              -80.60970699968577,
              25.200464000129983
            ],
            [
              -80.60960600030174,
              25.200668999688176
            ],
            [
              -80.60945499979069,
              25.20172500013548
            ],
            [
              -80.60900100022926,
              25.202296999737015
            ],
            [
              -80.60852199965514,
              25.202734000114162
            ],
            [
              -80.60786600042734,
              25.20300999962971
            ],
            [
              -80.60680699989507,
              25.203101999600115
            ],
            [
              -80.60491600040794,
              25.202733000368042
            ],
            [
              -80.60448700006253,
              25.202344000156042
            ],
            [
              -80.60433399990166,
              25.202109000317943
            ],
            [
              -80.60400900021165,
              25.201609000121586
            ],
            [
              -80.60399800034098,
              25.201509999917203
            ],
            [
              -80.60394399991432,
              25.201041000391925
            ],
            [
              -80.60393600041672,
              25.200927000061053
            ],
            [
              -80.60413499971003,
              25.199774000369636
            ],
            [
              -80.60527000041026,
              25.198009000194244
            ],
            [
              -80.60572399997169,
              25.19672300014697
            ],
            [
              -80.60587499958443,
              25.196104999800912
            ],
            [
              -80.60572399997169,
              25.19479700005792
            ],
            [
              -80.60557300035896,
              25.19463700007211
            ],
            [
              -80.60552300013025,
              25.194454000089756
            ],
            [
              -80.6041110003189,
              25.19314499986039
            ],
            [
              -80.60375899996639,
              25.192089999625537
            ],
            [
              -80.60348100013205,
              25.191701000367487
            ],
            [
              -80.60332999962098,
              25.191286999802905
            ],
            [
              -80.60325500017623,
              25.190576000056154
            ],
            [
              -80.60370899973768,
              25.189382999997367
            ],
            [
              -80.60408700002945,
              25.188878000276162
            ],
            [
              -80.6044150000925,
              25.188673000379456
            ],
            [
              -80.60491899988266,
              25.18851199980239
            ],
            [
              -80.6066329998178,
              25.188192000179622
            ],
            [
              -80.60746499967102,
              25.18782400034655
            ],
            [
              -80.60804499962916,
              25.187273999884553
            ],
            [
              -80.60920399972052,
              25.186471000018802
            ],
            [
              -80.60973400034825,
              25.185920000067945
            ],
            [
              -80.60980999961794,
              25.18534600018374
            ],
            [
              -80.60976699996023,
              25.185257000288118
            ],
            [
              -80.60950800039245,
              25.184773999821246
            ],
            [
              -80.60938600019372,
              25.184624000250995
            ],
            [
              -80.60907900004706,
              25.18424499970664
            ],
            [
              -80.6090539999327,
              25.183648999762806
            ],
            [
              -80.60928099971342,
              25.183191000342998
            ],
            [
              -80.60958299983722,
              25.182846000394115
            ],
            [
              -80.60978700005171,
              25.18276399966879
            ],
            [
              -80.61048099981267,
              25.182485000059213
            ],
            [
              -80.61095000034105,
              25.182296000223012
            ],
            [
              -80.61112100004526,
              25.182226999641973
            ],
            [
              -80.61150000016194,
              25.182137999906978
            ],
            [
              -80.61190199984485,
              25.182043999714413
            ],
            [
              -80.6129610003771,
              25.182021999935618
            ],
            [
              -80.61427199990611,
              25.182549000122275
            ],
            [
              -80.6158849995589,
              25.18259400020998
            ],
            [
              -80.61666700008173,
              25.18270899972638
            ],
            [
              -80.61695199958878,
              25.182731000194085
            ],
            [
              -80.61971699966026,
              25.18294099987663
            ],
            [
              -80.61995000018707,
              25.183029999838066
            ],
            [
              -80.62124499982257,
              25.183523999657087
            ],
            [
              -80.62145599970975,
              25.18360400006469
            ],
            [
              -80.62173400044243,
              25.183511999997894
            ],
            [
              -80.62221300011821,
              25.18286999984251
            ],
            [
              -80.62269099996911,
              25.182686000156963
            ],
            [
              -80.6234729995936,
              25.182572999629166
            ],
            [
              -80.62478400002092,
              25.182824999856706
            ],
            [
              -80.62481099978511,
              25.182819000399313
            ],
            [
              -80.62500999997673,
              25.182778000034453
            ],
            [
              -80.62518700042706,
              25.182550000034077
            ],
            [
              -80.62506000020544,
              25.18222800036938
            ],
            [
              -80.62473100031747,
              25.181913000086134
            ],
            [
              -80.62440400007932,
              25.181586999872398
            ],
            [
              -80.6240769998412,
              25.1813570002393
            ],
            [
              -80.6231200003145,
              25.181195999750052
            ],
            [
              -80.6221629998895,
              25.1804520003668
            ],
            [
              -80.62184099967422,
              25.18031199965604
            ],
            [
              -80.62161300006859,
              25.18044500005056
            ],
            [
              -80.62150699976338,
              25.180830999701286
            ],
            [
              -80.62143099959539,
              25.180936999930523
            ],
            [
              -80.62127999998265,
              25.181150000035753
            ],
            [
              -80.62044800012944,
              25.18177100040448
            ],
            [
              -80.61961600027621,
              25.181999000236534
            ],
            [
              -80.61958899961373,
              25.18197699963667
            ],
            [
              -80.61932699967292,
              25.181769999673318
            ],
            [
              -80.61785200011236,
              25.180598999598665
            ],
            [
              -80.61780100005875,
              25.180460999727607
            ],
            [
              -80.61783000037104,
              25.180408000230432
            ],
            [
              -80.61809800015968,
              25.179921000320615
            ],
            [
              -80.61821100013758,
              25.179715999986904
            ],
            [
              -80.61823000040414,
              25.17968099981615
            ],
            [
              -80.61845700018488,
              25.17899300008637
            ],
            [
              -80.61923799998445,
              25.178008999716397
            ],
            [
              -80.61926399992372,
              25.177686000296195
            ],
            [
              -80.61920000034961,
              25.177604000163686
            ],
            [
              -80.61908800019663,
              25.1774569997583
            ],
            [
              -80.61901100020374,
              25.17736000015691
            ],
            [
              -80.6183049998489,
              25.176860999948186
            ],
            [
              -80.61724799986479,
              25.176337000255735
            ],
            [
              -80.6160660002072,
              25.176250000211308
            ],
            [
              -80.61495899999437,
              25.17579499971492
            ],
            [
              -80.61446400042504,
              25.17577600033621
            ],
            [
              -80.61444799963321,
              25.1757790002383
            ],
            [
              -80.6141299996159,
              25.175956000022186
            ],
            [
              -80.61354899983284,
              25.17654900030955
            ],
            [
              -80.61352200006867,
              25.17670899966117
            ],
            [
              -80.61344699972558,
              25.176729999626534
            ],
            [
              -80.61334499961833,
              25.176937999978463
            ],
            [
              -80.61296600039998,
              25.17732400016787
            ],
            [
              -80.61238600044183,
              25.17762000021371
            ],
            [
              -80.61210799970918,
              25.177893999829678
            ],
            [
              -80.61215399973993,
              25.17867399979653
            ],
            [
              -80.6120039999521,
              25.178922000190934
            ],
            [
              -80.61104800025034,
              25.179618999744505
            ],
            [
              -80.6110039998694,
              25.17960499982885
            ],
            [
              -80.61067499998143,
              25.17984499967002
            ],
            [
              -80.6102220002449,
              25.180304000214463
            ],
            [
              -80.609997000114,
              25.180783999922898
            ],
            [
              -80.60979600027255,
              25.181542000225758
            ],
            [
              -80.60924300007858,
              25.182597999855684
            ],
            [
              -80.60894199977972,
              25.18289599991705
            ],
            [
              -80.60843899981445,
              25.183217000349057
            ],
            [
              -80.60801100019228,
              25.18362999998262
            ],
            [
              -80.60781100017574,
              25.184386999756985
            ],
            [
              -80.60715800042267,
              25.185650000159026
            ],
            [
              -80.60640400038726,
              25.186383999892726
            ],
            [
              -80.605597999575,
              25.18673000026927
            ],
            [
              -80.60464100004832,
              25.187028999854885
            ],
            [
              -80.60345699984259,
              25.187581000351056
            ],
            [
              -80.60189600006834,
              25.187810999616406
            ],
            [
              -80.60101499981131,
              25.18820400019079
            ],
            [
              -80.59993199988793,
              25.18845799987926
            ],
            [
              -80.59864800012309,
              25.18921600040335
            ],
            [
              -80.59804399987551,
              25.18933100017268
            ],
            [
              -80.59723799996156,
              25.189354000113507
            ],
            [
              -80.59580199986075,
              25.189586999658122
            ],
            [
              -80.59524700001698,
              25.18981700001351
            ],
            [
              -80.59461900037826,
              25.190368000222488
            ],
            [
              -80.59429200014011,
              25.190850999646607
            ],
            [
              -80.5940159999556,
              25.19147100031785
            ],
            [
              -80.5940159999556,
              25.192248000041403
            ],
            [
              -80.5940920001236,
              25.192479000079924
            ],
            [
              -80.59429499961486,
              25.192660999949478
            ],
            [
              -80.59434599966846,
              25.193576999835916
            ],
            [
              -80.59414700037516,
              25.194586999677814
            ],
            [
              -80.59419699970556,
              25.194771000084675
            ],
            [
              -80.59417300031444,
              25.19515900029652
            ],
            [
              -80.59387100019065,
              25.19587199971914
            ],
            [
              -80.593495000447,
              25.196512000039448
            ],
            [
              -80.5928409999707,
              25.197226000273194
            ],
            [
              -80.59278999991707,
              25.198051999878977
            ],
            [
              -80.59258900007563,
              25.198348999744457
            ],
            [
              -80.5915799997721,
              25.199245000370954
            ],
            [
              -80.5907980001476,
              25.199633000145983
            ],
            [
              -80.58966300034568,
              25.199725000229755
            ],
            [
              -80.58952400042851,
              25.199783999699076
            ],
            [
              -80.58900700021955,
              25.200001000063892
            ],
            [
              -80.58761999962424,
              25.200691000163463
            ],
            [
              -80.58648499982233,
              25.2005530002938
            ],
            [
              -80.58524899973807,
              25.20073900015215
            ],
            [
              -80.58476900023736,
              25.200694000264882
            ],
            [
              -80.58428999966323,
              25.20051200020816
            ],
            [
              -80.58383600010181,
              25.20055700016265
            ],
            [
              -80.5837159995529,
              25.200738000389606
            ],
            [
              -80.58341099995435,
              25.20119100006571
            ],
            [
              -80.58351100041179,
              25.20181199987018
            ],
            [
              -80.58361199979582,
              25.202040000393456
            ],
            [
              -80.58373800019253,
              25.20314299962638
            ],
            [
              -80.58371200025324,
              25.203321000036258
            ],
            [
              -80.58368700013888,
              25.203486000316136
            ],
            [
              -80.58335900007582,
              25.20415100031032
            ],
            [
              -80.58328299990784,
              25.20523000000929
            ],
            [
              -80.58335800025093,
              25.2054349996702
            ],
            [
              -80.5837370003676,
              25.2059399998203
            ],
            [
              -80.58413999987542,
              25.206742000024544
            ],
            [
              -80.5841390000505,
              25.207454000184338
            ],
            [
              -80.58373599964436,
              25.20793499989168
            ],
            [
              -80.58315599968624,
              25.2081189996336
            ],
            [
              -80.58270200012478,
              25.20798000035341
            ],
            [
              -80.58245000022971,
              25.2081189996336
            ],
            [
              -80.5823990001761,
              25.208324999818583
            ],
            [
              -80.58280199968391,
              25.20873900016171
            ],
            [
              -80.58297900013423,
              25.20961100004305
            ],
            [
              -80.58285299973754,
              25.209954000387956
            ],
            [
              -80.58237400006173,
              25.210550999699283
            ],
            [
              -80.5809859996415,
              25.21107700030062
            ],
            [
              -80.5805069999657,
              25.21139900009078
            ],
            [
              -80.57985199966451,
              25.2117200001694
            ],
            [
              -80.57801100040606,
              25.212039999731594
            ],
            [
              -80.57710300038488,
              25.212083999818955
            ],
            [
              -80.57639700003003,
              25.21178700013977
            ],
            [
              -80.57556600000173,
              25.211007999770338
            ],
            [
              -80.57548999983376,
              25.21084500010551
            ],
            [
              -80.57488499976125,
              25.210226999921826
            ],
            [
              -80.57455800042142,
              25.21006600020828
            ],
            [
              -80.57385200006658,
              25.21004300011571
            ],
            [
              -80.57344799983555,
              25.210224999739903
            ],
            [
              -80.57284299976304,
              25.210637999628116
            ],
            [
              -80.57228799991928,
              25.210776999936467
            ],
            [
              -80.57188399968823,
              25.21068299990317
            ],
            [
              -80.57127899961574,
              25.21038600005586
            ],
            [
              -80.57072499959688,
              25.210293999901392
            ],
            [
              -80.57037099959454,
              25.210452999947908
            ],
            [
              -80.56966500013802,
              25.211163999853394
            ],
            [
              -80.56926199973189,
              25.211392999602733
            ],
            [
              -80.5684039999394,
              25.21155399999899
            ],
            [
              -80.56832000027381,
              25.211538000342696
            ],
            [
              -80.56815200004432,
              25.21150800037194
            ],
            [
              -80.56744599968951,
              25.211186999734128
            ],
            [
              -80.56600999958869,
              25.210131000093018
            ],
            [
              -80.56547999985926,
              25.209580999597247
            ],
            [
              -80.56469999988458,
              25.208273999655333
            ],
            [
              -80.56404399975847,
              25.207835999955183
            ],
            [
              -80.56353999996831,
              25.207170999772533
            ],
            [
              -80.56351499985395,
              25.206528999968768
            ],
            [
              -80.56359199984685,
              25.206414000184374
            ],
            [
              -80.56369200030429,
              25.20547299973989
            ],
            [
              -80.56375500005348,
              25.20527900037199
            ],
            [
              -80.56381899962757,
              25.205082999615694
            ],
            [
              -80.5638420000921,
              25.20505100022528
            ],
            [
              -80.56402100019226,
              25.204797999922686
            ],
            [
              -80.564095999637,
              25.204692999867603
            ],
            [
              -80.56460100015039,
              25.20428199959366
            ],
            [
              -80.56507999982618,
              25.204142999995884
            ],
            [
              -80.5669460000973,
              25.2041219998791
            ],
            [
              -80.56775299983615,
              25.204259000033733
            ],
            [
              -80.56901300020985,
              25.20416799985922
            ],
            [
              -80.56921499987622,
              25.203871000370533
            ],
            [
              -80.56921599970113,
              25.202057999988796
            ],
            [
              -80.56929199986911,
              25.201462000232475
            ],
            [
              -80.56956899987856,
              25.200704000331598
            ],
            [
              -80.57004900027758,
              25.199786999822887
            ],
            [
              -80.57042699967104,
              25.19930700020852
            ],
            [
              -80.57126000024748,
              25.198526000066913
            ],
            [
              -80.57189000043432,
              25.198275000401306
            ],
            [
              -80.57325100019206,
              25.198183999818305
            ],
            [
              -80.57378099992148,
              25.198299000061372
            ],
            [
              -80.5746129997747,
              25.198666999946827
            ],
            [
              -80.57516699979357,
              25.19942200020381
            ],
            [
              -80.57539399957429,
              25.20004200032164
            ],
            [
              -80.57558500026829,
              25.201018000219676
            ],
            [
              -80.57584399983608,
              25.202338999783745
            ],
            [
              -80.57599600017205,
              25.203115000323614
            ],
            [
              -80.5760570002714,
              25.203188000234032
            ],
            [
              -80.57642499961914,
              25.203575999635664
            ],
            [
              -80.57670199962855,
              25.203621000083256
            ],
            [
              -80.57705599963089,
              25.203185000194036
            ],
            [
              -80.57723300008122,
              25.202221000041398
            ],
            [
              -80.5772110003399,
              25.200825000016795
            ],
            [
              -80.57720799996686,
              25.200752000315134
            ],
            [
              -80.57690500001816,
              25.200204000055063
            ],
            [
              -80.57626399996064,
              25.199479000274327
            ],
            [
              -80.57617400044728,
              25.19937699982984
            ],
            [
              -80.5757969999804,
              25.198780999955165
            ],
            [
              -80.5752250004182,
              25.198227000254096
            ],
            [
              -80.5749659999521,
              25.197976999757362
            ],
            [
              -80.5745630004443,
              25.197794999703643
            ],
            [
              -80.57332800018494,
              25.197448000080144
            ],
            [
              -80.57274800022681,
              25.19715099964284
            ],
            [
              -80.57146199991385,
              25.19600299978159
            ],
            [
              -80.5708329995519,
              25.195246999653023
            ],
            [
              -80.56968199985646,
              25.194070000152408
            ],
            [
              -80.56879099955371,
              25.19315899984598
            ],
            [
              -80.56846400021385,
              25.193042999800625
            ],
            [
              -80.56772299969893,
              25.192948999893062
            ],
            [
              -80.56611199969593,
              25.19274400034459
            ],
            [
              -80.56538699997286,
              25.192651000035173
            ],
            [
              -80.56526599959903,
              25.192712999978358
            ],
            [
              -80.56517400043583,
              25.192773000234236
            ],
            [
              -80.56521999956827,
              25.192933000230177
            ],
            [
              -80.56523700018502,
              25.19299599985592
            ],
            [
              -80.56552099986715,
              25.19510800030782
            ],
            [
              -80.56392300028295,
              25.19701699981051
            ],
            [
              -80.56234599971684,
              25.197769000370464
            ],
            [
              -80.5609690000656,
              25.1980650003289
            ],
            [
              -80.56056300018473,
              25.19845500017513
            ],
            [
              -80.56034300007671,
              25.198499000296113
            ],
            [
              -80.55996499978494,
              25.198522000131376
            ],
            [
              -80.55948500028423,
              25.198911000362077
            ],
            [
              -80.55872000037816,
              25.199094999925443
            ],
            [
              -80.55864599985999,
              25.199112999956135
            ],
            [
              -80.5585460003009,
              25.199303000298606
            ],
            [
              -80.55856399984424,
              25.19991900031987
            ],
            [
              -80.55885400027248,
              25.20051699984267
            ],
            [
              -80.55895499965649,
              25.200930000156696
            ],
            [
              -80.55908000022826,
              25.202191000212675
            ],
            [
              -80.55920599972666,
              25.20267399988929
            ],
            [
              -80.559230999841,
              25.204164000109003
            ],
            [
              -80.55930600018407,
              25.204439999633774
            ],
            [
              -80.55938200035206,
              25.204484999761988
            ],
            [
              -80.55943199968246,
              25.20478299992036
            ],
            [
              -80.5600619998693,
              25.20584000016615
            ],
            [
              -80.56013700021238,
              25.206343000015906
            ],
            [
              -80.56051499960584,
              25.20696299983724
            ],
            [
              -80.56079199961528,
              25.207604999790227
            ],
            [
              -80.56084199984399,
              25.208155999976587
            ],
            [
              -80.5613210004181,
              25.2090039999877
            ],
            [
              -80.56147200003085,
              25.209487999956384
            ],
            [
              -80.56213800020271,
              25.210347999894466
            ],
            [
              -80.56225299983043,
              25.21049699979628
            ],
            [
              -80.56226200005126,
              25.21053600040593
            ],
            [
              -80.56233200037146,
              25.21084299993374
            ],
            [
              -80.56235300028786,
              25.21093300031565
            ],
            [
              -80.56235300028786,
              25.211479999742345
            ],
            [
              -80.56235300028786,
              25.211688999758184
            ],
            [
              -80.56233900004416,
              25.21173599980178
            ],
            [
              -80.56227700011988,
              25.21194200036653
            ],
            [
              -80.56209999966956,
              25.21207800017743
            ],
            [
              -80.56194900005683,
              25.21219399996772
            ],
            [
              -80.56119300037159,
              25.212331999644306
            ],
            [
              -80.55963000004918,
              25.212056000134663
            ],
            [
              -80.55852100018653,
              25.211708999709778
            ],
            [
              -80.558096999864,
              25.21165800015183
            ],
            [
              -80.55796499961954,
              25.211641999696486
            ],
            [
              -80.55722099962985,
              25.211950999838784
            ],
            [
              -80.55708300043591,
              25.21200799973199
            ],
            [
              -80.55534299966317,
              25.21253500020337
            ],
            [
              -80.5550909997681,
              25.212809999776038
            ],
            [
              -80.55486300016247,
              25.21340500038916
            ],
            [
              -80.55458000030525,
              25.213664000244414
            ],
            [
              -80.55443399981706,
              25.213796999977824
            ],
            [
              -80.55382899974458,
              25.21398000014335
            ],
            [
              -80.55337600000806,
              25.21400100018473
            ],
            [
              -80.55221600009178,
              25.21365700021165
            ],
            [
              -80.55176199963202,
              25.21363300032842
            ],
            [
              -80.55060199971574,
              25.214092000322083
            ],
            [
              -80.5497189998089,
              25.214184000043435
            ],
            [
              -80.54918999990439,
              25.214045000375737
            ],
            [
              -80.54858499983189,
              25.21342700018806
            ],
            [
              -80.54843400021915,
              25.21315099991097
            ],
            [
              -80.54828299970809,
              25.212644999944466
            ],
            [
              -80.54820800026334,
              25.21209599991391
            ],
            [
              -80.54878800022149,
              25.211201000083445
            ],
            [
              -80.54904099994148,
              25.210580999906
            ],
            [
              -80.54914200022381,
              25.21005300022716
            ],
            [
              -80.54957099967089,
              25.209250999894813
            ],
            [
              -80.54959699961016,
              25.20863200004699
            ],
            [
              -80.54929500038469,
              25.207989999821585
            ],
            [
              -80.54838700036349,
              25.20718600029335
            ],
            [
              -80.5480850002397,
              25.20681899986143
            ],
            [
              -80.54793399972864,
              25.20617800035729
            ],
            [
              -80.54649699980293,
              25.205489000193477
            ],
            [
              -80.54564099966026,
              25.20498300007032
            ],
            [
              -80.54534799975731,
              25.20506499965482
            ],
            [
              -80.5453119997723,
              25.205072999908673
            ],
            [
              -80.54463100043014,
              25.20575999973348
            ],
            [
              -80.54415100003112,
              25.206008999972653
            ],
            [
              -80.5434969995548,
              25.20619099993949
            ],
            [
              -80.54223700007942,
              25.20620899973387
            ],
            [
              -80.54170999982473,
              25.206026000074864
            ],
            [
              -80.541158000354,
              25.205701999630737
            ],
            [
              -80.54000299956229,
              25.204601000286743
            ],
            [
              -80.53945000026664,
              25.203934999763298
            ],
            [
              -80.53902599994412,
              25.20317800037139
            ],
            [
              -80.53817200034959,
              25.20221299960012
            ],
            [
              -80.53784699976127,
              25.20143399973032
            ],
            [
              -80.53699300016675,
              25.20113399998386
            ],
            [
              -80.53656600036949,
              25.200721000361792
            ],
            [
              -80.53624199960608,
              25.1996680002744
            ],
            [
              -80.53609299964316,
              25.199072999974614
            ],
            [
              -80.53607799957453,
              25.19906100022143
            ],
            [
              -80.53604800033564,
              25.199066999691752
            ],
            [
              -80.53583700044842,
              25.198923000130023
            ],
            [
              -80.53568799958718,
              25.199010000241213
            ],
            [
              -80.53569000013533,
              25.199022999776002
            ],
            [
              -80.53573299979304,
              25.199433999921425
            ],
            [
              -80.53575200005962,
              25.19960999970778
            ],
            [
              -80.53576100028046,
              25.199679000196546
            ],
            [
              -80.5357090004019,
              25.201032999873068
            ],
            [
              -80.53584599977096,
              25.201235000010833
            ],
            [
              -80.5368130002417,
              25.20171200007637
            ],
            [
              -80.53701699955788,
              25.202031999940274
            ],
            [
              -80.53727400037414,
              25.20269800030792
            ],
            [
              -80.53780800030152,
              25.203179999856303
            ],
            [
              -80.53831700011455,
              25.203428999683183
            ],
            [
              -80.53864900037557,
              25.204097000006286
            ],
            [
              -80.53860400016971,
              25.2048349996496
            ],
            [
              -80.53809700000652,
              25.205492000176708
            ],
            [
              -80.53805099997577,
              25.205551000102478
            ],
            [
              -80.53805099997577,
              25.205803999652833
            ],
            [
              -80.53893399988262,
              25.206194999623104
            ],
            [
              -80.53928600023511,
              25.206860000261326
            ],
            [
              -80.53930999962624,
              25.2074340003463
            ],
            [
              -80.53956200041964,
              25.207709999771776
            ],
            [
              -80.54031899992978,
              25.208030000124456
            ],
            [
              -80.54057099982487,
              25.20837399974813
            ],
            [
              -80.54067100028229,
              25.208650000293172
            ],
            [
              -80.54056999999995,
              25.209521000308996
            ],
            [
              -80.54054400006069,
              25.210966000276454
            ],
            [
              -80.54061900040375,
              25.21144900008276
            ],
            [
              -80.54049200018216,
              25.211884999629664
            ],
            [
              -80.53996199955441,
              25.212756999726455
            ],
            [
              -80.53963400038967,
              25.213512000371086
            ],
            [
              -80.5393060003266,
              25.213787000174012
            ],
            [
              -80.53829700002306,
              25.214291000153104
            ],
            [
              -80.53615399974251,
              25.21394599972039
            ],
            [
              -80.53365800018288,
              25.214235000168213
            ],
            [
              -80.53322399981461,
              25.214212000050836
            ],
            [
              -80.53305300011039,
              25.21396800023419
            ],
            [
              -80.53289300027681,
              25.213942000291514
            ],
            [
              -80.532623999765,
              25.213898999717664
            ],
            [
              -80.53219100011994,
              25.214226000052136
            ],
            [
              -80.53156400030613,
              25.214697999733353
            ],
            [
              -80.53090900000493,
              25.214835999821148
            ],
            [
              -80.53060600005622,
              25.21467499970353
            ],
            [
              -80.52942199985051,
              25.213688999777656
            ],
            [
              -80.52906899967309,
              25.213505000329583
            ],
            [
              -80.52896800028905,
              25.213686999652626
            ],
            [
              -80.52919500006978,
              25.214078999958314
            ],
            [
              -80.52919400024487,
              25.21476400004224
            ],
            [
              -80.52919400024487,
              25.214789999809287
            ],
            [
              -80.5291049996581,
              25.214961999941284
            ],
            [
              -80.52901099994676,
              25.21514099977799
            ],
            [
              -80.52896699956584,
              25.21522499993291
            ],
            [
              -80.528788000364,
              25.216531999990927
            ],
            [
              -80.52871200019602,
              25.216556000115038
            ],
            [
              -80.52858599979932,
              25.216943999974642
            ],
            [
              -80.5280569998948,
              25.21738000015019
            ],
            [
              -80.52699700043597,
              25.21767699999395
            ],
            [
              -80.52656899991548,
              25.217883999874967
            ],
            [
              -80.52482700039124,
              25.219579999816485
            ],
            [
              -80.5247260001089,
              25.219878000396232
            ],
            [
              -80.52457399977293,
              25.220887000225098
            ],
            [
              -80.5242959999386,
              25.221163999614408
            ],
            [
              -80.52404400004352,
              25.22127799968156
            ],
            [
              -80.52180000037895,
              25.221620000054642
            ],
            [
              -80.52063899973945,
              25.222285000104346
            ],
            [
              -80.51917599987446,
              25.222375000149484
            ],
            [
              -80.51894900009376,
              25.222306999922875
            ],
            [
              -80.51791700022399,
              25.22141100003122
            ],
            [
              -80.51781699976655,
              25.221225999664206
            ],
            [
              -80.5171370002493,
              25.220653000032385
            ],
            [
              -80.51655700029117,
              25.22047000015148
            ],
            [
              -80.51564900026996,
              25.220399000056954
            ],
            [
              -80.51522099974949,
              25.220168999775215
            ],
            [
              -80.51464099979135,
              25.219548000174438
            ],
            [
              -80.51454100023226,
              25.21918200006354
            ],
            [
              -80.51454100023226,
              25.218563000345473
            ],
            [
              -80.51527299962802,
              25.218059000182773
            ],
            [
              -80.51547500019271,
              25.217692000032496
            ],
            [
              -80.51539999984963,
              25.217393999786974
            ],
            [
              -80.51514700012964,
              25.21723499987006
            ],
            [
              -80.51487000012021,
              25.217323999961593
            ],
            [
              -80.51471899960916,
              25.217713999868987
            ],
            [
              -80.51459200028586,
              25.217829000353166
            ],
            [
              -80.51401200032772,
              25.21794300029479
            ],
            [
              -80.51345800030886,
              25.21734599986462
            ],
            [
              -80.51290299956676,
              25.217000999967084
            ],
            [
              -80.51141600031066,
              25.216702000023098
            ],
            [
              -80.51063499961275,
              25.21605800002362
            ],
            [
              -80.51033300038726,
              25.21555400004913
            ],
            [
              -80.51030900009782,
              25.2140859999668
            ],
            [
              -80.510083000142,
              25.213512000371086
            ],
            [
              -80.50965499962153,
              25.21298500006714
            ],
            [
              -80.50952900012314,
              25.212272999754628
            ],
            [
              -80.50847100031413,
              25.211767999872933
            ],
            [
              -80.50758900023219,
              25.210825999691554
            ],
            [
              -80.50718599982606,
              25.21011599993515
            ],
            [
              -80.50690899981663,
              25.208678999645638
            ],
            [
              -80.5068860002504,
              25.208554999731543
            ],
            [
              -80.50746700003344,
              25.207340000169395
            ],
            [
              -80.5080970002203,
              25.206837000375682
            ],
            [
              -80.50811599958857,
              25.206725000022338
            ],
            [
              -80.50813700040328,
              25.206525000296132
            ],
            [
              -80.5081309996572,
              25.206505000305455
            ],
            [
              -80.50799699976287,
              25.206402000341978
            ],
            [
              -80.50791399992221,
              25.206431000230037
            ],
            [
              -80.50779500009652,
              25.206471999947865
            ],
            [
              -80.50741699980475,
              25.20688399985468
            ],
            [
              -80.50615599960612,
              25.207044000002785
            ],
            [
              -80.50560199958726,
              25.206951999760445
            ],
            [
              -80.50487000019147,
              25.206583999721257
            ],
            [
              -80.50378700026809,
              25.205641000333678
            ],
            [
              -80.50363599975704,
              25.20525199966038
            ],
            [
              -80.50343599974047,
              25.204380000249714
            ],
            [
              -80.50323400007414,
              25.204035999904978
            ],
            [
              -80.50310900040066,
              25.203141999883634
            ],
            [
              -80.50280700027687,
              25.20318599993644
            ],
            [
              -80.50257899977292,
              25.203393000082457
            ],
            [
              -80.50225200043309,
              25.20353000024466
            ],
            [
              -80.50157100019261,
              25.203667000252707
            ],
            [
              -80.50078799984487,
              25.204560999669837
            ],
            [
              -80.50025800011547,
              25.2048139996522
            ],
            [
              -80.50010699960441,
              25.204698999873163
            ],
            [
              -80.5000580000989,
              25.2038720001073
            ],
            [
              -80.50048800026924,
              25.202703999599024
            ],
            [
              -80.50048800026924,
              25.202243000236237
            ],
            [
              -80.5002120000847,
              25.201831999819092
            ],
            [
              -80.4997829997393,
              25.201486999833556
            ],
            [
              -80.49929499984268,
              25.20080400014051
            ],
            [
              -80.49863899971656,
              25.200207999935376
            ],
            [
              -80.49798299959042,
              25.199931999757585
            ],
            [
              -80.49591999967583,
              25.199594999879086
            ],
            [
              -80.49567399962855,
              25.199558999957503
            ],
            [
              -80.49533499969483,
              25.199498999793647
            ],
            [
              -80.49530999958047,
              25.199728000354977
            ],
            [
              -80.49539400014437,
              25.199807999874572
            ],
            [
              -80.49544100000003,
              25.199852000319478
            ],
            [
              -80.49563799964353,
              25.200046999975424
            ],
            [
              -80.49571399981151,
              25.200346999961766
            ],
            [
              -80.49561400025242,
              25.200896000152248
            ],
            [
              -80.4956910002453,
              25.202044000213455
            ],
            [
              -80.49594200031545,
              25.202593000067168
            ],
            [
              -80.49606899963877,
              25.20284600007547
            ],
            [
              -80.49602000013326,
              25.203766000328667
            ],
            [
              -80.49549000040385,
              25.204887000169393
            ],
            [
              -80.49556800022165,
              25.20532299965243
            ],
            [
              -80.49589399973657,
              25.205714000354934
            ],
            [
              -80.496727000313,
              25.20608000033596
            ],
            [
              -80.49687899975066,
              25.20631100014393
            ],
            [
              -80.49685500035953,
              25.206792000304144
            ],
            [
              -80.49743399959443,
              25.207320000312606
            ],
            [
              -80.49860399955645,
              25.2080699996014
            ],
            [
              -80.49869399996815,
              25.208128000201327
            ],
            [
              -80.4997760000666,
              25.20811700022981
            ],
            [
              -80.50053099992692,
              25.20839100033278
            ],
            [
              -80.5006050004451,
              25.20848999981786
            ],
            [
              -80.50133699984089,
              25.209608000161353
            ],
            [
              -80.50123499973363,
              25.210136999830556
            ],
            [
              -80.50060399972186,
              25.211191000066318
            ],
            [
              -80.50045300010913,
              25.21132699990372
            ],
            [
              -80.4997829997393,
              25.211306000213654
            ],
            [
              -80.49887600044133,
              25.211102000365333
            ],
            [
              -80.49847200021028,
              25.21073699972367
            ],
            [
              -80.49834499998869,
              25.210113999751396
            ],
            [
              -80.4979509998034,
              25.209626000263153
            ],
            [
              -80.49791599964328,
              25.209110000081626
            ],
            [
              -80.49781899955892,
              25.20891899990701
            ],
            [
              -80.4973330002104,
              25.208766000099832
            ],
            [
              -80.49715900013314,
              25.20871800002509
            ],
            [
              -80.49704600015524,
              25.20851300020392
            ],
            [
              -80.49695699956845,
              25.20835199984856
            ],
            [
              -80.49678099984136,
              25.208397000156108
            ],
            [
              -80.49663000022863,
              25.208696000187697
            ],
            [
              -80.49620099988323,
              25.208696999884836
            ],
            [
              -80.49584799970582,
              25.208535999772867
            ],
            [
              -80.49569600026815,
              25.208307000337133
            ],
            [
              -80.49556999987148,
              25.20784799965622
            ],
            [
              -80.49551899981783,
              25.207390000203347
            ],
            [
              -80.49577099971292,
              25.20711300034212
            ],
            [
              -80.49579599982728,
              25.20681500019831
            ],
            [
              -80.49569500044325,
              25.20663199982479
            ],
            [
              -80.49526600009784,
              25.206402000341978
            ],
            [
              -80.49491299992044,
              25.20644899998892
            ],
            [
              -80.49478800024696,
              25.206633000351673
            ],
            [
              -80.49468699996461,
              25.207482000114627
            ],
            [
              -80.49458599968229,
              25.2075739999564
            ],
            [
              -80.49425900034244,
              25.20759599999661
            ],
            [
              -80.49400599972415,
              25.207391999619087
            ],
            [
              -80.49362800033069,
              25.207184999771037
            ],
            [
              -80.49355200016271,
              25.20704699994767
            ],
            [
              -80.49355200016271,
              25.206517999852746
            ],
            [
              -80.49382900017214,
              25.206359000355118
            ],
            [
              -80.49385400028649,
              25.206060999990935
            ],
            [
              -80.4936009996682,
              25.205877000389137
            ],
            [
              -80.492768999815,
              25.20557899965773
            ],
            [
              -80.49236600030717,
              25.205671999847024
            ],
            [
              -80.49213899962812,
              25.205970000350728
            ],
            [
              -80.49214000035134,
              25.206565999982335
            ],
            [
              -80.49224099973537,
              25.20670400035101
            ],
            [
              -80.49234200001771,
              25.207415000212617
            ],
            [
              -80.49218100035924,
              25.207499000011136
            ],
            [
              -80.49147800037746,
              25.207549999686336
            ],
            [
              -80.49086599973396,
              25.207819000105744
            ],
            [
              -80.49052900034837,
              25.20782200003155
            ],
            [
              -80.48965300011423,
              25.2073189997914
            ],
            [
              -80.48875199976571,
              25.207242000270814
            ],
            [
              -80.48816299958675,
              25.20670899973123
            ],
            [
              -80.48769800015467,
              25.20668200014957
            ],
            [
              -80.48761299976584,
              25.206753000120333
            ],
            [
              -80.48755500003954,
              25.206832999900417
            ],
            [
              -80.48766399981947,
              25.206956999943245
            ],
            [
              -80.48740699990151,
              25.207124000404374
            ],
            [
              -80.4872150002809,
              25.207125999824477
            ],
            [
              -80.4872710003574,
              25.207449999729338
            ],
            [
              -80.48794599985177,
              25.208248999822494
            ],
            [
              -80.48798900040781,
              25.208581000012387
            ],
            [
              -80.48800600012623,
              25.20914499992368
            ],
            [
              -80.48818299967824,
              25.209534000346945
            ],
            [
              -80.48818199985332,
              25.209566999874333
            ],
            [
              -80.48816000011202,
              25.210193000075783
            ],
            [
              -80.48783299987387,
              25.211037000186444
            ],
            [
              -80.48745899978006,
              25.2117039997222
            ],
            [
              -80.48708399986133,
              25.21223399970164
            ],
            [
              -80.48703399963262,
              25.212306000164794
            ],
            [
              -80.48713900011292,
              25.21230699983228
            ],
            [
              -80.48721600010582,
              25.212409999674968
            ],
            [
              -80.48735500002299,
              25.21255599968136
            ],
            [
              -80.48833800038726,
              25.21237299981254
            ],
            [
              -80.48874199971998,
              25.212486000323644
            ],
            [
              -80.48895699980513,
              25.21275899986675
            ],
            [
              -80.48903499962293,
              25.21324199987127
            ],
            [
              -80.48904300001885,
              25.21331099994762
            ],
            [
              -80.48919600017975,
              25.21342700018806
            ],
            [
              -80.48967400003062,
              25.21331099994762
            ],
            [
              -80.4902289998744,
              25.213013000350436
            ],
            [
              -80.49073400038779,
              25.213057000085975
            ],
            [
              -80.4915029995935,
              25.213349999655442
            ],
            [
              -80.49181800013608,
              25.213470999773868
            ],
            [
              -80.49295700013596,
              25.214102000100805
            ],
            [
              -80.49337800008543,
              25.21449699964353
            ],
            [
              -80.4935589998354,
              25.214662000214773
            ],
            [
              -80.49362900015561,
              25.21483700028059
            ],
            [
              -80.49371500036933,
              25.21504999961242
            ],
            [
              -80.49386299960902,
              25.215418999701498
            ],
            [
              -80.49401400012007,
              25.215603000318882
            ],
            [
              -80.49487199991256,
              25.216013999747805
            ],
            [
              -80.49499800030925,
              25.21629000003259
            ],
            [
              -80.49497400001981,
              25.217504999636493
            ],
            [
              -80.49472200012472,
              25.217941999860923
            ],
            [
              -80.49467199989603,
              25.218332000225313
            ],
            [
              -80.4950510000127,
              25.219340000264246
            ],
            [
              -80.49497700039285,
              25.220188999958314
            ],
            [
              -80.49444799959002,
              25.22103800022857
            ],
            [
              -80.49444799959002,
              25.221138999991737
            ],
            [
              -80.49444799959002,
              25.221313999680557
            ],
            [
              -80.49471399972879,
              25.221616000065353
            ],
            [
              -80.49495300010342,
              25.221887000262093
            ],
            [
              -80.49553300006154,
              25.222275000185498
            ],
            [
              -80.4960379996766,
              25.22273499966414
            ],
            [
              -80.49603900039983,
              25.223997000094855
            ],
            [
              -80.4955360004346,
              25.225394999986037
            ],
            [
              -80.49513300002847,
              25.22606199963412
            ],
            [
              -80.49417599960347,
              25.227116999604487
            ],
            [
              -80.49364599987405,
              25.2273460002062
            ],
            [
              -80.49183599967942,
              25.227426999804802
            ],
            [
              -80.49155399964712,
              25.22744000036739
            ],
            [
              -80.49069599985465,
              25.227278999865398
            ],
            [
              -80.49044399995957,
              25.22741799985207
            ],
            [
              -80.4904189998452,
              25.227761000378802
            ],
            [
              -80.49016600012521,
              25.228081000005
            ],
            [
              -80.49009199960705,
              25.228174999598046
            ],
            [
              -80.48968900009925,
              25.228541999812023
            ],
            [
              -80.48916000019473,
              25.22881800011341
            ],
            [
              -80.48731800021307,
              25.2287279999603
            ],
            [
              -80.48699000015,
              25.228567000350946
            ],
            [
              -80.48671899998834,
              25.228251000149577
            ],
            [
              -80.48663699997259,
              25.228154000378254
            ],
            [
              -80.48658699974388,
              25.227878999734582
            ],
            [
              -80.48610700024317,
              25.22737600033471
            ],
            [
              -80.48572899995139,
              25.22712199977127
            ],
            [
              -80.48540000006342,
              25.226710000128673
            ],
            [
              -80.48527399966672,
              25.226366000336238
            ],
            [
              -80.4852379996817,
              25.226081999660902
            ],
            [
              -80.48519800039705,
              25.225770000168925
            ],
            [
              -80.48499599983236,
              25.22551899980391
            ],
            [
              -80.48431399976698,
              25.22522100004158
            ],
            [
              -80.48282599978765,
              25.224785999903936
            ],
            [
              -80.48247299961022,
              25.224877999664855
            ],
            [
              -80.48212000033112,
              25.22519899993745
            ],
            [
              -80.4814149998012,
              25.226115999942643
            ],
            [
              -80.48134000035645,
              25.226735999780505
            ],
            [
              -80.48081099955363,
              25.227791000404924
            ],
            [
              -80.4804080000458,
              25.228228000244314
            ],
            [
              -80.47902200017373,
              25.22868799996117
            ],
            [
              -80.47824100037413,
              25.229193000305266
            ],
            [
              -80.47758500024801,
              25.229376000063517
            ],
            [
              -80.47718199984189,
              25.229582000012503
            ],
            [
              -80.47680400044842,
              25.230110999781726
            ],
            [
              -80.47619900037593,
              25.230661999619787
            ],
            [
              -80.47587200013777,
              25.230798999958818
            ],
            [
              -80.47521600001166,
              25.230914000260675
            ],
            [
              -80.47448399971756,
              25.230617999750997
            ],
            [
              -80.47365199986433,
              25.229746000101073
            ],
            [
              -80.47352499964273,
              25.22937900027039
            ],
            [
              -80.47266699985026,
              25.22855500025543
            ],
            [
              -80.47226400034245,
              25.228668000362973
            ],
            [
              -80.47208699989211,
              25.22880499969814
            ],
            [
              -80.4714319995909,
              25.229862000109446
            ],
            [
              -80.47085300035599,
              25.230413000263223
            ],
            [
              -80.47047400023932,
              25.230526999787177
            ],
            [
              -80.46989400028117,
              25.230459000055497
            ],
            [
              -80.46863399990747,
              25.230047999863878
            ],
            [
              -80.4684320002411,
              25.2301850000821
            ],
            [
              -80.46837199996665,
              25.231849000302816
            ],
            [
              -80.46830800039254,
              25.233121000256233
            ],
            [
              -80.46827300023244,
              25.233184000207032
            ],
            [
              -80.46823200022457,
              25.233258000262296
            ],
            [
              -80.46821999963068,
              25.233425999869194
            ],
            [
              -80.4682070001102,
              25.233602000059655
            ],
            [
              -80.46770300032006,
              25.23422199991982
            ],
            [
              -80.4674189997396,
              25.234481000142658
            ],
            [
              -80.46714900030119,
              25.23472700003161
            ],
            [
              -80.4664680000607,
              25.234979999854016
            ],
            [
              -80.46578699982024,
              25.23504899978806
            ],
            [
              -80.46525700009079,
              25.234819999879782
            ],
            [
              -80.4650880000364,
              25.23484000009123
            ],
            [
              -80.46467799995757,
              25.234890000199147
            ],
            [
              -80.46382000016509,
              25.235898000328547
            ],
            [
              -80.46298900013679,
              25.2362200002336
            ],
            [
              -80.46167799970947,
              25.236450000223964
            ],
            [
              -80.46079499980262,
              25.23681800011597
            ],
            [
              -80.45996299994941,
              25.236795999672374
            ],
            [
              -80.4590549999282,
              25.236519999604734
            ],
            [
              -80.45812099996775,
              25.23596999978581
            ],
            [
              -80.45685999976914,
              25.235101000395534
            ],
            [
              -80.45633099986462,
              25.235190999894176
            ],
            [
              -80.45643100032204,
              25.235444999853453
            ],
            [
              -80.45696100005148,
              25.235858000250516
            ],
            [
              -80.45734000016816,
              25.236360000032253
            ],
            [
              -80.45744099955218,
              25.23684400004409
            ],
            [
              -80.45736699993233,
              25.23760999961978
            ],
            [
              -80.4569629997013,
              25.23833400026135
            ],
            [
              -80.45653400025421,
              25.23881600001446
            ],
            [
              -80.45582799989938,
              25.23904599996812
            ],
            [
              -80.45543799991202,
              25.23909100029676
            ],
            [
              -80.45522299982687,
              25.23911600029159
            ],
            [
              -80.45450200030176,
              25.238994000235728
            ],
            [
              -80.45426499957696,
              25.2389540003639
            ],
            [
              -80.45365899967955,
              25.238404999635303
            ],
            [
              -80.45340699978448,
              25.238358999599296
            ],
            [
              -80.45277699959763,
              25.238702000137543
            ],
            [
              -80.4520710001411,
              25.238932000306917
            ],
            [
              -80.45169100019952,
              25.239554000308985
            ],
            [
              -80.45065900032975,
              25.240240999611203
            ],
            [
              -80.44975200013347,
              25.240448000087337
            ],
            [
              -80.44896999961065,
              25.240747000152652
            ],
            [
              -80.448818000173,
              25.2407440002263
            ],
            [
              -80.4475789997157,
              25.240721999680787
            ],
            [
              -80.44654799967086,
              25.240289000247603
            ],
            [
              -80.44551400015128,
              25.24019699995916
            ],
            [
              -80.44470700041241,
              25.23980800008951
            ],
            [
              -80.44445499961903,
              25.239899999859844
            ],
            [
              -80.44443100022791,
              25.24006800003801
            ],
            [
              -80.44445899981699,
              25.24015600023212
            ],
            [
              -80.44451900009145,
              25.240276000246396
            ],
            [
              -80.44459699990924,
              25.24039900007713
            ],
            [
              -80.44478600005513,
              25.24062699979085
            ],
            [
              -80.44489599965999,
              25.240737000127027
            ],
            [
              -80.44499799976724,
              25.240811999892877
            ],
            [
              -80.44526700027907,
              25.24092799990541
            ],
            [
              -80.44550999995332,
              25.24116399975729
            ],
            [
              -80.44562700012919,
              25.241473999892417
            ],
            [
              -80.4456079998626,
              25.242484000325593
            ],
            [
              -80.44559799981685,
              25.242729000038494
            ],
            [
              -80.44548300018914,
              25.242918000292043
            ],
            [
              -80.44449999982487,
              25.244069000176385
            ],
            [
              -80.44420500027208,
              25.244199000131097
            ],
            [
              -80.44307700014285,
              25.24431299972692
            ],
            [
              -80.44143099997976,
              25.243940999710066
            ],
            [
              -80.4411299996809,
              25.243668999693405
            ],
            [
              -80.43980300025835,
              25.24298100004043
            ],
            [
              -80.43930600014089,
              25.242508999622448
            ],
            [
              -80.43906500011647,
              25.242105999799612
            ],
            [
              -80.4389909995983,
              25.24122099977333
            ],
            [
              -80.43909000023083,
              25.240929000150214
            ],
            [
              -80.43992299990896,
              25.23983400019063
            ],
            [
              -80.44000599974963,
              25.23943499983895
            ],
            [
              -80.43967600003675,
              25.23931400036138
            ],
            [
              -80.4391370000865,
              25.239544999628844
            ],
            [
              -80.43809699982083,
              25.239777000336645
            ],
            [
              -80.43738799999124,
              25.2404680001853
            ],
            [
              -80.43694399957724,
              25.24064599961227
            ],
            [
              -80.43546800019179,
              25.240694000088727
            ],
            [
              -80.43542100033612,
              25.240682000377678
            ],
            [
              -80.43533099992443,
              25.240658000139437
            ],
            [
              -80.43523399984005,
              25.240632000214585
            ],
            [
              -80.4353009997872,
              25.240560000268612
            ],
            [
              -80.43538100015316,
              25.240497000077784
            ],
            [
              -80.43531400020599,
              25.23992299999469
            ],
            [
              -80.43523300001516,
              25.239232000297722
            ],
            [
              -80.43492400021866,
              25.23882499993604
            ],
            [
              -80.43478899960112,
              25.23859400011275
            ],
            [
              -80.43473800044583,
              25.238411999868873
            ],
            [
              -80.43473099987482,
              25.238374999790434
            ],
            [
              -80.43535900041185,
              25.238374999790434
            ],
            [
              -80.43544100042762,
              25.238374999790434
            ],
            [
              -80.43564200026907,
              25.23819100030918
            ],
            [
              -80.43566599966019,
              25.237796999979693
            ],
            [
              -80.43548599973514,
              25.237295999906546
            ],
            [
              -80.43569199959946,
              25.23706400015114
            ],
            [
              -80.43599299989833,
              25.23672800019672
            ],
            [
              -80.43646099970348,
              25.236228000063907
            ],
            [
              -80.43645400003079,
              25.236180999732778
            ],
            [
              -80.43645099965772,
              25.236148000111847
            ],
            [
              -80.4364630002516,
              25.23594800000131
            ],
            [
              -80.43646499990143,
              25.235918999836077
            ],
            [
              -80.43646599972635,
              25.235893999996303
            ],
            [
              -80.43627199955759,
              25.235762000334535
            ],
            [
              -80.43595699991333,
              25.23581200006323
            ],
            [
              -80.43539799987158,
              25.235844999775406
            ],
            [
              -80.43498500031804,
              25.23590300013426
            ],
            [
              -80.43484200020289,
              25.235895000282532
            ],
            [
              -80.43474299957036,
              25.235924999926873
            ],
            [
              -80.43426200024474,
              25.235949000287082
            ],
            [
              -80.43421899968874,
              25.236003999740397
            ],
            [
              -80.4340129998244,
              25.23612099975048
            ],
            [
              -80.4339350000066,
              25.236165000065427
            ],
            [
              -80.43388399995298,
              25.236194000171974
            ],
            [
              -80.43386700023456,
              25.23620399975877
            ],
            [
              -80.43375699973137,
              25.236263999700142
            ],
            [
              -80.433555000065,
              25.23637500020428
            ],
            [
              -80.43352800030083,
              25.23639000037441
            ],
            [
              -80.43347800007211,
              25.236416999863465
            ],
            [
              -80.43331900006346,
              25.236503999981984
            ],
            [
              -80.43324999956816,
              25.236542000098265
            ],
            [
              -80.43321199993333,
              25.23668899985889
            ],
            [
              -80.43319699986472,
              25.236719000119866
            ],
            [
              -80.43315099983396,
              25.23672099986613
            ],
            [
              -80.43292200040342,
              25.236752999864972
            ],
            [
              -80.43284600023544,
              25.23676499996392
            ],
            [
              -80.43268600040187,
              25.2367690002675
            ],
            [
              -80.43257099987582,
              25.236763000218357
            ],
            [
              -80.43238099990502,
              25.236726999917348
            ],
            [
              -80.4323430002702,
              25.23672500017115
            ],
            [
              -80.43222799974416,
              25.236690999605663
            ],
            [
              -80.43215199957616,
              25.236670000231502
            ],
            [
              -80.43212099961403,
              25.236650000321138
            ],
            [
              -80.43204500034437,
              25.236653999815903
            ],
            [
              -80.43200699981121,
              25.23664900004112
            ],
            [
              -80.43192300014562,
              25.236627999847137
            ],
            [
              -80.43173999984752,
              25.236575999892885
            ],
            [
              -80.43168600031916,
              25.23655299993727
            ],
            [
              -80.4316329997174,
              25.236534000288597
            ],
            [
              -80.43160199975526,
              25.236514999824426
            ],
            [
              -80.43157199961803,
              25.236491999857236
            ],
            [
              -80.43151100041699,
              25.236464000103336
            ],
            [
              -80.431435000249,
              25.236422999929683
            ],
            [
              -80.43139599989092,
              25.236410000327556
            ],
            [
              -80.43136599975371,
              25.236379999990337
            ],
            [
              -80.43133499979156,
              25.236361000314627
            ],
            [
              -80.43124399955498,
              25.23628900027638
            ],
            [
              -80.43121299959284,
              25.23626499998333
            ],
            [
              -80.43119000002662,
              25.236237999647916
            ],
            [
              -80.43114499982077,
              25.23617899997762
            ],
            [
              -80.43111399985862,
              25.236157999702435
            ],
            [
              -80.43108399972141,
              25.23614099974785
            ],
            [
              -80.43096200042098,
              25.236074999662716
            ],
            [
              -80.43087799985707,
              25.23602900037012
            ],
            [
              -80.43085500029086,
              25.236001999982328
            ],
            [
              -80.43083199982632,
              25.23597299982998
            ],
            [
              -80.43079400019148,
              25.23590999969934
            ],
            [
              -80.43075599965834,
              25.23589700004237
            ],
            [
              -80.4307170001986,
              25.23589700004237
            ],
            [
              -80.43067899966545,
              25.235890999950186
            ],
            [
              -80.43052700022781,
              25.235855000203482
            ],
            [
              -80.43033600043209,
              25.235822999968274
            ],
            [
              -80.43029799989895,
              25.235810999776337
            ],
            [
              -80.43022199973096,
              25.235810999776337
            ],
            [
              -80.43014499973808,
              25.23581699987244
            ],
            [
              -80.43010299990527,
              25.235810000302017
            ],
            [
              -80.42991600030753,
              25.23575000013657
            ],
            [
              -80.42987799977438,
              25.235744000037133
            ],
            [
              -80.42980199960638,
              25.23574599979945
            ],
            [
              -80.42964900034383,
              25.23572500026204
            ],
            [
              -80.42961099981068,
              25.235710000009814
            ],
            [
              -80.42957300017585,
              25.235699000094563
            ],
            [
              -80.42937499980913,
              25.235682000075794
            ],
            [
              -80.42930600021216,
              25.235660999714757
            ],
            [
              -80.42908600010412,
              25.235736999649905
            ],
            [
              -80.42896300008049,
              25.23579200001169
            ],
            [
              -80.42869600011679,
              25.23570800024692
            ],
            [
              -80.42842999997801,
              25.23577800005493
            ],
            [
              -80.42829100006084,
              25.23585099986984
            ],
            [
              -80.42826099992362,
              25.23600000022421
            ],
            [
              -80.42825699972566,
              25.23605100013996
            ],
            [
              -80.42817200023515,
              25.236080999745806
            ],
            [
              -80.42758700025415,
              25.236261999946336
            ],
            [
              -80.42687699970135,
              25.23641200007892
            ],
            [
              -80.42581800006741,
              25.23638799981012
            ],
            [
              -80.42572199980795,
              25.23638600005835
            ],
            [
              -80.42472400027337,
              25.236360000032253
            ],
            [
              -80.42451599986093,
              25.236355999715226
            ],
            [
              -80.42445700030969,
              25.236352999680484
            ],
            [
              -80.42437299974578,
              25.236373999921994
            ],
            [
              -80.41887000026533,
              25.23630999971637
            ],
            [
              -80.41883199973218,
              25.237619999902687
            ],
            [
              -80.4186490003324,
              25.244749000088184
            ],
            [
              -80.41335500019098,
              25.25038899993085
            ],
            [
              -80.41293300041659,
              25.25092999965507
            ],
            [
              -80.41095499999248,
              25.25346600007325
            ],
            [
              -80.4104200002402,
              25.25346399979007
            ],
            [
              -80.39969399986514,
              25.253429999845736
            ],
            [
              -80.39878800039207,
              25.253427000232506
            ],
            [
              -80.39842199979587,
              25.253468999685477
            ],
            [
              -80.39813999976357,
              25.253474999722243
            ],
            [
              -80.39800900024233,
              25.25347700000523
            ],
            [
              -80.3949310001764,
              25.253537000355305
            ],
            [
              -80.39493299982622,
              25.253788999876978
            ],
            [
              -80.39508099996422,
              25.272936999728522
            ],
            [
              -80.37981700003131,
              25.287207000304015
            ],
            [
              -80.37979799976473,
              25.287225000283957
            ],
            [
              -80.37954599986966,
              25.28746999988059
            ],
            [
              -80.37914900020962,
              25.287858999768314
            ],
            [
              -80.37905799997303,
              25.291108999802436
            ],
            [
              -80.37907600041468,
              25.291404999897217
            ],
            [
              -80.37907899988943,
              25.29145000031481
            ],
            [
              -80.37909200030822,
              25.29167399988893
            ],
            [
              -80.37909999980582,
              25.291813999920272
            ],
            [
              -80.3791049998287,
              25.291898999686392
            ],
            [
              -80.37912800029324,
              25.292291000263788
            ],
            [
              -80.37922899967724,
              25.2939610003998
            ],
            [
              -80.3792310002254,
              25.293992999933657
            ],
            [
              -80.3792599996394,
              25.294501000235034
            ],
            [
              -80.3792949997995,
              25.295073000162652
            ],
            [
              -80.37929800017255,
              25.295134999850735
            ],
            [
              -80.37940000027979,
              25.296829000307074
            ],
            [
              -80.37919600006529,
              25.301684999693023
            ],
            [
              -80.3790210001631,
              25.30589499961891
            ],
            [
              -80.37800000016401,
              25.305879000205852
            ],
            [
              -80.37712899995272,
              25.30586599991983
            ],
            [
              -80.3769930004086,
              25.30586399968829
            ],
            [
              -80.37687200003478,
              25.305865000210108
            ],
            [
              -80.37198100029951,
              25.30592799977209
            ],
            [
              -80.37200800006369,
              25.30719499989127
            ],
            [
              -80.37212100004159,
              25.310215000173912
            ],
            [
              -80.37074600004017,
              25.310788000322496
            ],
            [
              -80.36254100023741,
              25.31420600020818
            ],
            [
              -80.34331700015666,
              25.321755999741523
            ],
            [
              -80.3415520001679,
              25.322448999656707
            ],
            [
              -80.3384680002542,
              25.323743000296115
            ],
            [
              -80.32899600040507,
              25.32771900007594
            ],
            [
              -80.29582999979104,
              25.34163999983672
            ],
            [
              -80.26960799967948,
              25.352452999851383
            ],
            [
              -80.26911899995797,
              25.352661999856153
            ],
            [
              -80.26683599993534,
              25.353630000123346
            ],
            [
              -80.26547199980455,
              25.35429600013458
            ],
            [
              -80.26513299987083,
              25.354306999848003
            ],
            [
              -80.26471799976915,
              25.354318999681823
            ],
            [
              -80.26444999998054,
              25.354327999962305
            ],
            [
              -80.26387300039545,
              25.354291000338318
            ],
            [
              -80.26363200037102,
              25.35423100033159
            ],
            [
              -80.26347400018727,
              25.354191000310568
            ],
            [
              -80.26327400017072,
              25.354191000310568
            ],
            [
              -80.26308400019992,
              25.354144000228363
            ],
            [
              -80.26287400013766,
              25.354091000200114
            ],
            [
              -80.26277399968022,
              25.354091000200114
            ],
            [
              -80.26252099996023,
              25.35402799972278
            ],
            [
              -80.26237399964714,
              25.353991000006964
            ],
            [
              -80.26137399956444,
              25.353491000236072
            ],
            [
              -80.26087399997223,
              25.35319100035529
            ],
            [
              -80.25987499971444,
              25.352791000168192
            ],
            [
              -80.25947300003153,
              25.352490000037808
            ],
            [
              -80.25907399982336,
              25.35219100024797
            ],
            [
              -80.25860199982026,
              25.351954999685464
            ],
            [
              -80.2572739996745,
              25.351293000355227
            ],
            [
              -80.25647500033156,
              25.3506910000059
            ],
            [
              -80.25617499985759,
              25.35019100039087
            ],
            [
              -80.25587500028195,
              25.349792000181104
            ],
            [
              -80.25567500026538,
              25.349392000116474
            ],
            [
              -80.25537499979141,
              25.3488920000018
            ],
            [
              -80.25518399999571,
              25.348413999943666
            ],
            [
              -80.25497499975835,
              25.347892000065926
            ],
            [
              -80.25492600025287,
              25.34764800025554
            ],
            [
              -80.25483500001627,
              25.347292000194873
            ],
            [
              -80.25469600009909,
              25.346943999733917
            ],
            [
              -80.25458999979388,
              25.346708999670472
            ],
            [
              -80.25439099960224,
              25.34625599974878
            ],
            [
              -80.25434200009677,
              25.346103000101635
            ],
            [
              -80.2542390001646,
              25.345785999739288
            ],
            [
              -80.25407099993511,
              25.345415000203964
            ],
            [
              -80.2538869998121,
              25.34498899998839
            ],
            [
              -80.25370400041231,
              25.3446090002529
            ],
            [
              -80.25342300020492,
              25.344227999930702
            ],
            [
              -80.25323900008188,
              25.343938999648806
            ],
            [
              -80.25304099971518,
              25.34359399991395
            ],
            [
              -80.25276600025389,
              25.343312999817012
            ],
            [
              -80.25245300025944,
              25.343004000358178
            ],
            [
              -80.25198799992903,
              25.34254200001822
            ],
            [
              -80.25172799963804,
              25.342405000005286
            ],
            [
              -80.25158299987308,
              25.34232699987526
            ],
            [
              -80.25127699955131,
              25.34166700025932
            ],
            [
              -80.25022499959009,
              25.339367000057152
            ],
            [
              -80.24959699995135,
              25.339451000314167
            ],
            [
              -80.24896000009181,
              25.339534000269218
            ],
            [
              -80.24655999989334,
              25.339850999964845
            ],
            [
              -80.24604600005742,
              25.339917999858258
            ],
            [
              -80.24444400027527,
              25.34013199998415
            ],
            [
              -80.24285800038663,
              25.340341000170426
            ],
            [
              -80.2415729998986,
              25.340510000321217
            ],
            [
              -80.23985599959039,
              25.340735999769663
            ],
            [
              -80.22953299962147,
              25.34209499962845
            ],
            [
              -80.19142400029197,
              25.347118999864566
            ],
            [
              -80.18705800026326,
              25.347694000250797
            ],
            [
              -80.18393900018945,
              25.348168000030007
            ],
            [
              -80.1838710004174,
              25.34818300017768
            ],
            [
              -80.18368999976911,
              25.349529999683433
            ],
            [
              -80.18253999989858,
              25.3519700001752
            ],
            [
              -80.18187000042708,
              25.353510000235932
            ],
            [
              -80.18038999994535,
              25.35702999966744
            ],
            [
              -80.17908000024124,
              25.360449999986436
            ],
            [
              -80.17770000021694,
              25.364099999932026
            ],
            [
              -80.17656000039216,
              25.366869999965868
            ],
            [
              -80.17581999970211,
              25.36754000013472
            ],
            [
              -80.17394000008562,
              25.369330000271436
            ],
            [
              -80.17244000041073,
              25.370919999974884
            ],
            [
              -80.17181000022387,
              25.37141000009173
            ],
            [
              -80.1689399996721,
              25.373599999730324
            ],
            [
              -80.16697999968967,
              25.37528999975352
            ],
            [
              -80.16455000025226,
              25.37762000030124
            ],
            [
              -80.16241000034478,
              25.379939999825734
            ],
            [
              -80.16092999986303,
              25.38177000030308
            ],
            [
              -80.1594000000509,
              25.383790000243234
            ],
            [
              -80.15810000039255,
              25.385730000228207
            ],
            [
              -80.1569000002933,
              25.38771000018328
            ],
            [
              -80.15619999978625,
              25.388939999715536
            ],
            [
              -80.15536000043542,
              25.3902699999802
            ],
            [
              -80.15436000035272,
              25.39192999965666
            ],
            [
              -80.15291000000822,
              25.394659999736984
            ],
            [
              -80.15163999958878,
              25.39746000030334
            ],
            [
              -80.15056000003845,
              25.400319999880058
            ],
            [
              -80.14977000001801,
              25.40287000037235
            ],
            [
              -80.1491699999684,
              25.4052799996716
            ],
            [
              -80.14889999963165,
              25.406579999607086
            ],
            [
              -80.14869999961512,
              25.40770000036374
            ],
            [
              -80.1485299997358,
              25.40883000040491
            ],
            [
              -80.14821000006866,
              25.411840000248244
            ],
            [
              -80.14811999965698,
              25.413449999914864
            ],
            [
              -80.14726000021469,
              25.415240000143626
            ],
            [
              -80.1463899998283,
              25.41711999961946
            ],
            [
              -80.14551000029451,
              25.419200000357748
            ],
            [
              -80.14479999974172,
              25.420340000353683
            ],
            [
              -80.14353000022058,
              25.422500000161122
            ],
            [
              -80.1421300001048,
              25.425030000193313
            ],
            [
              -80.14081000035496,
              25.427809999983385
            ],
            [
              -80.13968999972334,
              25.43064000016953
            ],
            [
              -80.13910399991741,
              25.43310099985086
            ],
            [
              -80.13536999972538,
              25.433820000321834
            ],
            [
              -80.13160999959406,
              25.43489000005826
            ],
            [
              -80.12736999996206,
              25.436439999615803
            ],
            [
              -80.12436999971392,
              25.43776000018478
            ],
            [
              -80.12058000034371,
              25.43972999965413
            ],
            [
              -80.11708999965083,
              25.441819999996913
            ],
            [
              -80.11458999989321,
              25.44354999966117
            ],
            [
              -80.11142999981153,
              25.446050000288142
            ],
            [
              -80.10892000000817,
              25.44833999969297
            ],
            [
              -80.10541000012213,
              25.452110000314
            ],
            [
              -80.10265000007354,
              25.455690000099196
            ],
            [
              -80.10064999990811,
              25.458809999940353
            ],
            [
              -80.09838000030427,
              25.463090000151645
            ],
            [
              -80.09703999956464,
              25.466289999915556
            ],
            [
              -80.09551999979826,
              25.471030000231398
            ],
            [
              -80.09455999989852,
              25.47567000038699
            ],
            [
              -80.09413999977396,
              25.479249999837847
            ],
            [
              -80.0939599998489,
              25.482660000360713
            ],
            [
              -80.0940100000776,
              25.48569000007964
            ],
            [
              -80.09430999965325,
              25.48908999979214
            ],
            [
              -80.09506000038903,
              25.493389999693406
            ],
            [
              -80.09551999979826,
              25.495239999857294
            ],
            [
              -80.09600000019726,
              25.496899999766583
            ],
            [
              -80.09692999995977,
              25.49960999979086
            ],
            [
              -80.09786999976802,
              25.501920000196254
            ],
            [
              -80.0989300001252,
              25.504190000239056
            ],
            [
              -80.10080999974168,
              25.50755999982849
            ],
            [
              -80.10308000024384,
              25.510979999987175
            ],
            [
              -80.1054999996355,
              25.51406999967986
            ],
            [
              -80.10803999957608,
              25.516830000052302
            ],
            [
              -80.11033000016971,
              25.51900999973475
            ],
            [
              -80.1132299999604,
              25.52143999966843
            ],
            [
              -80.11514999975986,
              25.522870000261356
            ],
            [
              -80.11541000005087,
              25.52510999975915
            ],
            [
              -80.11556999988444,
              25.52665999986666
            ],
            [
              -80.11509000038373,
              25.528509999774332
            ],
            [
              -80.11469000035065,
              25.529780000053304
            ],
            [
              -80.11386000014726,
              25.53189999963749
            ],
            [
              -80.11280999983583,
              25.535149999612518
            ],
            [
              -80.11224999996918,
              25.537350000003034
            ],
            [
              -80.1118700000276,
              25.539200000390935
            ],
            [
              -80.11167300038409,
              25.540300999886107
            ],
            [
              -80.11079999962467,
              25.54201000012372
            ],
            [
              -80.11055000027773,
              25.542530000165367
            ],
            [
              -80.1095400001493,
              25.544789999675427
            ],
            [
              -80.10859000029531,
              25.547260000114697
            ],
            [
              -80.1073299999216,
              25.550240000153067
            ],
            [
              -80.1060200002175,
              25.553609999887918
            ],
            [
              -80.1050700003635,
              25.55668999983796
            ],
            [
              -80.1044999995528,
              25.55907999966701
            ],
            [
              -80.10399999996059,
              25.561869999748918
            ],
            [
              -80.10365000015622,
              25.564880000129357
            ],
            [
              -80.10351000041415,
              25.567519999923988
            ],
            [
              -80.10353999965307,
              25.570740000062006
            ],
            [
              -80.1038099999898,
              25.573940000334996
            ],
            [
              -80.10430000043456,
              25.57711999990102
            ],
            [
              -80.10477999993527,
              25.579360000143062
            ],
            [
              -80.10527000038005,
              25.581189999751086
            ],
            [
              -80.10497999995181,
              25.582879999863604
            ],
            [
              -80.10477999993527,
              25.584380000290757
            ],
            [
              -80.10461000005597,
              25.586270000375162
            ],
            [
              -80.10450999959853,
              25.587980000115532
            ],
            [
              -80.10449000040536,
              25.590060000373914
            ],
            [
              -80.10455999982725,
              25.592150000209383
            ],
            [
              -80.1047599998438,
              25.594610000339628
            ],
            [
              -80.10512999973965,
              25.597240000198543
            ],
            [
              -80.10565000032165,
              25.599850000043233
            ],
            [
              -80.10622000023403,
              25.60205999986326
            ],
            [
              -80.10705999958485,
              25.604729999736904
            ],
            [
              -80.10777000013765,
              25.606630000396418
            ],
            [
              -80.10399999996059,
              25.646129999639044
            ],
            [
              -80.10372999962387,
              25.64885000037602
            ],
            [
              -80.10310000033532,
              25.650040000131177
            ],
            [
              -80.10233000040638,
              25.65159999977077
            ],
            [
              -80.10112000026139,
              25.654420000364826
            ],
            [
              -80.10044999989157,
              25.656209999864718
            ],
            [
              -80.10014500029305,
              25.65731399973549
            ],
            [
              -80.09924999979232,
              25.66022000022172
            ],
            [
              -80.09880000042884,
              25.662260000068866
            ],
            [
              -80.09842999963467,
              25.66431000036424
            ],
            [
              -80.09812000001328,
              25.666360000232984
            ],
            [
              -80.09786999976802,
              25.668419999854628
            ],
            [
              -80.0977199999802,
              25.670670000358303
            ],
            [
              -80.09766999975147,
              25.673299999785225
            ],
            [
              -80.09768999984297,
              25.67423000020039
            ],
            [
              -80.09779000030039,
              25.676110000197937
            ],
            [
              -80.09799000031694,
              25.67816999972559
            ],
            [
              -80.09813000005902,
              25.6794599998835
            ],
            [
              -80.09834000012131,
              25.680939999700946
            ],
            [
              -80.09856000022933,
              25.682219999991126
            ],
            [
              -80.09869999997142,
              25.682950000260668
            ],
            [
              -80.09885999980499,
              25.684220000339288
            ],
            [
              -80.09832000002982,
              25.685410000085504
            ],
            [
              -80.09786999976802,
              25.686439999602403
            ],
            [
              -80.09719000025076,
              25.688009999982544
            ],
            [
              -80.09658000015541,
              25.689420000186864
            ],
            [
              -80.09616000003084,
              25.690489999645948
            ],
            [
              -80.09557000002695,
              25.69210999996084
            ],
            [
              -80.09515999994814,
              25.693390000035965
            ],
            [
              -80.09473999982357,
              25.694850000046625
            ],
            [
              -80.09441000011068,
              25.696150000381866
            ],
            [
              -80.09414999981969,
              25.697260000045453
            ],
            [
              -80.093890000427,
              25.69855999997146
            ],
            [
              -80.09372999969511,
              25.69949999990476
            ],
            [
              -80.09355999981581,
              25.70062999972294
            ],
            [
              -80.09338999993649,
              25.701939999883734
            ],
            [
              -80.09324000014867,
              25.703640000337185
            ],
            [
              -80.09313999969123,
              25.705920000232616
            ],
            [
              -80.0931299996455,
              25.707619999691456
            ],
            [
              -80.09303000008639,
              25.70875000012773
            ],
            [
              -80.09284000011559,
              25.70985999966483
            ],
            [
              -80.09264000009905,
              25.711170000221315
            ],
            [
              -80.0923699997623,
              25.71323000035224
            ],
            [
              -80.09210000032387,
              25.715489999684138
            ],
            [
              -80.09193999959199,
              25.717780000049288
            ],
            [
              -80.09184000003287,
              25.71980000018698
            ],
            [
              -80.09177999975843,
              25.721109999744286
            ]
          ]
        ]
      },
      "properties": {
        "MTFCC": "G4020",
        "OID": "27590385017141",
        "GEOID": "12086",
        "STATE": "12",
        "COUNTY": "086",
        "COUNTYNS": "00295755",
        "BASENAME": "Miami-Dade",
        "NAME": "Miami-Dade County",
        "LSADC": "06",
        "FUNCSTAT": "A",
        "COUNTYCC": "H1",
        "AREALAND": "4920961268",
        "AREAWATER": "1267351713",
        "OBJECTID": 959,
        "CENTLAT": "+25.6103779",
        "CENTLON": "-080.5055956",
        "INTPTLAT": "+25.6139599",
        "INTPTLON": "-080.5019015"
      }
    }
  ],
  "metadata": {
    "boundary": "Miami-Dade County boundary",
    "source_name": "U.S. Census Bureau TIGERweb",
    "source_url": "https://tigerweb.geo.census.gov/",
    "api_url": "https://tigerweb.geo.census.gov/arcgis/rest/services/TIGERweb/State_County/MapServer/1/query?where=GEOID%3D%2712086%27&outFields=*&returnGeometry=true&outSR=4326&f=geojson",
    "license": "Public domain; cite U.S. Census Bureau",
    "generated_at": "2026-06-12T17:04:13.200Z",
    "feature_count": 1,
    "notes": "Census TIGERweb Counties layer, January 1 2025 vintage. Used for Miami-Dade county-wide coverage filtering."
  }
}