{
  "type": "FeatureCollection",
  "metadata": {
    "city": "miami_beach",
    "source": "City of Miami Beach Parking GIS Parking Meters",
    "source_url": "https://www.miamibeachfl.gov/city-hall/parking/",
    "api_url": "https://gis.miamibeachfl.gov/public/rest/services/mb/Parking/FeatureServer/1/query?where=1%3D1&outFields=*&f=geojson&outSR=4326&resultRecordCount=1000&resultOffset=0",
    "page_urls": [
      "https://gis.miamibeachfl.gov/public/rest/services/mb/Parking/FeatureServer/1/query?where=1%3D1&outFields=*&f=geojson&outSR=4326&resultRecordCount=1000&resultOffset=0"
    ],
    "layer_id": 1,
    "layer_name": "Parking Meters",
    "generated_at": "2026-06-15T13:04:24.917Z",
    "count": 460
  },
  "features": [
    {
      "type": "Feature",
      "id": 1,
      "geometry": {
        "type": "Point",
        "coordinates": [
          -80.12899585749557,
          25.792432864264228
        ]
      },
      "properties": {
        "OBJECTID": 1,
        "NUMBER": "1701W04",
        "BRAND": "DPT",
        "ZONE": "15X",
        "STATUS": 5,
        "created_user": null,
        "created_date": null,
        "last_edited_user": null,
        "last_edited_date": null,
        "source_id": "miami-beach:arcgis:meters:1",
        "source_name": "City of Miami Beach Parking GIS",
        "name": "Parking Meters 1",
        "facility_type": "parking_zone",
        "city": "Miami Beach",
        "state": "FL",
        "operator": "City of Miami Beach Parking Department",
        "access": "public",
        "fee": "unknown",
        "charge": "unknown",
        "capacity": null,
        "confidence": 0.9,
        "last_verified_source": "City of Miami Beach Parking GIS",
        "source_url": "https://www.miamibeachfl.gov/city-hall/parking/",
        "api_url": "https://gis.miamibeachfl.gov/public/rest/services/mb/Parking/FeatureServer/1/query?where=1%3D1&outFields=*&f=geojson&outSR=4326&resultRecordCount=1000&resultOffset=0",
        "evidence_url": "https://gis.miamibeachfl.gov/public/rest/services/mb/Parking/FeatureServer/1/query?where=1%3D1&outFields=*&f=geojson&outSR=4326&resultRecordCount=1000&resultOffset=0",
        "data_as_of": "2026-06-12",
        "existence_status": "confirmed",
        "price_status": "known_unpriced",
        "rule_status": "partial",
        "enrichment_status": "needs_price",
        "payment_url": "",
        "booking_url": "",
        "raw_properties": {
          "OBJECTID": 1,
          "NUMBER": "1701W04",
          "BRAND": "DPT",
          "ZONE": "15X",
          "STATUS": 5,
          "created_user": null,
          "created_date": null,
          "last_edited_user": null,
          "last_edited_date": null
        }
      }
    },
    {
      "type": "Feature",
      "id": 2,
      "geometry": {
        "type": "Point",
        "coordinates": [
          -80.12834411436772,
          25.792451740132847
        ]
      },
      "properties": {
        "OBJECTID": 2,
        "NUMBER": "1701W02",
        "BRAND": "DPT",
        "ZONE": "15X",
        "STATUS": 5,
        "created_user": null,
        "created_date": null,
        "last_edited_user": null,
        "last_edited_date": null,
        "source_id": "miami-beach:arcgis:meters:2",
        "source_name": "City of Miami Beach Parking GIS",
        "name": "Parking Meters 2",
        "facility_type": "parking_zone",
        "city": "Miami Beach",
        "state": "FL",
        "operator": "City of Miami Beach Parking Department",
        "access": "public",
        "fee": "unknown",
        "charge": "unknown",
        "capacity": null,
        "confidence": 0.9,
        "last_verified_source": "City of Miami Beach Parking GIS",
        "source_url": "https://www.miamibeachfl.gov/city-hall/parking/",
        "api_url": "https://gis.miamibeachfl.gov/public/rest/services/mb/Parking/FeatureServer/1/query?where=1%3D1&outFields=*&f=geojson&outSR=4326&resultRecordCount=1000&resultOffset=0",
        "evidence_url": "https://gis.miamibeachfl.gov/public/rest/services/mb/Parking/FeatureServer/1/query?where=1%3D1&outFields=*&f=geojson&outSR=4326&resultRecordCount=1000&resultOffset=0",
        "data_as_of": "2026-06-12",
        "existence_status": "confirmed",
        "price_status": "known_unpriced",
        "rule_status": "partial",
        "enrichment_status": "needs_price",
        "payment_url": "",
        "booking_url": "",
        "raw_properties": {
          "OBJECTID": 2,
          "NUMBER": "1701W02",
          "BRAND": "DPT",
          "ZONE": "15X",
          "STATUS": 5,
          "created_user": null,
          "created_date": null,
          "last_edited_user": null,
          "last_edited_date": null
        }
      }
    },
    {
      "type": "Feature",
      "id": 3,
      "geometry": {
        "type": "Point",
        "coordinates": [
          -80.12833297859791,
          25.79229972195448
        ]
      },
      "properties": {
        "OBJECTID": 3,
        "NUMBER": "1701S02",
        "BRAND": "DPT",
        "ZONE": "15X",
        "STATUS": 5,
        "created_user": null,
        "created_date": null,
        "last_edited_user": null,
        "last_edited_date": null,
        "source_id": "miami-beach:arcgis:meters:3",
        "source_name": "City of Miami Beach Parking GIS",
        "name": "Parking Meters 3",
        "facility_type": "parking_zone",
        "city": "Miami Beach",
        "state": "FL",
        "operator": "City of Miami Beach Parking Department",
        "access": "public",
        "fee": "unknown",
        "charge": "unknown",
        "capacity": null,
        "confidence": 0.9,
        "last_verified_source": "City of Miami Beach Parking GIS",
        "source_url": "https://www.miamibeachfl.gov/city-hall/parking/",
        "api_url": "https://gis.miamibeachfl.gov/public/rest/services/mb/Parking/FeatureServer/1/query?where=1%3D1&outFields=*&f=geojson&outSR=4326&resultRecordCount=1000&resultOffset=0",
        "evidence_url": "https://gis.miamibeachfl.gov/public/rest/services/mb/Parking/FeatureServer/1/query?where=1%3D1&outFields=*&f=geojson&outSR=4326&resultRecordCount=1000&resultOffset=0",
        "data_as_of": "2026-06-12",
        "existence_status": "confirmed",
        "price_status": "known_unpriced",
        "rule_status": "partial",
        "enrichment_status": "needs_price",
        "payment_url": "",
        "booking_url": "",
        "raw_properties": {
          "OBJECTID": 3,
          "NUMBER": "1701S02",
          "BRAND": "DPT",
          "ZONE": "15X",
          "STATUS": 5,
          "created_user": null,
          "created_date": null,
          "last_edited_user": null,
          "last_edited_date": null
        }
      }
    },
    {
      "type": "Feature",
      "id": 4,
      "geometry": {
        "type": "Point",
        "coordinates": [
          -80.1290695186193,
          25.79228806695706
        ]
      },
      "properties": {
        "OBJECTID": 4,
        "NUMBER": "1701S04",
        "BRAND": "DPT",
        "ZONE": "15X",
        "STATUS": 5,
        "created_user": null,
        "created_date": null,
        "last_edited_user": null,
        "last_edited_date": null,
        "source_id": "miami-beach:arcgis:meters:4",
        "source_name": "City of Miami Beach Parking GIS",
        "name": "Parking Meters 4",
        "facility_type": "parking_zone",
        "city": "Miami Beach",
        "state": "FL",
        "operator": "City of Miami Beach Parking Department",
        "access": "public",
        "fee": "unknown",
        "charge": "unknown",
        "capacity": null,
        "confidence": 0.9,
        "last_verified_source": "City of Miami Beach Parking GIS",
        "source_url": "https://www.miamibeachfl.gov/city-hall/parking/",
        "api_url": "https://gis.miamibeachfl.gov/public/rest/services/mb/Parking/FeatureServer/1/query?where=1%3D1&outFields=*&f=geojson&outSR=4326&resultRecordCount=1000&resultOffset=0",
        "evidence_url": "https://gis.miamibeachfl.gov/public/rest/services/mb/Parking/FeatureServer/1/query?where=1%3D1&outFields=*&f=geojson&outSR=4326&resultRecordCount=1000&resultOffset=0",
        "data_as_of": "2026-06-12",
        "existence_status": "confirmed",
        "price_status": "known_unpriced",
        "rule_status": "partial",
        "enrichment_status": "needs_price",
        "payment_url": "",
        "booking_url": "",
        "raw_properties": {
          "OBJECTID": 4,
          "NUMBER": "1701S04",
          "BRAND": "DPT",
          "ZONE": "15X",
          "STATUS": 5,
          "created_user": null,
          "created_date": null,
          "last_edited_user": null,
          "last_edited_date": null
        }
      }
    },
    {
      "type": "Feature",
      "id": 5,
      "geometry": {
        "type": "Point",
        "coordinates": [
          -80.12996303621975,
          25.787690353490202
        ]
      },
      "properties": {
        "OBJECTID": 5,
        "NUMBER": "1501N01",
        "BRAND": "DPT",
        "ZONE": "7A",
        "STATUS": 5,
        "created_user": null,
        "created_date": null,
        "last_edited_user": null,
        "last_edited_date": null,
        "source_id": "miami-beach:arcgis:meters:5",
        "source_name": "City of Miami Beach Parking GIS",
        "name": "Parking Meters 5",
        "facility_type": "parking_zone",
        "city": "Miami Beach",
        "state": "FL",
        "operator": "City of Miami Beach Parking Department",
        "access": "public",
        "fee": "unknown",
        "charge": "unknown",
        "capacity": null,
        "confidence": 0.9,
        "last_verified_source": "City of Miami Beach Parking GIS",
        "source_url": "https://www.miamibeachfl.gov/city-hall/parking/",
        "api_url": "https://gis.miamibeachfl.gov/public/rest/services/mb/Parking/FeatureServer/1/query?where=1%3D1&outFields=*&f=geojson&outSR=4326&resultRecordCount=1000&resultOffset=0",
        "evidence_url": "https://gis.miamibeachfl.gov/public/rest/services/mb/Parking/FeatureServer/1/query?where=1%3D1&outFields=*&f=geojson&outSR=4326&resultRecordCount=1000&resultOffset=0",
        "data_as_of": "2026-06-12",
        "existence_status": "confirmed",
        "price_status": "known_unpriced",
        "rule_status": "partial",
        "enrichment_status": "needs_price",
        "payment_url": "",
        "booking_url": "",
        "raw_properties": {
          "OBJECTID": 5,
          "NUMBER": "1501N01",
          "BRAND": "DPT",
          "ZONE": "7A",
          "STATUS": 5,
          "created_user": null,
          "created_date": null,
          "last_edited_user": null,
          "last_edited_date": null
        }
      }
    },
    {
      "type": "Feature",
      "id": 6,
      "geometry": {
        "type": "Point",
        "coordinates": [
          -80.12990671506851,
          25.787575069360003
        ]
      },
      "properties": {
        "OBJECTID": 6,
        "NUMBER": "1501S02",
        "BRAND": "DPR",
        "ZONE": "7A",
        "STATUS": 5,
        "created_user": null,
        "created_date": null,
        "last_edited_user": null,
        "last_edited_date": null,
        "source_id": "miami-beach:arcgis:meters:6",
        "source_name": "City of Miami Beach Parking GIS",
        "name": "Parking Meters 6",
        "facility_type": "parking_zone",
        "city": "Miami Beach",
        "state": "FL",
        "operator": "City of Miami Beach Parking Department",
        "access": "public",
        "fee": "unknown",
        "charge": "unknown",
        "capacity": null,
        "confidence": 0.9,
        "last_verified_source": "City of Miami Beach Parking GIS",
        "source_url": "https://www.miamibeachfl.gov/city-hall/parking/",
        "api_url": "https://gis.miamibeachfl.gov/public/rest/services/mb/Parking/FeatureServer/1/query?where=1%3D1&outFields=*&f=geojson&outSR=4326&resultRecordCount=1000&resultOffset=0",
        "evidence_url": "https://gis.miamibeachfl.gov/public/rest/services/mb/Parking/FeatureServer/1/query?where=1%3D1&outFields=*&f=geojson&outSR=4326&resultRecordCount=1000&resultOffset=0",
        "data_as_of": "2026-06-12",
        "existence_status": "confirmed",
        "price_status": "known_unpriced",
        "rule_status": "partial",
        "enrichment_status": "needs_price",
        "payment_url": "",
        "booking_url": "",
        "raw_properties": {
          "OBJECTID": 6,
          "NUMBER": "1501S02",
          "BRAND": "DPR",
          "ZONE": "7A",
          "STATUS": 5,
          "created_user": null,
          "created_date": null,
          "last_edited_user": null,
          "last_edited_date": null
        }
      }
    },
    {
      "type": "Feature",
      "id": 7,
      "geometry": {
        "type": "Point",
        "coordinates": [
          -80.13110710940023,
          25.786905986969433
        ]
      },
      "properties": {
        "OBJECTID": 7,
        "NUMBER": "ES02S02",
        "BRAND": "DPT",
        "ZONE": "1X",
        "STATUS": 5,
        "created_user": null,
        "created_date": null,
        "last_edited_user": null,
        "last_edited_date": null,
        "source_id": "miami-beach:arcgis:meters:7",
        "source_name": "City of Miami Beach Parking GIS",
        "name": "Parking Meters 7",
        "facility_type": "parking_zone",
        "city": "Miami Beach",
        "state": "FL",
        "operator": "City of Miami Beach Parking Department",
        "access": "public",
        "fee": "unknown",
        "charge": "unknown",
        "capacity": null,
        "confidence": 0.9,
        "last_verified_source": "City of Miami Beach Parking GIS",
        "source_url": "https://www.miamibeachfl.gov/city-hall/parking/",
        "api_url": "https://gis.miamibeachfl.gov/public/rest/services/mb/Parking/FeatureServer/1/query?where=1%3D1&outFields=*&f=geojson&outSR=4326&resultRecordCount=1000&resultOffset=0",
        "evidence_url": "https://gis.miamibeachfl.gov/public/rest/services/mb/Parking/FeatureServer/1/query?where=1%3D1&outFields=*&f=geojson&outSR=4326&resultRecordCount=1000&resultOffset=0",
        "data_as_of": "2026-06-12",
        "existence_status": "confirmed",
        "price_status": "known_unpriced",
        "rule_status": "partial",
        "enrichment_status": "needs_price",
        "payment_url": "",
        "booking_url": "",
        "raw_properties": {
          "OBJECTID": 7,
          "NUMBER": "ES02S02",
          "BRAND": "DPT",
          "ZONE": "1X",
          "STATUS": 5,
          "created_user": null,
          "created_date": null,
          "last_edited_user": null,
          "last_edited_date": null
        }
      }
    },
    {
      "type": "Feature",
      "id": 8,
      "geometry": {
        "type": "Point",
        "coordinates": [
          -80.1310077471859,
          25.787017121753582
        ]
      },
      "properties": {
        "OBJECTID": 8,
        "NUMBER": "ES02W02",
        "BRAND": "DPT",
        "ZONE": "1X",
        "STATUS": 5,
        "created_user": null,
        "created_date": null,
        "last_edited_user": null,
        "last_edited_date": null,
        "source_id": "miami-beach:arcgis:meters:8",
        "source_name": "City of Miami Beach Parking GIS",
        "name": "Parking Meters 8",
        "facility_type": "parking_zone",
        "city": "Miami Beach",
        "state": "FL",
        "operator": "City of Miami Beach Parking Department",
        "access": "public",
        "fee": "unknown",
        "charge": "unknown",
        "capacity": null,
        "confidence": 0.9,
        "last_verified_source": "City of Miami Beach Parking GIS",
        "source_url": "https://www.miamibeachfl.gov/city-hall/parking/",
        "api_url": "https://gis.miamibeachfl.gov/public/rest/services/mb/Parking/FeatureServer/1/query?where=1%3D1&outFields=*&f=geojson&outSR=4326&resultRecordCount=1000&resultOffset=0",
        "evidence_url": "https://gis.miamibeachfl.gov/public/rest/services/mb/Parking/FeatureServer/1/query?where=1%3D1&outFields=*&f=geojson&outSR=4326&resultRecordCount=1000&resultOffset=0",
        "data_as_of": "2026-06-12",
        "existence_status": "confirmed",
        "price_status": "known_unpriced",
        "rule_status": "partial",
        "enrichment_status": "needs_price",
        "payment_url": "",
        "booking_url": "",
        "raw_properties": {
          "OBJECTID": 8,
          "NUMBER": "ES02W02",
          "BRAND": "DPT",
          "ZONE": "1X",
          "STATUS": 5,
          "created_user": null,
          "created_date": null,
          "last_edited_user": null,
          "last_edited_date": null
        }
      }
    },
    {
      "type": "Feature",
      "id": 9,
      "geometry": {
        "type": "Point",
        "coordinates": [
          -80.13043531596702,
          25.790811307088223
        ]
      },
      "properties": {
        "OBJECTID": 9,
        "NUMBER": "LR02N01",
        "BRAND": "DPT",
        "ZONE": "3X",
        "STATUS": 5,
        "created_user": null,
        "created_date": null,
        "last_edited_user": null,
        "last_edited_date": null,
        "source_id": "miami-beach:arcgis:meters:9",
        "source_name": "City of Miami Beach Parking GIS",
        "name": "Parking Meters 9",
        "facility_type": "parking_zone",
        "city": "Miami Beach",
        "state": "FL",
        "operator": "City of Miami Beach Parking Department",
        "access": "public",
        "fee": "unknown",
        "charge": "unknown",
        "capacity": null,
        "confidence": 0.9,
        "last_verified_source": "City of Miami Beach Parking GIS",
        "source_url": "https://www.miamibeachfl.gov/city-hall/parking/",
        "api_url": "https://gis.miamibeachfl.gov/public/rest/services/mb/Parking/FeatureServer/1/query?where=1%3D1&outFields=*&f=geojson&outSR=4326&resultRecordCount=1000&resultOffset=0",
        "evidence_url": "https://gis.miamibeachfl.gov/public/rest/services/mb/Parking/FeatureServer/1/query?where=1%3D1&outFields=*&f=geojson&outSR=4326&resultRecordCount=1000&resultOffset=0",
        "data_as_of": "2026-06-12",
        "existence_status": "confirmed",
        "price_status": "known_unpriced",
        "rule_status": "partial",
        "enrichment_status": "needs_price",
        "payment_url": "",
        "booking_url": "",
        "raw_properties": {
          "OBJECTID": 9,
          "NUMBER": "LR02N01",
          "BRAND": "DPT",
          "ZONE": "3X",
          "STATUS": 5,
          "created_user": null,
          "created_date": null,
          "last_edited_user": null,
          "last_edited_date": null
        }
      }
    },
    {
      "type": "Feature",
      "id": 10,
      "geometry": {
        "type": "Point",
        "coordinates": [
          -80.13066027040945,
          25.79163557809016
        ]
      },
      "properties": {
        "OBJECTID": 10,
        "NUMBER": "JM16E03",
        "BRAND": "DPT",
        "ZONE": "3X",
        "STATUS": 5,
        "created_user": null,
        "created_date": null,
        "last_edited_user": null,
        "last_edited_date": null,
        "source_id": "miami-beach:arcgis:meters:10",
        "source_name": "City of Miami Beach Parking GIS",
        "name": "Parking Meters 10",
        "facility_type": "parking_zone",
        "city": "Miami Beach",
        "state": "FL",
        "operator": "City of Miami Beach Parking Department",
        "access": "public",
        "fee": "unknown",
        "charge": "unknown",
        "capacity": null,
        "confidence": 0.9,
        "last_verified_source": "City of Miami Beach Parking GIS",
        "source_url": "https://www.miamibeachfl.gov/city-hall/parking/",
        "api_url": "https://gis.miamibeachfl.gov/public/rest/services/mb/Parking/FeatureServer/1/query?where=1%3D1&outFields=*&f=geojson&outSR=4326&resultRecordCount=1000&resultOffset=0",
        "evidence_url": "https://gis.miamibeachfl.gov/public/rest/services/mb/Parking/FeatureServer/1/query?where=1%3D1&outFields=*&f=geojson&outSR=4326&resultRecordCount=1000&resultOffset=0",
        "data_as_of": "2026-06-12",
        "existence_status": "confirmed",
        "price_status": "known_unpriced",
        "rule_status": "partial",
        "enrichment_status": "needs_price",
        "payment_url": "",
        "booking_url": "",
        "raw_properties": {
          "OBJECTID": 10,
          "NUMBER": "JM16E03",
          "BRAND": "DPT",
          "ZONE": "3X",
          "STATUS": 5,
          "created_user": null,
          "created_date": null,
          "last_edited_user": null,
          "last_edited_date": null
        }
      }
    },
    {
      "type": "Feature",
      "id": 11,
      "geometry": {
        "type": "Point",
        "coordinates": [
          -80.13252168735603,
          25.78764243836115
        ]
      },
      "properties": {
        "OBJECTID": 11,
        "NUMBER": "1504N01",
        "BRAND": "DPT",
        "ZONE": "2X",
        "STATUS": 5,
        "created_user": null,
        "created_date": null,
        "last_edited_user": null,
        "last_edited_date": null,
        "source_id": "miami-beach:arcgis:meters:11",
        "source_name": "City of Miami Beach Parking GIS",
        "name": "Parking Meters 11",
        "facility_type": "parking_zone",
        "city": "Miami Beach",
        "state": "FL",
        "operator": "City of Miami Beach Parking Department",
        "access": "public",
        "fee": "unknown",
        "charge": "unknown",
        "capacity": null,
        "confidence": 0.9,
        "last_verified_source": "City of Miami Beach Parking GIS",
        "source_url": "https://www.miamibeachfl.gov/city-hall/parking/",
        "api_url": "https://gis.miamibeachfl.gov/public/rest/services/mb/Parking/FeatureServer/1/query?where=1%3D1&outFields=*&f=geojson&outSR=4326&resultRecordCount=1000&resultOffset=0",
        "evidence_url": "https://gis.miamibeachfl.gov/public/rest/services/mb/Parking/FeatureServer/1/query?where=1%3D1&outFields=*&f=geojson&outSR=4326&resultRecordCount=1000&resultOffset=0",
        "data_as_of": "2026-06-12",
        "existence_status": "confirmed",
        "price_status": "known_unpriced",
        "rule_status": "partial",
        "enrichment_status": "needs_price",
        "payment_url": "",
        "booking_url": "",
        "raw_properties": {
          "OBJECTID": 11,
          "NUMBER": "1504N01",
          "BRAND": "DPT",
          "ZONE": "2X",
          "STATUS": 5,
          "created_user": null,
          "created_date": null,
          "last_edited_user": null,
          "last_edited_date": null
        }
      }
    },
    {
      "type": "Feature",
      "id": 12,
      "geometry": {
        "type": "Point",
        "coordinates": [
          -80.13139496348921,
          25.793974595262352
        ]
      },
      "properties": {
        "OBJECTID": 12,
        "NUMBER": "1803N01",
        "BRAND": "DPT",
        "ZONE": "15A",
        "STATUS": 3,
        "created_user": null,
        "created_date": null,
        "last_edited_user": null,
        "last_edited_date": null,
        "source_id": "miami-beach:arcgis:meters:12",
        "source_name": "City of Miami Beach Parking GIS",
        "name": "Parking Meters 12",
        "facility_type": "parking_zone",
        "city": "Miami Beach",
        "state": "FL",
        "operator": "City of Miami Beach Parking Department",
        "access": "public",
        "fee": "unknown",
        "charge": "unknown",
        "capacity": null,
        "confidence": 0.9,
        "last_verified_source": "City of Miami Beach Parking GIS",
        "source_url": "https://www.miamibeachfl.gov/city-hall/parking/",
        "api_url": "https://gis.miamibeachfl.gov/public/rest/services/mb/Parking/FeatureServer/1/query?where=1%3D1&outFields=*&f=geojson&outSR=4326&resultRecordCount=1000&resultOffset=0",
        "evidence_url": "https://gis.miamibeachfl.gov/public/rest/services/mb/Parking/FeatureServer/1/query?where=1%3D1&outFields=*&f=geojson&outSR=4326&resultRecordCount=1000&resultOffset=0",
        "data_as_of": "2026-06-12",
        "existence_status": "confirmed",
        "price_status": "known_unpriced",
        "rule_status": "partial",
        "enrichment_status": "needs_price",
        "payment_url": "",
        "booking_url": "",
        "raw_properties": {
          "OBJECTID": 12,
          "NUMBER": "1803N01",
          "BRAND": "DPT",
          "ZONE": "15A",
          "STATUS": 3,
          "created_user": null,
          "created_date": null,
          "last_edited_user": null,
          "last_edited_date": null
        }
      }
    },
    {
      "type": "Feature",
      "id": 13,
      "geometry": {
        "type": "Point",
        "coordinates": [
          -80.13174249080133,
          25.79011856511112
        ]
      },
      "properties": {
        "OBJECTID": 13,
        "NUMBER": "WA16E03",
        "BRAND": "DPT",
        "ZONE": "1X",
        "STATUS": 5,
        "created_user": null,
        "created_date": null,
        "last_edited_user": null,
        "last_edited_date": null,
        "source_id": "miami-beach:arcgis:meters:13",
        "source_name": "City of Miami Beach Parking GIS",
        "name": "Parking Meters 13",
        "facility_type": "parking_zone",
        "city": "Miami Beach",
        "state": "FL",
        "operator": "City of Miami Beach Parking Department",
        "access": "public",
        "fee": "unknown",
        "charge": "unknown",
        "capacity": null,
        "confidence": 0.9,
        "last_verified_source": "City of Miami Beach Parking GIS",
        "source_url": "https://www.miamibeachfl.gov/city-hall/parking/",
        "api_url": "https://gis.miamibeachfl.gov/public/rest/services/mb/Parking/FeatureServer/1/query?where=1%3D1&outFields=*&f=geojson&outSR=4326&resultRecordCount=1000&resultOffset=0",
        "evidence_url": "https://gis.miamibeachfl.gov/public/rest/services/mb/Parking/FeatureServer/1/query?where=1%3D1&outFields=*&f=geojson&outSR=4326&resultRecordCount=1000&resultOffset=0",
        "data_as_of": "2026-06-12",
        "existence_status": "confirmed",
        "price_status": "known_unpriced",
        "rule_status": "partial",
        "enrichment_status": "needs_price",
        "payment_url": "",
        "booking_url": "",
        "raw_properties": {
          "OBJECTID": 13,
          "NUMBER": "WA16E03",
          "BRAND": "DPT",
          "ZONE": "1X",
          "STATUS": 5,
          "created_user": null,
          "created_date": null,
          "last_edited_user": null,
          "last_edited_date": null
        }
      }
    },
    {
      "type": "Feature",
      "id": 14,
      "geometry": {
        "type": "Point",
        "coordinates": [
          -80.13197782979869,
          25.790135459270783
        ]
      },
      "properties": {
        "OBJECTID": 14,
        "NUMBER": "WA16W02",
        "BRAND": "DPT",
        "ZONE": "2X",
        "STATUS": 5,
        "created_user": null,
        "created_date": null,
        "last_edited_user": null,
        "last_edited_date": null,
        "source_id": "miami-beach:arcgis:meters:14",
        "source_name": "City of Miami Beach Parking GIS",
        "name": "Parking Meters 14",
        "facility_type": "parking_zone",
        "city": "Miami Beach",
        "state": "FL",
        "operator": "City of Miami Beach Parking Department",
        "access": "public",
        "fee": "unknown",
        "charge": "unknown",
        "capacity": null,
        "confidence": 0.9,
        "last_verified_source": "City of Miami Beach Parking GIS",
        "source_url": "https://www.miamibeachfl.gov/city-hall/parking/",
        "api_url": "https://gis.miamibeachfl.gov/public/rest/services/mb/Parking/FeatureServer/1/query?where=1%3D1&outFields=*&f=geojson&outSR=4326&resultRecordCount=1000&resultOffset=0",
        "evidence_url": "https://gis.miamibeachfl.gov/public/rest/services/mb/Parking/FeatureServer/1/query?where=1%3D1&outFields=*&f=geojson&outSR=4326&resultRecordCount=1000&resultOffset=0",
        "data_as_of": "2026-06-12",
        "existence_status": "confirmed",
        "price_status": "known_unpriced",
        "rule_status": "partial",
        "enrichment_status": "needs_price",
        "payment_url": "",
        "booking_url": "",
        "raw_properties": {
          "OBJECTID": 14,
          "NUMBER": "WA16W02",
          "BRAND": "DPT",
          "ZONE": "2X",
          "STATUS": 5,
          "created_user": null,
          "created_date": null,
          "last_edited_user": null,
          "last_edited_date": null
        }
      }
    },
    {
      "type": "Feature",
      "id": 15,
      "geometry": {
        "type": "Point",
        "coordinates": [
          -80.13173735967474,
          25.789725683393314
        ]
      },
      "properties": {
        "OBJECTID": 15,
        "NUMBER": "WA16E01",
        "BRAND": "DPT",
        "ZONE": "1X",
        "STATUS": 5,
        "created_user": null,
        "created_date": null,
        "last_edited_user": null,
        "last_edited_date": null,
        "source_id": "miami-beach:arcgis:meters:15",
        "source_name": "City of Miami Beach Parking GIS",
        "name": "Parking Meters 15",
        "facility_type": "parking_zone",
        "city": "Miami Beach",
        "state": "FL",
        "operator": "City of Miami Beach Parking Department",
        "access": "public",
        "fee": "unknown",
        "charge": "unknown",
        "capacity": null,
        "confidence": 0.9,
        "last_verified_source": "City of Miami Beach Parking GIS",
        "source_url": "https://www.miamibeachfl.gov/city-hall/parking/",
        "api_url": "https://gis.miamibeachfl.gov/public/rest/services/mb/Parking/FeatureServer/1/query?where=1%3D1&outFields=*&f=geojson&outSR=4326&resultRecordCount=1000&resultOffset=0",
        "evidence_url": "https://gis.miamibeachfl.gov/public/rest/services/mb/Parking/FeatureServer/1/query?where=1%3D1&outFields=*&f=geojson&outSR=4326&resultRecordCount=1000&resultOffset=0",
        "data_as_of": "2026-06-12",
        "existence_status": "confirmed",
        "price_status": "known_unpriced",
        "rule_status": "partial",
        "enrichment_status": "needs_price",
        "payment_url": "",
        "booking_url": "",
        "raw_properties": {
          "OBJECTID": 15,
          "NUMBER": "WA16E01",
          "BRAND": "DPT",
          "ZONE": "1X",
          "STATUS": 5,
          "created_user": null,
          "created_date": null,
          "last_edited_user": null,
          "last_edited_date": null
        }
      }
    },
    {
      "type": "Feature",
      "id": 16,
      "geometry": {
        "type": "Point",
        "coordinates": [
          -80.13122414991444,
          25.789098030076026
        ]
      },
      "properties": {
        "OBJECTID": 16,
        "NUMBER": null,
        "BRAND": null,
        "ZONE": null,
        "STATUS": 5,
        "created_user": null,
        "created_date": null,
        "last_edited_user": null,
        "last_edited_date": null,
        "source_id": "miami-beach:arcgis:meters:16",
        "source_name": "City of Miami Beach Parking GIS",
        "name": "Parking Meters 16",
        "facility_type": "parking_zone",
        "city": "Miami Beach",
        "state": "FL",
        "operator": "City of Miami Beach Parking Department",
        "access": "public",
        "fee": "unknown",
        "charge": "unknown",
        "capacity": null,
        "confidence": 0.9,
        "last_verified_source": "City of Miami Beach Parking GIS",
        "source_url": "https://www.miamibeachfl.gov/city-hall/parking/",
        "api_url": "https://gis.miamibeachfl.gov/public/rest/services/mb/Parking/FeatureServer/1/query?where=1%3D1&outFields=*&f=geojson&outSR=4326&resultRecordCount=1000&resultOffset=0",
        "evidence_url": "https://gis.miamibeachfl.gov/public/rest/services/mb/Parking/FeatureServer/1/query?where=1%3D1&outFields=*&f=geojson&outSR=4326&resultRecordCount=1000&resultOffset=0",
        "data_as_of": "2026-06-12",
        "existence_status": "confirmed",
        "price_status": "known_unpriced",
        "rule_status": "partial",
        "enrichment_status": "needs_price",
        "payment_url": "",
        "booking_url": "",
        "raw_properties": {
          "OBJECTID": 16,
          "NUMBER": null,
          "BRAND": null,
          "ZONE": null,
          "STATUS": 5,
          "created_user": null,
          "created_date": null,
          "last_edited_user": null,
          "last_edited_date": null
        }
      }
    },
    {
      "type": "Feature",
      "id": 17,
      "geometry": {
        "type": "Point",
        "coordinates": [
          -80.13171739103021,
          25.788745458554587
        ]
      },
      "properties": {
        "OBJECTID": 17,
        "NUMBER": "WA15E03",
        "BRAND": "DPT",
        "ZONE": "1X",
        "STATUS": 5,
        "created_user": null,
        "created_date": null,
        "last_edited_user": null,
        "last_edited_date": null,
        "source_id": "miami-beach:arcgis:meters:17",
        "source_name": "City of Miami Beach Parking GIS",
        "name": "Parking Meters 17",
        "facility_type": "parking_zone",
        "city": "Miami Beach",
        "state": "FL",
        "operator": "City of Miami Beach Parking Department",
        "access": "public",
        "fee": "unknown",
        "charge": "unknown",
        "capacity": null,
        "confidence": 0.9,
        "last_verified_source": "City of Miami Beach Parking GIS",
        "source_url": "https://www.miamibeachfl.gov/city-hall/parking/",
        "api_url": "https://gis.miamibeachfl.gov/public/rest/services/mb/Parking/FeatureServer/1/query?where=1%3D1&outFields=*&f=geojson&outSR=4326&resultRecordCount=1000&resultOffset=0",
        "evidence_url": "https://gis.miamibeachfl.gov/public/rest/services/mb/Parking/FeatureServer/1/query?where=1%3D1&outFields=*&f=geojson&outSR=4326&resultRecordCount=1000&resultOffset=0",
        "data_as_of": "2026-06-12",
        "existence_status": "confirmed",
        "price_status": "known_unpriced",
        "rule_status": "partial",
        "enrichment_status": "needs_price",
        "payment_url": "",
        "booking_url": "",
        "raw_properties": {
          "OBJECTID": 17,
          "NUMBER": "WA15E03",
          "BRAND": "DPT",
          "ZONE": "1X",
          "STATUS": 5,
          "created_user": null,
          "created_date": null,
          "last_edited_user": null,
          "last_edited_date": null
        }
      }
    },
    {
      "type": "Feature",
      "id": 18,
      "geometry": {
        "type": "Point",
        "coordinates": [
          -80.13195476086146,
          25.788654185624377
        ]
      },
      "properties": {
        "OBJECTID": 18,
        "NUMBER": "WA15W04",
        "BRAND": "DPT",
        "ZONE": "2X",
        "STATUS": 5,
        "created_user": null,
        "created_date": null,
        "last_edited_user": null,
        "last_edited_date": null,
        "source_id": "miami-beach:arcgis:meters:18",
        "source_name": "City of Miami Beach Parking GIS",
        "name": "Parking Meters 18",
        "facility_type": "parking_zone",
        "city": "Miami Beach",
        "state": "FL",
        "operator": "City of Miami Beach Parking Department",
        "access": "public",
        "fee": "unknown",
        "charge": "unknown",
        "capacity": null,
        "confidence": 0.9,
        "last_verified_source": "City of Miami Beach Parking GIS",
        "source_url": "https://www.miamibeachfl.gov/city-hall/parking/",
        "api_url": "https://gis.miamibeachfl.gov/public/rest/services/mb/Parking/FeatureServer/1/query?where=1%3D1&outFields=*&f=geojson&outSR=4326&resultRecordCount=1000&resultOffset=0",
        "evidence_url": "https://gis.miamibeachfl.gov/public/rest/services/mb/Parking/FeatureServer/1/query?where=1%3D1&outFields=*&f=geojson&outSR=4326&resultRecordCount=1000&resultOffset=0",
        "data_as_of": "2026-06-12",
        "existence_status": "confirmed",
        "price_status": "known_unpriced",
        "rule_status": "partial",
        "enrichment_status": "needs_price",
        "payment_url": "",
        "booking_url": "",
        "raw_properties": {
          "OBJECTID": 18,
          "NUMBER": "WA15W04",
          "BRAND": "DPT",
          "ZONE": "2X",
          "STATUS": 5,
          "created_user": null,
          "created_date": null,
          "last_edited_user": null,
          "last_edited_date": null
        }
      }
    },
    {
      "type": "Feature",
      "id": 19,
      "geometry": {
        "type": "Point",
        "coordinates": [
          -80.13191943671366,
          25.78791699710861
        ]
      },
      "properties": {
        "OBJECTID": 19,
        "NUMBER": "WA15W02",
        "BRAND": "DPT",
        "ZONE": "2X",
        "STATUS": 5,
        "created_user": null,
        "created_date": null,
        "last_edited_user": null,
        "last_edited_date": null,
        "source_id": "miami-beach:arcgis:meters:19",
        "source_name": "City of Miami Beach Parking GIS",
        "name": "Parking Meters 19",
        "facility_type": "parking_zone",
        "city": "Miami Beach",
        "state": "FL",
        "operator": "City of Miami Beach Parking Department",
        "access": "public",
        "fee": "unknown",
        "charge": "unknown",
        "capacity": null,
        "confidence": 0.9,
        "last_verified_source": "City of Miami Beach Parking GIS",
        "source_url": "https://www.miamibeachfl.gov/city-hall/parking/",
        "api_url": "https://gis.miamibeachfl.gov/public/rest/services/mb/Parking/FeatureServer/1/query?where=1%3D1&outFields=*&f=geojson&outSR=4326&resultRecordCount=1000&resultOffset=0",
        "evidence_url": "https://gis.miamibeachfl.gov/public/rest/services/mb/Parking/FeatureServer/1/query?where=1%3D1&outFields=*&f=geojson&outSR=4326&resultRecordCount=1000&resultOffset=0",
        "data_as_of": "2026-06-12",
        "existence_status": "confirmed",
        "price_status": "known_unpriced",
        "rule_status": "partial",
        "enrichment_status": "needs_price",
        "payment_url": "",
        "booking_url": "",
        "raw_properties": {
          "OBJECTID": 19,
          "NUMBER": "WA15W02",
          "BRAND": "DPT",
          "ZONE": "2X",
          "STATUS": 5,
          "created_user": null,
          "created_date": null,
          "last_edited_user": null,
          "last_edited_date": null
        }
      }
    },
    {
      "type": "Feature",
      "id": 20,
      "geometry": {
        "type": "Point",
        "coordinates": [
          -80.13226733968182,
          25.789047938874198
        ]
      },
      "properties": {
        "OBJECTID": 20,
        "NUMBER": "1604S02",
        "BRAND": "DPT",
        "ZONE": "2X",
        "STATUS": 5,
        "created_user": null,
        "created_date": null,
        "last_edited_user": null,
        "last_edited_date": null,
        "source_id": "miami-beach:arcgis:meters:20",
        "source_name": "City of Miami Beach Parking GIS",
        "name": "Parking Meters 20",
        "facility_type": "parking_zone",
        "city": "Miami Beach",
        "state": "FL",
        "operator": "City of Miami Beach Parking Department",
        "access": "public",
        "fee": "unknown",
        "charge": "unknown",
        "capacity": null,
        "confidence": 0.9,
        "last_verified_source": "City of Miami Beach Parking GIS",
        "source_url": "https://www.miamibeachfl.gov/city-hall/parking/",
        "api_url": "https://gis.miamibeachfl.gov/public/rest/services/mb/Parking/FeatureServer/1/query?where=1%3D1&outFields=*&f=geojson&outSR=4326&resultRecordCount=1000&resultOffset=0",
        "evidence_url": "https://gis.miamibeachfl.gov/public/rest/services/mb/Parking/FeatureServer/1/query?where=1%3D1&outFields=*&f=geojson&outSR=4326&resultRecordCount=1000&resultOffset=0",
        "data_as_of": "2026-06-12",
        "existence_status": "confirmed",
        "price_status": "known_unpriced",
        "rule_status": "partial",
        "enrichment_status": "needs_price",
        "payment_url": "",
        "booking_url": "",
        "raw_properties": {
          "OBJECTID": 20,
          "NUMBER": "1604S02",
          "BRAND": "DPT",
          "ZONE": "2X",
          "STATUS": 5,
          "created_user": null,
          "created_date": null,
          "last_edited_user": null,
          "last_edited_date": null
        }
      }
    },
    {
      "type": "Feature",
      "id": 21,
      "geometry": {
        "type": "Point",
        "coordinates": [
          -80.13245531515408,
          25.789196252068777
        ]
      },
      "properties": {
        "OBJECTID": 21,
        "NUMBER": "1604N01",
        "BRAND": "DPT",
        "ZONE": "2X",
        "STATUS": 5,
        "created_user": null,
        "created_date": null,
        "last_edited_user": null,
        "last_edited_date": null,
        "source_id": "miami-beach:arcgis:meters:21",
        "source_name": "City of Miami Beach Parking GIS",
        "name": "Parking Meters 21",
        "facility_type": "parking_zone",
        "city": "Miami Beach",
        "state": "FL",
        "operator": "City of Miami Beach Parking Department",
        "access": "public",
        "fee": "unknown",
        "charge": "unknown",
        "capacity": null,
        "confidence": 0.9,
        "last_verified_source": "City of Miami Beach Parking GIS",
        "source_url": "https://www.miamibeachfl.gov/city-hall/parking/",
        "api_url": "https://gis.miamibeachfl.gov/public/rest/services/mb/Parking/FeatureServer/1/query?where=1%3D1&outFields=*&f=geojson&outSR=4326&resultRecordCount=1000&resultOffset=0",
        "evidence_url": "https://gis.miamibeachfl.gov/public/rest/services/mb/Parking/FeatureServer/1/query?where=1%3D1&outFields=*&f=geojson&outSR=4326&resultRecordCount=1000&resultOffset=0",
        "data_as_of": "2026-06-12",
        "existence_status": "confirmed",
        "price_status": "known_unpriced",
        "rule_status": "partial",
        "enrichment_status": "needs_price",
        "payment_url": "",
        "booking_url": "",
        "raw_properties": {
          "OBJECTID": 21,
          "NUMBER": "1604N01",
          "BRAND": "DPT",
          "ZONE": "2X",
          "STATUS": 5,
          "created_user": null,
          "created_date": null,
          "last_edited_user": null,
          "last_edited_date": null
        }
      }
    },
    {
      "type": "Feature",
      "id": 22,
      "geometry": {
        "type": "Point",
        "coordinates": [
          -80.1318110557342,
          25.7919080024239
        ]
      },
      "properties": {
        "OBJECTID": 22,
        "NUMBER": "WA16E05",
        "BRAND": "DPT",
        "ZONE": "1X",
        "STATUS": 5,
        "created_user": null,
        "created_date": null,
        "last_edited_user": null,
        "last_edited_date": null,
        "source_id": "miami-beach:arcgis:meters:22",
        "source_name": "City of Miami Beach Parking GIS",
        "name": "Parking Meters 22",
        "facility_type": "parking_zone",
        "city": "Miami Beach",
        "state": "FL",
        "operator": "City of Miami Beach Parking Department",
        "access": "public",
        "fee": "unknown",
        "charge": "unknown",
        "capacity": null,
        "confidence": 0.9,
        "last_verified_source": "City of Miami Beach Parking GIS",
        "source_url": "https://www.miamibeachfl.gov/city-hall/parking/",
        "api_url": "https://gis.miamibeachfl.gov/public/rest/services/mb/Parking/FeatureServer/1/query?where=1%3D1&outFields=*&f=geojson&outSR=4326&resultRecordCount=1000&resultOffset=0",
        "evidence_url": "https://gis.miamibeachfl.gov/public/rest/services/mb/Parking/FeatureServer/1/query?where=1%3D1&outFields=*&f=geojson&outSR=4326&resultRecordCount=1000&resultOffset=0",
        "data_as_of": "2026-06-12",
        "existence_status": "confirmed",
        "price_status": "known_unpriced",
        "rule_status": "partial",
        "enrichment_status": "needs_price",
        "payment_url": "",
        "booking_url": "",
        "raw_properties": {
          "OBJECTID": 22,
          "NUMBER": "WA16E05",
          "BRAND": "DPT",
          "ZONE": "1X",
          "STATUS": 5,
          "created_user": null,
          "created_date": null,
          "last_edited_user": null,
          "last_edited_date": null
        }
      }
    },
    {
      "type": "Feature",
      "id": 23,
      "geometry": {
        "type": "Point",
        "coordinates": [
          -80.13081923848303,
          25.791598643445802
        ]
      },
      "properties": {
        "OBJECTID": 23,
        "NUMBER": "JM16W02",
        "BRAND": "DPT",
        "ZONE": "3X",
        "STATUS": 5,
        "created_user": null,
        "created_date": null,
        "last_edited_user": null,
        "last_edited_date": null,
        "source_id": "miami-beach:arcgis:meters:23",
        "source_name": "City of Miami Beach Parking GIS",
        "name": "Parking Meters 23",
        "facility_type": "parking_zone",
        "city": "Miami Beach",
        "state": "FL",
        "operator": "City of Miami Beach Parking Department",
        "access": "public",
        "fee": "unknown",
        "charge": "unknown",
        "capacity": null,
        "confidence": 0.9,
        "last_verified_source": "City of Miami Beach Parking GIS",
        "source_url": "https://www.miamibeachfl.gov/city-hall/parking/",
        "api_url": "https://gis.miamibeachfl.gov/public/rest/services/mb/Parking/FeatureServer/1/query?where=1%3D1&outFields=*&f=geojson&outSR=4326&resultRecordCount=1000&resultOffset=0",
        "evidence_url": "https://gis.miamibeachfl.gov/public/rest/services/mb/Parking/FeatureServer/1/query?where=1%3D1&outFields=*&f=geojson&outSR=4326&resultRecordCount=1000&resultOffset=0",
        "data_as_of": "2026-06-12",
        "existence_status": "confirmed",
        "price_status": "known_unpriced",
        "rule_status": "partial",
        "enrichment_status": "needs_price",
        "payment_url": "",
        "booking_url": "",
        "raw_properties": {
          "OBJECTID": 23,
          "NUMBER": "JM16W02",
          "BRAND": "DPT",
          "ZONE": "3X",
          "STATUS": 5,
          "created_user": null,
          "created_date": null,
          "last_edited_user": null,
          "last_edited_date": null
        }
      }
    },
    {
      "type": "Feature",
      "id": 24,
      "geometry": {
        "type": "Point",
        "coordinates": [
          -80.14240602815353,
          25.7912467013872
        ]
      },
      "properties": {
        "OBJECTID": 24,
        "NUMBER": "P024004",
        "BRAND": "DPT",
        "ZONE": "P24",
        "STATUS": 5,
        "created_user": null,
        "created_date": null,
        "last_edited_user": null,
        "last_edited_date": null,
        "source_id": "miami-beach:arcgis:meters:24",
        "source_name": "City of Miami Beach Parking GIS",
        "name": "Parking Meters 24",
        "facility_type": "parking_zone",
        "city": "Miami Beach",
        "state": "FL",
        "operator": "City of Miami Beach Parking Department",
        "access": "public",
        "fee": "unknown",
        "charge": "unknown",
        "capacity": null,
        "confidence": 0.9,
        "last_verified_source": "City of Miami Beach Parking GIS",
        "source_url": "https://www.miamibeachfl.gov/city-hall/parking/",
        "api_url": "https://gis.miamibeachfl.gov/public/rest/services/mb/Parking/FeatureServer/1/query?where=1%3D1&outFields=*&f=geojson&outSR=4326&resultRecordCount=1000&resultOffset=0",
        "evidence_url": "https://gis.miamibeachfl.gov/public/rest/services/mb/Parking/FeatureServer/1/query?where=1%3D1&outFields=*&f=geojson&outSR=4326&resultRecordCount=1000&resultOffset=0",
        "data_as_of": "2026-06-12",
        "existence_status": "confirmed",
        "price_status": "known_unpriced",
        "rule_status": "partial",
        "enrichment_status": "needs_price",
        "payment_url": "",
        "booking_url": "",
        "raw_properties": {
          "OBJECTID": 24,
          "NUMBER": "P024004",
          "BRAND": "DPT",
          "ZONE": "P24",
          "STATUS": 5,
          "created_user": null,
          "created_date": null,
          "last_edited_user": null,
          "last_edited_date": null
        }
      }
    },
    {
      "type": "Feature",
      "id": 25,
      "geometry": {
        "type": "Point",
        "coordinates": [
          -80.1422352581606,
          25.79051270501506
        ]
      },
      "properties": {
        "OBJECTID": 25,
        "NUMBER": "LR12N03",
        "BRAND": "DPT",
        "ZONE": "4X",
        "STATUS": 5,
        "created_user": null,
        "created_date": null,
        "last_edited_user": null,
        "last_edited_date": null,
        "source_id": "miami-beach:arcgis:meters:25",
        "source_name": "City of Miami Beach Parking GIS",
        "name": "Parking Meters 25",
        "facility_type": "parking_zone",
        "city": "Miami Beach",
        "state": "FL",
        "operator": "City of Miami Beach Parking Department",
        "access": "public",
        "fee": "unknown",
        "charge": "unknown",
        "capacity": null,
        "confidence": 0.9,
        "last_verified_source": "City of Miami Beach Parking GIS",
        "source_url": "https://www.miamibeachfl.gov/city-hall/parking/",
        "api_url": "https://gis.miamibeachfl.gov/public/rest/services/mb/Parking/FeatureServer/1/query?where=1%3D1&outFields=*&f=geojson&outSR=4326&resultRecordCount=1000&resultOffset=0",
        "evidence_url": "https://gis.miamibeachfl.gov/public/rest/services/mb/Parking/FeatureServer/1/query?where=1%3D1&outFields=*&f=geojson&outSR=4326&resultRecordCount=1000&resultOffset=0",
        "data_as_of": "2026-06-12",
        "existence_status": "confirmed",
        "price_status": "known_unpriced",
        "rule_status": "partial",
        "enrichment_status": "needs_price",
        "payment_url": "",
        "booking_url": "",
        "raw_properties": {
          "OBJECTID": 25,
          "NUMBER": "LR12N03",
          "BRAND": "DPT",
          "ZONE": "4X",
          "STATUS": 5,
          "created_user": null,
          "created_date": null,
          "last_edited_user": null,
          "last_edited_date": null
        }
      }
    },
    {
      "type": "Feature",
      "id": 26,
      "geometry": {
        "type": "Point",
        "coordinates": [
          -80.14158961050225,
          25.790530713512602
        ]
      },
      "properties": {
        "OBJECTID": 26,
        "NUMBER": "LR12N01",
        "BRAND": "DPT",
        "ZONE": "4X",
        "STATUS": 5,
        "created_user": null,
        "created_date": null,
        "last_edited_user": null,
        "last_edited_date": null,
        "source_id": "miami-beach:arcgis:meters:26",
        "source_name": "City of Miami Beach Parking GIS",
        "name": "Parking Meters 26",
        "facility_type": "parking_zone",
        "city": "Miami Beach",
        "state": "FL",
        "operator": "City of Miami Beach Parking Department",
        "access": "public",
        "fee": "unknown",
        "charge": "unknown",
        "capacity": null,
        "confidence": 0.9,
        "last_verified_source": "City of Miami Beach Parking GIS",
        "source_url": "https://www.miamibeachfl.gov/city-hall/parking/",
        "api_url": "https://gis.miamibeachfl.gov/public/rest/services/mb/Parking/FeatureServer/1/query?where=1%3D1&outFields=*&f=geojson&outSR=4326&resultRecordCount=1000&resultOffset=0",
        "evidence_url": "https://gis.miamibeachfl.gov/public/rest/services/mb/Parking/FeatureServer/1/query?where=1%3D1&outFields=*&f=geojson&outSR=4326&resultRecordCount=1000&resultOffset=0",
        "data_as_of": "2026-06-12",
        "existence_status": "confirmed",
        "price_status": "known_unpriced",
        "rule_status": "partial",
        "enrichment_status": "needs_price",
        "payment_url": "",
        "booking_url": "",
        "raw_properties": {
          "OBJECTID": 26,
          "NUMBER": "LR12N01",
          "BRAND": "DPT",
          "ZONE": "4X",
          "STATUS": 5,
          "created_user": null,
          "created_date": null,
          "last_edited_user": null,
          "last_edited_date": null
        }
      }
    },
    {
      "type": "Feature",
      "id": 27,
      "geometry": {
        "type": "Point",
        "coordinates": [
          -80.14190394695841,
          25.79112873771846
        ]
      },
      "properties": {
        "OBJECTID": 27,
        "NUMBER": "P024002",
        "BRAND": "DPT",
        "ZONE": "P24",
        "STATUS": 5,
        "created_user": null,
        "created_date": null,
        "last_edited_user": null,
        "last_edited_date": null,
        "source_id": "miami-beach:arcgis:meters:27",
        "source_name": "City of Miami Beach Parking GIS",
        "name": "Parking Meters 27",
        "facility_type": "parking_zone",
        "city": "Miami Beach",
        "state": "FL",
        "operator": "City of Miami Beach Parking Department",
        "access": "public",
        "fee": "unknown",
        "charge": "unknown",
        "capacity": null,
        "confidence": 0.9,
        "last_verified_source": "City of Miami Beach Parking GIS",
        "source_url": "https://www.miamibeachfl.gov/city-hall/parking/",
        "api_url": "https://gis.miamibeachfl.gov/public/rest/services/mb/Parking/FeatureServer/1/query?where=1%3D1&outFields=*&f=geojson&outSR=4326&resultRecordCount=1000&resultOffset=0",
        "evidence_url": "https://gis.miamibeachfl.gov/public/rest/services/mb/Parking/FeatureServer/1/query?where=1%3D1&outFields=*&f=geojson&outSR=4326&resultRecordCount=1000&resultOffset=0",
        "data_as_of": "2026-06-12",
        "existence_status": "confirmed",
        "price_status": "known_unpriced",
        "rule_status": "partial",
        "enrichment_status": "needs_price",
        "payment_url": "",
        "booking_url": "",
        "raw_properties": {
          "OBJECTID": 27,
          "NUMBER": "P024002",
          "BRAND": "DPT",
          "ZONE": "P24",
          "STATUS": 5,
          "created_user": null,
          "created_date": null,
          "last_edited_user": null,
          "last_edited_date": null
        }
      }
    },
    {
      "type": "Feature",
      "id": 28,
      "geometry": {
        "type": "Point",
        "coordinates": [
          -80.14192089616795,
          25.791252369053552
        ]
      },
      "properties": {
        "OBJECTID": 28,
        "NUMBER": "P024003",
        "BRAND": "DPT",
        "ZONE": "P24",
        "STATUS": 5,
        "created_user": null,
        "created_date": null,
        "last_edited_user": null,
        "last_edited_date": null,
        "source_id": "miami-beach:arcgis:meters:28",
        "source_name": "City of Miami Beach Parking GIS",
        "name": "Parking Meters 28",
        "facility_type": "parking_zone",
        "city": "Miami Beach",
        "state": "FL",
        "operator": "City of Miami Beach Parking Department",
        "access": "public",
        "fee": "unknown",
        "charge": "unknown",
        "capacity": null,
        "confidence": 0.9,
        "last_verified_source": "City of Miami Beach Parking GIS",
        "source_url": "https://www.miamibeachfl.gov/city-hall/parking/",
        "api_url": "https://gis.miamibeachfl.gov/public/rest/services/mb/Parking/FeatureServer/1/query?where=1%3D1&outFields=*&f=geojson&outSR=4326&resultRecordCount=1000&resultOffset=0",
        "evidence_url": "https://gis.miamibeachfl.gov/public/rest/services/mb/Parking/FeatureServer/1/query?where=1%3D1&outFields=*&f=geojson&outSR=4326&resultRecordCount=1000&resultOffset=0",
        "data_as_of": "2026-06-12",
        "existence_status": "confirmed",
        "price_status": "known_unpriced",
        "rule_status": "partial",
        "enrichment_status": "needs_price",
        "payment_url": "",
        "booking_url": "",
        "raw_properties": {
          "OBJECTID": 28,
          "NUMBER": "P024003",
          "BRAND": "DPT",
          "ZONE": "P24",
          "STATUS": 5,
          "created_user": null,
          "created_date": null,
          "last_edited_user": null,
          "last_edited_date": null
        }
      }
    },
    {
      "type": "Feature",
      "id": 29,
      "geometry": {
        "type": "Point",
        "coordinates": [
          -80.1419138625059,
          25.791397786399425
        ]
      },
      "properties": {
        "OBJECTID": 29,
        "NUMBER": "P024005",
        "BRAND": "DPT",
        "ZONE": "P24",
        "STATUS": 5,
        "created_user": null,
        "created_date": null,
        "last_edited_user": null,
        "last_edited_date": null,
        "source_id": "miami-beach:arcgis:meters:29",
        "source_name": "City of Miami Beach Parking GIS",
        "name": "Parking Meters 29",
        "facility_type": "parking_zone",
        "city": "Miami Beach",
        "state": "FL",
        "operator": "City of Miami Beach Parking Department",
        "access": "public",
        "fee": "unknown",
        "charge": "unknown",
        "capacity": null,
        "confidence": 0.9,
        "last_verified_source": "City of Miami Beach Parking GIS",
        "source_url": "https://www.miamibeachfl.gov/city-hall/parking/",
        "api_url": "https://gis.miamibeachfl.gov/public/rest/services/mb/Parking/FeatureServer/1/query?where=1%3D1&outFields=*&f=geojson&outSR=4326&resultRecordCount=1000&resultOffset=0",
        "evidence_url": "https://gis.miamibeachfl.gov/public/rest/services/mb/Parking/FeatureServer/1/query?where=1%3D1&outFields=*&f=geojson&outSR=4326&resultRecordCount=1000&resultOffset=0",
        "data_as_of": "2026-06-12",
        "existence_status": "confirmed",
        "price_status": "known_unpriced",
        "rule_status": "partial",
        "enrichment_status": "needs_price",
        "payment_url": "",
        "booking_url": "",
        "raw_properties": {
          "OBJECTID": 29,
          "NUMBER": "P024005",
          "BRAND": "DPT",
          "ZONE": "P24",
          "STATUS": 5,
          "created_user": null,
          "created_date": null,
          "last_edited_user": null,
          "last_edited_date": null
        }
      }
    },
    {
      "type": "Feature",
      "id": 30,
      "geometry": {
        "type": "Point",
        "coordinates": [
          -80.14112765041675,
          25.791509138849534
        ]
      },
      "properties": {
        "OBJECTID": 30,
        "NUMBER": "AL16E03",
        "BRAND": "DPT",
        "ZONE": "4X",
        "STATUS": 5,
        "created_user": null,
        "created_date": null,
        "last_edited_user": null,
        "last_edited_date": null,
        "source_id": "miami-beach:arcgis:meters:30",
        "source_name": "City of Miami Beach Parking GIS",
        "name": "Parking Meters 30",
        "facility_type": "parking_zone",
        "city": "Miami Beach",
        "state": "FL",
        "operator": "City of Miami Beach Parking Department",
        "access": "public",
        "fee": "unknown",
        "charge": "unknown",
        "capacity": null,
        "confidence": 0.9,
        "last_verified_source": "City of Miami Beach Parking GIS",
        "source_url": "https://www.miamibeachfl.gov/city-hall/parking/",
        "api_url": "https://gis.miamibeachfl.gov/public/rest/services/mb/Parking/FeatureServer/1/query?where=1%3D1&outFields=*&f=geojson&outSR=4326&resultRecordCount=1000&resultOffset=0",
        "evidence_url": "https://gis.miamibeachfl.gov/public/rest/services/mb/Parking/FeatureServer/1/query?where=1%3D1&outFields=*&f=geojson&outSR=4326&resultRecordCount=1000&resultOffset=0",
        "data_as_of": "2026-06-12",
        "existence_status": "confirmed",
        "price_status": "known_unpriced",
        "rule_status": "partial",
        "enrichment_status": "needs_price",
        "payment_url": "",
        "booking_url": "",
        "raw_properties": {
          "OBJECTID": 30,
          "NUMBER": "AL16E03",
          "BRAND": "DPT",
          "ZONE": "4X",
          "STATUS": 5,
          "created_user": null,
          "created_date": null,
          "last_edited_user": null,
          "last_edited_date": null
        }
      }
    },
    {
      "type": "Feature",
      "id": 31,
      "geometry": {
        "type": "Point",
        "coordinates": [
          -80.14136628796085,
          25.79141045716754
        ]
      },
      "properties": {
        "OBJECTID": 31,
        "NUMBER": "AL16W06",
        "BRAND": "DPT",
        "ZONE": "4X",
        "STATUS": 5,
        "created_user": null,
        "created_date": null,
        "last_edited_user": null,
        "last_edited_date": null,
        "source_id": "miami-beach:arcgis:meters:31",
        "source_name": "City of Miami Beach Parking GIS",
        "name": "Parking Meters 31",
        "facility_type": "parking_zone",
        "city": "Miami Beach",
        "state": "FL",
        "operator": "City of Miami Beach Parking Department",
        "access": "public",
        "fee": "unknown",
        "charge": "unknown",
        "capacity": null,
        "confidence": 0.9,
        "last_verified_source": "City of Miami Beach Parking GIS",
        "source_url": "https://www.miamibeachfl.gov/city-hall/parking/",
        "api_url": "https://gis.miamibeachfl.gov/public/rest/services/mb/Parking/FeatureServer/1/query?where=1%3D1&outFields=*&f=geojson&outSR=4326&resultRecordCount=1000&resultOffset=0",
        "evidence_url": "https://gis.miamibeachfl.gov/public/rest/services/mb/Parking/FeatureServer/1/query?where=1%3D1&outFields=*&f=geojson&outSR=4326&resultRecordCount=1000&resultOffset=0",
        "data_as_of": "2026-06-12",
        "existence_status": "confirmed",
        "price_status": "known_unpriced",
        "rule_status": "partial",
        "enrichment_status": "needs_price",
        "payment_url": "",
        "booking_url": "",
        "raw_properties": {
          "OBJECTID": 31,
          "NUMBER": "AL16W06",
          "BRAND": "DPT",
          "ZONE": "4X",
          "STATUS": 5,
          "created_user": null,
          "created_date": null,
          "last_edited_user": null,
          "last_edited_date": null
        }
      }
    },
    {
      "type": "Feature",
      "id": 32,
      "geometry": {
        "type": "Point",
        "coordinates": [
          -80.14135795248444,
          25.790939090534494
        ]
      },
      "properties": {
        "OBJECTID": 32,
        "NUMBER": "AL16W04",
        "BRAND": "DPT",
        "ZONE": "4X",
        "STATUS": 5,
        "created_user": null,
        "created_date": null,
        "last_edited_user": null,
        "last_edited_date": null,
        "source_id": "miami-beach:arcgis:meters:32",
        "source_name": "City of Miami Beach Parking GIS",
        "name": "Parking Meters 32",
        "facility_type": "parking_zone",
        "city": "Miami Beach",
        "state": "FL",
        "operator": "City of Miami Beach Parking Department",
        "access": "public",
        "fee": "unknown",
        "charge": "unknown",
        "capacity": null,
        "confidence": 0.9,
        "last_verified_source": "City of Miami Beach Parking GIS",
        "source_url": "https://www.miamibeachfl.gov/city-hall/parking/",
        "api_url": "https://gis.miamibeachfl.gov/public/rest/services/mb/Parking/FeatureServer/1/query?where=1%3D1&outFields=*&f=geojson&outSR=4326&resultRecordCount=1000&resultOffset=0",
        "evidence_url": "https://gis.miamibeachfl.gov/public/rest/services/mb/Parking/FeatureServer/1/query?where=1%3D1&outFields=*&f=geojson&outSR=4326&resultRecordCount=1000&resultOffset=0",
        "data_as_of": "2026-06-12",
        "existence_status": "confirmed",
        "price_status": "known_unpriced",
        "rule_status": "partial",
        "enrichment_status": "needs_price",
        "payment_url": "",
        "booking_url": "",
        "raw_properties": {
          "OBJECTID": 32,
          "NUMBER": "AL16W04",
          "BRAND": "DPT",
          "ZONE": "4X",
          "STATUS": 5,
          "created_user": null,
          "created_date": null,
          "last_edited_user": null,
          "last_edited_date": null
        }
      }
    },
    {
      "type": "Feature",
      "id": 33,
      "geometry": {
        "type": "Point",
        "coordinates": [
          -80.13642136518496,
          25.76979897917456
        ]
      },
      "properties": {
        "OBJECTID": 33,
        "NUMBER": "0108S02",
        "BRAND": "DPT",
        "ZONE": "7X",
        "STATUS": 5,
        "created_user": null,
        "created_date": null,
        "last_edited_user": null,
        "last_edited_date": null,
        "source_id": "miami-beach:arcgis:meters:33",
        "source_name": "City of Miami Beach Parking GIS",
        "name": "Parking Meters 33",
        "facility_type": "parking_zone",
        "city": "Miami Beach",
        "state": "FL",
        "operator": "City of Miami Beach Parking Department",
        "access": "public",
        "fee": "unknown",
        "charge": "unknown",
        "capacity": null,
        "confidence": 0.9,
        "last_verified_source": "City of Miami Beach Parking GIS",
        "source_url": "https://www.miamibeachfl.gov/city-hall/parking/",
        "api_url": "https://gis.miamibeachfl.gov/public/rest/services/mb/Parking/FeatureServer/1/query?where=1%3D1&outFields=*&f=geojson&outSR=4326&resultRecordCount=1000&resultOffset=0",
        "evidence_url": "https://gis.miamibeachfl.gov/public/rest/services/mb/Parking/FeatureServer/1/query?where=1%3D1&outFields=*&f=geojson&outSR=4326&resultRecordCount=1000&resultOffset=0",
        "data_as_of": "2026-06-12",
        "existence_status": "confirmed",
        "price_status": "known_unpriced",
        "rule_status": "partial",
        "enrichment_status": "needs_price",
        "payment_url": "",
        "booking_url": "",
        "raw_properties": {
          "OBJECTID": 33,
          "NUMBER": "0108S02",
          "BRAND": "DPT",
          "ZONE": "7X",
          "STATUS": 5,
          "created_user": null,
          "created_date": null,
          "last_edited_user": null,
          "last_edited_date": null
        }
      }
    },
    {
      "type": "Feature",
      "id": 34,
      "geometry": {
        "type": "Point",
        "coordinates": [
          -80.13552845644838,
          25.76982672072959
        ]
      },
      "properties": {
        "OBJECTID": 34,
        "NUMBER": "0107S02",
        "BRAND": "DPT",
        "ZONE": "7X",
        "STATUS": 5,
        "created_user": null,
        "created_date": null,
        "last_edited_user": null,
        "last_edited_date": null,
        "source_id": "miami-beach:arcgis:meters:34",
        "source_name": "City of Miami Beach Parking GIS",
        "name": "Parking Meters 34",
        "facility_type": "parking_zone",
        "city": "Miami Beach",
        "state": "FL",
        "operator": "City of Miami Beach Parking Department",
        "access": "public",
        "fee": "unknown",
        "charge": "unknown",
        "capacity": null,
        "confidence": 0.9,
        "last_verified_source": "City of Miami Beach Parking GIS",
        "source_url": "https://www.miamibeachfl.gov/city-hall/parking/",
        "api_url": "https://gis.miamibeachfl.gov/public/rest/services/mb/Parking/FeatureServer/1/query?where=1%3D1&outFields=*&f=geojson&outSR=4326&resultRecordCount=1000&resultOffset=0",
        "evidence_url": "https://gis.miamibeachfl.gov/public/rest/services/mb/Parking/FeatureServer/1/query?where=1%3D1&outFields=*&f=geojson&outSR=4326&resultRecordCount=1000&resultOffset=0",
        "data_as_of": "2026-06-12",
        "existence_status": "confirmed",
        "price_status": "known_unpriced",
        "rule_status": "partial",
        "enrichment_status": "needs_price",
        "payment_url": "",
        "booking_url": "",
        "raw_properties": {
          "OBJECTID": 34,
          "NUMBER": "0107S02",
          "BRAND": "DPT",
          "ZONE": "7X",
          "STATUS": 5,
          "created_user": null,
          "created_date": null,
          "last_edited_user": null,
          "last_edited_date": null
        }
      }
    },
    {
      "type": "Feature",
      "id": 35,
      "geometry": {
        "type": "Point",
        "coordinates": [
          -80.13511430267117,
          25.77080450633679
        ]
      },
      "properties": {
        "OBJECTID": 35,
        "NUMBER": "WA01W04",
        "BRAND": "DPT",
        "ZONE": "7X",
        "STATUS": 5,
        "created_user": null,
        "created_date": null,
        "last_edited_user": null,
        "last_edited_date": null,
        "source_id": "miami-beach:arcgis:meters:35",
        "source_name": "City of Miami Beach Parking GIS",
        "name": "Parking Meters 35",
        "facility_type": "parking_zone",
        "city": "Miami Beach",
        "state": "FL",
        "operator": "City of Miami Beach Parking Department",
        "access": "public",
        "fee": "unknown",
        "charge": "unknown",
        "capacity": null,
        "confidence": 0.9,
        "last_verified_source": "City of Miami Beach Parking GIS",
        "source_url": "https://www.miamibeachfl.gov/city-hall/parking/",
        "api_url": "https://gis.miamibeachfl.gov/public/rest/services/mb/Parking/FeatureServer/1/query?where=1%3D1&outFields=*&f=geojson&outSR=4326&resultRecordCount=1000&resultOffset=0",
        "evidence_url": "https://gis.miamibeachfl.gov/public/rest/services/mb/Parking/FeatureServer/1/query?where=1%3D1&outFields=*&f=geojson&outSR=4326&resultRecordCount=1000&resultOffset=0",
        "data_as_of": "2026-06-12",
        "existence_status": "confirmed",
        "price_status": "known_unpriced",
        "rule_status": "partial",
        "enrichment_status": "needs_price",
        "payment_url": "",
        "booking_url": "",
        "raw_properties": {
          "OBJECTID": 35,
          "NUMBER": "WA01W04",
          "BRAND": "DPT",
          "ZONE": "7X",
          "STATUS": 5,
          "created_user": null,
          "created_date": null,
          "last_edited_user": null,
          "last_edited_date": null
        }
      }
    },
    {
      "type": "Feature",
      "id": 36,
      "geometry": {
        "type": "Point",
        "coordinates": [
          -80.13486701508872,
          25.771870745102955
        ]
      },
      "properties": {
        "OBJECTID": 36,
        "NUMBER": "WA02W02",
        "BRAND": "DPT",
        "ZONE": "7X",
        "STATUS": 5,
        "created_user": null,
        "created_date": null,
        "last_edited_user": null,
        "last_edited_date": null,
        "source_id": "miami-beach:arcgis:meters:36",
        "source_name": "City of Miami Beach Parking GIS",
        "name": "Parking Meters 36",
        "facility_type": "parking_zone",
        "city": "Miami Beach",
        "state": "FL",
        "operator": "City of Miami Beach Parking Department",
        "access": "public",
        "fee": "unknown",
        "charge": "unknown",
        "capacity": null,
        "confidence": 0.9,
        "last_verified_source": "City of Miami Beach Parking GIS",
        "source_url": "https://www.miamibeachfl.gov/city-hall/parking/",
        "api_url": "https://gis.miamibeachfl.gov/public/rest/services/mb/Parking/FeatureServer/1/query?where=1%3D1&outFields=*&f=geojson&outSR=4326&resultRecordCount=1000&resultOffset=0",
        "evidence_url": "https://gis.miamibeachfl.gov/public/rest/services/mb/Parking/FeatureServer/1/query?where=1%3D1&outFields=*&f=geojson&outSR=4326&resultRecordCount=1000&resultOffset=0",
        "data_as_of": "2026-06-12",
        "existence_status": "confirmed",
        "price_status": "known_unpriced",
        "rule_status": "partial",
        "enrichment_status": "needs_price",
        "payment_url": "",
        "booking_url": "",
        "raw_properties": {
          "OBJECTID": 36,
          "NUMBER": "WA02W02",
          "BRAND": "DPT",
          "ZONE": "7X",
          "STATUS": 5,
          "created_user": null,
          "created_date": null,
          "last_edited_user": null,
          "last_edited_date": null
        }
      }
    },
    {
      "type": "Feature",
      "id": 37,
      "geometry": {
        "type": "Point",
        "coordinates": [
          -80.13204425465413,
          25.77376108089213
        ]
      },
      "properties": {
        "OBJECTID": 37,
        "NUMBER": "OD04E01",
        "BRAND": "DPT",
        "ZONE": "7X",
        "STATUS": 5,
        "created_user": null,
        "created_date": null,
        "last_edited_user": null,
        "last_edited_date": null,
        "source_id": "miami-beach:arcgis:meters:37",
        "source_name": "City of Miami Beach Parking GIS",
        "name": "Parking Meters 37",
        "facility_type": "parking_zone",
        "city": "Miami Beach",
        "state": "FL",
        "operator": "City of Miami Beach Parking Department",
        "access": "public",
        "fee": "unknown",
        "charge": "unknown",
        "capacity": null,
        "confidence": 0.9,
        "last_verified_source": "City of Miami Beach Parking GIS",
        "source_url": "https://www.miamibeachfl.gov/city-hall/parking/",
        "api_url": "https://gis.miamibeachfl.gov/public/rest/services/mb/Parking/FeatureServer/1/query?where=1%3D1&outFields=*&f=geojson&outSR=4326&resultRecordCount=1000&resultOffset=0",
        "evidence_url": "https://gis.miamibeachfl.gov/public/rest/services/mb/Parking/FeatureServer/1/query?where=1%3D1&outFields=*&f=geojson&outSR=4326&resultRecordCount=1000&resultOffset=0",
        "data_as_of": "2026-06-12",
        "existence_status": "confirmed",
        "price_status": "known_unpriced",
        "rule_status": "partial",
        "enrichment_status": "needs_price",
        "payment_url": "",
        "booking_url": "",
        "raw_properties": {
          "OBJECTID": 37,
          "NUMBER": "OD04E01",
          "BRAND": "DPT",
          "ZONE": "7X",
          "STATUS": 5,
          "created_user": null,
          "created_date": null,
          "last_edited_user": null,
          "last_edited_date": null
        }
      }
    },
    {
      "type": "Feature",
      "id": 38,
      "geometry": {
        "type": "Point",
        "coordinates": [
          -80.13232049586271,
          25.772448755358546
        ]
      },
      "properties": {
        "OBJECTID": 38,
        "NUMBER": "OD03E01",
        "BRAND": "DPT",
        "ZONE": "7X",
        "STATUS": 5,
        "created_user": null,
        "created_date": null,
        "last_edited_user": null,
        "last_edited_date": null,
        "source_id": "miami-beach:arcgis:meters:38",
        "source_name": "City of Miami Beach Parking GIS",
        "name": "Parking Meters 38",
        "facility_type": "parking_zone",
        "city": "Miami Beach",
        "state": "FL",
        "operator": "City of Miami Beach Parking Department",
        "access": "public",
        "fee": "unknown",
        "charge": "unknown",
        "capacity": null,
        "confidence": 0.9,
        "last_verified_source": "City of Miami Beach Parking GIS",
        "source_url": "https://www.miamibeachfl.gov/city-hall/parking/",
        "api_url": "https://gis.miamibeachfl.gov/public/rest/services/mb/Parking/FeatureServer/1/query?where=1%3D1&outFields=*&f=geojson&outSR=4326&resultRecordCount=1000&resultOffset=0",
        "evidence_url": "https://gis.miamibeachfl.gov/public/rest/services/mb/Parking/FeatureServer/1/query?where=1%3D1&outFields=*&f=geojson&outSR=4326&resultRecordCount=1000&resultOffset=0",
        "data_as_of": "2026-06-12",
        "existence_status": "confirmed",
        "price_status": "known_unpriced",
        "rule_status": "partial",
        "enrichment_status": "needs_price",
        "payment_url": "",
        "booking_url": "",
        "raw_properties": {
          "OBJECTID": 38,
          "NUMBER": "OD03E01",
          "BRAND": "DPT",
          "ZONE": "7X",
          "STATUS": 5,
          "created_user": null,
          "created_date": null,
          "last_edited_user": null,
          "last_edited_date": null
        }
      }
    },
    {
      "type": "Feature",
      "id": 39,
      "geometry": {
        "type": "Point",
        "coordinates": [
          -80.13247391229464,
          25.771792697202695
        ]
      },
      "properties": {
        "OBJECTID": 39,
        "NUMBER": "OD02E03",
        "BRAND": "DPT",
        "ZONE": "7X",
        "STATUS": 5,
        "created_user": null,
        "created_date": null,
        "last_edited_user": null,
        "last_edited_date": null,
        "source_id": "miami-beach:arcgis:meters:39",
        "source_name": "City of Miami Beach Parking GIS",
        "name": "Parking Meters 39",
        "facility_type": "parking_zone",
        "city": "Miami Beach",
        "state": "FL",
        "operator": "City of Miami Beach Parking Department",
        "access": "public",
        "fee": "unknown",
        "charge": "unknown",
        "capacity": null,
        "confidence": 0.9,
        "last_verified_source": "City of Miami Beach Parking GIS",
        "source_url": "https://www.miamibeachfl.gov/city-hall/parking/",
        "api_url": "https://gis.miamibeachfl.gov/public/rest/services/mb/Parking/FeatureServer/1/query?where=1%3D1&outFields=*&f=geojson&outSR=4326&resultRecordCount=1000&resultOffset=0",
        "evidence_url": "https://gis.miamibeachfl.gov/public/rest/services/mb/Parking/FeatureServer/1/query?where=1%3D1&outFields=*&f=geojson&outSR=4326&resultRecordCount=1000&resultOffset=0",
        "data_as_of": "2026-06-12",
        "existence_status": "confirmed",
        "price_status": "known_unpriced",
        "rule_status": "partial",
        "enrichment_status": "needs_price",
        "payment_url": "",
        "booking_url": "",
        "raw_properties": {
          "OBJECTID": 39,
          "NUMBER": "OD02E03",
          "BRAND": "DPT",
          "ZONE": "7X",
          "STATUS": 5,
          "created_user": null,
          "created_date": null,
          "last_edited_user": null,
          "last_edited_date": null
        }
      }
    },
    {
      "type": "Feature",
      "id": 40,
      "geometry": {
        "type": "Point",
        "coordinates": [
          -80.1328511576334,
          25.77001433123396
        ]
      },
      "properties": {
        "OBJECTID": 40,
        "NUMBER": "OD01E01",
        "BRAND": "DPT",
        "ZONE": "7X",
        "STATUS": 5,
        "created_user": null,
        "created_date": null,
        "last_edited_user": null,
        "last_edited_date": null,
        "source_id": "miami-beach:arcgis:meters:40",
        "source_name": "City of Miami Beach Parking GIS",
        "name": "Parking Meters 40",
        "facility_type": "parking_zone",
        "city": "Miami Beach",
        "state": "FL",
        "operator": "City of Miami Beach Parking Department",
        "access": "public",
        "fee": "unknown",
        "charge": "unknown",
        "capacity": null,
        "confidence": 0.9,
        "last_verified_source": "City of Miami Beach Parking GIS",
        "source_url": "https://www.miamibeachfl.gov/city-hall/parking/",
        "api_url": "https://gis.miamibeachfl.gov/public/rest/services/mb/Parking/FeatureServer/1/query?where=1%3D1&outFields=*&f=geojson&outSR=4326&resultRecordCount=1000&resultOffset=0",
        "evidence_url": "https://gis.miamibeachfl.gov/public/rest/services/mb/Parking/FeatureServer/1/query?where=1%3D1&outFields=*&f=geojson&outSR=4326&resultRecordCount=1000&resultOffset=0",
        "data_as_of": "2026-06-12",
        "existence_status": "confirmed",
        "price_status": "known_unpriced",
        "rule_status": "partial",
        "enrichment_status": "needs_price",
        "payment_url": "",
        "booking_url": "",
        "raw_properties": {
          "OBJECTID": 40,
          "NUMBER": "OD01E01",
          "BRAND": "DPT",
          "ZONE": "7X",
          "STATUS": 5,
          "created_user": null,
          "created_date": null,
          "last_edited_user": null,
          "last_edited_date": null
        }
      }
    },
    {
      "type": "Feature",
      "id": 41,
      "geometry": {
        "type": "Point",
        "coordinates": [
          -80.13305066761544,
          25.7690855668526
        ]
      },
      "properties": {
        "OBJECTID": 41,
        "NUMBER": "OD00E01",
        "BRAND": "DPT",
        "ZONE": "7X",
        "STATUS": 5,
        "created_user": null,
        "created_date": null,
        "last_edited_user": null,
        "last_edited_date": null,
        "source_id": "miami-beach:arcgis:meters:41",
        "source_name": "City of Miami Beach Parking GIS",
        "name": "Parking Meters 41",
        "facility_type": "parking_zone",
        "city": "Miami Beach",
        "state": "FL",
        "operator": "City of Miami Beach Parking Department",
        "access": "public",
        "fee": "unknown",
        "charge": "unknown",
        "capacity": null,
        "confidence": 0.9,
        "last_verified_source": "City of Miami Beach Parking GIS",
        "source_url": "https://www.miamibeachfl.gov/city-hall/parking/",
        "api_url": "https://gis.miamibeachfl.gov/public/rest/services/mb/Parking/FeatureServer/1/query?where=1%3D1&outFields=*&f=geojson&outSR=4326&resultRecordCount=1000&resultOffset=0",
        "evidence_url": "https://gis.miamibeachfl.gov/public/rest/services/mb/Parking/FeatureServer/1/query?where=1%3D1&outFields=*&f=geojson&outSR=4326&resultRecordCount=1000&resultOffset=0",
        "data_as_of": "2026-06-12",
        "existence_status": "confirmed",
        "price_status": "known_unpriced",
        "rule_status": "partial",
        "enrichment_status": "needs_price",
        "payment_url": "",
        "booking_url": "",
        "raw_properties": {
          "OBJECTID": 41,
          "NUMBER": "OD00E01",
          "BRAND": "DPT",
          "ZONE": "7X",
          "STATUS": 5,
          "created_user": null,
          "created_date": null,
          "last_edited_user": null,
          "last_edited_date": null
        }
      }
    },
    {
      "type": "Feature",
      "id": 42,
      "geometry": {
        "type": "Point",
        "coordinates": [
          -80.13354566989639,
          25.770900823918957
        ]
      },
      "properties": {
        "OBJECTID": 42,
        "NUMBER": "0201S02",
        "BRAND": "DPT",
        "ZONE": "7X",
        "STATUS": 5,
        "created_user": null,
        "created_date": null,
        "last_edited_user": null,
        "last_edited_date": null,
        "source_id": "miami-beach:arcgis:meters:42",
        "source_name": "City of Miami Beach Parking GIS",
        "name": "Parking Meters 42",
        "facility_type": "parking_zone",
        "city": "Miami Beach",
        "state": "FL",
        "operator": "City of Miami Beach Parking Department",
        "access": "public",
        "fee": "unknown",
        "charge": "unknown",
        "capacity": null,
        "confidence": 0.9,
        "last_verified_source": "City of Miami Beach Parking GIS",
        "source_url": "https://www.miamibeachfl.gov/city-hall/parking/",
        "api_url": "https://gis.miamibeachfl.gov/public/rest/services/mb/Parking/FeatureServer/1/query?where=1%3D1&outFields=*&f=geojson&outSR=4326&resultRecordCount=1000&resultOffset=0",
        "evidence_url": "https://gis.miamibeachfl.gov/public/rest/services/mb/Parking/FeatureServer/1/query?where=1%3D1&outFields=*&f=geojson&outSR=4326&resultRecordCount=1000&resultOffset=0",
        "data_as_of": "2026-06-12",
        "existence_status": "confirmed",
        "price_status": "known_unpriced",
        "rule_status": "partial",
        "enrichment_status": "needs_price",
        "payment_url": "",
        "booking_url": "",
        "raw_properties": {
          "OBJECTID": 42,
          "NUMBER": "0201S02",
          "BRAND": "DPT",
          "ZONE": "7X",
          "STATUS": 5,
          "created_user": null,
          "created_date": null,
          "last_edited_user": null,
          "last_edited_date": null
        }
      }
    },
    {
      "type": "Feature",
      "id": 43,
      "geometry": {
        "type": "Point",
        "coordinates": [
          -80.13316852522028,
          25.77094741284591
        ]
      },
      "properties": {
        "OBJECTID": 43,
        "NUMBER": "0201N01",
        "BRAND": "DPT",
        "ZONE": "7X",
        "STATUS": 5,
        "created_user": null,
        "created_date": null,
        "last_edited_user": null,
        "last_edited_date": null,
        "source_id": "miami-beach:arcgis:meters:43",
        "source_name": "City of Miami Beach Parking GIS",
        "name": "Parking Meters 43",
        "facility_type": "parking_zone",
        "city": "Miami Beach",
        "state": "FL",
        "operator": "City of Miami Beach Parking Department",
        "access": "public",
        "fee": "unknown",
        "charge": "unknown",
        "capacity": null,
        "confidence": 0.9,
        "last_verified_source": "City of Miami Beach Parking GIS",
        "source_url": "https://www.miamibeachfl.gov/city-hall/parking/",
        "api_url": "https://gis.miamibeachfl.gov/public/rest/services/mb/Parking/FeatureServer/1/query?where=1%3D1&outFields=*&f=geojson&outSR=4326&resultRecordCount=1000&resultOffset=0",
        "evidence_url": "https://gis.miamibeachfl.gov/public/rest/services/mb/Parking/FeatureServer/1/query?where=1%3D1&outFields=*&f=geojson&outSR=4326&resultRecordCount=1000&resultOffset=0",
        "data_as_of": "2026-06-12",
        "existence_status": "confirmed",
        "price_status": "known_unpriced",
        "rule_status": "partial",
        "enrichment_status": "needs_price",
        "payment_url": "",
        "booking_url": "",
        "raw_properties": {
          "OBJECTID": 43,
          "NUMBER": "0201N01",
          "BRAND": "DPT",
          "ZONE": "7X",
          "STATUS": 5,
          "created_user": null,
          "created_date": null,
          "last_edited_user": null,
          "last_edited_date": null
        }
      }
    },
    {
      "type": "Feature",
      "id": 44,
      "geometry": {
        "type": "Point",
        "coordinates": [
          -80.13405908831953,
          25.770109453753783
        ]
      },
      "properties": {
        "OBJECTID": 44,
        "NUMBER": "CL01W02",
        "BRAND": "DPT",
        "ZONE": "7X",
        "STATUS": 5,
        "created_user": null,
        "created_date": null,
        "last_edited_user": null,
        "last_edited_date": null,
        "source_id": "miami-beach:arcgis:meters:44",
        "source_name": "City of Miami Beach Parking GIS",
        "name": "Parking Meters 44",
        "facility_type": "parking_zone",
        "city": "Miami Beach",
        "state": "FL",
        "operator": "City of Miami Beach Parking Department",
        "access": "public",
        "fee": "unknown",
        "charge": "unknown",
        "capacity": null,
        "confidence": 0.9,
        "last_verified_source": "City of Miami Beach Parking GIS",
        "source_url": "https://www.miamibeachfl.gov/city-hall/parking/",
        "api_url": "https://gis.miamibeachfl.gov/public/rest/services/mb/Parking/FeatureServer/1/query?where=1%3D1&outFields=*&f=geojson&outSR=4326&resultRecordCount=1000&resultOffset=0",
        "evidence_url": "https://gis.miamibeachfl.gov/public/rest/services/mb/Parking/FeatureServer/1/query?where=1%3D1&outFields=*&f=geojson&outSR=4326&resultRecordCount=1000&resultOffset=0",
        "data_as_of": "2026-06-12",
        "existence_status": "confirmed",
        "price_status": "known_unpriced",
        "rule_status": "partial",
        "enrichment_status": "needs_price",
        "payment_url": "",
        "booking_url": "",
        "raw_properties": {
          "OBJECTID": 44,
          "NUMBER": "CL01W02",
          "BRAND": "DPT",
          "ZONE": "7X",
          "STATUS": 5,
          "created_user": null,
          "created_date": null,
          "last_edited_user": null,
          "last_edited_date": null
        }
      }
    },
    {
      "type": "Feature",
      "id": 45,
      "geometry": {
        "type": "Point",
        "coordinates": [
          -80.13375636052136,
          25.77145326530156
        ]
      },
      "properties": {
        "OBJECTID": 45,
        "NUMBER": "CL02W02",
        "BRAND": "DPT",
        "ZONE": "7X",
        "STATUS": 5,
        "created_user": null,
        "created_date": null,
        "last_edited_user": null,
        "last_edited_date": null,
        "source_id": "miami-beach:arcgis:meters:45",
        "source_name": "City of Miami Beach Parking GIS",
        "name": "Parking Meters 45",
        "facility_type": "parking_zone",
        "city": "Miami Beach",
        "state": "FL",
        "operator": "City of Miami Beach Parking Department",
        "access": "public",
        "fee": "unknown",
        "charge": "unknown",
        "capacity": null,
        "confidence": 0.9,
        "last_verified_source": "City of Miami Beach Parking GIS",
        "source_url": "https://www.miamibeachfl.gov/city-hall/parking/",
        "api_url": "https://gis.miamibeachfl.gov/public/rest/services/mb/Parking/FeatureServer/1/query?where=1%3D1&outFields=*&f=geojson&outSR=4326&resultRecordCount=1000&resultOffset=0",
        "evidence_url": "https://gis.miamibeachfl.gov/public/rest/services/mb/Parking/FeatureServer/1/query?where=1%3D1&outFields=*&f=geojson&outSR=4326&resultRecordCount=1000&resultOffset=0",
        "data_as_of": "2026-06-12",
        "existence_status": "confirmed",
        "price_status": "known_unpriced",
        "rule_status": "partial",
        "enrichment_status": "needs_price",
        "payment_url": "",
        "booking_url": "",
        "raw_properties": {
          "OBJECTID": 45,
          "NUMBER": "CL02W02",
          "BRAND": "DPT",
          "ZONE": "7X",
          "STATUS": 5,
          "created_user": null,
          "created_date": null,
          "last_edited_user": null,
          "last_edited_date": null
        }
      }
    },
    {
      "type": "Feature",
      "id": 46,
      "geometry": {
        "type": "Point",
        "coordinates": [
          -80.13364690877899,
          25.77196013838184
        ]
      },
      "properties": {
        "OBJECTID": 46,
        "NUMBER": "CL02W04",
        "BRAND": "DPT",
        "ZONE": "7X",
        "STATUS": 5,
        "created_user": null,
        "created_date": null,
        "last_edited_user": null,
        "last_edited_date": null,
        "source_id": "miami-beach:arcgis:meters:46",
        "source_name": "City of Miami Beach Parking GIS",
        "name": "Parking Meters 46",
        "facility_type": "parking_zone",
        "city": "Miami Beach",
        "state": "FL",
        "operator": "City of Miami Beach Parking Department",
        "access": "public",
        "fee": "unknown",
        "charge": "unknown",
        "capacity": null,
        "confidence": 0.9,
        "last_verified_source": "City of Miami Beach Parking GIS",
        "source_url": "https://www.miamibeachfl.gov/city-hall/parking/",
        "api_url": "https://gis.miamibeachfl.gov/public/rest/services/mb/Parking/FeatureServer/1/query?where=1%3D1&outFields=*&f=geojson&outSR=4326&resultRecordCount=1000&resultOffset=0",
        "evidence_url": "https://gis.miamibeachfl.gov/public/rest/services/mb/Parking/FeatureServer/1/query?where=1%3D1&outFields=*&f=geojson&outSR=4326&resultRecordCount=1000&resultOffset=0",
        "data_as_of": "2026-06-12",
        "existence_status": "confirmed",
        "price_status": "known_unpriced",
        "rule_status": "partial",
        "enrichment_status": "needs_price",
        "payment_url": "",
        "booking_url": "",
        "raw_properties": {
          "OBJECTID": 46,
          "NUMBER": "CL02W04",
          "BRAND": "DPT",
          "ZONE": "7X",
          "STATUS": 5,
          "created_user": null,
          "created_date": null,
          "last_edited_user": null,
          "last_edited_date": null
        }
      }
    },
    {
      "type": "Feature",
      "id": 47,
      "geometry": {
        "type": "Point",
        "coordinates": [
          -80.13348263576876,
          25.772693581147752
        ]
      },
      "properties": {
        "OBJECTID": 47,
        "NUMBER": "CL03W02",
        "BRAND": "DPT",
        "ZONE": "7X",
        "STATUS": 5,
        "created_user": null,
        "created_date": null,
        "last_edited_user": null,
        "last_edited_date": null,
        "source_id": "miami-beach:arcgis:meters:47",
        "source_name": "City of Miami Beach Parking GIS",
        "name": "Parking Meters 47",
        "facility_type": "parking_zone",
        "city": "Miami Beach",
        "state": "FL",
        "operator": "City of Miami Beach Parking Department",
        "access": "public",
        "fee": "unknown",
        "charge": "unknown",
        "capacity": null,
        "confidence": 0.9,
        "last_verified_source": "City of Miami Beach Parking GIS",
        "source_url": "https://www.miamibeachfl.gov/city-hall/parking/",
        "api_url": "https://gis.miamibeachfl.gov/public/rest/services/mb/Parking/FeatureServer/1/query?where=1%3D1&outFields=*&f=geojson&outSR=4326&resultRecordCount=1000&resultOffset=0",
        "evidence_url": "https://gis.miamibeachfl.gov/public/rest/services/mb/Parking/FeatureServer/1/query?where=1%3D1&outFields=*&f=geojson&outSR=4326&resultRecordCount=1000&resultOffset=0",
        "data_as_of": "2026-06-12",
        "existence_status": "confirmed",
        "price_status": "known_unpriced",
        "rule_status": "partial",
        "enrichment_status": "needs_price",
        "payment_url": "",
        "booking_url": "",
        "raw_properties": {
          "OBJECTID": 47,
          "NUMBER": "CL03W02",
          "BRAND": "DPT",
          "ZONE": "7X",
          "STATUS": 5,
          "created_user": null,
          "created_date": null,
          "last_edited_user": null,
          "last_edited_date": null
        }
      }
    },
    {
      "type": "Feature",
      "id": 48,
      "geometry": {
        "type": "Point",
        "coordinates": [
          -80.13340469871741,
          25.773069791753684
        ]
      },
      "properties": {
        "OBJECTID": 48,
        "NUMBER": "CL03W04",
        "BRAND": "DPT",
        "ZONE": "7X",
        "STATUS": 5,
        "created_user": null,
        "created_date": null,
        "last_edited_user": null,
        "last_edited_date": null,
        "source_id": "miami-beach:arcgis:meters:48",
        "source_name": "City of Miami Beach Parking GIS",
        "name": "Parking Meters 48",
        "facility_type": "parking_zone",
        "city": "Miami Beach",
        "state": "FL",
        "operator": "City of Miami Beach Parking Department",
        "access": "public",
        "fee": "unknown",
        "charge": "unknown",
        "capacity": null,
        "confidence": 0.9,
        "last_verified_source": "City of Miami Beach Parking GIS",
        "source_url": "https://www.miamibeachfl.gov/city-hall/parking/",
        "api_url": "https://gis.miamibeachfl.gov/public/rest/services/mb/Parking/FeatureServer/1/query?where=1%3D1&outFields=*&f=geojson&outSR=4326&resultRecordCount=1000&resultOffset=0",
        "evidence_url": "https://gis.miamibeachfl.gov/public/rest/services/mb/Parking/FeatureServer/1/query?where=1%3D1&outFields=*&f=geojson&outSR=4326&resultRecordCount=1000&resultOffset=0",
        "data_as_of": "2026-06-12",
        "existence_status": "confirmed",
        "price_status": "known_unpriced",
        "rule_status": "partial",
        "enrichment_status": "needs_price",
        "payment_url": "",
        "booking_url": "",
        "raw_properties": {
          "OBJECTID": 48,
          "NUMBER": "CL03W04",
          "BRAND": "DPT",
          "ZONE": "7X",
          "STATUS": 5,
          "created_user": null,
          "created_date": null,
          "last_edited_user": null,
          "last_edited_date": null
        }
      }
    },
    {
      "type": "Feature",
      "id": 49,
      "geometry": {
        "type": "Point",
        "coordinates": [
          -80.13321477714219,
          25.77388682957701
        ]
      },
      "properties": {
        "OBJECTID": 49,
        "NUMBER": "CL04W02",
        "BRAND": "DPT",
        "ZONE": "7X",
        "STATUS": 5,
        "created_user": null,
        "created_date": null,
        "last_edited_user": null,
        "last_edited_date": null,
        "source_id": "miami-beach:arcgis:meters:49",
        "source_name": "City of Miami Beach Parking GIS",
        "name": "Parking Meters 49",
        "facility_type": "parking_zone",
        "city": "Miami Beach",
        "state": "FL",
        "operator": "City of Miami Beach Parking Department",
        "access": "public",
        "fee": "unknown",
        "charge": "unknown",
        "capacity": null,
        "confidence": 0.9,
        "last_verified_source": "City of Miami Beach Parking GIS",
        "source_url": "https://www.miamibeachfl.gov/city-hall/parking/",
        "api_url": "https://gis.miamibeachfl.gov/public/rest/services/mb/Parking/FeatureServer/1/query?where=1%3D1&outFields=*&f=geojson&outSR=4326&resultRecordCount=1000&resultOffset=0",
        "evidence_url": "https://gis.miamibeachfl.gov/public/rest/services/mb/Parking/FeatureServer/1/query?where=1%3D1&outFields=*&f=geojson&outSR=4326&resultRecordCount=1000&resultOffset=0",
        "data_as_of": "2026-06-12",
        "existence_status": "confirmed",
        "price_status": "known_unpriced",
        "rule_status": "partial",
        "enrichment_status": "needs_price",
        "payment_url": "",
        "booking_url": "",
        "raw_properties": {
          "OBJECTID": 49,
          "NUMBER": "CL04W02",
          "BRAND": "DPT",
          "ZONE": "7X",
          "STATUS": 5,
          "created_user": null,
          "created_date": null,
          "last_edited_user": null,
          "last_edited_date": null
        }
      }
    },
    {
      "type": "Feature",
      "id": 50,
      "geometry": {
        "type": "Point",
        "coordinates": [
          -80.13314657664583,
          25.774261006992976
        ]
      },
      "properties": {
        "OBJECTID": 50,
        "NUMBER": null,
        "BRAND": null,
        "ZONE": null,
        "STATUS": 5,
        "created_user": null,
        "created_date": null,
        "last_edited_user": null,
        "last_edited_date": null,
        "source_id": "miami-beach:arcgis:meters:50",
        "source_name": "City of Miami Beach Parking GIS",
        "name": "Parking Meters 50",
        "facility_type": "parking_zone",
        "city": "Miami Beach",
        "state": "FL",
        "operator": "City of Miami Beach Parking Department",
        "access": "public",
        "fee": "unknown",
        "charge": "unknown",
        "capacity": null,
        "confidence": 0.9,
        "last_verified_source": "City of Miami Beach Parking GIS",
        "source_url": "https://www.miamibeachfl.gov/city-hall/parking/",
        "api_url": "https://gis.miamibeachfl.gov/public/rest/services/mb/Parking/FeatureServer/1/query?where=1%3D1&outFields=*&f=geojson&outSR=4326&resultRecordCount=1000&resultOffset=0",
        "evidence_url": "https://gis.miamibeachfl.gov/public/rest/services/mb/Parking/FeatureServer/1/query?where=1%3D1&outFields=*&f=geojson&outSR=4326&resultRecordCount=1000&resultOffset=0",
        "data_as_of": "2026-06-12",
        "existence_status": "confirmed",
        "price_status": "known_unpriced",
        "rule_status": "partial",
        "enrichment_status": "needs_price",
        "payment_url": "",
        "booking_url": "",
        "raw_properties": {
          "OBJECTID": 50,
          "NUMBER": null,
          "BRAND": null,
          "ZONE": null,
          "STATUS": 5,
          "created_user": null,
          "created_date": null,
          "last_edited_user": null,
          "last_edited_date": null
        }
      }
    },
    {
      "type": "Feature",
      "id": 51,
      "geometry": {
        "type": "Point",
        "coordinates": [
          -80.13261203317093,
          25.77337821732426
        ]
      },
      "properties": {
        "OBJECTID": 51,
        "NUMBER": "0401N01",
        "BRAND": "DPT",
        "ZONE": "7X",
        "STATUS": 5,
        "created_user": null,
        "created_date": null,
        "last_edited_user": null,
        "last_edited_date": null,
        "source_id": "miami-beach:arcgis:meters:51",
        "source_name": "City of Miami Beach Parking GIS",
        "name": "Parking Meters 51",
        "facility_type": "parking_zone",
        "city": "Miami Beach",
        "state": "FL",
        "operator": "City of Miami Beach Parking Department",
        "access": "public",
        "fee": "unknown",
        "charge": "unknown",
        "capacity": null,
        "confidence": 0.9,
        "last_verified_source": "City of Miami Beach Parking GIS",
        "source_url": "https://www.miamibeachfl.gov/city-hall/parking/",
        "api_url": "https://gis.miamibeachfl.gov/public/rest/services/mb/Parking/FeatureServer/1/query?where=1%3D1&outFields=*&f=geojson&outSR=4326&resultRecordCount=1000&resultOffset=0",
        "evidence_url": "https://gis.miamibeachfl.gov/public/rest/services/mb/Parking/FeatureServer/1/query?where=1%3D1&outFields=*&f=geojson&outSR=4326&resultRecordCount=1000&resultOffset=0",
        "data_as_of": "2026-06-12",
        "existence_status": "confirmed",
        "price_status": "known_unpriced",
        "rule_status": "partial",
        "enrichment_status": "needs_price",
        "payment_url": "",
        "booking_url": "",
        "raw_properties": {
          "OBJECTID": 51,
          "NUMBER": "0401N01",
          "BRAND": "DPT",
          "ZONE": "7X",
          "STATUS": 5,
          "created_user": null,
          "created_date": null,
          "last_edited_user": null,
          "last_edited_date": null
        }
      }
    },
    {
      "type": "Feature",
      "id": 52,
      "geometry": {
        "type": "Point",
        "coordinates": [
          -80.13293485152701,
          25.773340605576678
        ]
      },
      "properties": {
        "OBJECTID": 52,
        "NUMBER": "0401S02",
        "BRAND": "DPT",
        "ZONE": "7X",
        "STATUS": 5,
        "created_user": null,
        "created_date": null,
        "last_edited_user": null,
        "last_edited_date": null,
        "source_id": "miami-beach:arcgis:meters:52",
        "source_name": "City of Miami Beach Parking GIS",
        "name": "Parking Meters 52",
        "facility_type": "parking_zone",
        "city": "Miami Beach",
        "state": "FL",
        "operator": "City of Miami Beach Parking Department",
        "access": "public",
        "fee": "unknown",
        "charge": "unknown",
        "capacity": null,
        "confidence": 0.9,
        "last_verified_source": "City of Miami Beach Parking GIS",
        "source_url": "https://www.miamibeachfl.gov/city-hall/parking/",
        "api_url": "https://gis.miamibeachfl.gov/public/rest/services/mb/Parking/FeatureServer/1/query?where=1%3D1&outFields=*&f=geojson&outSR=4326&resultRecordCount=1000&resultOffset=0",
        "evidence_url": "https://gis.miamibeachfl.gov/public/rest/services/mb/Parking/FeatureServer/1/query?where=1%3D1&outFields=*&f=geojson&outSR=4326&resultRecordCount=1000&resultOffset=0",
        "data_as_of": "2026-06-12",
        "existence_status": "confirmed",
        "price_status": "known_unpriced",
        "rule_status": "partial",
        "enrichment_status": "needs_price",
        "payment_url": "",
        "booking_url": "",
        "raw_properties": {
          "OBJECTID": 52,
          "NUMBER": "0401S02",
          "BRAND": "DPT",
          "ZONE": "7X",
          "STATUS": 5,
          "created_user": null,
          "created_date": null,
          "last_edited_user": null,
          "last_edited_date": null
        }
      }
    },
    {
      "type": "Feature",
      "id": 53,
      "geometry": {
        "type": "Point",
        "coordinates": [
          -80.13313853541257,
          25.772109998441778
        ]
      },
      "properties": {
        "OBJECTID": 53,
        "NUMBER": "0301S02",
        "BRAND": "DPT",
        "ZONE": "7X",
        "STATUS": 5,
        "created_user": null,
        "created_date": null,
        "last_edited_user": null,
        "last_edited_date": null,
        "source_id": "miami-beach:arcgis:meters:53",
        "source_name": "City of Miami Beach Parking GIS",
        "name": "Parking Meters 53",
        "facility_type": "parking_zone",
        "city": "Miami Beach",
        "state": "FL",
        "operator": "City of Miami Beach Parking Department",
        "access": "public",
        "fee": "unknown",
        "charge": "unknown",
        "capacity": null,
        "confidence": 0.9,
        "last_verified_source": "City of Miami Beach Parking GIS",
        "source_url": "https://www.miamibeachfl.gov/city-hall/parking/",
        "api_url": "https://gis.miamibeachfl.gov/public/rest/services/mb/Parking/FeatureServer/1/query?where=1%3D1&outFields=*&f=geojson&outSR=4326&resultRecordCount=1000&resultOffset=0",
        "evidence_url": "https://gis.miamibeachfl.gov/public/rest/services/mb/Parking/FeatureServer/1/query?where=1%3D1&outFields=*&f=geojson&outSR=4326&resultRecordCount=1000&resultOffset=0",
        "data_as_of": "2026-06-12",
        "existence_status": "confirmed",
        "price_status": "known_unpriced",
        "rule_status": "partial",
        "enrichment_status": "needs_price",
        "payment_url": "",
        "booking_url": "",
        "raw_properties": {
          "OBJECTID": 53,
          "NUMBER": "0301S02",
          "BRAND": "DPT",
          "ZONE": "7X",
          "STATUS": 5,
          "created_user": null,
          "created_date": null,
          "last_edited_user": null,
          "last_edited_date": null
        }
      }
    },
    {
      "type": "Feature",
      "id": 54,
      "geometry": {
        "type": "Point",
        "coordinates": [
          -80.13548224119643,
          25.767033531773606
        ]
      },
      "properties": {
        "OBJECTID": 54,
        "NUMBER": "P001003",
        "BRAND": "DPT",
        "ZONE": "P1",
        "STATUS": 5,
        "created_user": null,
        "created_date": null,
        "last_edited_user": null,
        "last_edited_date": null,
        "source_id": "miami-beach:arcgis:meters:54",
        "source_name": "City of Miami Beach Parking GIS",
        "name": "Parking Meters 54",
        "facility_type": "parking_zone",
        "city": "Miami Beach",
        "state": "FL",
        "operator": "City of Miami Beach Parking Department",
        "access": "public",
        "fee": "unknown",
        "charge": "unknown",
        "capacity": null,
        "confidence": 0.9,
        "last_verified_source": "City of Miami Beach Parking GIS",
        "source_url": "https://www.miamibeachfl.gov/city-hall/parking/",
        "api_url": "https://gis.miamibeachfl.gov/public/rest/services/mb/Parking/FeatureServer/1/query?where=1%3D1&outFields=*&f=geojson&outSR=4326&resultRecordCount=1000&resultOffset=0",
        "evidence_url": "https://gis.miamibeachfl.gov/public/rest/services/mb/Parking/FeatureServer/1/query?where=1%3D1&outFields=*&f=geojson&outSR=4326&resultRecordCount=1000&resultOffset=0",
        "data_as_of": "2026-06-12",
        "existence_status": "confirmed",
        "price_status": "known_unpriced",
        "rule_status": "partial",
        "enrichment_status": "needs_price",
        "payment_url": "",
        "booking_url": "",
        "raw_properties": {
          "OBJECTID": 54,
          "NUMBER": "P001003",
          "BRAND": "DPT",
          "ZONE": "P1",
          "STATUS": 5,
          "created_user": null,
          "created_date": null,
          "last_edited_user": null,
          "last_edited_date": null
        }
      }
    },
    {
      "type": "Feature",
      "id": 55,
      "geometry": {
        "type": "Point",
        "coordinates": [
          -80.13540758079436,
          25.767348960536665
        ]
      },
      "properties": {
        "OBJECTID": 55,
        "NUMBER": null,
        "BRAND": null,
        "ZONE": null,
        "STATUS": 5,
        "created_user": null,
        "created_date": null,
        "last_edited_user": null,
        "last_edited_date": null,
        "source_id": "miami-beach:arcgis:meters:55",
        "source_name": "City of Miami Beach Parking GIS",
        "name": "Parking Meters 55",
        "facility_type": "parking_zone",
        "city": "Miami Beach",
        "state": "FL",
        "operator": "City of Miami Beach Parking Department",
        "access": "public",
        "fee": "unknown",
        "charge": "unknown",
        "capacity": null,
        "confidence": 0.9,
        "last_verified_source": "City of Miami Beach Parking GIS",
        "source_url": "https://www.miamibeachfl.gov/city-hall/parking/",
        "api_url": "https://gis.miamibeachfl.gov/public/rest/services/mb/Parking/FeatureServer/1/query?where=1%3D1&outFields=*&f=geojson&outSR=4326&resultRecordCount=1000&resultOffset=0",
        "evidence_url": "https://gis.miamibeachfl.gov/public/rest/services/mb/Parking/FeatureServer/1/query?where=1%3D1&outFields=*&f=geojson&outSR=4326&resultRecordCount=1000&resultOffset=0",
        "data_as_of": "2026-06-12",
        "existence_status": "confirmed",
        "price_status": "known_unpriced",
        "rule_status": "partial",
        "enrichment_status": "needs_price",
        "payment_url": "",
        "booking_url": "",
        "raw_properties": {
          "OBJECTID": 55,
          "NUMBER": null,
          "BRAND": null,
          "ZONE": null,
          "STATUS": 5,
          "created_user": null,
          "created_date": null,
          "last_edited_user": null,
          "last_edited_date": null
        }
      }
    },
    {
      "type": "Feature",
      "id": 56,
      "geometry": {
        "type": "Point",
        "coordinates": [
          -80.13269124755733,
          25.768253618175343
        ]
      },
      "properties": {
        "OBJECTID": 56,
        "NUMBER": "SP00S02",
        "BRAND": "DPT",
        "ZONE": "7X",
        "STATUS": 5,
        "created_user": null,
        "created_date": null,
        "last_edited_user": null,
        "last_edited_date": null,
        "source_id": "miami-beach:arcgis:meters:56",
        "source_name": "City of Miami Beach Parking GIS",
        "name": "Parking Meters 56",
        "facility_type": "parking_zone",
        "city": "Miami Beach",
        "state": "FL",
        "operator": "City of Miami Beach Parking Department",
        "access": "public",
        "fee": "unknown",
        "charge": "unknown",
        "capacity": null,
        "confidence": 0.9,
        "last_verified_source": "City of Miami Beach Parking GIS",
        "source_url": "https://www.miamibeachfl.gov/city-hall/parking/",
        "api_url": "https://gis.miamibeachfl.gov/public/rest/services/mb/Parking/FeatureServer/1/query?where=1%3D1&outFields=*&f=geojson&outSR=4326&resultRecordCount=1000&resultOffset=0",
        "evidence_url": "https://gis.miamibeachfl.gov/public/rest/services/mb/Parking/FeatureServer/1/query?where=1%3D1&outFields=*&f=geojson&outSR=4326&resultRecordCount=1000&resultOffset=0",
        "data_as_of": "2026-06-12",
        "existence_status": "confirmed",
        "price_status": "known_unpriced",
        "rule_status": "partial",
        "enrichment_status": "needs_price",
        "payment_url": "",
        "booking_url": "",
        "raw_properties": {
          "OBJECTID": 56,
          "NUMBER": "SP00S02",
          "BRAND": "DPT",
          "ZONE": "7X",
          "STATUS": 5,
          "created_user": null,
          "created_date": null,
          "last_edited_user": null,
          "last_edited_date": null
        }
      }
    },
    {
      "type": "Feature",
      "id": 57,
      "geometry": {
        "type": "Point",
        "coordinates": [
          -80.13282100396826,
          25.78133114239909
        ]
      },
      "properties": {
        "OBJECTID": 57,
        "NUMBER": "WA10W02",
        "BRAND": "DPT",
        "ZONE": "2X",
        "STATUS": 5,
        "created_user": null,
        "created_date": null,
        "last_edited_user": null,
        "last_edited_date": null,
        "source_id": "miami-beach:arcgis:meters:57",
        "source_name": "City of Miami Beach Parking GIS",
        "name": "Parking Meters 57",
        "facility_type": "parking_zone",
        "city": "Miami Beach",
        "state": "FL",
        "operator": "City of Miami Beach Parking Department",
        "access": "public",
        "fee": "unknown",
        "charge": "unknown",
        "capacity": null,
        "confidence": 0.9,
        "last_verified_source": "City of Miami Beach Parking GIS",
        "source_url": "https://www.miamibeachfl.gov/city-hall/parking/",
        "api_url": "https://gis.miamibeachfl.gov/public/rest/services/mb/Parking/FeatureServer/1/query?where=1%3D1&outFields=*&f=geojson&outSR=4326&resultRecordCount=1000&resultOffset=0",
        "evidence_url": "https://gis.miamibeachfl.gov/public/rest/services/mb/Parking/FeatureServer/1/query?where=1%3D1&outFields=*&f=geojson&outSR=4326&resultRecordCount=1000&resultOffset=0",
        "data_as_of": "2026-06-12",
        "existence_status": "confirmed",
        "price_status": "known_unpriced",
        "rule_status": "partial",
        "enrichment_status": "needs_price",
        "payment_url": "",
        "booking_url": "",
        "raw_properties": {
          "OBJECTID": 57,
          "NUMBER": "WA10W02",
          "BRAND": "DPT",
          "ZONE": "2X",
          "STATUS": 5,
          "created_user": null,
          "created_date": null,
          "last_edited_user": null,
          "last_edited_date": null
        }
      }
    },
    {
      "type": "Feature",
      "id": 58,
      "geometry": {
        "type": "Point",
        "coordinates": [
          -80.1330823652639,
          25.780165370130742
        ]
      },
      "properties": {
        "OBJECTID": 58,
        "NUMBER": "WA09W02",
        "BRAND": "DPT",
        "ZONE": "2X",
        "STATUS": 5,
        "created_user": null,
        "created_date": null,
        "last_edited_user": null,
        "last_edited_date": null,
        "source_id": "miami-beach:arcgis:meters:58",
        "source_name": "City of Miami Beach Parking GIS",
        "name": "Parking Meters 58",
        "facility_type": "parking_zone",
        "city": "Miami Beach",
        "state": "FL",
        "operator": "City of Miami Beach Parking Department",
        "access": "public",
        "fee": "unknown",
        "charge": "unknown",
        "capacity": null,
        "confidence": 0.9,
        "last_verified_source": "City of Miami Beach Parking GIS",
        "source_url": "https://www.miamibeachfl.gov/city-hall/parking/",
        "api_url": "https://gis.miamibeachfl.gov/public/rest/services/mb/Parking/FeatureServer/1/query?where=1%3D1&outFields=*&f=geojson&outSR=4326&resultRecordCount=1000&resultOffset=0",
        "evidence_url": "https://gis.miamibeachfl.gov/public/rest/services/mb/Parking/FeatureServer/1/query?where=1%3D1&outFields=*&f=geojson&outSR=4326&resultRecordCount=1000&resultOffset=0",
        "data_as_of": "2026-06-12",
        "existence_status": "confirmed",
        "price_status": "known_unpriced",
        "rule_status": "partial",
        "enrichment_status": "needs_price",
        "payment_url": "",
        "booking_url": "",
        "raw_properties": {
          "OBJECTID": 58,
          "NUMBER": "WA09W02",
          "BRAND": "DPT",
          "ZONE": "2X",
          "STATUS": 5,
          "created_user": null,
          "created_date": null,
          "last_edited_user": null,
          "last_edited_date": null
        }
      }
    },
    {
      "type": "Feature",
      "id": 59,
      "geometry": {
        "type": "Point",
        "coordinates": [
          -80.13389561756266,
          25.77645466989057
        ]
      },
      "properties": {
        "OBJECTID": 59,
        "NUMBER": "WA06W02",
        "BRAND": "DPT",
        "ZONE": "2X",
        "STATUS": 5,
        "created_user": null,
        "created_date": null,
        "last_edited_user": null,
        "last_edited_date": null,
        "source_id": "miami-beach:arcgis:meters:59",
        "source_name": "City of Miami Beach Parking GIS",
        "name": "Parking Meters 59",
        "facility_type": "parking_zone",
        "city": "Miami Beach",
        "state": "FL",
        "operator": "City of Miami Beach Parking Department",
        "access": "public",
        "fee": "unknown",
        "charge": "unknown",
        "capacity": null,
        "confidence": 0.9,
        "last_verified_source": "City of Miami Beach Parking GIS",
        "source_url": "https://www.miamibeachfl.gov/city-hall/parking/",
        "api_url": "https://gis.miamibeachfl.gov/public/rest/services/mb/Parking/FeatureServer/1/query?where=1%3D1&outFields=*&f=geojson&outSR=4326&resultRecordCount=1000&resultOffset=0",
        "evidence_url": "https://gis.miamibeachfl.gov/public/rest/services/mb/Parking/FeatureServer/1/query?where=1%3D1&outFields=*&f=geojson&outSR=4326&resultRecordCount=1000&resultOffset=0",
        "data_as_of": "2026-06-12",
        "existence_status": "confirmed",
        "price_status": "known_unpriced",
        "rule_status": "partial",
        "enrichment_status": "needs_price",
        "payment_url": "",
        "booking_url": "",
        "raw_properties": {
          "OBJECTID": 59,
          "NUMBER": "WA06W02",
          "BRAND": "DPT",
          "ZONE": "2X",
          "STATUS": 5,
          "created_user": null,
          "created_date": null,
          "last_edited_user": null,
          "last_edited_date": null
        }
      }
    },
    {
      "type": "Feature",
      "id": 60,
      "geometry": {
        "type": "Point",
        "coordinates": [
          -80.13409629983742,
          25.775419410744973
        ]
      },
      "properties": {
        "OBJECTID": 60,
        "NUMBER": "WA06W02",
        "BRAND": "DPT",
        "ZONE": "2X",
        "STATUS": 5,
        "created_user": null,
        "created_date": null,
        "last_edited_user": null,
        "last_edited_date": null,
        "source_id": "miami-beach:arcgis:meters:60",
        "source_name": "City of Miami Beach Parking GIS",
        "name": "Parking Meters 60",
        "facility_type": "parking_zone",
        "city": "Miami Beach",
        "state": "FL",
        "operator": "City of Miami Beach Parking Department",
        "access": "public",
        "fee": "unknown",
        "charge": "unknown",
        "capacity": null,
        "confidence": 0.9,
        "last_verified_source": "City of Miami Beach Parking GIS",
        "source_url": "https://www.miamibeachfl.gov/city-hall/parking/",
        "api_url": "https://gis.miamibeachfl.gov/public/rest/services/mb/Parking/FeatureServer/1/query?where=1%3D1&outFields=*&f=geojson&outSR=4326&resultRecordCount=1000&resultOffset=0",
        "evidence_url": "https://gis.miamibeachfl.gov/public/rest/services/mb/Parking/FeatureServer/1/query?where=1%3D1&outFields=*&f=geojson&outSR=4326&resultRecordCount=1000&resultOffset=0",
        "data_as_of": "2026-06-12",
        "existence_status": "confirmed",
        "price_status": "known_unpriced",
        "rule_status": "partial",
        "enrichment_status": "needs_price",
        "payment_url": "",
        "booking_url": "",
        "raw_properties": {
          "OBJECTID": 60,
          "NUMBER": "WA06W02",
          "BRAND": "DPT",
          "ZONE": "2X",
          "STATUS": 5,
          "created_user": null,
          "created_date": null,
          "last_edited_user": null,
          "last_edited_date": null
        }
      }
    },
    {
      "type": "Feature",
      "id": 61,
      "geometry": {
        "type": "Point",
        "coordinates": [
          -80.13345013601592,
          25.779522556736733
        ]
      },
      "properties": {
        "OBJECTID": 61,
        "NUMBER": "P012002",
        "BRAND": "DPT",
        "ZONE": "P12",
        "STATUS": 5,
        "created_user": null,
        "created_date": null,
        "last_edited_user": null,
        "last_edited_date": null,
        "source_id": "miami-beach:arcgis:meters:61",
        "source_name": "City of Miami Beach Parking GIS",
        "name": "Parking Meters 61",
        "facility_type": "parking_zone",
        "city": "Miami Beach",
        "state": "FL",
        "operator": "City of Miami Beach Parking Department",
        "access": "public",
        "fee": "unknown",
        "charge": "unknown",
        "capacity": null,
        "confidence": 0.9,
        "last_verified_source": "City of Miami Beach Parking GIS",
        "source_url": "https://www.miamibeachfl.gov/city-hall/parking/",
        "api_url": "https://gis.miamibeachfl.gov/public/rest/services/mb/Parking/FeatureServer/1/query?where=1%3D1&outFields=*&f=geojson&outSR=4326&resultRecordCount=1000&resultOffset=0",
        "evidence_url": "https://gis.miamibeachfl.gov/public/rest/services/mb/Parking/FeatureServer/1/query?where=1%3D1&outFields=*&f=geojson&outSR=4326&resultRecordCount=1000&resultOffset=0",
        "data_as_of": "2026-06-12",
        "existence_status": "confirmed",
        "price_status": "known_unpriced",
        "rule_status": "partial",
        "enrichment_status": "needs_price",
        "payment_url": "",
        "booking_url": "",
        "raw_properties": {
          "OBJECTID": 61,
          "NUMBER": "P012002",
          "BRAND": "DPT",
          "ZONE": "P12",
          "STATUS": 5,
          "created_user": null,
          "created_date": null,
          "last_edited_user": null,
          "last_edited_date": null
        }
      }
    },
    {
      "type": "Feature",
      "id": 62,
      "geometry": {
        "type": "Point",
        "coordinates": [
          -80.13507634077376,
          25.794277437733694
        ]
      },
      "properties": {
        "OBJECTID": 62,
        "NUMBER": "CC18W02",
        "BRAND": "DPT",
        "ZONE": "15B",
        "STATUS": 3,
        "created_user": null,
        "created_date": null,
        "last_edited_user": null,
        "last_edited_date": null,
        "source_id": "miami-beach:arcgis:meters:62",
        "source_name": "City of Miami Beach Parking GIS",
        "name": "Parking Meters 62",
        "facility_type": "parking_zone",
        "city": "Miami Beach",
        "state": "FL",
        "operator": "City of Miami Beach Parking Department",
        "access": "public",
        "fee": "unknown",
        "charge": "unknown",
        "capacity": null,
        "confidence": 0.9,
        "last_verified_source": "City of Miami Beach Parking GIS",
        "source_url": "https://www.miamibeachfl.gov/city-hall/parking/",
        "api_url": "https://gis.miamibeachfl.gov/public/rest/services/mb/Parking/FeatureServer/1/query?where=1%3D1&outFields=*&f=geojson&outSR=4326&resultRecordCount=1000&resultOffset=0",
        "evidence_url": "https://gis.miamibeachfl.gov/public/rest/services/mb/Parking/FeatureServer/1/query?where=1%3D1&outFields=*&f=geojson&outSR=4326&resultRecordCount=1000&resultOffset=0",
        "data_as_of": "2026-06-12",
        "existence_status": "confirmed",
        "price_status": "known_unpriced",
        "rule_status": "partial",
        "enrichment_status": "needs_price",
        "payment_url": "",
        "booking_url": "",
        "raw_properties": {
          "OBJECTID": 62,
          "NUMBER": "CC18W02",
          "BRAND": "DPT",
          "ZONE": "15B",
          "STATUS": 3,
          "created_user": null,
          "created_date": null,
          "last_edited_user": null,
          "last_edited_date": null
        }
      }
    },
    {
      "type": "Feature",
      "id": 63,
      "geometry": {
        "type": "Point",
        "coordinates": [
          -80.1351161862237,
          25.795684278957005
        ]
      },
      "properties": {
        "OBJECTID": 63,
        "NUMBER": "CC19W02",
        "BRAND": "DPT",
        "ZONE": "15B",
        "STATUS": 5,
        "created_user": null,
        "created_date": null,
        "last_edited_user": null,
        "last_edited_date": null,
        "source_id": "miami-beach:arcgis:meters:63",
        "source_name": "City of Miami Beach Parking GIS",
        "name": "Parking Meters 63",
        "facility_type": "parking_zone",
        "city": "Miami Beach",
        "state": "FL",
        "operator": "City of Miami Beach Parking Department",
        "access": "public",
        "fee": "unknown",
        "charge": "unknown",
        "capacity": null,
        "confidence": 0.9,
        "last_verified_source": "City of Miami Beach Parking GIS",
        "source_url": "https://www.miamibeachfl.gov/city-hall/parking/",
        "api_url": "https://gis.miamibeachfl.gov/public/rest/services/mb/Parking/FeatureServer/1/query?where=1%3D1&outFields=*&f=geojson&outSR=4326&resultRecordCount=1000&resultOffset=0",
        "evidence_url": "https://gis.miamibeachfl.gov/public/rest/services/mb/Parking/FeatureServer/1/query?where=1%3D1&outFields=*&f=geojson&outSR=4326&resultRecordCount=1000&resultOffset=0",
        "data_as_of": "2026-06-12",
        "existence_status": "confirmed",
        "price_status": "known_unpriced",
        "rule_status": "partial",
        "enrichment_status": "needs_price",
        "payment_url": "",
        "booking_url": "",
        "raw_properties": {
          "OBJECTID": 63,
          "NUMBER": "CC19W02",
          "BRAND": "DPT",
          "ZONE": "15B",
          "STATUS": 5,
          "created_user": null,
          "created_date": null,
          "last_edited_user": null,
          "last_edited_date": null
        }
      }
    },
    {
      "type": "Feature",
      "id": 64,
      "geometry": {
        "type": "Point",
        "coordinates": [
          -80.13649222828776,
          25.791618320047277
        ]
      },
      "properties": {
        "OBJECTID": 64,
        "NUMBER": "MR16E05",
        "BRAND": "DPT",
        "ZONE": "4X",
        "STATUS": 5,
        "created_user": null,
        "created_date": null,
        "last_edited_user": null,
        "last_edited_date": null,
        "source_id": "miami-beach:arcgis:meters:64",
        "source_name": "City of Miami Beach Parking GIS",
        "name": "Parking Meters 64",
        "facility_type": "parking_zone",
        "city": "Miami Beach",
        "state": "FL",
        "operator": "City of Miami Beach Parking Department",
        "access": "public",
        "fee": "unknown",
        "charge": "unknown",
        "capacity": null,
        "confidence": 0.9,
        "last_verified_source": "City of Miami Beach Parking GIS",
        "source_url": "https://www.miamibeachfl.gov/city-hall/parking/",
        "api_url": "https://gis.miamibeachfl.gov/public/rest/services/mb/Parking/FeatureServer/1/query?where=1%3D1&outFields=*&f=geojson&outSR=4326&resultRecordCount=1000&resultOffset=0",
        "evidence_url": "https://gis.miamibeachfl.gov/public/rest/services/mb/Parking/FeatureServer/1/query?where=1%3D1&outFields=*&f=geojson&outSR=4326&resultRecordCount=1000&resultOffset=0",
        "data_as_of": "2026-06-12",
        "existence_status": "confirmed",
        "price_status": "known_unpriced",
        "rule_status": "partial",
        "enrichment_status": "needs_price",
        "payment_url": "",
        "booking_url": "",
        "raw_properties": {
          "OBJECTID": 64,
          "NUMBER": "MR16E05",
          "BRAND": "DPT",
          "ZONE": "4X",
          "STATUS": 5,
          "created_user": null,
          "created_date": null,
          "last_edited_user": null,
          "last_edited_date": null
        }
      }
    },
    {
      "type": "Feature",
      "id": 65,
      "geometry": {
        "type": "Point",
        "coordinates": [
          -80.13647400499705,
          25.790962340808232
        ]
      },
      "properties": {
        "OBJECTID": 65,
        "NUMBER": "MR16E06",
        "BRAND": "DPT",
        "ZONE": "4X",
        "STATUS": 5,
        "created_user": null,
        "created_date": null,
        "last_edited_user": null,
        "last_edited_date": null,
        "source_id": "miami-beach:arcgis:meters:65",
        "source_name": "City of Miami Beach Parking GIS",
        "name": "Parking Meters 65",
        "facility_type": "parking_zone",
        "city": "Miami Beach",
        "state": "FL",
        "operator": "City of Miami Beach Parking Department",
        "access": "public",
        "fee": "unknown",
        "charge": "unknown",
        "capacity": null,
        "confidence": 0.9,
        "last_verified_source": "City of Miami Beach Parking GIS",
        "source_url": "https://www.miamibeachfl.gov/city-hall/parking/",
        "api_url": "https://gis.miamibeachfl.gov/public/rest/services/mb/Parking/FeatureServer/1/query?where=1%3D1&outFields=*&f=geojson&outSR=4326&resultRecordCount=1000&resultOffset=0",
        "evidence_url": "https://gis.miamibeachfl.gov/public/rest/services/mb/Parking/FeatureServer/1/query?where=1%3D1&outFields=*&f=geojson&outSR=4326&resultRecordCount=1000&resultOffset=0",
        "data_as_of": "2026-06-12",
        "existence_status": "confirmed",
        "price_status": "known_unpriced",
        "rule_status": "partial",
        "enrichment_status": "needs_price",
        "payment_url": "",
        "booking_url": "",
        "raw_properties": {
          "OBJECTID": 65,
          "NUMBER": "MR16E06",
          "BRAND": "DPT",
          "ZONE": "4X",
          "STATUS": 5,
          "created_user": null,
          "created_date": null,
          "last_edited_user": null,
          "last_edited_date": null
        }
      }
    },
    {
      "type": "Feature",
      "id": 66,
      "geometry": {
        "type": "Point",
        "coordinates": [
          -80.13648157763285,
          25.790210605988594
        ]
      },
      "properties": {
        "OBJECTID": 66,
        "NUMBER": "MR16E01",
        "BRAND": "DPT",
        "ZONE": "4X",
        "STATUS": 5,
        "created_user": null,
        "created_date": null,
        "last_edited_user": null,
        "last_edited_date": null,
        "source_id": "miami-beach:arcgis:meters:66",
        "source_name": "City of Miami Beach Parking GIS",
        "name": "Parking Meters 66",
        "facility_type": "parking_zone",
        "city": "Miami Beach",
        "state": "FL",
        "operator": "City of Miami Beach Parking Department",
        "access": "public",
        "fee": "unknown",
        "charge": "unknown",
        "capacity": null,
        "confidence": 0.9,
        "last_verified_source": "City of Miami Beach Parking GIS",
        "source_url": "https://www.miamibeachfl.gov/city-hall/parking/",
        "api_url": "https://gis.miamibeachfl.gov/public/rest/services/mb/Parking/FeatureServer/1/query?where=1%3D1&outFields=*&f=geojson&outSR=4326&resultRecordCount=1000&resultOffset=0",
        "evidence_url": "https://gis.miamibeachfl.gov/public/rest/services/mb/Parking/FeatureServer/1/query?where=1%3D1&outFields=*&f=geojson&outSR=4326&resultRecordCount=1000&resultOffset=0",
        "data_as_of": "2026-06-12",
        "existence_status": "confirmed",
        "price_status": "known_unpriced",
        "rule_status": "partial",
        "enrichment_status": "needs_price",
        "payment_url": "",
        "booking_url": "",
        "raw_properties": {
          "OBJECTID": 66,
          "NUMBER": "MR16E01",
          "BRAND": "DPT",
          "ZONE": "4X",
          "STATUS": 5,
          "created_user": null,
          "created_date": null,
          "last_edited_user": null,
          "last_edited_date": null
        }
      }
    },
    {
      "type": "Feature",
      "id": 67,
      "geometry": {
        "type": "Point",
        "coordinates": [
          -80.1330348687046,
          25.78956961327659
        ]
      },
      "properties": {
        "OBJECTID": 67,
        "NUMBER": "DX16E01",
        "BRAND": "DPT",
        "ZONE": "3X",
        "STATUS": 5,
        "created_user": null,
        "created_date": null,
        "last_edited_user": null,
        "last_edited_date": null,
        "source_id": "miami-beach:arcgis:meters:67",
        "source_name": "City of Miami Beach Parking GIS",
        "name": "Parking Meters 67",
        "facility_type": "parking_zone",
        "city": "Miami Beach",
        "state": "FL",
        "operator": "City of Miami Beach Parking Department",
        "access": "public",
        "fee": "unknown",
        "charge": "unknown",
        "capacity": null,
        "confidence": 0.9,
        "last_verified_source": "City of Miami Beach Parking GIS",
        "source_url": "https://www.miamibeachfl.gov/city-hall/parking/",
        "api_url": "https://gis.miamibeachfl.gov/public/rest/services/mb/Parking/FeatureServer/1/query?where=1%3D1&outFields=*&f=geojson&outSR=4326&resultRecordCount=1000&resultOffset=0",
        "evidence_url": "https://gis.miamibeachfl.gov/public/rest/services/mb/Parking/FeatureServer/1/query?where=1%3D1&outFields=*&f=geojson&outSR=4326&resultRecordCount=1000&resultOffset=0",
        "data_as_of": "2026-06-12",
        "existence_status": "confirmed",
        "price_status": "known_unpriced",
        "rule_status": "partial",
        "enrichment_status": "needs_price",
        "payment_url": "",
        "booking_url": "",
        "raw_properties": {
          "OBJECTID": 67,
          "NUMBER": "DX16E01",
          "BRAND": "DPT",
          "ZONE": "3X",
          "STATUS": 5,
          "created_user": null,
          "created_date": null,
          "last_edited_user": null,
          "last_edited_date": null
        }
      }
    },
    {
      "type": "Feature",
      "id": 68,
      "geometry": {
        "type": "Point",
        "coordinates": [
          -80.13617920496141,
          25.791236926090853
        ]
      },
      "properties": {
        "OBJECTID": 68,
        "NUMBER": "LN16N01",
        "BRAND": "DPT",
        "ZONE": "4X",
        "STATUS": 5,
        "created_user": null,
        "created_date": null,
        "last_edited_user": null,
        "last_edited_date": null,
        "source_id": "miami-beach:arcgis:meters:68",
        "source_name": "City of Miami Beach Parking GIS",
        "name": "Parking Meters 68",
        "facility_type": "parking_zone",
        "city": "Miami Beach",
        "state": "FL",
        "operator": "City of Miami Beach Parking Department",
        "access": "public",
        "fee": "unknown",
        "charge": "unknown",
        "capacity": null,
        "confidence": 0.9,
        "last_verified_source": "City of Miami Beach Parking GIS",
        "source_url": "https://www.miamibeachfl.gov/city-hall/parking/",
        "api_url": "https://gis.miamibeachfl.gov/public/rest/services/mb/Parking/FeatureServer/1/query?where=1%3D1&outFields=*&f=geojson&outSR=4326&resultRecordCount=1000&resultOffset=0",
        "evidence_url": "https://gis.miamibeachfl.gov/public/rest/services/mb/Parking/FeatureServer/1/query?where=1%3D1&outFields=*&f=geojson&outSR=4326&resultRecordCount=1000&resultOffset=0",
        "data_as_of": "2026-06-12",
        "existence_status": "confirmed",
        "price_status": "known_unpriced",
        "rule_status": "partial",
        "enrichment_status": "needs_price",
        "payment_url": "",
        "booking_url": "",
        "raw_properties": {
          "OBJECTID": 68,
          "NUMBER": "LN16N01",
          "BRAND": "DPT",
          "ZONE": "4X",
          "STATUS": 5,
          "created_user": null,
          "created_date": null,
          "last_edited_user": null,
          "last_edited_date": null
        }
      }
    },
    {
      "type": "Feature",
      "id": 69,
      "geometry": {
        "type": "Point",
        "coordinates": [
          -80.13572713170976,
          25.79187638273469
        ]
      },
      "properties": {
        "OBJECTID": 69,
        "NUMBER": "MC16W04",
        "BRAND": "DPT",
        "ZONE": "4X",
        "STATUS": 5,
        "created_user": null,
        "created_date": null,
        "last_edited_user": null,
        "last_edited_date": null,
        "source_id": "miami-beach:arcgis:meters:69",
        "source_name": "City of Miami Beach Parking GIS",
        "name": "Parking Meters 69",
        "facility_type": "parking_zone",
        "city": "Miami Beach",
        "state": "FL",
        "operator": "City of Miami Beach Parking Department",
        "access": "public",
        "fee": "unknown",
        "charge": "unknown",
        "capacity": null,
        "confidence": 0.9,
        "last_verified_source": "City of Miami Beach Parking GIS",
        "source_url": "https://www.miamibeachfl.gov/city-hall/parking/",
        "api_url": "https://gis.miamibeachfl.gov/public/rest/services/mb/Parking/FeatureServer/1/query?where=1%3D1&outFields=*&f=geojson&outSR=4326&resultRecordCount=1000&resultOffset=0",
        "evidence_url": "https://gis.miamibeachfl.gov/public/rest/services/mb/Parking/FeatureServer/1/query?where=1%3D1&outFields=*&f=geojson&outSR=4326&resultRecordCount=1000&resultOffset=0",
        "data_as_of": "2026-06-12",
        "existence_status": "confirmed",
        "price_status": "known_unpriced",
        "rule_status": "partial",
        "enrichment_status": "needs_price",
        "payment_url": "",
        "booking_url": "",
        "raw_properties": {
          "OBJECTID": 69,
          "NUMBER": "MC16W04",
          "BRAND": "DPT",
          "ZONE": "4X",
          "STATUS": 5,
          "created_user": null,
          "created_date": null,
          "last_edited_user": null,
          "last_edited_date": null
        }
      }
    },
    {
      "type": "Feature",
      "id": 70,
      "geometry": {
        "type": "Point",
        "coordinates": [
          -80.13571893532453,
          25.791464361575002
        ]
      },
      "properties": {
        "OBJECTID": 70,
        "NUMBER": "MC16W02",
        "BRAND": "DPT",
        "ZONE": "4X",
        "STATUS": 5,
        "created_user": null,
        "created_date": null,
        "last_edited_user": null,
        "last_edited_date": null,
        "source_id": "miami-beach:arcgis:meters:70",
        "source_name": "City of Miami Beach Parking GIS",
        "name": "Parking Meters 70",
        "facility_type": "parking_zone",
        "city": "Miami Beach",
        "state": "FL",
        "operator": "City of Miami Beach Parking Department",
        "access": "public",
        "fee": "unknown",
        "charge": "unknown",
        "capacity": null,
        "confidence": 0.9,
        "last_verified_source": "City of Miami Beach Parking GIS",
        "source_url": "https://www.miamibeachfl.gov/city-hall/parking/",
        "api_url": "https://gis.miamibeachfl.gov/public/rest/services/mb/Parking/FeatureServer/1/query?where=1%3D1&outFields=*&f=geojson&outSR=4326&resultRecordCount=1000&resultOffset=0",
        "evidence_url": "https://gis.miamibeachfl.gov/public/rest/services/mb/Parking/FeatureServer/1/query?where=1%3D1&outFields=*&f=geojson&outSR=4326&resultRecordCount=1000&resultOffset=0",
        "data_as_of": "2026-06-12",
        "existence_status": "confirmed",
        "price_status": "known_unpriced",
        "rule_status": "partial",
        "enrichment_status": "needs_price",
        "payment_url": "",
        "booking_url": "",
        "raw_properties": {
          "OBJECTID": 70,
          "NUMBER": "MC16W02",
          "BRAND": "DPT",
          "ZONE": "4X",
          "STATUS": 5,
          "created_user": null,
          "created_date": null,
          "last_edited_user": null,
          "last_edited_date": null
        }
      }
    },
    {
      "type": "Feature",
      "id": 71,
      "geometry": {
        "type": "Point",
        "coordinates": [
          -80.13668090497038,
          25.791616551261374
        ]
      },
      "properties": {
        "OBJECTID": 71,
        "NUMBER": "MR16W06",
        "BRAND": "DPT",
        "ZONE": "4X",
        "STATUS": 5,
        "created_user": null,
        "created_date": null,
        "last_edited_user": null,
        "last_edited_date": null,
        "source_id": "miami-beach:arcgis:meters:71",
        "source_name": "City of Miami Beach Parking GIS",
        "name": "Parking Meters 71",
        "facility_type": "parking_zone",
        "city": "Miami Beach",
        "state": "FL",
        "operator": "City of Miami Beach Parking Department",
        "access": "public",
        "fee": "unknown",
        "charge": "unknown",
        "capacity": null,
        "confidence": 0.9,
        "last_verified_source": "City of Miami Beach Parking GIS",
        "source_url": "https://www.miamibeachfl.gov/city-hall/parking/",
        "api_url": "https://gis.miamibeachfl.gov/public/rest/services/mb/Parking/FeatureServer/1/query?where=1%3D1&outFields=*&f=geojson&outSR=4326&resultRecordCount=1000&resultOffset=0",
        "evidence_url": "https://gis.miamibeachfl.gov/public/rest/services/mb/Parking/FeatureServer/1/query?where=1%3D1&outFields=*&f=geojson&outSR=4326&resultRecordCount=1000&resultOffset=0",
        "data_as_of": "2026-06-12",
        "existence_status": "confirmed",
        "price_status": "known_unpriced",
        "rule_status": "partial",
        "enrichment_status": "needs_price",
        "payment_url": "",
        "booking_url": "",
        "raw_properties": {
          "OBJECTID": 71,
          "NUMBER": "MR16W06",
          "BRAND": "DPT",
          "ZONE": "4X",
          "STATUS": 5,
          "created_user": null,
          "created_date": null,
          "last_edited_user": null,
          "last_edited_date": null
        }
      }
    },
    {
      "type": "Feature",
      "id": 72,
      "geometry": {
        "type": "Point",
        "coordinates": [
          -80.13699656304979,
          25.79135312125413
        ]
      },
      "properties": {
        "OBJECTID": 72,
        "NUMBER": "P027003",
        "BRAND": "DPT",
        "ZONE": "P27",
        "STATUS": 5,
        "created_user": null,
        "created_date": null,
        "last_edited_user": null,
        "last_edited_date": null,
        "source_id": "miami-beach:arcgis:meters:72",
        "source_name": "City of Miami Beach Parking GIS",
        "name": "Parking Meters 72",
        "facility_type": "parking_zone",
        "city": "Miami Beach",
        "state": "FL",
        "operator": "City of Miami Beach Parking Department",
        "access": "public",
        "fee": "unknown",
        "charge": "unknown",
        "capacity": null,
        "confidence": 0.9,
        "last_verified_source": "City of Miami Beach Parking GIS",
        "source_url": "https://www.miamibeachfl.gov/city-hall/parking/",
        "api_url": "https://gis.miamibeachfl.gov/public/rest/services/mb/Parking/FeatureServer/1/query?where=1%3D1&outFields=*&f=geojson&outSR=4326&resultRecordCount=1000&resultOffset=0",
        "evidence_url": "https://gis.miamibeachfl.gov/public/rest/services/mb/Parking/FeatureServer/1/query?where=1%3D1&outFields=*&f=geojson&outSR=4326&resultRecordCount=1000&resultOffset=0",
        "data_as_of": "2026-06-12",
        "existence_status": "confirmed",
        "price_status": "known_unpriced",
        "rule_status": "partial",
        "enrichment_status": "needs_price",
        "payment_url": "",
        "booking_url": "",
        "raw_properties": {
          "OBJECTID": 72,
          "NUMBER": "P027003",
          "BRAND": "DPT",
          "ZONE": "P27",
          "STATUS": 5,
          "created_user": null,
          "created_date": null,
          "last_edited_user": null,
          "last_edited_date": null
        }
      }
    },
    {
      "type": "Feature",
      "id": 73,
      "geometry": {
        "type": "Point",
        "coordinates": [
          -80.13700310145352,
          25.791213974180003
        ]
      },
      "properties": {
        "OBJECTID": 73,
        "NUMBER": "P027001",
        "BRAND": "DPT",
        "ZONE": "P27",
        "STATUS": 5,
        "created_user": null,
        "created_date": null,
        "last_edited_user": null,
        "last_edited_date": null,
        "source_id": "miami-beach:arcgis:meters:73",
        "source_name": "City of Miami Beach Parking GIS",
        "name": "Parking Meters 73",
        "facility_type": "parking_zone",
        "city": "Miami Beach",
        "state": "FL",
        "operator": "City of Miami Beach Parking Department",
        "access": "public",
        "fee": "unknown",
        "charge": "unknown",
        "capacity": null,
        "confidence": 0.9,
        "last_verified_source": "City of Miami Beach Parking GIS",
        "source_url": "https://www.miamibeachfl.gov/city-hall/parking/",
        "api_url": "https://gis.miamibeachfl.gov/public/rest/services/mb/Parking/FeatureServer/1/query?where=1%3D1&outFields=*&f=geojson&outSR=4326&resultRecordCount=1000&resultOffset=0",
        "evidence_url": "https://gis.miamibeachfl.gov/public/rest/services/mb/Parking/FeatureServer/1/query?where=1%3D1&outFields=*&f=geojson&outSR=4326&resultRecordCount=1000&resultOffset=0",
        "data_as_of": "2026-06-12",
        "existence_status": "confirmed",
        "price_status": "known_unpriced",
        "rule_status": "partial",
        "enrichment_status": "needs_price",
        "payment_url": "",
        "booking_url": "",
        "raw_properties": {
          "OBJECTID": 73,
          "NUMBER": "P027001",
          "BRAND": "DPT",
          "ZONE": "P27",
          "STATUS": 5,
          "created_user": null,
          "created_date": null,
          "last_edited_user": null,
          "last_edited_date": null
        }
      }
    },
    {
      "type": "Feature",
      "id": 74,
      "geometry": {
        "type": "Point",
        "coordinates": [
          -80.13730051381638,
          25.79120385310197
        ]
      },
      "properties": {
        "OBJECTID": 74,
        "NUMBER": "P027002",
        "BRAND": "DPT",
        "ZONE": "P27",
        "STATUS": 5,
        "created_user": null,
        "created_date": null,
        "last_edited_user": null,
        "last_edited_date": null,
        "source_id": "miami-beach:arcgis:meters:74",
        "source_name": "City of Miami Beach Parking GIS",
        "name": "Parking Meters 74",
        "facility_type": "parking_zone",
        "city": "Miami Beach",
        "state": "FL",
        "operator": "City of Miami Beach Parking Department",
        "access": "public",
        "fee": "unknown",
        "charge": "unknown",
        "capacity": null,
        "confidence": 0.9,
        "last_verified_source": "City of Miami Beach Parking GIS",
        "source_url": "https://www.miamibeachfl.gov/city-hall/parking/",
        "api_url": "https://gis.miamibeachfl.gov/public/rest/services/mb/Parking/FeatureServer/1/query?where=1%3D1&outFields=*&f=geojson&outSR=4326&resultRecordCount=1000&resultOffset=0",
        "evidence_url": "https://gis.miamibeachfl.gov/public/rest/services/mb/Parking/FeatureServer/1/query?where=1%3D1&outFields=*&f=geojson&outSR=4326&resultRecordCount=1000&resultOffset=0",
        "data_as_of": "2026-06-12",
        "existence_status": "confirmed",
        "price_status": "known_unpriced",
        "rule_status": "partial",
        "enrichment_status": "needs_price",
        "payment_url": "",
        "booking_url": "",
        "raw_properties": {
          "OBJECTID": 74,
          "NUMBER": "P027002",
          "BRAND": "DPT",
          "ZONE": "P27",
          "STATUS": 5,
          "created_user": null,
          "created_date": null,
          "last_edited_user": null,
          "last_edited_date": null
        }
      }
    },
    {
      "type": "Feature",
      "id": 75,
      "geometry": {
        "type": "Point",
        "coordinates": [
          -80.13730410308631,
          25.791341987278095
        ]
      },
      "properties": {
        "OBJECTID": 75,
        "NUMBER": "P027004",
        "BRAND": "DPT",
        "ZONE": "P27",
        "STATUS": 5,
        "created_user": null,
        "created_date": null,
        "last_edited_user": null,
        "last_edited_date": null,
        "source_id": "miami-beach:arcgis:meters:75",
        "source_name": "City of Miami Beach Parking GIS",
        "name": "Parking Meters 75",
        "facility_type": "parking_zone",
        "city": "Miami Beach",
        "state": "FL",
        "operator": "City of Miami Beach Parking Department",
        "access": "public",
        "fee": "unknown",
        "charge": "unknown",
        "capacity": null,
        "confidence": 0.9,
        "last_verified_source": "City of Miami Beach Parking GIS",
        "source_url": "https://www.miamibeachfl.gov/city-hall/parking/",
        "api_url": "https://gis.miamibeachfl.gov/public/rest/services/mb/Parking/FeatureServer/1/query?where=1%3D1&outFields=*&f=geojson&outSR=4326&resultRecordCount=1000&resultOffset=0",
        "evidence_url": "https://gis.miamibeachfl.gov/public/rest/services/mb/Parking/FeatureServer/1/query?where=1%3D1&outFields=*&f=geojson&outSR=4326&resultRecordCount=1000&resultOffset=0",
        "data_as_of": "2026-06-12",
        "existence_status": "confirmed",
        "price_status": "known_unpriced",
        "rule_status": "partial",
        "enrichment_status": "needs_price",
        "payment_url": "",
        "booking_url": "",
        "raw_properties": {
          "OBJECTID": 75,
          "NUMBER": "P027004",
          "BRAND": "DPT",
          "ZONE": "P27",
          "STATUS": 5,
          "created_user": null,
          "created_date": null,
          "last_edited_user": null,
          "last_edited_date": null
        }
      }
    },
    {
      "type": "Feature",
      "id": 76,
      "geometry": {
        "type": "Point",
        "coordinates": [
          -80.13729908786198,
          25.79148067569163
        ]
      },
      "properties": {
        "OBJECTID": 76,
        "NUMBER": "P027005",
        "BRAND": "DPT",
        "ZONE": "P27",
        "STATUS": 5,
        "created_user": null,
        "created_date": null,
        "last_edited_user": null,
        "last_edited_date": null,
        "source_id": "miami-beach:arcgis:meters:76",
        "source_name": "City of Miami Beach Parking GIS",
        "name": "Parking Meters 76",
        "facility_type": "parking_zone",
        "city": "Miami Beach",
        "state": "FL",
        "operator": "City of Miami Beach Parking Department",
        "access": "public",
        "fee": "unknown",
        "charge": "unknown",
        "capacity": null,
        "confidence": 0.9,
        "last_verified_source": "City of Miami Beach Parking GIS",
        "source_url": "https://www.miamibeachfl.gov/city-hall/parking/",
        "api_url": "https://gis.miamibeachfl.gov/public/rest/services/mb/Parking/FeatureServer/1/query?where=1%3D1&outFields=*&f=geojson&outSR=4326&resultRecordCount=1000&resultOffset=0",
        "evidence_url": "https://gis.miamibeachfl.gov/public/rest/services/mb/Parking/FeatureServer/1/query?where=1%3D1&outFields=*&f=geojson&outSR=4326&resultRecordCount=1000&resultOffset=0",
        "data_as_of": "2026-06-12",
        "existence_status": "confirmed",
        "price_status": "known_unpriced",
        "rule_status": "partial",
        "enrichment_status": "needs_price",
        "payment_url": "",
        "booking_url": "",
        "raw_properties": {
          "OBJECTID": 76,
          "NUMBER": "P027005",
          "BRAND": "DPT",
          "ZONE": "P27",
          "STATUS": 5,
          "created_user": null,
          "created_date": null,
          "last_edited_user": null,
          "last_edited_date": null
        }
      }
    },
    {
      "type": "Feature",
      "id": 77,
      "geometry": {
        "type": "Point",
        "coordinates": [
          -80.13665368195076,
          25.7908896738527
        ]
      },
      "properties": {
        "OBJECTID": 77,
        "NUMBER": "MR16W04",
        "BRAND": "DPT",
        "ZONE": "4X",
        "STATUS": 5,
        "created_user": null,
        "created_date": null,
        "last_edited_user": null,
        "last_edited_date": null,
        "source_id": "miami-beach:arcgis:meters:77",
        "source_name": "City of Miami Beach Parking GIS",
        "name": "Parking Meters 77",
        "facility_type": "parking_zone",
        "city": "Miami Beach",
        "state": "FL",
        "operator": "City of Miami Beach Parking Department",
        "access": "public",
        "fee": "unknown",
        "charge": "unknown",
        "capacity": null,
        "confidence": 0.9,
        "last_verified_source": "City of Miami Beach Parking GIS",
        "source_url": "https://www.miamibeachfl.gov/city-hall/parking/",
        "api_url": "https://gis.miamibeachfl.gov/public/rest/services/mb/Parking/FeatureServer/1/query?where=1%3D1&outFields=*&f=geojson&outSR=4326&resultRecordCount=1000&resultOffset=0",
        "evidence_url": "https://gis.miamibeachfl.gov/public/rest/services/mb/Parking/FeatureServer/1/query?where=1%3D1&outFields=*&f=geojson&outSR=4326&resultRecordCount=1000&resultOffset=0",
        "data_as_of": "2026-06-12",
        "existence_status": "confirmed",
        "price_status": "known_unpriced",
        "rule_status": "partial",
        "enrichment_status": "needs_price",
        "payment_url": "",
        "booking_url": "",
        "raw_properties": {
          "OBJECTID": 77,
          "NUMBER": "MR16W04",
          "BRAND": "DPT",
          "ZONE": "4X",
          "STATUS": 5,
          "created_user": null,
          "created_date": null,
          "last_edited_user": null,
          "last_edited_date": null
        }
      }
    },
    {
      "type": "Feature",
      "id": 78,
      "geometry": {
        "type": "Point",
        "coordinates": [
          -80.13662504643986,
          25.79021098993984
        ]
      },
      "properties": {
        "OBJECTID": 78,
        "NUMBER": "MR16W02",
        "BRAND": "DPT",
        "ZONE": "4X",
        "STATUS": 5,
        "created_user": null,
        "created_date": null,
        "last_edited_user": null,
        "last_edited_date": null,
        "source_id": "miami-beach:arcgis:meters:78",
        "source_name": "City of Miami Beach Parking GIS",
        "name": "Parking Meters 78",
        "facility_type": "parking_zone",
        "city": "Miami Beach",
        "state": "FL",
        "operator": "City of Miami Beach Parking Department",
        "access": "public",
        "fee": "unknown",
        "charge": "unknown",
        "capacity": null,
        "confidence": 0.9,
        "last_verified_source": "City of Miami Beach Parking GIS",
        "source_url": "https://www.miamibeachfl.gov/city-hall/parking/",
        "api_url": "https://gis.miamibeachfl.gov/public/rest/services/mb/Parking/FeatureServer/1/query?where=1%3D1&outFields=*&f=geojson&outSR=4326&resultRecordCount=1000&resultOffset=0",
        "evidence_url": "https://gis.miamibeachfl.gov/public/rest/services/mb/Parking/FeatureServer/1/query?where=1%3D1&outFields=*&f=geojson&outSR=4326&resultRecordCount=1000&resultOffset=0",
        "data_as_of": "2026-06-12",
        "existence_status": "confirmed",
        "price_status": "known_unpriced",
        "rule_status": "partial",
        "enrichment_status": "needs_price",
        "payment_url": "",
        "booking_url": "",
        "raw_properties": {
          "OBJECTID": 78,
          "NUMBER": "MR16W02",
          "BRAND": "DPT",
          "ZONE": "4X",
          "STATUS": 5,
          "created_user": null,
          "created_date": null,
          "last_edited_user": null,
          "last_edited_date": null
        }
      }
    },
    {
      "type": "Feature",
      "id": 79,
      "geometry": {
        "type": "Point",
        "coordinates": [
          -80.13748576065646,
          25.789920309130178
        ]
      },
      "properties": {
        "OBJECTID": 79,
        "NUMBER": "P019002",
        "BRAND": "DPT",
        "ZONE": "P19",
        "STATUS": 5,
        "created_user": null,
        "created_date": null,
        "last_edited_user": null,
        "last_edited_date": null,
        "source_id": "miami-beach:arcgis:meters:79",
        "source_name": "City of Miami Beach Parking GIS",
        "name": "Parking Meters 79",
        "facility_type": "parking_zone",
        "city": "Miami Beach",
        "state": "FL",
        "operator": "City of Miami Beach Parking Department",
        "access": "public",
        "fee": "unknown",
        "charge": "unknown",
        "capacity": null,
        "confidence": 0.9,
        "last_verified_source": "City of Miami Beach Parking GIS",
        "source_url": "https://www.miamibeachfl.gov/city-hall/parking/",
        "api_url": "https://gis.miamibeachfl.gov/public/rest/services/mb/Parking/FeatureServer/1/query?where=1%3D1&outFields=*&f=geojson&outSR=4326&resultRecordCount=1000&resultOffset=0",
        "evidence_url": "https://gis.miamibeachfl.gov/public/rest/services/mb/Parking/FeatureServer/1/query?where=1%3D1&outFields=*&f=geojson&outSR=4326&resultRecordCount=1000&resultOffset=0",
        "data_as_of": "2026-06-12",
        "existence_status": "confirmed",
        "price_status": "known_unpriced",
        "rule_status": "partial",
        "enrichment_status": "needs_price",
        "payment_url": "",
        "booking_url": "",
        "raw_properties": {
          "OBJECTID": 79,
          "NUMBER": "P019002",
          "BRAND": "DPT",
          "ZONE": "P19",
          "STATUS": 5,
          "created_user": null,
          "created_date": null,
          "last_edited_user": null,
          "last_edited_date": null
        }
      }
    },
    {
      "type": "Feature",
      "id": 80,
      "geometry": {
        "type": "Point",
        "coordinates": [
          -80.13716511688301,
          25.789928532043497
        ]
      },
      "properties": {
        "OBJECTID": 80,
        "NUMBER": "P019001",
        "BRAND": "DPT",
        "ZONE": "P19",
        "STATUS": 5,
        "created_user": null,
        "created_date": null,
        "last_edited_user": null,
        "last_edited_date": null,
        "source_id": "miami-beach:arcgis:meters:80",
        "source_name": "City of Miami Beach Parking GIS",
        "name": "Parking Meters 80",
        "facility_type": "parking_zone",
        "city": "Miami Beach",
        "state": "FL",
        "operator": "City of Miami Beach Parking Department",
        "access": "public",
        "fee": "unknown",
        "charge": "unknown",
        "capacity": null,
        "confidence": 0.9,
        "last_verified_source": "City of Miami Beach Parking GIS",
        "source_url": "https://www.miamibeachfl.gov/city-hall/parking/",
        "api_url": "https://gis.miamibeachfl.gov/public/rest/services/mb/Parking/FeatureServer/1/query?where=1%3D1&outFields=*&f=geojson&outSR=4326&resultRecordCount=1000&resultOffset=0",
        "evidence_url": "https://gis.miamibeachfl.gov/public/rest/services/mb/Parking/FeatureServer/1/query?where=1%3D1&outFields=*&f=geojson&outSR=4326&resultRecordCount=1000&resultOffset=0",
        "data_as_of": "2026-06-12",
        "existence_status": "confirmed",
        "price_status": "known_unpriced",
        "rule_status": "partial",
        "enrichment_status": "needs_price",
        "payment_url": "",
        "booking_url": "",
        "raw_properties": {
          "OBJECTID": 80,
          "NUMBER": "P019001",
          "BRAND": "DPT",
          "ZONE": "P19",
          "STATUS": 5,
          "created_user": null,
          "created_date": null,
          "last_edited_user": null,
          "last_edited_date": null
        }
      }
    },
    {
      "type": "Feature",
      "id": 81,
      "geometry": {
        "type": "Point",
        "coordinates": [
          -80.13618813207708,
          25.78994622900678
        ]
      },
      "properties": {
        "OBJECTID": 81,
        "NUMBER": "P018002",
        "BRAND": "DPT",
        "ZONE": "P18",
        "STATUS": 5,
        "created_user": null,
        "created_date": null,
        "last_edited_user": null,
        "last_edited_date": null,
        "source_id": "miami-beach:arcgis:meters:81",
        "source_name": "City of Miami Beach Parking GIS",
        "name": "Parking Meters 81",
        "facility_type": "parking_zone",
        "city": "Miami Beach",
        "state": "FL",
        "operator": "City of Miami Beach Parking Department",
        "access": "public",
        "fee": "unknown",
        "charge": "unknown",
        "capacity": null,
        "confidence": 0.9,
        "last_verified_source": "City of Miami Beach Parking GIS",
        "source_url": "https://www.miamibeachfl.gov/city-hall/parking/",
        "api_url": "https://gis.miamibeachfl.gov/public/rest/services/mb/Parking/FeatureServer/1/query?where=1%3D1&outFields=*&f=geojson&outSR=4326&resultRecordCount=1000&resultOffset=0",
        "evidence_url": "https://gis.miamibeachfl.gov/public/rest/services/mb/Parking/FeatureServer/1/query?where=1%3D1&outFields=*&f=geojson&outSR=4326&resultRecordCount=1000&resultOffset=0",
        "data_as_of": "2026-06-12",
        "existence_status": "confirmed",
        "price_status": "known_unpriced",
        "rule_status": "partial",
        "enrichment_status": "needs_price",
        "payment_url": "",
        "booking_url": "",
        "raw_properties": {
          "OBJECTID": 81,
          "NUMBER": "P018002",
          "BRAND": "DPT",
          "ZONE": "P18",
          "STATUS": 5,
          "created_user": null,
          "created_date": null,
          "last_edited_user": null,
          "last_edited_date": null
        }
      }
    },
    {
      "type": "Feature",
      "id": 82,
      "geometry": {
        "type": "Point",
        "coordinates": [
          -80.13568582309495,
          25.789961953593906
        ]
      },
      "properties": {
        "OBJECTID": 82,
        "NUMBER": "P018001",
        "BRAND": "DPT",
        "ZONE": "P18",
        "STATUS": 5,
        "created_user": null,
        "created_date": null,
        "last_edited_user": null,
        "last_edited_date": null,
        "source_id": "miami-beach:arcgis:meters:82",
        "source_name": "City of Miami Beach Parking GIS",
        "name": "Parking Meters 82",
        "facility_type": "parking_zone",
        "city": "Miami Beach",
        "state": "FL",
        "operator": "City of Miami Beach Parking Department",
        "access": "public",
        "fee": "unknown",
        "charge": "unknown",
        "capacity": null,
        "confidence": 0.9,
        "last_verified_source": "City of Miami Beach Parking GIS",
        "source_url": "https://www.miamibeachfl.gov/city-hall/parking/",
        "api_url": "https://gis.miamibeachfl.gov/public/rest/services/mb/Parking/FeatureServer/1/query?where=1%3D1&outFields=*&f=geojson&outSR=4326&resultRecordCount=1000&resultOffset=0",
        "evidence_url": "https://gis.miamibeachfl.gov/public/rest/services/mb/Parking/FeatureServer/1/query?where=1%3D1&outFields=*&f=geojson&outSR=4326&resultRecordCount=1000&resultOffset=0",
        "data_as_of": "2026-06-12",
        "existence_status": "confirmed",
        "price_status": "known_unpriced",
        "rule_status": "partial",
        "enrichment_status": "needs_price",
        "payment_url": "",
        "booking_url": "",
        "raw_properties": {
          "OBJECTID": 82,
          "NUMBER": "P018001",
          "BRAND": "DPT",
          "ZONE": "P18",
          "STATUS": 5,
          "created_user": null,
          "created_date": null,
          "last_edited_user": null,
          "last_edited_date": null
        }
      }
    },
    {
      "type": "Feature",
      "id": 83,
      "geometry": {
        "type": "Point",
        "coordinates": [
          -80.13777367167968,
          25.791345239364258
        ]
      },
      "properties": {
        "OBJECTID": 83,
        "NUMBER": "JF16W04",
        "BRAND": "DPT",
        "ZONE": "4X",
        "STATUS": 5,
        "created_user": null,
        "created_date": null,
        "last_edited_user": null,
        "last_edited_date": null,
        "source_id": "miami-beach:arcgis:meters:83",
        "source_name": "City of Miami Beach Parking GIS",
        "name": "Parking Meters 83",
        "facility_type": "parking_zone",
        "city": "Miami Beach",
        "state": "FL",
        "operator": "City of Miami Beach Parking Department",
        "access": "public",
        "fee": "unknown",
        "charge": "unknown",
        "capacity": null,
        "confidence": 0.9,
        "last_verified_source": "City of Miami Beach Parking GIS",
        "source_url": "https://www.miamibeachfl.gov/city-hall/parking/",
        "api_url": "https://gis.miamibeachfl.gov/public/rest/services/mb/Parking/FeatureServer/1/query?where=1%3D1&outFields=*&f=geojson&outSR=4326&resultRecordCount=1000&resultOffset=0",
        "evidence_url": "https://gis.miamibeachfl.gov/public/rest/services/mb/Parking/FeatureServer/1/query?where=1%3D1&outFields=*&f=geojson&outSR=4326&resultRecordCount=1000&resultOffset=0",
        "data_as_of": "2026-06-12",
        "existence_status": "confirmed",
        "price_status": "known_unpriced",
        "rule_status": "partial",
        "enrichment_status": "needs_price",
        "payment_url": "",
        "booking_url": "",
        "raw_properties": {
          "OBJECTID": 83,
          "NUMBER": "JF16W04",
          "BRAND": "DPT",
          "ZONE": "4X",
          "STATUS": 5,
          "created_user": null,
          "created_date": null,
          "last_edited_user": null,
          "last_edited_date": null
        }
      }
    },
    {
      "type": "Feature",
      "id": 84,
      "geometry": {
        "type": "Point",
        "coordinates": [
          -80.14028777484144,
          25.791851220138405
        ]
      },
      "properties": {
        "OBJECTID": 84,
        "NUMBER": "P025003",
        "BRAND": "DPT",
        "ZONE": "P25",
        "STATUS": 5,
        "created_user": null,
        "created_date": null,
        "last_edited_user": null,
        "last_edited_date": null,
        "source_id": "miami-beach:arcgis:meters:84",
        "source_name": "City of Miami Beach Parking GIS",
        "name": "Parking Meters 84",
        "facility_type": "parking_zone",
        "city": "Miami Beach",
        "state": "FL",
        "operator": "City of Miami Beach Parking Department",
        "access": "public",
        "fee": "unknown",
        "charge": "unknown",
        "capacity": null,
        "confidence": 0.9,
        "last_verified_source": "City of Miami Beach Parking GIS",
        "source_url": "https://www.miamibeachfl.gov/city-hall/parking/",
        "api_url": "https://gis.miamibeachfl.gov/public/rest/services/mb/Parking/FeatureServer/1/query?where=1%3D1&outFields=*&f=geojson&outSR=4326&resultRecordCount=1000&resultOffset=0",
        "evidence_url": "https://gis.miamibeachfl.gov/public/rest/services/mb/Parking/FeatureServer/1/query?where=1%3D1&outFields=*&f=geojson&outSR=4326&resultRecordCount=1000&resultOffset=0",
        "data_as_of": "2026-06-12",
        "existence_status": "confirmed",
        "price_status": "known_unpriced",
        "rule_status": "partial",
        "enrichment_status": "needs_price",
        "payment_url": "",
        "booking_url": "",
        "raw_properties": {
          "OBJECTID": 84,
          "NUMBER": "P025003",
          "BRAND": "DPT",
          "ZONE": "P25",
          "STATUS": 5,
          "created_user": null,
          "created_date": null,
          "last_edited_user": null,
          "last_edited_date": null
        }
      }
    },
    {
      "type": "Feature",
      "id": 85,
      "geometry": {
        "type": "Point",
        "coordinates": [
          -80.14044023183777,
          25.79185291906827
        ]
      },
      "properties": {
        "OBJECTID": 85,
        "NUMBER": "P025004",
        "BRAND": "DPT",
        "ZONE": "P25",
        "STATUS": 5,
        "created_user": null,
        "created_date": null,
        "last_edited_user": null,
        "last_edited_date": null,
        "source_id": "miami-beach:arcgis:meters:85",
        "source_name": "City of Miami Beach Parking GIS",
        "name": "Parking Meters 85",
        "facility_type": "parking_zone",
        "city": "Miami Beach",
        "state": "FL",
        "operator": "City of Miami Beach Parking Department",
        "access": "public",
        "fee": "unknown",
        "charge": "unknown",
        "capacity": null,
        "confidence": 0.9,
        "last_verified_source": "City of Miami Beach Parking GIS",
        "source_url": "https://www.miamibeachfl.gov/city-hall/parking/",
        "api_url": "https://gis.miamibeachfl.gov/public/rest/services/mb/Parking/FeatureServer/1/query?where=1%3D1&outFields=*&f=geojson&outSR=4326&resultRecordCount=1000&resultOffset=0",
        "evidence_url": "https://gis.miamibeachfl.gov/public/rest/services/mb/Parking/FeatureServer/1/query?where=1%3D1&outFields=*&f=geojson&outSR=4326&resultRecordCount=1000&resultOffset=0",
        "data_as_of": "2026-06-12",
        "existence_status": "confirmed",
        "price_status": "known_unpriced",
        "rule_status": "partial",
        "enrichment_status": "needs_price",
        "payment_url": "",
        "booking_url": "",
        "raw_properties": {
          "OBJECTID": 85,
          "NUMBER": "P025004",
          "BRAND": "DPT",
          "ZONE": "P25",
          "STATUS": 5,
          "created_user": null,
          "created_date": null,
          "last_edited_user": null,
          "last_edited_date": null
        }
      }
    },
    {
      "type": "Feature",
      "id": 86,
      "geometry": {
        "type": "Point",
        "coordinates": [
          -80.14039530454842,
          25.791327521697614
        ]
      },
      "properties": {
        "OBJECTID": 86,
        "NUMBER": "P025002",
        "BRAND": "DPT",
        "ZONE": "P25",
        "STATUS": 5,
        "created_user": null,
        "created_date": null,
        "last_edited_user": null,
        "last_edited_date": null,
        "source_id": "miami-beach:arcgis:meters:86",
        "source_name": "City of Miami Beach Parking GIS",
        "name": "Parking Meters 86",
        "facility_type": "parking_zone",
        "city": "Miami Beach",
        "state": "FL",
        "operator": "City of Miami Beach Parking Department",
        "access": "public",
        "fee": "unknown",
        "charge": "unknown",
        "capacity": null,
        "confidence": 0.9,
        "last_verified_source": "City of Miami Beach Parking GIS",
        "source_url": "https://www.miamibeachfl.gov/city-hall/parking/",
        "api_url": "https://gis.miamibeachfl.gov/public/rest/services/mb/Parking/FeatureServer/1/query?where=1%3D1&outFields=*&f=geojson&outSR=4326&resultRecordCount=1000&resultOffset=0",
        "evidence_url": "https://gis.miamibeachfl.gov/public/rest/services/mb/Parking/FeatureServer/1/query?where=1%3D1&outFields=*&f=geojson&outSR=4326&resultRecordCount=1000&resultOffset=0",
        "data_as_of": "2026-06-12",
        "existence_status": "confirmed",
        "price_status": "known_unpriced",
        "rule_status": "partial",
        "enrichment_status": "needs_price",
        "payment_url": "",
        "booking_url": "",
        "raw_properties": {
          "OBJECTID": 86,
          "NUMBER": "P025002",
          "BRAND": "DPT",
          "ZONE": "P25",
          "STATUS": 5,
          "created_user": null,
          "created_date": null,
          "last_edited_user": null,
          "last_edited_date": null
        }
      }
    },
    {
      "type": "Feature",
      "id": 87,
      "geometry": {
        "type": "Point",
        "coordinates": [
          -80.14013581726891,
          25.791358975432505
        ]
      },
      "properties": {
        "OBJECTID": 87,
        "NUMBER": "P025001",
        "BRAND": "DPT",
        "ZONE": "P25",
        "STATUS": 5,
        "created_user": null,
        "created_date": null,
        "last_edited_user": null,
        "last_edited_date": null,
        "source_id": "miami-beach:arcgis:meters:87",
        "source_name": "City of Miami Beach Parking GIS",
        "name": "Parking Meters 87",
        "facility_type": "parking_zone",
        "city": "Miami Beach",
        "state": "FL",
        "operator": "City of Miami Beach Parking Department",
        "access": "public",
        "fee": "unknown",
        "charge": "unknown",
        "capacity": null,
        "confidence": 0.9,
        "last_verified_source": "City of Miami Beach Parking GIS",
        "source_url": "https://www.miamibeachfl.gov/city-hall/parking/",
        "api_url": "https://gis.miamibeachfl.gov/public/rest/services/mb/Parking/FeatureServer/1/query?where=1%3D1&outFields=*&f=geojson&outSR=4326&resultRecordCount=1000&resultOffset=0",
        "evidence_url": "https://gis.miamibeachfl.gov/public/rest/services/mb/Parking/FeatureServer/1/query?where=1%3D1&outFields=*&f=geojson&outSR=4326&resultRecordCount=1000&resultOffset=0",
        "data_as_of": "2026-06-12",
        "existence_status": "confirmed",
        "price_status": "known_unpriced",
        "rule_status": "partial",
        "enrichment_status": "needs_price",
        "payment_url": "",
        "booking_url": "",
        "raw_properties": {
          "OBJECTID": 87,
          "NUMBER": "P025001",
          "BRAND": "DPT",
          "ZONE": "P25",
          "STATUS": 5,
          "created_user": null,
          "created_date": null,
          "last_edited_user": null,
          "last_edited_date": null
        }
      }
    },
    {
      "type": "Feature",
      "id": 88,
      "geometry": {
        "type": "Point",
        "coordinates": [
          -80.14010914094399,
          25.79154345437697
        ]
      },
      "properties": {
        "OBJECTID": 88,
        "NUMBER": "LX16W02",
        "BRAND": "DPT",
        "ZONE": "4X",
        "STATUS": 5,
        "created_user": null,
        "created_date": null,
        "last_edited_user": null,
        "last_edited_date": null,
        "source_id": "miami-beach:arcgis:meters:88",
        "source_name": "City of Miami Beach Parking GIS",
        "name": "Parking Meters 88",
        "facility_type": "parking_zone",
        "city": "Miami Beach",
        "state": "FL",
        "operator": "City of Miami Beach Parking Department",
        "access": "public",
        "fee": "unknown",
        "charge": "unknown",
        "capacity": null,
        "confidence": 0.9,
        "last_verified_source": "City of Miami Beach Parking GIS",
        "source_url": "https://www.miamibeachfl.gov/city-hall/parking/",
        "api_url": "https://gis.miamibeachfl.gov/public/rest/services/mb/Parking/FeatureServer/1/query?where=1%3D1&outFields=*&f=geojson&outSR=4326&resultRecordCount=1000&resultOffset=0",
        "evidence_url": "https://gis.miamibeachfl.gov/public/rest/services/mb/Parking/FeatureServer/1/query?where=1%3D1&outFields=*&f=geojson&outSR=4326&resultRecordCount=1000&resultOffset=0",
        "data_as_of": "2026-06-12",
        "existence_status": "confirmed",
        "price_status": "known_unpriced",
        "rule_status": "partial",
        "enrichment_status": "needs_price",
        "payment_url": "",
        "booking_url": "",
        "raw_properties": {
          "OBJECTID": 88,
          "NUMBER": "LX16W02",
          "BRAND": "DPT",
          "ZONE": "4X",
          "STATUS": 5,
          "created_user": null,
          "created_date": null,
          "last_edited_user": null,
          "last_edited_date": null
        }
      }
    },
    {
      "type": "Feature",
      "id": 89,
      "geometry": {
        "type": "Point",
        "coordinates": [
          -80.13994151458644,
          25.791201252765976
        ]
      },
      "properties": {
        "OBJECTID": 89,
        "NUMBER": "LX16E01",
        "BRAND": "DPT",
        "ZONE": "4X",
        "STATUS": 5,
        "created_user": null,
        "created_date": null,
        "last_edited_user": null,
        "last_edited_date": null,
        "source_id": "miami-beach:arcgis:meters:89",
        "source_name": "City of Miami Beach Parking GIS",
        "name": "Parking Meters 89",
        "facility_type": "parking_zone",
        "city": "Miami Beach",
        "state": "FL",
        "operator": "City of Miami Beach Parking Department",
        "access": "public",
        "fee": "unknown",
        "charge": "unknown",
        "capacity": null,
        "confidence": 0.9,
        "last_verified_source": "City of Miami Beach Parking GIS",
        "source_url": "https://www.miamibeachfl.gov/city-hall/parking/",
        "api_url": "https://gis.miamibeachfl.gov/public/rest/services/mb/Parking/FeatureServer/1/query?where=1%3D1&outFields=*&f=geojson&outSR=4326&resultRecordCount=1000&resultOffset=0",
        "evidence_url": "https://gis.miamibeachfl.gov/public/rest/services/mb/Parking/FeatureServer/1/query?where=1%3D1&outFields=*&f=geojson&outSR=4326&resultRecordCount=1000&resultOffset=0",
        "data_as_of": "2026-06-12",
        "existence_status": "confirmed",
        "price_status": "known_unpriced",
        "rule_status": "partial",
        "enrichment_status": "needs_price",
        "payment_url": "",
        "booking_url": "",
        "raw_properties": {
          "OBJECTID": 89,
          "NUMBER": "LX16E01",
          "BRAND": "DPT",
          "ZONE": "4X",
          "STATUS": 5,
          "created_user": null,
          "created_date": null,
          "last_edited_user": null,
          "last_edited_date": null
        }
      }
    },
    {
      "type": "Feature",
      "id": 90,
      "geometry": {
        "type": "Point",
        "coordinates": [
          -80.13891201824384,
          25.791364336186433
        ]
      },
      "properties": {
        "OBJECTID": 90,
        "NUMBER": "MI16W06",
        "BRAND": "DPT",
        "ZONE": "4X",
        "STATUS": 5,
        "created_user": null,
        "created_date": null,
        "last_edited_user": null,
        "last_edited_date": null,
        "source_id": "miami-beach:arcgis:meters:90",
        "source_name": "City of Miami Beach Parking GIS",
        "name": "Parking Meters 90",
        "facility_type": "parking_zone",
        "city": "Miami Beach",
        "state": "FL",
        "operator": "City of Miami Beach Parking Department",
        "access": "public",
        "fee": "unknown",
        "charge": "unknown",
        "capacity": null,
        "confidence": 0.9,
        "last_verified_source": "City of Miami Beach Parking GIS",
        "source_url": "https://www.miamibeachfl.gov/city-hall/parking/",
        "api_url": "https://gis.miamibeachfl.gov/public/rest/services/mb/Parking/FeatureServer/1/query?where=1%3D1&outFields=*&f=geojson&outSR=4326&resultRecordCount=1000&resultOffset=0",
        "evidence_url": "https://gis.miamibeachfl.gov/public/rest/services/mb/Parking/FeatureServer/1/query?where=1%3D1&outFields=*&f=geojson&outSR=4326&resultRecordCount=1000&resultOffset=0",
        "data_as_of": "2026-06-12",
        "existence_status": "confirmed",
        "price_status": "known_unpriced",
        "rule_status": "partial",
        "enrichment_status": "needs_price",
        "payment_url": "",
        "booking_url": "",
        "raw_properties": {
          "OBJECTID": 90,
          "NUMBER": "MI16W06",
          "BRAND": "DPT",
          "ZONE": "4X",
          "STATUS": 5,
          "created_user": null,
          "created_date": null,
          "last_edited_user": null,
          "last_edited_date": null
        }
      }
    },
    {
      "type": "Feature",
      "id": 91,
      "geometry": {
        "type": "Point",
        "coordinates": [
          -80.1400408840873,
          25.789744583465936
        ]
      },
      "properties": {
        "OBJECTID": 91,
        "NUMBER": "P022001",
        "BRAND": "DPT",
        "ZONE": "P22",
        "STATUS": 5,
        "created_user": null,
        "created_date": null,
        "last_edited_user": null,
        "last_edited_date": null,
        "source_id": "miami-beach:arcgis:meters:91",
        "source_name": "City of Miami Beach Parking GIS",
        "name": "Parking Meters 91",
        "facility_type": "parking_zone",
        "city": "Miami Beach",
        "state": "FL",
        "operator": "City of Miami Beach Parking Department",
        "access": "public",
        "fee": "unknown",
        "charge": "unknown",
        "capacity": null,
        "confidence": 0.9,
        "last_verified_source": "City of Miami Beach Parking GIS",
        "source_url": "https://www.miamibeachfl.gov/city-hall/parking/",
        "api_url": "https://gis.miamibeachfl.gov/public/rest/services/mb/Parking/FeatureServer/1/query?where=1%3D1&outFields=*&f=geojson&outSR=4326&resultRecordCount=1000&resultOffset=0",
        "evidence_url": "https://gis.miamibeachfl.gov/public/rest/services/mb/Parking/FeatureServer/1/query?where=1%3D1&outFields=*&f=geojson&outSR=4326&resultRecordCount=1000&resultOffset=0",
        "data_as_of": "2026-06-12",
        "existence_status": "confirmed",
        "price_status": "known_unpriced",
        "rule_status": "partial",
        "enrichment_status": "needs_price",
        "payment_url": "",
        "booking_url": "",
        "raw_properties": {
          "OBJECTID": 91,
          "NUMBER": "P022001",
          "BRAND": "DPT",
          "ZONE": "P22",
          "STATUS": 5,
          "created_user": null,
          "created_date": null,
          "last_edited_user": null,
          "last_edited_date": null
        }
      }
    },
    {
      "type": "Feature",
      "id": 92,
      "geometry": {
        "type": "Point",
        "coordinates": [
          -80.13814045463731,
          25.78977292591858
        ]
      },
      "properties": {
        "OBJECTID": 92,
        "NUMBER": "P020002",
        "BRAND": "DPT",
        "ZONE": "P20",
        "STATUS": 5,
        "created_user": null,
        "created_date": null,
        "last_edited_user": null,
        "last_edited_date": null,
        "source_id": "miami-beach:arcgis:meters:92",
        "source_name": "City of Miami Beach Parking GIS",
        "name": "Parking Meters 92",
        "facility_type": "parking_zone",
        "city": "Miami Beach",
        "state": "FL",
        "operator": "City of Miami Beach Parking Department",
        "access": "public",
        "fee": "unknown",
        "charge": "unknown",
        "capacity": null,
        "confidence": 0.9,
        "last_verified_source": "City of Miami Beach Parking GIS",
        "source_url": "https://www.miamibeachfl.gov/city-hall/parking/",
        "api_url": "https://gis.miamibeachfl.gov/public/rest/services/mb/Parking/FeatureServer/1/query?where=1%3D1&outFields=*&f=geojson&outSR=4326&resultRecordCount=1000&resultOffset=0",
        "evidence_url": "https://gis.miamibeachfl.gov/public/rest/services/mb/Parking/FeatureServer/1/query?where=1%3D1&outFields=*&f=geojson&outSR=4326&resultRecordCount=1000&resultOffset=0",
        "data_as_of": "2026-06-12",
        "existence_status": "confirmed",
        "price_status": "known_unpriced",
        "rule_status": "partial",
        "enrichment_status": "needs_price",
        "payment_url": "",
        "booking_url": "",
        "raw_properties": {
          "OBJECTID": 92,
          "NUMBER": "P020002",
          "BRAND": "DPT",
          "ZONE": "P20",
          "STATUS": 5,
          "created_user": null,
          "created_date": null,
          "last_edited_user": null,
          "last_edited_date": null
        }
      }
    },
    {
      "type": "Feature",
      "id": 93,
      "geometry": {
        "type": "Point",
        "coordinates": [
          -80.13783016424989,
          25.78978253225494
        ]
      },
      "properties": {
        "OBJECTID": 93,
        "NUMBER": "P02001",
        "BRAND": "DPT",
        "ZONE": "P21",
        "STATUS": 5,
        "created_user": null,
        "created_date": null,
        "last_edited_user": null,
        "last_edited_date": null,
        "source_id": "miami-beach:arcgis:meters:93",
        "source_name": "City of Miami Beach Parking GIS",
        "name": "Parking Meters 93",
        "facility_type": "parking_zone",
        "city": "Miami Beach",
        "state": "FL",
        "operator": "City of Miami Beach Parking Department",
        "access": "public",
        "fee": "unknown",
        "charge": "unknown",
        "capacity": null,
        "confidence": 0.9,
        "last_verified_source": "City of Miami Beach Parking GIS",
        "source_url": "https://www.miamibeachfl.gov/city-hall/parking/",
        "api_url": "https://gis.miamibeachfl.gov/public/rest/services/mb/Parking/FeatureServer/1/query?where=1%3D1&outFields=*&f=geojson&outSR=4326&resultRecordCount=1000&resultOffset=0",
        "evidence_url": "https://gis.miamibeachfl.gov/public/rest/services/mb/Parking/FeatureServer/1/query?where=1%3D1&outFields=*&f=geojson&outSR=4326&resultRecordCount=1000&resultOffset=0",
        "data_as_of": "2026-06-12",
        "existence_status": "confirmed",
        "price_status": "known_unpriced",
        "rule_status": "partial",
        "enrichment_status": "needs_price",
        "payment_url": "",
        "booking_url": "",
        "raw_properties": {
          "OBJECTID": 93,
          "NUMBER": "P02001",
          "BRAND": "DPT",
          "ZONE": "P21",
          "STATUS": 5,
          "created_user": null,
          "created_date": null,
          "last_edited_user": null,
          "last_edited_date": null
        }
      }
    },
    {
      "type": "Feature",
      "id": 94,
      "geometry": {
        "type": "Point",
        "coordinates": [
          -80.14050543014093,
          25.78973970822631
        ]
      },
      "properties": {
        "OBJECTID": 94,
        "NUMBER": "P022002",
        "BRAND": "DPT",
        "ZONE": "4X",
        "STATUS": 5,
        "created_user": null,
        "created_date": null,
        "last_edited_user": null,
        "last_edited_date": null,
        "source_id": "miami-beach:arcgis:meters:94",
        "source_name": "City of Miami Beach Parking GIS",
        "name": "Parking Meters 94",
        "facility_type": "parking_zone",
        "city": "Miami Beach",
        "state": "FL",
        "operator": "City of Miami Beach Parking Department",
        "access": "public",
        "fee": "unknown",
        "charge": "unknown",
        "capacity": null,
        "confidence": 0.9,
        "last_verified_source": "City of Miami Beach Parking GIS",
        "source_url": "https://www.miamibeachfl.gov/city-hall/parking/",
        "api_url": "https://gis.miamibeachfl.gov/public/rest/services/mb/Parking/FeatureServer/1/query?where=1%3D1&outFields=*&f=geojson&outSR=4326&resultRecordCount=1000&resultOffset=0",
        "evidence_url": "https://gis.miamibeachfl.gov/public/rest/services/mb/Parking/FeatureServer/1/query?where=1%3D1&outFields=*&f=geojson&outSR=4326&resultRecordCount=1000&resultOffset=0",
        "data_as_of": "2026-06-12",
        "existence_status": "confirmed",
        "price_status": "known_unpriced",
        "rule_status": "partial",
        "enrichment_status": "needs_price",
        "payment_url": "",
        "booking_url": "",
        "raw_properties": {
          "OBJECTID": 94,
          "NUMBER": "P022002",
          "BRAND": "DPT",
          "ZONE": "4X",
          "STATUS": 5,
          "created_user": null,
          "created_date": null,
          "last_edited_user": null,
          "last_edited_date": null
        }
      }
    },
    {
      "type": "Feature",
      "id": 95,
      "geometry": {
        "type": "Point",
        "coordinates": [
          -80.13889368713309,
          25.79084765230142
        ]
      },
      "properties": {
        "OBJECTID": 95,
        "NUMBER": "MI16W04",
        "BRAND": "DPT",
        "ZONE": "4X",
        "STATUS": 5,
        "created_user": null,
        "created_date": null,
        "last_edited_user": null,
        "last_edited_date": null,
        "source_id": "miami-beach:arcgis:meters:95",
        "source_name": "City of Miami Beach Parking GIS",
        "name": "Parking Meters 95",
        "facility_type": "parking_zone",
        "city": "Miami Beach",
        "state": "FL",
        "operator": "City of Miami Beach Parking Department",
        "access": "public",
        "fee": "unknown",
        "charge": "unknown",
        "capacity": null,
        "confidence": 0.9,
        "last_verified_source": "City of Miami Beach Parking GIS",
        "source_url": "https://www.miamibeachfl.gov/city-hall/parking/",
        "api_url": "https://gis.miamibeachfl.gov/public/rest/services/mb/Parking/FeatureServer/1/query?where=1%3D1&outFields=*&f=geojson&outSR=4326&resultRecordCount=1000&resultOffset=0",
        "evidence_url": "https://gis.miamibeachfl.gov/public/rest/services/mb/Parking/FeatureServer/1/query?where=1%3D1&outFields=*&f=geojson&outSR=4326&resultRecordCount=1000&resultOffset=0",
        "data_as_of": "2026-06-12",
        "existence_status": "confirmed",
        "price_status": "known_unpriced",
        "rule_status": "partial",
        "enrichment_status": "needs_price",
        "payment_url": "",
        "booking_url": "",
        "raw_properties": {
          "OBJECTID": 95,
          "NUMBER": "MI16W04",
          "BRAND": "DPT",
          "ZONE": "4X",
          "STATUS": 5,
          "created_user": null,
          "created_date": null,
          "last_edited_user": null,
          "last_edited_date": null
        }
      }
    },
    {
      "type": "Feature",
      "id": 96,
      "geometry": {
        "type": "Point",
        "coordinates": [
          -80.13945410658926,
          25.791299120769803
        ]
      },
      "properties": {
        "OBJECTID": 96,
        "NUMBER": "P026004",
        "BRAND": "DPT",
        "ZONE": "P26",
        "STATUS": 5,
        "created_user": null,
        "created_date": null,
        "last_edited_user": null,
        "last_edited_date": null,
        "source_id": "miami-beach:arcgis:meters:96",
        "source_name": "City of Miami Beach Parking GIS",
        "name": "Parking Meters 96",
        "facility_type": "parking_zone",
        "city": "Miami Beach",
        "state": "FL",
        "operator": "City of Miami Beach Parking Department",
        "access": "public",
        "fee": "unknown",
        "charge": "unknown",
        "capacity": null,
        "confidence": 0.9,
        "last_verified_source": "City of Miami Beach Parking GIS",
        "source_url": "https://www.miamibeachfl.gov/city-hall/parking/",
        "api_url": "https://gis.miamibeachfl.gov/public/rest/services/mb/Parking/FeatureServer/1/query?where=1%3D1&outFields=*&f=geojson&outSR=4326&resultRecordCount=1000&resultOffset=0",
        "evidence_url": "https://gis.miamibeachfl.gov/public/rest/services/mb/Parking/FeatureServer/1/query?where=1%3D1&outFields=*&f=geojson&outSR=4326&resultRecordCount=1000&resultOffset=0",
        "data_as_of": "2026-06-12",
        "existence_status": "confirmed",
        "price_status": "known_unpriced",
        "rule_status": "partial",
        "enrichment_status": "needs_price",
        "payment_url": "",
        "booking_url": "",
        "raw_properties": {
          "OBJECTID": 96,
          "NUMBER": "P026004",
          "BRAND": "DPT",
          "ZONE": "P26",
          "STATUS": 5,
          "created_user": null,
          "created_date": null,
          "last_edited_user": null,
          "last_edited_date": null
        }
      }
    },
    {
      "type": "Feature",
      "id": 97,
      "geometry": {
        "type": "Point",
        "coordinates": [
          -80.139586044966,
          25.79114563851892
        ]
      },
      "properties": {
        "OBJECTID": 97,
        "NUMBER": "P026002",
        "BRAND": "DPT",
        "ZONE": "P26",
        "STATUS": 5,
        "created_user": null,
        "created_date": null,
        "last_edited_user": null,
        "last_edited_date": null,
        "source_id": "miami-beach:arcgis:meters:97",
        "source_name": "City of Miami Beach Parking GIS",
        "name": "Parking Meters 97",
        "facility_type": "parking_zone",
        "city": "Miami Beach",
        "state": "FL",
        "operator": "City of Miami Beach Parking Department",
        "access": "public",
        "fee": "unknown",
        "charge": "unknown",
        "capacity": null,
        "confidence": 0.9,
        "last_verified_source": "City of Miami Beach Parking GIS",
        "source_url": "https://www.miamibeachfl.gov/city-hall/parking/",
        "api_url": "https://gis.miamibeachfl.gov/public/rest/services/mb/Parking/FeatureServer/1/query?where=1%3D1&outFields=*&f=geojson&outSR=4326&resultRecordCount=1000&resultOffset=0",
        "evidence_url": "https://gis.miamibeachfl.gov/public/rest/services/mb/Parking/FeatureServer/1/query?where=1%3D1&outFields=*&f=geojson&outSR=4326&resultRecordCount=1000&resultOffset=0",
        "data_as_of": "2026-06-12",
        "existence_status": "confirmed",
        "price_status": "known_unpriced",
        "rule_status": "partial",
        "enrichment_status": "needs_price",
        "payment_url": "",
        "booking_url": "",
        "raw_properties": {
          "OBJECTID": 97,
          "NUMBER": "P026002",
          "BRAND": "DPT",
          "ZONE": "P26",
          "STATUS": 5,
          "created_user": null,
          "created_date": null,
          "last_edited_user": null,
          "last_edited_date": null
        }
      }
    },
    {
      "type": "Feature",
      "id": 98,
      "geometry": {
        "type": "Point",
        "coordinates": [
          -80.13923511730006,
          25.791155502612693
        ]
      },
      "properties": {
        "OBJECTID": 98,
        "NUMBER": "P026001",
        "BRAND": "DPT",
        "ZONE": "P26",
        "STATUS": 5,
        "created_user": null,
        "created_date": null,
        "last_edited_user": null,
        "last_edited_date": null,
        "source_id": "miami-beach:arcgis:meters:98",
        "source_name": "City of Miami Beach Parking GIS",
        "name": "Parking Meters 98",
        "facility_type": "parking_zone",
        "city": "Miami Beach",
        "state": "FL",
        "operator": "City of Miami Beach Parking Department",
        "access": "public",
        "fee": "unknown",
        "charge": "unknown",
        "capacity": null,
        "confidence": 0.9,
        "last_verified_source": "City of Miami Beach Parking GIS",
        "source_url": "https://www.miamibeachfl.gov/city-hall/parking/",
        "api_url": "https://gis.miamibeachfl.gov/public/rest/services/mb/Parking/FeatureServer/1/query?where=1%3D1&outFields=*&f=geojson&outSR=4326&resultRecordCount=1000&resultOffset=0",
        "evidence_url": "https://gis.miamibeachfl.gov/public/rest/services/mb/Parking/FeatureServer/1/query?where=1%3D1&outFields=*&f=geojson&outSR=4326&resultRecordCount=1000&resultOffset=0",
        "data_as_of": "2026-06-12",
        "existence_status": "confirmed",
        "price_status": "known_unpriced",
        "rule_status": "partial",
        "enrichment_status": "needs_price",
        "payment_url": "",
        "booking_url": "",
        "raw_properties": {
          "OBJECTID": 98,
          "NUMBER": "P026001",
          "BRAND": "DPT",
          "ZONE": "P26",
          "STATUS": 5,
          "created_user": null,
          "created_date": null,
          "last_edited_user": null,
          "last_edited_date": null
        }
      }
    },
    {
      "type": "Feature",
      "id": 99,
      "geometry": {
        "type": "Point",
        "coordinates": [
          -80.13908577923776,
          25.791306983183265
        ]
      },
      "properties": {
        "OBJECTID": 99,
        "NUMBER": "P026003",
        "BRAND": "DPT",
        "ZONE": "P26",
        "STATUS": 5,
        "created_user": null,
        "created_date": null,
        "last_edited_user": null,
        "last_edited_date": null,
        "source_id": "miami-beach:arcgis:meters:99",
        "source_name": "City of Miami Beach Parking GIS",
        "name": "Parking Meters 99",
        "facility_type": "parking_zone",
        "city": "Miami Beach",
        "state": "FL",
        "operator": "City of Miami Beach Parking Department",
        "access": "public",
        "fee": "unknown",
        "charge": "unknown",
        "capacity": null,
        "confidence": 0.9,
        "last_verified_source": "City of Miami Beach Parking GIS",
        "source_url": "https://www.miamibeachfl.gov/city-hall/parking/",
        "api_url": "https://gis.miamibeachfl.gov/public/rest/services/mb/Parking/FeatureServer/1/query?where=1%3D1&outFields=*&f=geojson&outSR=4326&resultRecordCount=1000&resultOffset=0",
        "evidence_url": "https://gis.miamibeachfl.gov/public/rest/services/mb/Parking/FeatureServer/1/query?where=1%3D1&outFields=*&f=geojson&outSR=4326&resultRecordCount=1000&resultOffset=0",
        "data_as_of": "2026-06-12",
        "existence_status": "confirmed",
        "price_status": "known_unpriced",
        "rule_status": "partial",
        "enrichment_status": "needs_price",
        "payment_url": "",
        "booking_url": "",
        "raw_properties": {
          "OBJECTID": 99,
          "NUMBER": "P026003",
          "BRAND": "DPT",
          "ZONE": "P26",
          "STATUS": 5,
          "created_user": null,
          "created_date": null,
          "last_edited_user": null,
          "last_edited_date": null
        }
      }
    },
    {
      "type": "Feature",
      "id": 100,
      "geometry": {
        "type": "Point",
        "coordinates": [
          -80.13975125852895,
          25.791291414241847
        ]
      },
      "properties": {
        "OBJECTID": 100,
        "NUMBER": "P026005",
        "BRAND": "DPT",
        "ZONE": "P26",
        "STATUS": 5,
        "created_user": null,
        "created_date": null,
        "last_edited_user": null,
        "last_edited_date": null,
        "source_id": "miami-beach:arcgis:meters:100",
        "source_name": "City of Miami Beach Parking GIS",
        "name": "Parking Meters 100",
        "facility_type": "parking_zone",
        "city": "Miami Beach",
        "state": "FL",
        "operator": "City of Miami Beach Parking Department",
        "access": "public",
        "fee": "unknown",
        "charge": "unknown",
        "capacity": null,
        "confidence": 0.9,
        "last_verified_source": "City of Miami Beach Parking GIS",
        "source_url": "https://www.miamibeachfl.gov/city-hall/parking/",
        "api_url": "https://gis.miamibeachfl.gov/public/rest/services/mb/Parking/FeatureServer/1/query?where=1%3D1&outFields=*&f=geojson&outSR=4326&resultRecordCount=1000&resultOffset=0",
        "evidence_url": "https://gis.miamibeachfl.gov/public/rest/services/mb/Parking/FeatureServer/1/query?where=1%3D1&outFields=*&f=geojson&outSR=4326&resultRecordCount=1000&resultOffset=0",
        "data_as_of": "2026-06-12",
        "existence_status": "confirmed",
        "price_status": "known_unpriced",
        "rule_status": "partial",
        "enrichment_status": "needs_price",
        "payment_url": "",
        "booking_url": "",
        "raw_properties": {
          "OBJECTID": 100,
          "NUMBER": "P026005",
          "BRAND": "DPT",
          "ZONE": "P26",
          "STATUS": 5,
          "created_user": null,
          "created_date": null,
          "last_edited_user": null,
          "last_edited_date": null
        }
      }
    },
    {
      "type": "Feature",
      "id": 101,
      "geometry": {
        "type": "Point",
        "coordinates": [
          -80.13442045136668,
          25.773913099914296
        ]
      },
      "properties": {
        "OBJECTID": 101,
        "NUMBER": "WA04W02",
        "BRAND": "DPT",
        "ZONE": "7X",
        "STATUS": 5,
        "created_user": null,
        "created_date": null,
        "last_edited_user": null,
        "last_edited_date": null,
        "source_id": "miami-beach:arcgis:meters:101",
        "source_name": "City of Miami Beach Parking GIS",
        "name": "Parking Meters 101",
        "facility_type": "parking_zone",
        "city": "Miami Beach",
        "state": "FL",
        "operator": "City of Miami Beach Parking Department",
        "access": "public",
        "fee": "unknown",
        "charge": "unknown",
        "capacity": null,
        "confidence": 0.9,
        "last_verified_source": "City of Miami Beach Parking GIS",
        "source_url": "https://www.miamibeachfl.gov/city-hall/parking/",
        "api_url": "https://gis.miamibeachfl.gov/public/rest/services/mb/Parking/FeatureServer/1/query?where=1%3D1&outFields=*&f=geojson&outSR=4326&resultRecordCount=1000&resultOffset=0",
        "evidence_url": "https://gis.miamibeachfl.gov/public/rest/services/mb/Parking/FeatureServer/1/query?where=1%3D1&outFields=*&f=geojson&outSR=4326&resultRecordCount=1000&resultOffset=0",
        "data_as_of": "2026-06-12",
        "existence_status": "confirmed",
        "price_status": "known_unpriced",
        "rule_status": "partial",
        "enrichment_status": "needs_price",
        "payment_url": "",
        "booking_url": "",
        "raw_properties": {
          "OBJECTID": 101,
          "NUMBER": "WA04W02",
          "BRAND": "DPT",
          "ZONE": "7X",
          "STATUS": 5,
          "created_user": null,
          "created_date": null,
          "last_edited_user": null,
          "last_edited_date": null
        }
      }
    },
    {
      "type": "Feature",
      "id": 102,
      "geometry": {
        "type": "Point",
        "coordinates": [
          -80.13512717558068,
          25.769653153215142
        ]
      },
      "properties": {
        "OBJECTID": 102,
        "NUMBER": "WA00E01",
        "BRAND": "DPT",
        "ZONE": "7X",
        "STATUS": 5,
        "created_user": null,
        "created_date": null,
        "last_edited_user": null,
        "last_edited_date": null,
        "source_id": "miami-beach:arcgis:meters:102",
        "source_name": "City of Miami Beach Parking GIS",
        "name": "Parking Meters 102",
        "facility_type": "parking_zone",
        "city": "Miami Beach",
        "state": "FL",
        "operator": "City of Miami Beach Parking Department",
        "access": "public",
        "fee": "unknown",
        "charge": "unknown",
        "capacity": null,
        "confidence": 0.9,
        "last_verified_source": "City of Miami Beach Parking GIS",
        "source_url": "https://www.miamibeachfl.gov/city-hall/parking/",
        "api_url": "https://gis.miamibeachfl.gov/public/rest/services/mb/Parking/FeatureServer/1/query?where=1%3D1&outFields=*&f=geojson&outSR=4326&resultRecordCount=1000&resultOffset=0",
        "evidence_url": "https://gis.miamibeachfl.gov/public/rest/services/mb/Parking/FeatureServer/1/query?where=1%3D1&outFields=*&f=geojson&outSR=4326&resultRecordCount=1000&resultOffset=0",
        "data_as_of": "2026-06-12",
        "existence_status": "confirmed",
        "price_status": "known_unpriced",
        "rule_status": "partial",
        "enrichment_status": "needs_price",
        "payment_url": "",
        "booking_url": "",
        "raw_properties": {
          "OBJECTID": 102,
          "NUMBER": "WA00E01",
          "BRAND": "DPT",
          "ZONE": "7X",
          "STATUS": 5,
          "created_user": null,
          "created_date": null,
          "last_edited_user": null,
          "last_edited_date": null
        }
      }
    },
    {
      "type": "Feature",
      "id": 103,
      "geometry": {
        "type": "Point",
        "coordinates": [
          -80.13500337675343,
          25.770191169119112
        ]
      },
      "properties": {
        "OBJECTID": 103,
        "NUMBER": "WA01E01",
        "BRAND": "DPT",
        "ZONE": "7X",
        "STATUS": 5,
        "created_user": null,
        "created_date": null,
        "last_edited_user": null,
        "last_edited_date": null,
        "source_id": "miami-beach:arcgis:meters:103",
        "source_name": "City of Miami Beach Parking GIS",
        "name": "Parking Meters 103",
        "facility_type": "parking_zone",
        "city": "Miami Beach",
        "state": "FL",
        "operator": "City of Miami Beach Parking Department",
        "access": "public",
        "fee": "unknown",
        "charge": "unknown",
        "capacity": null,
        "confidence": 0.9,
        "last_verified_source": "City of Miami Beach Parking GIS",
        "source_url": "https://www.miamibeachfl.gov/city-hall/parking/",
        "api_url": "https://gis.miamibeachfl.gov/public/rest/services/mb/Parking/FeatureServer/1/query?where=1%3D1&outFields=*&f=geojson&outSR=4326&resultRecordCount=1000&resultOffset=0",
        "evidence_url": "https://gis.miamibeachfl.gov/public/rest/services/mb/Parking/FeatureServer/1/query?where=1%3D1&outFields=*&f=geojson&outSR=4326&resultRecordCount=1000&resultOffset=0",
        "data_as_of": "2026-06-12",
        "existence_status": "confirmed",
        "price_status": "known_unpriced",
        "rule_status": "partial",
        "enrichment_status": "needs_price",
        "payment_url": "",
        "booking_url": "",
        "raw_properties": {
          "OBJECTID": 103,
          "NUMBER": "WA01E01",
          "BRAND": "DPT",
          "ZONE": "7X",
          "STATUS": 5,
          "created_user": null,
          "created_date": null,
          "last_edited_user": null,
          "last_edited_date": null
        }
      }
    },
    {
      "type": "Feature",
      "id": 104,
      "geometry": {
        "type": "Point",
        "coordinates": [
          -80.1346561026016,
          25.771645538652116
        ]
      },
      "properties": {
        "OBJECTID": 104,
        "NUMBER": "WA02E01",
        "BRAND": "DPT",
        "ZONE": "7X",
        "STATUS": 5,
        "created_user": null,
        "created_date": null,
        "last_edited_user": null,
        "last_edited_date": null,
        "source_id": "miami-beach:arcgis:meters:104",
        "source_name": "City of Miami Beach Parking GIS",
        "name": "Parking Meters 104",
        "facility_type": "parking_zone",
        "city": "Miami Beach",
        "state": "FL",
        "operator": "City of Miami Beach Parking Department",
        "access": "public",
        "fee": "unknown",
        "charge": "unknown",
        "capacity": null,
        "confidence": 0.9,
        "last_verified_source": "City of Miami Beach Parking GIS",
        "source_url": "https://www.miamibeachfl.gov/city-hall/parking/",
        "api_url": "https://gis.miamibeachfl.gov/public/rest/services/mb/Parking/FeatureServer/1/query?where=1%3D1&outFields=*&f=geojson&outSR=4326&resultRecordCount=1000&resultOffset=0",
        "evidence_url": "https://gis.miamibeachfl.gov/public/rest/services/mb/Parking/FeatureServer/1/query?where=1%3D1&outFields=*&f=geojson&outSR=4326&resultRecordCount=1000&resultOffset=0",
        "data_as_of": "2026-06-12",
        "existence_status": "confirmed",
        "price_status": "known_unpriced",
        "rule_status": "partial",
        "enrichment_status": "needs_price",
        "payment_url": "",
        "booking_url": "",
        "raw_properties": {
          "OBJECTID": 104,
          "NUMBER": "WA02E01",
          "BRAND": "DPT",
          "ZONE": "7X",
          "STATUS": 5,
          "created_user": null,
          "created_date": null,
          "last_edited_user": null,
          "last_edited_date": null
        }
      }
    },
    {
      "type": "Feature",
      "id": 105,
      "geometry": {
        "type": "Point",
        "coordinates": [
          -80.13240946174987,
          25.78750010709749
        ]
      },
      "properties": {
        "OBJECTID": 105,
        "NUMBER": "1504S02",
        "BRAND": "DPT",
        "ZONE": "2X",
        "STATUS": 5,
        "created_user": null,
        "created_date": null,
        "last_edited_user": null,
        "last_edited_date": null,
        "source_id": "miami-beach:arcgis:meters:105",
        "source_name": "City of Miami Beach Parking GIS",
        "name": "Parking Meters 105",
        "facility_type": "parking_zone",
        "city": "Miami Beach",
        "state": "FL",
        "operator": "City of Miami Beach Parking Department",
        "access": "public",
        "fee": "unknown",
        "charge": "unknown",
        "capacity": null,
        "confidence": 0.9,
        "last_verified_source": "City of Miami Beach Parking GIS",
        "source_url": "https://www.miamibeachfl.gov/city-hall/parking/",
        "api_url": "https://gis.miamibeachfl.gov/public/rest/services/mb/Parking/FeatureServer/1/query?where=1%3D1&outFields=*&f=geojson&outSR=4326&resultRecordCount=1000&resultOffset=0",
        "evidence_url": "https://gis.miamibeachfl.gov/public/rest/services/mb/Parking/FeatureServer/1/query?where=1%3D1&outFields=*&f=geojson&outSR=4326&resultRecordCount=1000&resultOffset=0",
        "data_as_of": "2026-06-12",
        "existence_status": "confirmed",
        "price_status": "known_unpriced",
        "rule_status": "partial",
        "enrichment_status": "needs_price",
        "payment_url": "",
        "booking_url": "",
        "raw_properties": {
          "OBJECTID": 105,
          "NUMBER": "1504S02",
          "BRAND": "DPT",
          "ZONE": "2X",
          "STATUS": 5,
          "created_user": null,
          "created_date": null,
          "last_edited_user": null,
          "last_edited_date": null
        }
      }
    },
    {
      "type": "Feature",
      "id": 106,
      "geometry": {
        "type": "Point",
        "coordinates": [
          -80.13342727722615,
          25.76972687222253
        ]
      },
      "properties": {
        "OBJECTID": 106,
        "NUMBER": "0101N01",
        "BRAND": "DPT",
        "ZONE": "7X",
        "STATUS": 5,
        "created_user": null,
        "created_date": null,
        "last_edited_user": null,
        "last_edited_date": null,
        "source_id": "miami-beach:arcgis:meters:106",
        "source_name": "City of Miami Beach Parking GIS",
        "name": "Parking Meters 106",
        "facility_type": "parking_zone",
        "city": "Miami Beach",
        "state": "FL",
        "operator": "City of Miami Beach Parking Department",
        "access": "public",
        "fee": "unknown",
        "charge": "unknown",
        "capacity": null,
        "confidence": 0.9,
        "last_verified_source": "City of Miami Beach Parking GIS",
        "source_url": "https://www.miamibeachfl.gov/city-hall/parking/",
        "api_url": "https://gis.miamibeachfl.gov/public/rest/services/mb/Parking/FeatureServer/1/query?where=1%3D1&outFields=*&f=geojson&outSR=4326&resultRecordCount=1000&resultOffset=0",
        "evidence_url": "https://gis.miamibeachfl.gov/public/rest/services/mb/Parking/FeatureServer/1/query?where=1%3D1&outFields=*&f=geojson&outSR=4326&resultRecordCount=1000&resultOffset=0",
        "data_as_of": "2026-06-12",
        "existence_status": "confirmed",
        "price_status": "known_unpriced",
        "rule_status": "partial",
        "enrichment_status": "needs_price",
        "payment_url": "",
        "booking_url": "",
        "raw_properties": {
          "OBJECTID": 106,
          "NUMBER": "0101N01",
          "BRAND": "DPT",
          "ZONE": "7X",
          "STATUS": 5,
          "created_user": null,
          "created_date": null,
          "last_edited_user": null,
          "last_edited_date": null
        }
      }
    },
    {
      "type": "Feature",
      "id": 107,
      "geometry": {
        "type": "Point",
        "coordinates": [
          -80.1422971776964,
          25.790958388318927
        ]
      },
      "properties": {
        "OBJECTID": 107,
        "NUMBER": "P024001",
        "BRAND": "DPT",
        "ZONE": "P24",
        "STATUS": 5,
        "created_user": null,
        "created_date": null,
        "last_edited_user": null,
        "last_edited_date": null,
        "source_id": "miami-beach:arcgis:meters:107",
        "source_name": "City of Miami Beach Parking GIS",
        "name": "Parking Meters 107",
        "facility_type": "parking_zone",
        "city": "Miami Beach",
        "state": "FL",
        "operator": "City of Miami Beach Parking Department",
        "access": "public",
        "fee": "unknown",
        "charge": "unknown",
        "capacity": null,
        "confidence": 0.9,
        "last_verified_source": "City of Miami Beach Parking GIS",
        "source_url": "https://www.miamibeachfl.gov/city-hall/parking/",
        "api_url": "https://gis.miamibeachfl.gov/public/rest/services/mb/Parking/FeatureServer/1/query?where=1%3D1&outFields=*&f=geojson&outSR=4326&resultRecordCount=1000&resultOffset=0",
        "evidence_url": "https://gis.miamibeachfl.gov/public/rest/services/mb/Parking/FeatureServer/1/query?where=1%3D1&outFields=*&f=geojson&outSR=4326&resultRecordCount=1000&resultOffset=0",
        "data_as_of": "2026-06-12",
        "existence_status": "confirmed",
        "price_status": "known_unpriced",
        "rule_status": "partial",
        "enrichment_status": "needs_price",
        "payment_url": "",
        "booking_url": "",
        "raw_properties": {
          "OBJECTID": 107,
          "NUMBER": "P024001",
          "BRAND": "DPT",
          "ZONE": "P24",
          "STATUS": 5,
          "created_user": null,
          "created_date": null,
          "last_edited_user": null,
          "last_edited_date": null
        }
      }
    },
    {
      "type": "Feature",
      "id": 108,
      "geometry": {
        "type": "Point",
        "coordinates": [
          -80.13308110932824,
          25.773886858699992
        ]
      },
      "properties": {
        "OBJECTID": 108,
        "NUMBER": "CL04E01",
        "BRAND": "DPT",
        "ZONE": "7X",
        "STATUS": 5,
        "created_user": null,
        "created_date": null,
        "last_edited_user": null,
        "last_edited_date": null,
        "source_id": "miami-beach:arcgis:meters:108",
        "source_name": "City of Miami Beach Parking GIS",
        "name": "Parking Meters 108",
        "facility_type": "parking_zone",
        "city": "Miami Beach",
        "state": "FL",
        "operator": "City of Miami Beach Parking Department",
        "access": "public",
        "fee": "unknown",
        "charge": "unknown",
        "capacity": null,
        "confidence": 0.9,
        "last_verified_source": "City of Miami Beach Parking GIS",
        "source_url": "https://www.miamibeachfl.gov/city-hall/parking/",
        "api_url": "https://gis.miamibeachfl.gov/public/rest/services/mb/Parking/FeatureServer/1/query?where=1%3D1&outFields=*&f=geojson&outSR=4326&resultRecordCount=1000&resultOffset=0",
        "evidence_url": "https://gis.miamibeachfl.gov/public/rest/services/mb/Parking/FeatureServer/1/query?where=1%3D1&outFields=*&f=geojson&outSR=4326&resultRecordCount=1000&resultOffset=0",
        "data_as_of": "2026-06-12",
        "existence_status": "confirmed",
        "price_status": "known_unpriced",
        "rule_status": "partial",
        "enrichment_status": "needs_price",
        "payment_url": "",
        "booking_url": "",
        "raw_properties": {
          "OBJECTID": 108,
          "NUMBER": "CL04E01",
          "BRAND": "DPT",
          "ZONE": "7X",
          "STATUS": 5,
          "created_user": null,
          "created_date": null,
          "last_edited_user": null,
          "last_edited_date": null
        }
      }
    },
    {
      "type": "Feature",
      "id": 109,
      "geometry": {
        "type": "Point",
        "coordinates": [
          -80.1328615489035,
          25.772163345886177
        ]
      },
      "properties": {
        "OBJECTID": 109,
        "NUMBER": "0301N01",
        "BRAND": "DPT",
        "ZONE": "7X",
        "STATUS": 5,
        "created_user": null,
        "created_date": null,
        "last_edited_user": null,
        "last_edited_date": null,
        "source_id": "miami-beach:arcgis:meters:109",
        "source_name": "City of Miami Beach Parking GIS",
        "name": "Parking Meters 109",
        "facility_type": "parking_zone",
        "city": "Miami Beach",
        "state": "FL",
        "operator": "City of Miami Beach Parking Department",
        "access": "public",
        "fee": "unknown",
        "charge": "unknown",
        "capacity": null,
        "confidence": 0.9,
        "last_verified_source": "City of Miami Beach Parking GIS",
        "source_url": "https://www.miamibeachfl.gov/city-hall/parking/",
        "api_url": "https://gis.miamibeachfl.gov/public/rest/services/mb/Parking/FeatureServer/1/query?where=1%3D1&outFields=*&f=geojson&outSR=4326&resultRecordCount=1000&resultOffset=0",
        "evidence_url": "https://gis.miamibeachfl.gov/public/rest/services/mb/Parking/FeatureServer/1/query?where=1%3D1&outFields=*&f=geojson&outSR=4326&resultRecordCount=1000&resultOffset=0",
        "data_as_of": "2026-06-12",
        "existence_status": "confirmed",
        "price_status": "known_unpriced",
        "rule_status": "partial",
        "enrichment_status": "needs_price",
        "payment_url": "",
        "booking_url": "",
        "raw_properties": {
          "OBJECTID": 109,
          "NUMBER": "0301N01",
          "BRAND": "DPT",
          "ZONE": "7X",
          "STATUS": 5,
          "created_user": null,
          "created_date": null,
          "last_edited_user": null,
          "last_edited_date": null
        }
      }
    },
    {
      "type": "Feature",
      "id": 110,
      "geometry": {
        "type": "Point",
        "coordinates": [
          -80.13425490183944,
          25.769228234833793
        ]
      },
      "properties": {
        "OBJECTID": 110,
        "NUMBER": "CL00W02",
        "BRAND": "DPT",
        "ZONE": "7X",
        "STATUS": 5,
        "created_user": null,
        "created_date": null,
        "last_edited_user": null,
        "last_edited_date": null,
        "source_id": "miami-beach:arcgis:meters:110",
        "source_name": "City of Miami Beach Parking GIS",
        "name": "Parking Meters 110",
        "facility_type": "parking_zone",
        "city": "Miami Beach",
        "state": "FL",
        "operator": "City of Miami Beach Parking Department",
        "access": "public",
        "fee": "unknown",
        "charge": "unknown",
        "capacity": null,
        "confidence": 0.9,
        "last_verified_source": "City of Miami Beach Parking GIS",
        "source_url": "https://www.miamibeachfl.gov/city-hall/parking/",
        "api_url": "https://gis.miamibeachfl.gov/public/rest/services/mb/Parking/FeatureServer/1/query?where=1%3D1&outFields=*&f=geojson&outSR=4326&resultRecordCount=1000&resultOffset=0",
        "evidence_url": "https://gis.miamibeachfl.gov/public/rest/services/mb/Parking/FeatureServer/1/query?where=1%3D1&outFields=*&f=geojson&outSR=4326&resultRecordCount=1000&resultOffset=0",
        "data_as_of": "2026-06-12",
        "existence_status": "confirmed",
        "price_status": "known_unpriced",
        "rule_status": "partial",
        "enrichment_status": "needs_price",
        "payment_url": "",
        "booking_url": "",
        "raw_properties": {
          "OBJECTID": 110,
          "NUMBER": "CL00W02",
          "BRAND": "DPT",
          "ZONE": "7X",
          "STATUS": 5,
          "created_user": null,
          "created_date": null,
          "last_edited_user": null,
          "last_edited_date": null
        }
      }
    },
    {
      "type": "Feature",
      "id": 111,
      "geometry": {
        "type": "Point",
        "coordinates": [
          -80.13412184935613,
          25.769106497932516
        ]
      },
      "properties": {
        "OBJECTID": 111,
        "NUMBER": "CL00E01",
        "BRAND": "DPT",
        "ZONE": "7X",
        "STATUS": 5,
        "created_user": null,
        "created_date": null,
        "last_edited_user": null,
        "last_edited_date": null,
        "source_id": "miami-beach:arcgis:meters:111",
        "source_name": "City of Miami Beach Parking GIS",
        "name": "Parking Meters 111",
        "facility_type": "parking_zone",
        "city": "Miami Beach",
        "state": "FL",
        "operator": "City of Miami Beach Parking Department",
        "access": "public",
        "fee": "unknown",
        "charge": "unknown",
        "capacity": null,
        "confidence": 0.9,
        "last_verified_source": "City of Miami Beach Parking GIS",
        "source_url": "https://www.miamibeachfl.gov/city-hall/parking/",
        "api_url": "https://gis.miamibeachfl.gov/public/rest/services/mb/Parking/FeatureServer/1/query?where=1%3D1&outFields=*&f=geojson&outSR=4326&resultRecordCount=1000&resultOffset=0",
        "evidence_url": "https://gis.miamibeachfl.gov/public/rest/services/mb/Parking/FeatureServer/1/query?where=1%3D1&outFields=*&f=geojson&outSR=4326&resultRecordCount=1000&resultOffset=0",
        "data_as_of": "2026-06-12",
        "existence_status": "confirmed",
        "price_status": "known_unpriced",
        "rule_status": "partial",
        "enrichment_status": "needs_price",
        "payment_url": "",
        "booking_url": "",
        "raw_properties": {
          "OBJECTID": 111,
          "NUMBER": "CL00E01",
          "BRAND": "DPT",
          "ZONE": "7X",
          "STATUS": 5,
          "created_user": null,
          "created_date": null,
          "last_edited_user": null,
          "last_edited_date": null
        }
      }
    },
    {
      "type": "Feature",
      "id": 112,
      "geometry": {
        "type": "Point",
        "coordinates": [
          -80.13428085715708,
          25.766525909059066
        ]
      },
      "properties": {
        "OBJECTID": 112,
        "NUMBER": "P001001",
        "BRAND": "DPT",
        "ZONE": "P1",
        "STATUS": 5,
        "created_user": null,
        "created_date": null,
        "last_edited_user": null,
        "last_edited_date": null,
        "source_id": "miami-beach:arcgis:meters:112",
        "source_name": "City of Miami Beach Parking GIS",
        "name": "Parking Meters 112",
        "facility_type": "parking_zone",
        "city": "Miami Beach",
        "state": "FL",
        "operator": "City of Miami Beach Parking Department",
        "access": "public",
        "fee": "unknown",
        "charge": "unknown",
        "capacity": null,
        "confidence": 0.9,
        "last_verified_source": "City of Miami Beach Parking GIS",
        "source_url": "https://www.miamibeachfl.gov/city-hall/parking/",
        "api_url": "https://gis.miamibeachfl.gov/public/rest/services/mb/Parking/FeatureServer/1/query?where=1%3D1&outFields=*&f=geojson&outSR=4326&resultRecordCount=1000&resultOffset=0",
        "evidence_url": "https://gis.miamibeachfl.gov/public/rest/services/mb/Parking/FeatureServer/1/query?where=1%3D1&outFields=*&f=geojson&outSR=4326&resultRecordCount=1000&resultOffset=0",
        "data_as_of": "2026-06-12",
        "existence_status": "confirmed",
        "price_status": "known_unpriced",
        "rule_status": "partial",
        "enrichment_status": "needs_price",
        "payment_url": "",
        "booking_url": "",
        "raw_properties": {
          "OBJECTID": 112,
          "NUMBER": "P001001",
          "BRAND": "DPT",
          "ZONE": "P1",
          "STATUS": 5,
          "created_user": null,
          "created_date": null,
          "last_edited_user": null,
          "last_edited_date": null
        }
      }
    },
    {
      "type": "Feature",
      "id": 113,
      "geometry": {
        "type": "Point",
        "coordinates": [
          -80.13373809272588,
          25.766632537524067
        ]
      },
      "properties": {
        "OBJECTID": 113,
        "NUMBER": "P001004",
        "BRAND": "DPT",
        "ZONE": "P1",
        "STATUS": 5,
        "created_user": null,
        "created_date": null,
        "last_edited_user": null,
        "last_edited_date": null,
        "source_id": "miami-beach:arcgis:meters:113",
        "source_name": "City of Miami Beach Parking GIS",
        "name": "Parking Meters 113",
        "facility_type": "parking_zone",
        "city": "Miami Beach",
        "state": "FL",
        "operator": "City of Miami Beach Parking Department",
        "access": "public",
        "fee": "unknown",
        "charge": "unknown",
        "capacity": null,
        "confidence": 0.9,
        "last_verified_source": "City of Miami Beach Parking GIS",
        "source_url": "https://www.miamibeachfl.gov/city-hall/parking/",
        "api_url": "https://gis.miamibeachfl.gov/public/rest/services/mb/Parking/FeatureServer/1/query?where=1%3D1&outFields=*&f=geojson&outSR=4326&resultRecordCount=1000&resultOffset=0",
        "evidence_url": "https://gis.miamibeachfl.gov/public/rest/services/mb/Parking/FeatureServer/1/query?where=1%3D1&outFields=*&f=geojson&outSR=4326&resultRecordCount=1000&resultOffset=0",
        "data_as_of": "2026-06-12",
        "existence_status": "confirmed",
        "price_status": "known_unpriced",
        "rule_status": "partial",
        "enrichment_status": "needs_price",
        "payment_url": "",
        "booking_url": "",
        "raw_properties": {
          "OBJECTID": 113,
          "NUMBER": "P001004",
          "BRAND": "DPT",
          "ZONE": "P1",
          "STATUS": 5,
          "created_user": null,
          "created_date": null,
          "last_edited_user": null,
          "last_edited_date": null
        }
      }
    },
    {
      "type": "Feature",
      "id": 114,
      "geometry": {
        "type": "Point",
        "coordinates": [
          -80.13011664913179,
          25.782442516612896
        ]
      },
      "properties": {
        "OBJECTID": 114,
        "NUMBER": "OD11E03",
        "BRAND": "DPT",
        "ZONE": "7A",
        "STATUS": 5,
        "created_user": null,
        "created_date": null,
        "last_edited_user": null,
        "last_edited_date": null,
        "source_id": "miami-beach:arcgis:meters:114",
        "source_name": "City of Miami Beach Parking GIS",
        "name": "Parking Meters 114",
        "facility_type": "parking_zone",
        "city": "Miami Beach",
        "state": "FL",
        "operator": "City of Miami Beach Parking Department",
        "access": "public",
        "fee": "unknown",
        "charge": "unknown",
        "capacity": null,
        "confidence": 0.9,
        "last_verified_source": "City of Miami Beach Parking GIS",
        "source_url": "https://www.miamibeachfl.gov/city-hall/parking/",
        "api_url": "https://gis.miamibeachfl.gov/public/rest/services/mb/Parking/FeatureServer/1/query?where=1%3D1&outFields=*&f=geojson&outSR=4326&resultRecordCount=1000&resultOffset=0",
        "evidence_url": "https://gis.miamibeachfl.gov/public/rest/services/mb/Parking/FeatureServer/1/query?where=1%3D1&outFields=*&f=geojson&outSR=4326&resultRecordCount=1000&resultOffset=0",
        "data_as_of": "2026-06-12",
        "existence_status": "confirmed",
        "price_status": "known_unpriced",
        "rule_status": "partial",
        "enrichment_status": "needs_price",
        "payment_url": "",
        "booking_url": "",
        "raw_properties": {
          "OBJECTID": 114,
          "NUMBER": "OD11E03",
          "BRAND": "DPT",
          "ZONE": "7A",
          "STATUS": 5,
          "created_user": null,
          "created_date": null,
          "last_edited_user": null,
          "last_edited_date": null
        }
      }
    },
    {
      "type": "Feature",
      "id": 115,
      "geometry": {
        "type": "Point",
        "coordinates": [
          -80.13001145751929,
          25.783153168934756
        ]
      },
      "properties": {
        "OBJECTID": 115,
        "NUMBER": "OD12E01",
        "BRAND": "DPT",
        "ZONE": "7A",
        "STATUS": 5,
        "created_user": null,
        "created_date": null,
        "last_edited_user": null,
        "last_edited_date": null,
        "source_id": "miami-beach:arcgis:meters:115",
        "source_name": "City of Miami Beach Parking GIS",
        "name": "Parking Meters 115",
        "facility_type": "parking_zone",
        "city": "Miami Beach",
        "state": "FL",
        "operator": "City of Miami Beach Parking Department",
        "access": "public",
        "fee": "unknown",
        "charge": "unknown",
        "capacity": null,
        "confidence": 0.9,
        "last_verified_source": "City of Miami Beach Parking GIS",
        "source_url": "https://www.miamibeachfl.gov/city-hall/parking/",
        "api_url": "https://gis.miamibeachfl.gov/public/rest/services/mb/Parking/FeatureServer/1/query?where=1%3D1&outFields=*&f=geojson&outSR=4326&resultRecordCount=1000&resultOffset=0",
        "evidence_url": "https://gis.miamibeachfl.gov/public/rest/services/mb/Parking/FeatureServer/1/query?where=1%3D1&outFields=*&f=geojson&outSR=4326&resultRecordCount=1000&resultOffset=0",
        "data_as_of": "2026-06-12",
        "existence_status": "confirmed",
        "price_status": "known_unpriced",
        "rule_status": "partial",
        "enrichment_status": "needs_price",
        "payment_url": "",
        "booking_url": "",
        "raw_properties": {
          "OBJECTID": 115,
          "NUMBER": "OD12E01",
          "BRAND": "DPT",
          "ZONE": "7A",
          "STATUS": 5,
          "created_user": null,
          "created_date": null,
          "last_edited_user": null,
          "last_edited_date": null
        }
      }
    },
    {
      "type": "Feature",
      "id": 116,
      "geometry": {
        "type": "Point",
        "coordinates": [
          -80.12992874018735,
          25.78364886260842
        ]
      },
      "properties": {
        "OBJECTID": 116,
        "NUMBER": "OD12E03",
        "BRAND": "DPT",
        "ZONE": "7A",
        "STATUS": 5,
        "created_user": null,
        "created_date": null,
        "last_edited_user": null,
        "last_edited_date": null,
        "source_id": "miami-beach:arcgis:meters:116",
        "source_name": "City of Miami Beach Parking GIS",
        "name": "Parking Meters 116",
        "facility_type": "parking_zone",
        "city": "Miami Beach",
        "state": "FL",
        "operator": "City of Miami Beach Parking Department",
        "access": "public",
        "fee": "unknown",
        "charge": "unknown",
        "capacity": null,
        "confidence": 0.9,
        "last_verified_source": "City of Miami Beach Parking GIS",
        "source_url": "https://www.miamibeachfl.gov/city-hall/parking/",
        "api_url": "https://gis.miamibeachfl.gov/public/rest/services/mb/Parking/FeatureServer/1/query?where=1%3D1&outFields=*&f=geojson&outSR=4326&resultRecordCount=1000&resultOffset=0",
        "evidence_url": "https://gis.miamibeachfl.gov/public/rest/services/mb/Parking/FeatureServer/1/query?where=1%3D1&outFields=*&f=geojson&outSR=4326&resultRecordCount=1000&resultOffset=0",
        "data_as_of": "2026-06-12",
        "existence_status": "confirmed",
        "price_status": "known_unpriced",
        "rule_status": "partial",
        "enrichment_status": "needs_price",
        "payment_url": "",
        "booking_url": "",
        "raw_properties": {
          "OBJECTID": 116,
          "NUMBER": "OD12E03",
          "BRAND": "DPT",
          "ZONE": "7A",
          "STATUS": 5,
          "created_user": null,
          "created_date": null,
          "last_edited_user": null,
          "last_edited_date": null
        }
      }
    },
    {
      "type": "Feature",
      "id": 117,
      "geometry": {
        "type": "Point",
        "coordinates": [
          -80.12981708035451,
          25.784279442028094
        ]
      },
      "properties": {
        "OBJECTID": 117,
        "NUMBER": "OD13E01",
        "BRAND": "DPT",
        "ZONE": "7A",
        "STATUS": 5,
        "created_user": null,
        "created_date": null,
        "last_edited_user": null,
        "last_edited_date": null,
        "source_id": "miami-beach:arcgis:meters:117",
        "source_name": "City of Miami Beach Parking GIS",
        "name": "Parking Meters 117",
        "facility_type": "parking_zone",
        "city": "Miami Beach",
        "state": "FL",
        "operator": "City of Miami Beach Parking Department",
        "access": "public",
        "fee": "unknown",
        "charge": "unknown",
        "capacity": null,
        "confidence": 0.9,
        "last_verified_source": "City of Miami Beach Parking GIS",
        "source_url": "https://www.miamibeachfl.gov/city-hall/parking/",
        "api_url": "https://gis.miamibeachfl.gov/public/rest/services/mb/Parking/FeatureServer/1/query?where=1%3D1&outFields=*&f=geojson&outSR=4326&resultRecordCount=1000&resultOffset=0",
        "evidence_url": "https://gis.miamibeachfl.gov/public/rest/services/mb/Parking/FeatureServer/1/query?where=1%3D1&outFields=*&f=geojson&outSR=4326&resultRecordCount=1000&resultOffset=0",
        "data_as_of": "2026-06-12",
        "existence_status": "confirmed",
        "price_status": "known_unpriced",
        "rule_status": "partial",
        "enrichment_status": "needs_price",
        "payment_url": "",
        "booking_url": "",
        "raw_properties": {
          "OBJECTID": 117,
          "NUMBER": "OD13E01",
          "BRAND": "DPT",
          "ZONE": "7A",
          "STATUS": 5,
          "created_user": null,
          "created_date": null,
          "last_edited_user": null,
          "last_edited_date": null
        }
      }
    },
    {
      "type": "Feature",
      "id": 118,
      "geometry": {
        "type": "Point",
        "coordinates": [
          -80.1297606526227,
          25.784766103571943
        ]
      },
      "properties": {
        "OBJECTID": 118,
        "NUMBER": "OD13E03",
        "BRAND": "DPT",
        "ZONE": "7A",
        "STATUS": 5,
        "created_user": null,
        "created_date": null,
        "last_edited_user": null,
        "last_edited_date": null,
        "source_id": "miami-beach:arcgis:meters:118",
        "source_name": "City of Miami Beach Parking GIS",
        "name": "Parking Meters 118",
        "facility_type": "parking_zone",
        "city": "Miami Beach",
        "state": "FL",
        "operator": "City of Miami Beach Parking Department",
        "access": "public",
        "fee": "unknown",
        "charge": "unknown",
        "capacity": null,
        "confidence": 0.9,
        "last_verified_source": "City of Miami Beach Parking GIS",
        "source_url": "https://www.miamibeachfl.gov/city-hall/parking/",
        "api_url": "https://gis.miamibeachfl.gov/public/rest/services/mb/Parking/FeatureServer/1/query?where=1%3D1&outFields=*&f=geojson&outSR=4326&resultRecordCount=1000&resultOffset=0",
        "evidence_url": "https://gis.miamibeachfl.gov/public/rest/services/mb/Parking/FeatureServer/1/query?where=1%3D1&outFields=*&f=geojson&outSR=4326&resultRecordCount=1000&resultOffset=0",
        "data_as_of": "2026-06-12",
        "existence_status": "confirmed",
        "price_status": "known_unpriced",
        "rule_status": "partial",
        "enrichment_status": "needs_price",
        "payment_url": "",
        "booking_url": "",
        "raw_properties": {
          "OBJECTID": 118,
          "NUMBER": "OD13E03",
          "BRAND": "DPT",
          "ZONE": "7A",
          "STATUS": 5,
          "created_user": null,
          "created_date": null,
          "last_edited_user": null,
          "last_edited_date": null
        }
      }
    },
    {
      "type": "Feature",
      "id": 119,
      "geometry": {
        "type": "Point",
        "coordinates": [
          -80.12962335757662,
          25.785623590130086
        ]
      },
      "properties": {
        "OBJECTID": 119,
        "NUMBER": "OD14E01",
        "BRAND": "DPT",
        "ZONE": "7A",
        "STATUS": 5,
        "created_user": null,
        "created_date": null,
        "last_edited_user": null,
        "last_edited_date": null,
        "source_id": "miami-beach:arcgis:meters:119",
        "source_name": "City of Miami Beach Parking GIS",
        "name": "Parking Meters 119",
        "facility_type": "parking_zone",
        "city": "Miami Beach",
        "state": "FL",
        "operator": "City of Miami Beach Parking Department",
        "access": "public",
        "fee": "unknown",
        "charge": "unknown",
        "capacity": null,
        "confidence": 0.9,
        "last_verified_source": "City of Miami Beach Parking GIS",
        "source_url": "https://www.miamibeachfl.gov/city-hall/parking/",
        "api_url": "https://gis.miamibeachfl.gov/public/rest/services/mb/Parking/FeatureServer/1/query?where=1%3D1&outFields=*&f=geojson&outSR=4326&resultRecordCount=1000&resultOffset=0",
        "evidence_url": "https://gis.miamibeachfl.gov/public/rest/services/mb/Parking/FeatureServer/1/query?where=1%3D1&outFields=*&f=geojson&outSR=4326&resultRecordCount=1000&resultOffset=0",
        "data_as_of": "2026-06-12",
        "existence_status": "confirmed",
        "price_status": "known_unpriced",
        "rule_status": "partial",
        "enrichment_status": "needs_price",
        "payment_url": "",
        "booking_url": "",
        "raw_properties": {
          "OBJECTID": 119,
          "NUMBER": "OD14E01",
          "BRAND": "DPT",
          "ZONE": "7A",
          "STATUS": 5,
          "created_user": null,
          "created_date": null,
          "last_edited_user": null,
          "last_edited_date": null
        }
      }
    },
    {
      "type": "Feature",
      "id": 120,
      "geometry": {
        "type": "Point",
        "coordinates": [
          -80.12953846005027,
          25.78625091767132
        ]
      },
      "properties": {
        "OBJECTID": 120,
        "NUMBER": "OD14E03",
        "BRAND": "DPT",
        "ZONE": "7A",
        "STATUS": 4,
        "created_user": null,
        "created_date": null,
        "last_edited_user": null,
        "last_edited_date": null,
        "source_id": "miami-beach:arcgis:meters:120",
        "source_name": "City of Miami Beach Parking GIS",
        "name": "Parking Meters 120",
        "facility_type": "parking_zone",
        "city": "Miami Beach",
        "state": "FL",
        "operator": "City of Miami Beach Parking Department",
        "access": "public",
        "fee": "unknown",
        "charge": "unknown",
        "capacity": null,
        "confidence": 0.9,
        "last_verified_source": "City of Miami Beach Parking GIS",
        "source_url": "https://www.miamibeachfl.gov/city-hall/parking/",
        "api_url": "https://gis.miamibeachfl.gov/public/rest/services/mb/Parking/FeatureServer/1/query?where=1%3D1&outFields=*&f=geojson&outSR=4326&resultRecordCount=1000&resultOffset=0",
        "evidence_url": "https://gis.miamibeachfl.gov/public/rest/services/mb/Parking/FeatureServer/1/query?where=1%3D1&outFields=*&f=geojson&outSR=4326&resultRecordCount=1000&resultOffset=0",
        "data_as_of": "2026-06-12",
        "existence_status": "confirmed",
        "price_status": "known_unpriced",
        "rule_status": "partial",
        "enrichment_status": "needs_price",
        "payment_url": "",
        "booking_url": "",
        "raw_properties": {
          "OBJECTID": 120,
          "NUMBER": "OD14E03",
          "BRAND": "DPT",
          "ZONE": "7A",
          "STATUS": 4,
          "created_user": null,
          "created_date": null,
          "last_edited_user": null,
          "last_edited_date": null
        }
      }
    },
    {
      "type": "Feature",
      "id": 121,
      "geometry": {
        "type": "Point",
        "coordinates": [
          -80.13282206901917,
          25.775094987892256
        ]
      },
      "properties": {
        "OBJECTID": 121,
        "NUMBER": "CL05E01",
        "BRAND": null,
        "ZONE": null,
        "STATUS": 5,
        "created_user": null,
        "created_date": null,
        "last_edited_user": null,
        "last_edited_date": null,
        "source_id": "miami-beach:arcgis:meters:121",
        "source_name": "City of Miami Beach Parking GIS",
        "name": "Parking Meters 121",
        "facility_type": "parking_zone",
        "city": "Miami Beach",
        "state": "FL",
        "operator": "City of Miami Beach Parking Department",
        "access": "public",
        "fee": "unknown",
        "charge": "unknown",
        "capacity": null,
        "confidence": 0.9,
        "last_verified_source": "City of Miami Beach Parking GIS",
        "source_url": "https://www.miamibeachfl.gov/city-hall/parking/",
        "api_url": "https://gis.miamibeachfl.gov/public/rest/services/mb/Parking/FeatureServer/1/query?where=1%3D1&outFields=*&f=geojson&outSR=4326&resultRecordCount=1000&resultOffset=0",
        "evidence_url": "https://gis.miamibeachfl.gov/public/rest/services/mb/Parking/FeatureServer/1/query?where=1%3D1&outFields=*&f=geojson&outSR=4326&resultRecordCount=1000&resultOffset=0",
        "data_as_of": "2026-06-12",
        "existence_status": "confirmed",
        "price_status": "known_unpriced",
        "rule_status": "partial",
        "enrichment_status": "needs_price",
        "payment_url": "",
        "booking_url": "",
        "raw_properties": {
          "OBJECTID": 121,
          "NUMBER": "CL05E01",
          "BRAND": null,
          "ZONE": null,
          "STATUS": 5,
          "created_user": null,
          "created_date": null,
          "last_edited_user": null,
          "last_edited_date": null
        }
      }
    },
    {
      "type": "Feature",
      "id": 122,
      "geometry": {
        "type": "Point",
        "coordinates": [
          -80.13217545187045,
          25.780708040900702
        ]
      },
      "properties": {
        "OBJECTID": 122,
        "NUMBER": "1002N01",
        "BRAND": "DPT",
        "ZONE": "1X",
        "STATUS": 5,
        "created_user": null,
        "created_date": null,
        "last_edited_user": null,
        "last_edited_date": null,
        "source_id": "miami-beach:arcgis:meters:122",
        "source_name": "City of Miami Beach Parking GIS",
        "name": "Parking Meters 122",
        "facility_type": "parking_zone",
        "city": "Miami Beach",
        "state": "FL",
        "operator": "City of Miami Beach Parking Department",
        "access": "public",
        "fee": "unknown",
        "charge": "unknown",
        "capacity": null,
        "confidence": 0.9,
        "last_verified_source": "City of Miami Beach Parking GIS",
        "source_url": "https://www.miamibeachfl.gov/city-hall/parking/",
        "api_url": "https://gis.miamibeachfl.gov/public/rest/services/mb/Parking/FeatureServer/1/query?where=1%3D1&outFields=*&f=geojson&outSR=4326&resultRecordCount=1000&resultOffset=0",
        "evidence_url": "https://gis.miamibeachfl.gov/public/rest/services/mb/Parking/FeatureServer/1/query?where=1%3D1&outFields=*&f=geojson&outSR=4326&resultRecordCount=1000&resultOffset=0",
        "data_as_of": "2026-06-12",
        "existence_status": "confirmed",
        "price_status": "known_unpriced",
        "rule_status": "partial",
        "enrichment_status": "needs_price",
        "payment_url": "",
        "booking_url": "",
        "raw_properties": {
          "OBJECTID": 122,
          "NUMBER": "1002N01",
          "BRAND": "DPT",
          "ZONE": "1X",
          "STATUS": 5,
          "created_user": null,
          "created_date": null,
          "last_edited_user": null,
          "last_edited_date": null
        }
      }
    },
    {
      "type": "Feature",
      "id": 123,
      "geometry": {
        "type": "Point",
        "coordinates": [
          -80.13232764664772,
          25.780631005590955
        ]
      },
      "properties": {
        "OBJECTID": 123,
        "NUMBER": "1002S02",
        "BRAND": "DPT",
        "ZONE": "1X",
        "STATUS": 5,
        "created_user": null,
        "created_date": null,
        "last_edited_user": null,
        "last_edited_date": null,
        "source_id": "miami-beach:arcgis:meters:123",
        "source_name": "City of Miami Beach Parking GIS",
        "name": "Parking Meters 123",
        "facility_type": "parking_zone",
        "city": "Miami Beach",
        "state": "FL",
        "operator": "City of Miami Beach Parking Department",
        "access": "public",
        "fee": "unknown",
        "charge": "unknown",
        "capacity": null,
        "confidence": 0.9,
        "last_verified_source": "City of Miami Beach Parking GIS",
        "source_url": "https://www.miamibeachfl.gov/city-hall/parking/",
        "api_url": "https://gis.miamibeachfl.gov/public/rest/services/mb/Parking/FeatureServer/1/query?where=1%3D1&outFields=*&f=geojson&outSR=4326&resultRecordCount=1000&resultOffset=0",
        "evidence_url": "https://gis.miamibeachfl.gov/public/rest/services/mb/Parking/FeatureServer/1/query?where=1%3D1&outFields=*&f=geojson&outSR=4326&resultRecordCount=1000&resultOffset=0",
        "data_as_of": "2026-06-12",
        "existence_status": "confirmed",
        "price_status": "known_unpriced",
        "rule_status": "partial",
        "enrichment_status": "needs_price",
        "payment_url": "",
        "booking_url": "",
        "raw_properties": {
          "OBJECTID": 123,
          "NUMBER": "1002S02",
          "BRAND": "DPT",
          "ZONE": "1X",
          "STATUS": 5,
          "created_user": null,
          "created_date": null,
          "last_edited_user": null,
          "last_edited_date": null
        }
      }
    },
    {
      "type": "Feature",
      "id": 124,
      "geometry": {
        "type": "Point",
        "coordinates": [
          -80.13323198356356,
          25.77556275021936
        ]
      },
      "properties": {
        "OBJECTID": 124,
        "NUMBER": "0602N01",
        "BRAND": "DPT",
        "ZONE": "1X",
        "STATUS": 5,
        "created_user": null,
        "created_date": null,
        "last_edited_user": null,
        "last_edited_date": null,
        "source_id": "miami-beach:arcgis:meters:124",
        "source_name": "City of Miami Beach Parking GIS",
        "name": "Parking Meters 124",
        "facility_type": "parking_zone",
        "city": "Miami Beach",
        "state": "FL",
        "operator": "City of Miami Beach Parking Department",
        "access": "public",
        "fee": "unknown",
        "charge": "unknown",
        "capacity": null,
        "confidence": 0.9,
        "last_verified_source": "City of Miami Beach Parking GIS",
        "source_url": "https://www.miamibeachfl.gov/city-hall/parking/",
        "api_url": "https://gis.miamibeachfl.gov/public/rest/services/mb/Parking/FeatureServer/1/query?where=1%3D1&outFields=*&f=geojson&outSR=4326&resultRecordCount=1000&resultOffset=0",
        "evidence_url": "https://gis.miamibeachfl.gov/public/rest/services/mb/Parking/FeatureServer/1/query?where=1%3D1&outFields=*&f=geojson&outSR=4326&resultRecordCount=1000&resultOffset=0",
        "data_as_of": "2026-06-12",
        "existence_status": "confirmed",
        "price_status": "known_unpriced",
        "rule_status": "partial",
        "enrichment_status": "needs_price",
        "payment_url": "",
        "booking_url": "",
        "raw_properties": {
          "OBJECTID": 124,
          "NUMBER": "0602N01",
          "BRAND": "DPT",
          "ZONE": "1X",
          "STATUS": 5,
          "created_user": null,
          "created_date": null,
          "last_edited_user": null,
          "last_edited_date": null
        }
      }
    },
    {
      "type": "Feature",
      "id": 125,
      "geometry": {
        "type": "Point",
        "coordinates": [
          -80.13233797647408,
          25.775530817527542
        ]
      },
      "properties": {
        "OBJECTID": 125,
        "NUMBER": "0501S02",
        "BRAND": "DPT",
        "ZONE": "7A",
        "STATUS": 5,
        "created_user": null,
        "created_date": null,
        "last_edited_user": null,
        "last_edited_date": null,
        "source_id": "miami-beach:arcgis:meters:125",
        "source_name": "City of Miami Beach Parking GIS",
        "name": "Parking Meters 125",
        "facility_type": "parking_zone",
        "city": "Miami Beach",
        "state": "FL",
        "operator": "City of Miami Beach Parking Department",
        "access": "public",
        "fee": "unknown",
        "charge": "unknown",
        "capacity": null,
        "confidence": 0.9,
        "last_verified_source": "City of Miami Beach Parking GIS",
        "source_url": "https://www.miamibeachfl.gov/city-hall/parking/",
        "api_url": "https://gis.miamibeachfl.gov/public/rest/services/mb/Parking/FeatureServer/1/query?where=1%3D1&outFields=*&f=geojson&outSR=4326&resultRecordCount=1000&resultOffset=0",
        "evidence_url": "https://gis.miamibeachfl.gov/public/rest/services/mb/Parking/FeatureServer/1/query?where=1%3D1&outFields=*&f=geojson&outSR=4326&resultRecordCount=1000&resultOffset=0",
        "data_as_of": "2026-06-12",
        "existence_status": "confirmed",
        "price_status": "known_unpriced",
        "rule_status": "partial",
        "enrichment_status": "needs_price",
        "payment_url": "",
        "booking_url": "",
        "raw_properties": {
          "OBJECTID": 125,
          "NUMBER": "0501S02",
          "BRAND": "DPT",
          "ZONE": "7A",
          "STATUS": 5,
          "created_user": null,
          "created_date": null,
          "last_edited_user": null,
          "last_edited_date": null
        }
      }
    },
    {
      "type": "Feature",
      "id": 126,
      "geometry": {
        "type": "Point",
        "coordinates": [
          -80.13126687585027,
          25.77478992402548
        ]
      },
      "properties": {
        "OBJECTID": 126,
        "NUMBER": "0500N01",
        "BRAND": "DPT",
        "ZONE": "7A",
        "STATUS": 5,
        "created_user": null,
        "created_date": null,
        "last_edited_user": null,
        "last_edited_date": null,
        "source_id": "miami-beach:arcgis:meters:126",
        "source_name": "City of Miami Beach Parking GIS",
        "name": "Parking Meters 126",
        "facility_type": "parking_zone",
        "city": "Miami Beach",
        "state": "FL",
        "operator": "City of Miami Beach Parking Department",
        "access": "public",
        "fee": "unknown",
        "charge": "unknown",
        "capacity": null,
        "confidence": 0.9,
        "last_verified_source": "City of Miami Beach Parking GIS",
        "source_url": "https://www.miamibeachfl.gov/city-hall/parking/",
        "api_url": "https://gis.miamibeachfl.gov/public/rest/services/mb/Parking/FeatureServer/1/query?where=1%3D1&outFields=*&f=geojson&outSR=4326&resultRecordCount=1000&resultOffset=0",
        "evidence_url": "https://gis.miamibeachfl.gov/public/rest/services/mb/Parking/FeatureServer/1/query?where=1%3D1&outFields=*&f=geojson&outSR=4326&resultRecordCount=1000&resultOffset=0",
        "data_as_of": "2026-06-12",
        "existence_status": "confirmed",
        "price_status": "known_unpriced",
        "rule_status": "partial",
        "enrichment_status": "needs_price",
        "payment_url": "",
        "booking_url": "",
        "raw_properties": {
          "OBJECTID": 126,
          "NUMBER": "0500N01",
          "BRAND": "DPT",
          "ZONE": "7A",
          "STATUS": 5,
          "created_user": null,
          "created_date": null,
          "last_edited_user": null,
          "last_edited_date": null
        }
      }
    },
    {
      "type": "Feature",
      "id": 127,
      "geometry": {
        "type": "Point",
        "coordinates": [
          -80.13130219288759,
          25.777071200948726
        ]
      },
      "properties": {
        "OBJECTID": 127,
        "NUMBER": "OD07E01",
        "BRAND": "DPT",
        "ZONE": "7A",
        "STATUS": 5,
        "created_user": null,
        "created_date": null,
        "last_edited_user": null,
        "last_edited_date": null,
        "source_id": "miami-beach:arcgis:meters:127",
        "source_name": "City of Miami Beach Parking GIS",
        "name": "Parking Meters 127",
        "facility_type": "parking_zone",
        "city": "Miami Beach",
        "state": "FL",
        "operator": "City of Miami Beach Parking Department",
        "access": "public",
        "fee": "unknown",
        "charge": "unknown",
        "capacity": null,
        "confidence": 0.9,
        "last_verified_source": "City of Miami Beach Parking GIS",
        "source_url": "https://www.miamibeachfl.gov/city-hall/parking/",
        "api_url": "https://gis.miamibeachfl.gov/public/rest/services/mb/Parking/FeatureServer/1/query?where=1%3D1&outFields=*&f=geojson&outSR=4326&resultRecordCount=1000&resultOffset=0",
        "evidence_url": "https://gis.miamibeachfl.gov/public/rest/services/mb/Parking/FeatureServer/1/query?where=1%3D1&outFields=*&f=geojson&outSR=4326&resultRecordCount=1000&resultOffset=0",
        "data_as_of": "2026-06-12",
        "existence_status": "confirmed",
        "price_status": "known_unpriced",
        "rule_status": "partial",
        "enrichment_status": "needs_price",
        "payment_url": "",
        "booking_url": "",
        "raw_properties": {
          "OBJECTID": 127,
          "NUMBER": "OD07E01",
          "BRAND": "DPT",
          "ZONE": "7A",
          "STATUS": 5,
          "created_user": null,
          "created_date": null,
          "last_edited_user": null,
          "last_edited_date": null
        }
      }
    },
    {
      "type": "Feature",
      "id": 128,
      "geometry": {
        "type": "Point",
        "coordinates": [
          -80.12379552186708,
          25.811860066895125
        ]
      },
      "properties": {
        "OBJECTID": 128,
        "NUMBER": null,
        "BRAND": null,
        "ZONE": null,
        "STATUS": 5,
        "created_user": null,
        "created_date": null,
        "last_edited_user": null,
        "last_edited_date": null,
        "source_id": "miami-beach:arcgis:meters:128",
        "source_name": "City of Miami Beach Parking GIS",
        "name": "Parking Meters 128",
        "facility_type": "parking_zone",
        "city": "Miami Beach",
        "state": "FL",
        "operator": "City of Miami Beach Parking Department",
        "access": "public",
        "fee": "unknown",
        "charge": "unknown",
        "capacity": null,
        "confidence": 0.9,
        "last_verified_source": "City of Miami Beach Parking GIS",
        "source_url": "https://www.miamibeachfl.gov/city-hall/parking/",
        "api_url": "https://gis.miamibeachfl.gov/public/rest/services/mb/Parking/FeatureServer/1/query?where=1%3D1&outFields=*&f=geojson&outSR=4326&resultRecordCount=1000&resultOffset=0",
        "evidence_url": "https://gis.miamibeachfl.gov/public/rest/services/mb/Parking/FeatureServer/1/query?where=1%3D1&outFields=*&f=geojson&outSR=4326&resultRecordCount=1000&resultOffset=0",
        "data_as_of": "2026-06-12",
        "existence_status": "confirmed",
        "price_status": "known_unpriced",
        "rule_status": "partial",
        "enrichment_status": "needs_price",
        "payment_url": "",
        "booking_url": "",
        "raw_properties": {
          "OBJECTID": 128,
          "NUMBER": null,
          "BRAND": null,
          "ZONE": null,
          "STATUS": 5,
          "created_user": null,
          "created_date": null,
          "last_edited_user": null,
          "last_edited_date": null
        }
      }
    },
    {
      "type": "Feature",
      "id": 129,
      "geometry": {
        "type": "Point",
        "coordinates": [
          -80.12391173787525,
          25.811767280244418
        ]
      },
      "properties": {
        "OBJECTID": 129,
        "NUMBER": null,
        "BRAND": null,
        "ZONE": null,
        "STATUS": 4,
        "created_user": null,
        "created_date": null,
        "last_edited_user": null,
        "last_edited_date": null,
        "source_id": "miami-beach:arcgis:meters:129",
        "source_name": "City of Miami Beach Parking GIS",
        "name": "Parking Meters 129",
        "facility_type": "parking_zone",
        "city": "Miami Beach",
        "state": "FL",
        "operator": "City of Miami Beach Parking Department",
        "access": "public",
        "fee": "unknown",
        "charge": "unknown",
        "capacity": null,
        "confidence": 0.9,
        "last_verified_source": "City of Miami Beach Parking GIS",
        "source_url": "https://www.miamibeachfl.gov/city-hall/parking/",
        "api_url": "https://gis.miamibeachfl.gov/public/rest/services/mb/Parking/FeatureServer/1/query?where=1%3D1&outFields=*&f=geojson&outSR=4326&resultRecordCount=1000&resultOffset=0",
        "evidence_url": "https://gis.miamibeachfl.gov/public/rest/services/mb/Parking/FeatureServer/1/query?where=1%3D1&outFields=*&f=geojson&outSR=4326&resultRecordCount=1000&resultOffset=0",
        "data_as_of": "2026-06-12",
        "existence_status": "confirmed",
        "price_status": "known_unpriced",
        "rule_status": "partial",
        "enrichment_status": "needs_price",
        "payment_url": "",
        "booking_url": "",
        "raw_properties": {
          "OBJECTID": 129,
          "NUMBER": null,
          "BRAND": null,
          "ZONE": null,
          "STATUS": 4,
          "created_user": null,
          "created_date": null,
          "last_edited_user": null,
          "last_edited_date": null
        }
      }
    },
    {
      "type": "Feature",
      "id": 130,
      "geometry": {
        "type": "Point",
        "coordinates": [
          -80.12290615149178,
          25.812346652397654
        ]
      },
      "properties": {
        "OBJECTID": 130,
        "NUMBER": null,
        "BRAND": null,
        "ZONE": null,
        "STATUS": 4,
        "created_user": null,
        "created_date": null,
        "last_edited_user": null,
        "last_edited_date": null,
        "source_id": "miami-beach:arcgis:meters:130",
        "source_name": "City of Miami Beach Parking GIS",
        "name": "Parking Meters 130",
        "facility_type": "parking_zone",
        "city": "Miami Beach",
        "state": "FL",
        "operator": "City of Miami Beach Parking Department",
        "access": "public",
        "fee": "unknown",
        "charge": "unknown",
        "capacity": null,
        "confidence": 0.9,
        "last_verified_source": "City of Miami Beach Parking GIS",
        "source_url": "https://www.miamibeachfl.gov/city-hall/parking/",
        "api_url": "https://gis.miamibeachfl.gov/public/rest/services/mb/Parking/FeatureServer/1/query?where=1%3D1&outFields=*&f=geojson&outSR=4326&resultRecordCount=1000&resultOffset=0",
        "evidence_url": "https://gis.miamibeachfl.gov/public/rest/services/mb/Parking/FeatureServer/1/query?where=1%3D1&outFields=*&f=geojson&outSR=4326&resultRecordCount=1000&resultOffset=0",
        "data_as_of": "2026-06-12",
        "existence_status": "confirmed",
        "price_status": "known_unpriced",
        "rule_status": "partial",
        "enrichment_status": "needs_price",
        "payment_url": "",
        "booking_url": "",
        "raw_properties": {
          "OBJECTID": 130,
          "NUMBER": null,
          "BRAND": null,
          "ZONE": null,
          "STATUS": 4,
          "created_user": null,
          "created_date": null,
          "last_edited_user": null,
          "last_edited_date": null
        }
      }
    },
    {
      "type": "Feature",
      "id": 131,
      "geometry": {
        "type": "Point",
        "coordinates": [
          -80.12325233246031,
          25.813881895785475
        ]
      },
      "properties": {
        "OBJECTID": 131,
        "NUMBER": null,
        "BRAND": null,
        "ZONE": null,
        "STATUS": 4,
        "created_user": null,
        "created_date": null,
        "last_edited_user": null,
        "last_edited_date": null,
        "source_id": "miami-beach:arcgis:meters:131",
        "source_name": "City of Miami Beach Parking GIS",
        "name": "Parking Meters 131",
        "facility_type": "parking_zone",
        "city": "Miami Beach",
        "state": "FL",
        "operator": "City of Miami Beach Parking Department",
        "access": "public",
        "fee": "unknown",
        "charge": "unknown",
        "capacity": null,
        "confidence": 0.9,
        "last_verified_source": "City of Miami Beach Parking GIS",
        "source_url": "https://www.miamibeachfl.gov/city-hall/parking/",
        "api_url": "https://gis.miamibeachfl.gov/public/rest/services/mb/Parking/FeatureServer/1/query?where=1%3D1&outFields=*&f=geojson&outSR=4326&resultRecordCount=1000&resultOffset=0",
        "evidence_url": "https://gis.miamibeachfl.gov/public/rest/services/mb/Parking/FeatureServer/1/query?where=1%3D1&outFields=*&f=geojson&outSR=4326&resultRecordCount=1000&resultOffset=0",
        "data_as_of": "2026-06-12",
        "existence_status": "confirmed",
        "price_status": "known_unpriced",
        "rule_status": "partial",
        "enrichment_status": "needs_price",
        "payment_url": "",
        "booking_url": "",
        "raw_properties": {
          "OBJECTID": 131,
          "NUMBER": null,
          "BRAND": null,
          "ZONE": null,
          "STATUS": 4,
          "created_user": null,
          "created_date": null,
          "last_edited_user": null,
          "last_edited_date": null
        }
      }
    },
    {
      "type": "Feature",
      "id": 132,
      "geometry": {
        "type": "Point",
        "coordinates": [
          -80.12325377436649,
          25.813875961808506
        ]
      },
      "properties": {
        "OBJECTID": 132,
        "NUMBER": null,
        "BRAND": null,
        "ZONE": null,
        "STATUS": 4,
        "created_user": null,
        "created_date": null,
        "last_edited_user": null,
        "last_edited_date": null,
        "source_id": "miami-beach:arcgis:meters:132",
        "source_name": "City of Miami Beach Parking GIS",
        "name": "Parking Meters 132",
        "facility_type": "parking_zone",
        "city": "Miami Beach",
        "state": "FL",
        "operator": "City of Miami Beach Parking Department",
        "access": "public",
        "fee": "unknown",
        "charge": "unknown",
        "capacity": null,
        "confidence": 0.9,
        "last_verified_source": "City of Miami Beach Parking GIS",
        "source_url": "https://www.miamibeachfl.gov/city-hall/parking/",
        "api_url": "https://gis.miamibeachfl.gov/public/rest/services/mb/Parking/FeatureServer/1/query?where=1%3D1&outFields=*&f=geojson&outSR=4326&resultRecordCount=1000&resultOffset=0",
        "evidence_url": "https://gis.miamibeachfl.gov/public/rest/services/mb/Parking/FeatureServer/1/query?where=1%3D1&outFields=*&f=geojson&outSR=4326&resultRecordCount=1000&resultOffset=0",
        "data_as_of": "2026-06-12",
        "existence_status": "confirmed",
        "price_status": "known_unpriced",
        "rule_status": "partial",
        "enrichment_status": "needs_price",
        "payment_url": "",
        "booking_url": "",
        "raw_properties": {
          "OBJECTID": 132,
          "NUMBER": null,
          "BRAND": null,
          "ZONE": null,
          "STATUS": 4,
          "created_user": null,
          "created_date": null,
          "last_edited_user": null,
          "last_edited_date": null
        }
      }
    },
    {
      "type": "Feature",
      "id": 133,
      "geometry": {
        "type": "Point",
        "coordinates": [
          -80.12321610065722,
          25.81450937215697
        ]
      },
      "properties": {
        "OBJECTID": 133,
        "NUMBER": null,
        "BRAND": null,
        "ZONE": null,
        "STATUS": 4,
        "created_user": null,
        "created_date": null,
        "last_edited_user": null,
        "last_edited_date": null,
        "source_id": "miami-beach:arcgis:meters:133",
        "source_name": "City of Miami Beach Parking GIS",
        "name": "Parking Meters 133",
        "facility_type": "parking_zone",
        "city": "Miami Beach",
        "state": "FL",
        "operator": "City of Miami Beach Parking Department",
        "access": "public",
        "fee": "unknown",
        "charge": "unknown",
        "capacity": null,
        "confidence": 0.9,
        "last_verified_source": "City of Miami Beach Parking GIS",
        "source_url": "https://www.miamibeachfl.gov/city-hall/parking/",
        "api_url": "https://gis.miamibeachfl.gov/public/rest/services/mb/Parking/FeatureServer/1/query?where=1%3D1&outFields=*&f=geojson&outSR=4326&resultRecordCount=1000&resultOffset=0",
        "evidence_url": "https://gis.miamibeachfl.gov/public/rest/services/mb/Parking/FeatureServer/1/query?where=1%3D1&outFields=*&f=geojson&outSR=4326&resultRecordCount=1000&resultOffset=0",
        "data_as_of": "2026-06-12",
        "existence_status": "confirmed",
        "price_status": "known_unpriced",
        "rule_status": "partial",
        "enrichment_status": "needs_price",
        "payment_url": "",
        "booking_url": "",
        "raw_properties": {
          "OBJECTID": 133,
          "NUMBER": null,
          "BRAND": null,
          "ZONE": null,
          "STATUS": 4,
          "created_user": null,
          "created_date": null,
          "last_edited_user": null,
          "last_edited_date": null
        }
      }
    },
    {
      "type": "Feature",
      "id": 134,
      "geometry": {
        "type": "Point",
        "coordinates": [
          -80.12610595787935,
          25.804683192854743
        ]
      },
      "properties": {
        "OBJECTID": 134,
        "NUMBER": null,
        "BRAND": null,
        "ZONE": null,
        "STATUS": 4,
        "created_user": null,
        "created_date": null,
        "last_edited_user": null,
        "last_edited_date": null,
        "source_id": "miami-beach:arcgis:meters:134",
        "source_name": "City of Miami Beach Parking GIS",
        "name": "Parking Meters 134",
        "facility_type": "parking_zone",
        "city": "Miami Beach",
        "state": "FL",
        "operator": "City of Miami Beach Parking Department",
        "access": "public",
        "fee": "unknown",
        "charge": "unknown",
        "capacity": null,
        "confidence": 0.9,
        "last_verified_source": "City of Miami Beach Parking GIS",
        "source_url": "https://www.miamibeachfl.gov/city-hall/parking/",
        "api_url": "https://gis.miamibeachfl.gov/public/rest/services/mb/Parking/FeatureServer/1/query?where=1%3D1&outFields=*&f=geojson&outSR=4326&resultRecordCount=1000&resultOffset=0",
        "evidence_url": "https://gis.miamibeachfl.gov/public/rest/services/mb/Parking/FeatureServer/1/query?where=1%3D1&outFields=*&f=geojson&outSR=4326&resultRecordCount=1000&resultOffset=0",
        "data_as_of": "2026-06-12",
        "existence_status": "confirmed",
        "price_status": "known_unpriced",
        "rule_status": "partial",
        "enrichment_status": "needs_price",
        "payment_url": "",
        "booking_url": "",
        "raw_properties": {
          "OBJECTID": 134,
          "NUMBER": null,
          "BRAND": null,
          "ZONE": null,
          "STATUS": 4,
          "created_user": null,
          "created_date": null,
          "last_edited_user": null,
          "last_edited_date": null
        }
      }
    },
    {
      "type": "Feature",
      "id": 135,
      "geometry": {
        "type": "Point",
        "coordinates": [
          -80.12407537574816,
          25.808317743975774
        ]
      },
      "properties": {
        "OBJECTID": 135,
        "NUMBER": null,
        "BRAND": null,
        "ZONE": null,
        "STATUS": 5,
        "created_user": null,
        "created_date": null,
        "last_edited_user": null,
        "last_edited_date": null,
        "source_id": "miami-beach:arcgis:meters:135",
        "source_name": "City of Miami Beach Parking GIS",
        "name": "Parking Meters 135",
        "facility_type": "parking_zone",
        "city": "Miami Beach",
        "state": "FL",
        "operator": "City of Miami Beach Parking Department",
        "access": "public",
        "fee": "unknown",
        "charge": "unknown",
        "capacity": null,
        "confidence": 0.9,
        "last_verified_source": "City of Miami Beach Parking GIS",
        "source_url": "https://www.miamibeachfl.gov/city-hall/parking/",
        "api_url": "https://gis.miamibeachfl.gov/public/rest/services/mb/Parking/FeatureServer/1/query?where=1%3D1&outFields=*&f=geojson&outSR=4326&resultRecordCount=1000&resultOffset=0",
        "evidence_url": "https://gis.miamibeachfl.gov/public/rest/services/mb/Parking/FeatureServer/1/query?where=1%3D1&outFields=*&f=geojson&outSR=4326&resultRecordCount=1000&resultOffset=0",
        "data_as_of": "2026-06-12",
        "existence_status": "confirmed",
        "price_status": "known_unpriced",
        "rule_status": "partial",
        "enrichment_status": "needs_price",
        "payment_url": "",
        "booking_url": "",
        "raw_properties": {
          "OBJECTID": 135,
          "NUMBER": null,
          "BRAND": null,
          "ZONE": null,
          "STATUS": 5,
          "created_user": null,
          "created_date": null,
          "last_edited_user": null,
          "last_edited_date": null
        }
      }
    },
    {
      "type": "Feature",
      "id": 136,
      "geometry": {
        "type": "Point",
        "coordinates": [
          -80.12350381239479,
          25.808242326717576
        ]
      },
      "properties": {
        "OBJECTID": 136,
        "NUMBER": null,
        "BRAND": null,
        "ZONE": null,
        "STATUS": 4,
        "created_user": null,
        "created_date": null,
        "last_edited_user": null,
        "last_edited_date": null,
        "source_id": "miami-beach:arcgis:meters:136",
        "source_name": "City of Miami Beach Parking GIS",
        "name": "Parking Meters 136",
        "facility_type": "parking_zone",
        "city": "Miami Beach",
        "state": "FL",
        "operator": "City of Miami Beach Parking Department",
        "access": "public",
        "fee": "unknown",
        "charge": "unknown",
        "capacity": null,
        "confidence": 0.9,
        "last_verified_source": "City of Miami Beach Parking GIS",
        "source_url": "https://www.miamibeachfl.gov/city-hall/parking/",
        "api_url": "https://gis.miamibeachfl.gov/public/rest/services/mb/Parking/FeatureServer/1/query?where=1%3D1&outFields=*&f=geojson&outSR=4326&resultRecordCount=1000&resultOffset=0",
        "evidence_url": "https://gis.miamibeachfl.gov/public/rest/services/mb/Parking/FeatureServer/1/query?where=1%3D1&outFields=*&f=geojson&outSR=4326&resultRecordCount=1000&resultOffset=0",
        "data_as_of": "2026-06-12",
        "existence_status": "confirmed",
        "price_status": "known_unpriced",
        "rule_status": "partial",
        "enrichment_status": "needs_price",
        "payment_url": "",
        "booking_url": "",
        "raw_properties": {
          "OBJECTID": 136,
          "NUMBER": null,
          "BRAND": null,
          "ZONE": null,
          "STATUS": 4,
          "created_user": null,
          "created_date": null,
          "last_edited_user": null,
          "last_edited_date": null
        }
      }
    },
    {
      "type": "Feature",
      "id": 137,
      "geometry": {
        "type": "Point",
        "coordinates": [
          -80.1231914577814,
          25.8082036866418
        ]
      },
      "properties": {
        "OBJECTID": 137,
        "NUMBER": null,
        "BRAND": null,
        "ZONE": null,
        "STATUS": 5,
        "created_user": null,
        "created_date": null,
        "last_edited_user": null,
        "last_edited_date": null,
        "source_id": "miami-beach:arcgis:meters:137",
        "source_name": "City of Miami Beach Parking GIS",
        "name": "Parking Meters 137",
        "facility_type": "parking_zone",
        "city": "Miami Beach",
        "state": "FL",
        "operator": "City of Miami Beach Parking Department",
        "access": "public",
        "fee": "unknown",
        "charge": "unknown",
        "capacity": null,
        "confidence": 0.9,
        "last_verified_source": "City of Miami Beach Parking GIS",
        "source_url": "https://www.miamibeachfl.gov/city-hall/parking/",
        "api_url": "https://gis.miamibeachfl.gov/public/rest/services/mb/Parking/FeatureServer/1/query?where=1%3D1&outFields=*&f=geojson&outSR=4326&resultRecordCount=1000&resultOffset=0",
        "evidence_url": "https://gis.miamibeachfl.gov/public/rest/services/mb/Parking/FeatureServer/1/query?where=1%3D1&outFields=*&f=geojson&outSR=4326&resultRecordCount=1000&resultOffset=0",
        "data_as_of": "2026-06-12",
        "existence_status": "confirmed",
        "price_status": "known_unpriced",
        "rule_status": "partial",
        "enrichment_status": "needs_price",
        "payment_url": "",
        "booking_url": "",
        "raw_properties": {
          "OBJECTID": 137,
          "NUMBER": null,
          "BRAND": null,
          "ZONE": null,
          "STATUS": 5,
          "created_user": null,
          "created_date": null,
          "last_edited_user": null,
          "last_edited_date": null
        }
      }
    },
    {
      "type": "Feature",
      "id": 138,
      "geometry": {
        "type": "Point",
        "coordinates": [
          -80.12322583242124,
          25.809017380570356
        ]
      },
      "properties": {
        "OBJECTID": 138,
        "NUMBER": null,
        "BRAND": null,
        "ZONE": null,
        "STATUS": 5,
        "created_user": null,
        "created_date": null,
        "last_edited_user": null,
        "last_edited_date": null,
        "source_id": "miami-beach:arcgis:meters:138",
        "source_name": "City of Miami Beach Parking GIS",
        "name": "Parking Meters 138",
        "facility_type": "parking_zone",
        "city": "Miami Beach",
        "state": "FL",
        "operator": "City of Miami Beach Parking Department",
        "access": "public",
        "fee": "unknown",
        "charge": "unknown",
        "capacity": null,
        "confidence": 0.9,
        "last_verified_source": "City of Miami Beach Parking GIS",
        "source_url": "https://www.miamibeachfl.gov/city-hall/parking/",
        "api_url": "https://gis.miamibeachfl.gov/public/rest/services/mb/Parking/FeatureServer/1/query?where=1%3D1&outFields=*&f=geojson&outSR=4326&resultRecordCount=1000&resultOffset=0",
        "evidence_url": "https://gis.miamibeachfl.gov/public/rest/services/mb/Parking/FeatureServer/1/query?where=1%3D1&outFields=*&f=geojson&outSR=4326&resultRecordCount=1000&resultOffset=0",
        "data_as_of": "2026-06-12",
        "existence_status": "confirmed",
        "price_status": "known_unpriced",
        "rule_status": "partial",
        "enrichment_status": "needs_price",
        "payment_url": "",
        "booking_url": "",
        "raw_properties": {
          "OBJECTID": 138,
          "NUMBER": null,
          "BRAND": null,
          "ZONE": null,
          "STATUS": 5,
          "created_user": null,
          "created_date": null,
          "last_edited_user": null,
          "last_edited_date": null
        }
      }
    },
    {
      "type": "Feature",
      "id": 139,
      "geometry": {
        "type": "Point",
        "coordinates": [
          -80.12322630676879,
          25.8090190066626
        ]
      },
      "properties": {
        "OBJECTID": 139,
        "NUMBER": null,
        "BRAND": null,
        "ZONE": null,
        "STATUS": 4,
        "created_user": null,
        "created_date": null,
        "last_edited_user": null,
        "last_edited_date": null,
        "source_id": "miami-beach:arcgis:meters:139",
        "source_name": "City of Miami Beach Parking GIS",
        "name": "Parking Meters 139",
        "facility_type": "parking_zone",
        "city": "Miami Beach",
        "state": "FL",
        "operator": "City of Miami Beach Parking Department",
        "access": "public",
        "fee": "unknown",
        "charge": "unknown",
        "capacity": null,
        "confidence": 0.9,
        "last_verified_source": "City of Miami Beach Parking GIS",
        "source_url": "https://www.miamibeachfl.gov/city-hall/parking/",
        "api_url": "https://gis.miamibeachfl.gov/public/rest/services/mb/Parking/FeatureServer/1/query?where=1%3D1&outFields=*&f=geojson&outSR=4326&resultRecordCount=1000&resultOffset=0",
        "evidence_url": "https://gis.miamibeachfl.gov/public/rest/services/mb/Parking/FeatureServer/1/query?where=1%3D1&outFields=*&f=geojson&outSR=4326&resultRecordCount=1000&resultOffset=0",
        "data_as_of": "2026-06-12",
        "existence_status": "confirmed",
        "price_status": "known_unpriced",
        "rule_status": "partial",
        "enrichment_status": "needs_price",
        "payment_url": "",
        "booking_url": "",
        "raw_properties": {
          "OBJECTID": 139,
          "NUMBER": null,
          "BRAND": null,
          "ZONE": null,
          "STATUS": 4,
          "created_user": null,
          "created_date": null,
          "last_edited_user": null,
          "last_edited_date": null
        }
      }
    },
    {
      "type": "Feature",
      "id": 140,
      "geometry": {
        "type": "Point",
        "coordinates": [
          -80.12411551916527,
          25.809141377024325
        ]
      },
      "properties": {
        "OBJECTID": 140,
        "NUMBER": null,
        "BRAND": null,
        "ZONE": null,
        "STATUS": 4,
        "created_user": null,
        "created_date": null,
        "last_edited_user": null,
        "last_edited_date": null,
        "source_id": "miami-beach:arcgis:meters:140",
        "source_name": "City of Miami Beach Parking GIS",
        "name": "Parking Meters 140",
        "facility_type": "parking_zone",
        "city": "Miami Beach",
        "state": "FL",
        "operator": "City of Miami Beach Parking Department",
        "access": "public",
        "fee": "unknown",
        "charge": "unknown",
        "capacity": null,
        "confidence": 0.9,
        "last_verified_source": "City of Miami Beach Parking GIS",
        "source_url": "https://www.miamibeachfl.gov/city-hall/parking/",
        "api_url": "https://gis.miamibeachfl.gov/public/rest/services/mb/Parking/FeatureServer/1/query?where=1%3D1&outFields=*&f=geojson&outSR=4326&resultRecordCount=1000&resultOffset=0",
        "evidence_url": "https://gis.miamibeachfl.gov/public/rest/services/mb/Parking/FeatureServer/1/query?where=1%3D1&outFields=*&f=geojson&outSR=4326&resultRecordCount=1000&resultOffset=0",
        "data_as_of": "2026-06-12",
        "existence_status": "confirmed",
        "price_status": "known_unpriced",
        "rule_status": "partial",
        "enrichment_status": "needs_price",
        "payment_url": "",
        "booking_url": "",
        "raw_properties": {
          "OBJECTID": 140,
          "NUMBER": null,
          "BRAND": null,
          "ZONE": null,
          "STATUS": 4,
          "created_user": null,
          "created_date": null,
          "last_edited_user": null,
          "last_edited_date": null
        }
      }
    },
    {
      "type": "Feature",
      "id": 141,
      "geometry": {
        "type": "Point",
        "coordinates": [
          -80.12405871635964,
          25.81120716078043
        ]
      },
      "properties": {
        "OBJECTID": 141,
        "NUMBER": null,
        "BRAND": null,
        "ZONE": null,
        "STATUS": 4,
        "created_user": null,
        "created_date": null,
        "last_edited_user": null,
        "last_edited_date": null,
        "source_id": "miami-beach:arcgis:meters:141",
        "source_name": "City of Miami Beach Parking GIS",
        "name": "Parking Meters 141",
        "facility_type": "parking_zone",
        "city": "Miami Beach",
        "state": "FL",
        "operator": "City of Miami Beach Parking Department",
        "access": "public",
        "fee": "unknown",
        "charge": "unknown",
        "capacity": null,
        "confidence": 0.9,
        "last_verified_source": "City of Miami Beach Parking GIS",
        "source_url": "https://www.miamibeachfl.gov/city-hall/parking/",
        "api_url": "https://gis.miamibeachfl.gov/public/rest/services/mb/Parking/FeatureServer/1/query?where=1%3D1&outFields=*&f=geojson&outSR=4326&resultRecordCount=1000&resultOffset=0",
        "evidence_url": "https://gis.miamibeachfl.gov/public/rest/services/mb/Parking/FeatureServer/1/query?where=1%3D1&outFields=*&f=geojson&outSR=4326&resultRecordCount=1000&resultOffset=0",
        "data_as_of": "2026-06-12",
        "existence_status": "confirmed",
        "price_status": "known_unpriced",
        "rule_status": "partial",
        "enrichment_status": "needs_price",
        "payment_url": "",
        "booking_url": "",
        "raw_properties": {
          "OBJECTID": 141,
          "NUMBER": null,
          "BRAND": null,
          "ZONE": null,
          "STATUS": 4,
          "created_user": null,
          "created_date": null,
          "last_edited_user": null,
          "last_edited_date": null
        }
      }
    },
    {
      "type": "Feature",
      "id": 142,
      "geometry": {
        "type": "Point",
        "coordinates": [
          -80.12064312984722,
          25.83108781145429
        ]
      },
      "properties": {
        "OBJECTID": 142,
        "NUMBER": null,
        "BRAND": null,
        "ZONE": null,
        "STATUS": 5,
        "created_user": null,
        "created_date": null,
        "last_edited_user": null,
        "last_edited_date": null,
        "source_id": "miami-beach:arcgis:meters:142",
        "source_name": "City of Miami Beach Parking GIS",
        "name": "Parking Meters 142",
        "facility_type": "parking_zone",
        "city": "Miami Beach",
        "state": "FL",
        "operator": "City of Miami Beach Parking Department",
        "access": "public",
        "fee": "unknown",
        "charge": "unknown",
        "capacity": null,
        "confidence": 0.9,
        "last_verified_source": "City of Miami Beach Parking GIS",
        "source_url": "https://www.miamibeachfl.gov/city-hall/parking/",
        "api_url": "https://gis.miamibeachfl.gov/public/rest/services/mb/Parking/FeatureServer/1/query?where=1%3D1&outFields=*&f=geojson&outSR=4326&resultRecordCount=1000&resultOffset=0",
        "evidence_url": "https://gis.miamibeachfl.gov/public/rest/services/mb/Parking/FeatureServer/1/query?where=1%3D1&outFields=*&f=geojson&outSR=4326&resultRecordCount=1000&resultOffset=0",
        "data_as_of": "2026-06-12",
        "existence_status": "confirmed",
        "price_status": "known_unpriced",
        "rule_status": "partial",
        "enrichment_status": "needs_price",
        "payment_url": "",
        "booking_url": "",
        "raw_properties": {
          "OBJECTID": 142,
          "NUMBER": null,
          "BRAND": null,
          "ZONE": null,
          "STATUS": 5,
          "created_user": null,
          "created_date": null,
          "last_edited_user": null,
          "last_edited_date": null
        }
      }
    },
    {
      "type": "Feature",
      "id": 143,
      "geometry": {
        "type": "Point",
        "coordinates": [
          -80.12103607519332,
          25.830718855601525
        ]
      },
      "properties": {
        "OBJECTID": 143,
        "NUMBER": null,
        "BRAND": null,
        "ZONE": null,
        "STATUS": 5,
        "created_user": null,
        "created_date": null,
        "last_edited_user": null,
        "last_edited_date": null,
        "source_id": "miami-beach:arcgis:meters:143",
        "source_name": "City of Miami Beach Parking GIS",
        "name": "Parking Meters 143",
        "facility_type": "parking_zone",
        "city": "Miami Beach",
        "state": "FL",
        "operator": "City of Miami Beach Parking Department",
        "access": "public",
        "fee": "unknown",
        "charge": "unknown",
        "capacity": null,
        "confidence": 0.9,
        "last_verified_source": "City of Miami Beach Parking GIS",
        "source_url": "https://www.miamibeachfl.gov/city-hall/parking/",
        "api_url": "https://gis.miamibeachfl.gov/public/rest/services/mb/Parking/FeatureServer/1/query?where=1%3D1&outFields=*&f=geojson&outSR=4326&resultRecordCount=1000&resultOffset=0",
        "evidence_url": "https://gis.miamibeachfl.gov/public/rest/services/mb/Parking/FeatureServer/1/query?where=1%3D1&outFields=*&f=geojson&outSR=4326&resultRecordCount=1000&resultOffset=0",
        "data_as_of": "2026-06-12",
        "existence_status": "confirmed",
        "price_status": "known_unpriced",
        "rule_status": "partial",
        "enrichment_status": "needs_price",
        "payment_url": "",
        "booking_url": "",
        "raw_properties": {
          "OBJECTID": 143,
          "NUMBER": null,
          "BRAND": null,
          "ZONE": null,
          "STATUS": 5,
          "created_user": null,
          "created_date": null,
          "last_edited_user": null,
          "last_edited_date": null
        }
      }
    },
    {
      "type": "Feature",
      "id": 144,
      "geometry": {
        "type": "Point",
        "coordinates": [
          -80.1208551791063,
          25.8313297448448
        ]
      },
      "properties": {
        "OBJECTID": 144,
        "NUMBER": null,
        "BRAND": null,
        "ZONE": null,
        "STATUS": 5,
        "created_user": null,
        "created_date": null,
        "last_edited_user": null,
        "last_edited_date": null,
        "source_id": "miami-beach:arcgis:meters:144",
        "source_name": "City of Miami Beach Parking GIS",
        "name": "Parking Meters 144",
        "facility_type": "parking_zone",
        "city": "Miami Beach",
        "state": "FL",
        "operator": "City of Miami Beach Parking Department",
        "access": "public",
        "fee": "unknown",
        "charge": "unknown",
        "capacity": null,
        "confidence": 0.9,
        "last_verified_source": "City of Miami Beach Parking GIS",
        "source_url": "https://www.miamibeachfl.gov/city-hall/parking/",
        "api_url": "https://gis.miamibeachfl.gov/public/rest/services/mb/Parking/FeatureServer/1/query?where=1%3D1&outFields=*&f=geojson&outSR=4326&resultRecordCount=1000&resultOffset=0",
        "evidence_url": "https://gis.miamibeachfl.gov/public/rest/services/mb/Parking/FeatureServer/1/query?where=1%3D1&outFields=*&f=geojson&outSR=4326&resultRecordCount=1000&resultOffset=0",
        "data_as_of": "2026-06-12",
        "existence_status": "confirmed",
        "price_status": "known_unpriced",
        "rule_status": "partial",
        "enrichment_status": "needs_price",
        "payment_url": "",
        "booking_url": "",
        "raw_properties": {
          "OBJECTID": 144,
          "NUMBER": null,
          "BRAND": null,
          "ZONE": null,
          "STATUS": 5,
          "created_user": null,
          "created_date": null,
          "last_edited_user": null,
          "last_edited_date": null
        }
      }
    },
    {
      "type": "Feature",
      "id": 145,
      "geometry": {
        "type": "Point",
        "coordinates": [
          -80.12118154913043,
          25.83105527569941
        ]
      },
      "properties": {
        "OBJECTID": 145,
        "NUMBER": null,
        "BRAND": null,
        "ZONE": null,
        "STATUS": 5,
        "created_user": null,
        "created_date": null,
        "last_edited_user": null,
        "last_edited_date": null,
        "source_id": "miami-beach:arcgis:meters:145",
        "source_name": "City of Miami Beach Parking GIS",
        "name": "Parking Meters 145",
        "facility_type": "parking_zone",
        "city": "Miami Beach",
        "state": "FL",
        "operator": "City of Miami Beach Parking Department",
        "access": "public",
        "fee": "unknown",
        "charge": "unknown",
        "capacity": null,
        "confidence": 0.9,
        "last_verified_source": "City of Miami Beach Parking GIS",
        "source_url": "https://www.miamibeachfl.gov/city-hall/parking/",
        "api_url": "https://gis.miamibeachfl.gov/public/rest/services/mb/Parking/FeatureServer/1/query?where=1%3D1&outFields=*&f=geojson&outSR=4326&resultRecordCount=1000&resultOffset=0",
        "evidence_url": "https://gis.miamibeachfl.gov/public/rest/services/mb/Parking/FeatureServer/1/query?where=1%3D1&outFields=*&f=geojson&outSR=4326&resultRecordCount=1000&resultOffset=0",
        "data_as_of": "2026-06-12",
        "existence_status": "confirmed",
        "price_status": "known_unpriced",
        "rule_status": "partial",
        "enrichment_status": "needs_price",
        "payment_url": "",
        "booking_url": "",
        "raw_properties": {
          "OBJECTID": 145,
          "NUMBER": null,
          "BRAND": null,
          "ZONE": null,
          "STATUS": 5,
          "created_user": null,
          "created_date": null,
          "last_edited_user": null,
          "last_edited_date": null
        }
      }
    },
    {
      "type": "Feature",
      "id": 146,
      "geometry": {
        "type": "Point",
        "coordinates": [
          -80.12097668891437,
          25.831194074044955
        ]
      },
      "properties": {
        "OBJECTID": 146,
        "NUMBER": null,
        "BRAND": null,
        "ZONE": null,
        "STATUS": 5,
        "created_user": null,
        "created_date": null,
        "last_edited_user": null,
        "last_edited_date": null,
        "source_id": "miami-beach:arcgis:meters:146",
        "source_name": "City of Miami Beach Parking GIS",
        "name": "Parking Meters 146",
        "facility_type": "parking_zone",
        "city": "Miami Beach",
        "state": "FL",
        "operator": "City of Miami Beach Parking Department",
        "access": "public",
        "fee": "unknown",
        "charge": "unknown",
        "capacity": null,
        "confidence": 0.9,
        "last_verified_source": "City of Miami Beach Parking GIS",
        "source_url": "https://www.miamibeachfl.gov/city-hall/parking/",
        "api_url": "https://gis.miamibeachfl.gov/public/rest/services/mb/Parking/FeatureServer/1/query?where=1%3D1&outFields=*&f=geojson&outSR=4326&resultRecordCount=1000&resultOffset=0",
        "evidence_url": "https://gis.miamibeachfl.gov/public/rest/services/mb/Parking/FeatureServer/1/query?where=1%3D1&outFields=*&f=geojson&outSR=4326&resultRecordCount=1000&resultOffset=0",
        "data_as_of": "2026-06-12",
        "existence_status": "confirmed",
        "price_status": "known_unpriced",
        "rule_status": "partial",
        "enrichment_status": "needs_price",
        "payment_url": "",
        "booking_url": "",
        "raw_properties": {
          "OBJECTID": 146,
          "NUMBER": null,
          "BRAND": null,
          "ZONE": null,
          "STATUS": 5,
          "created_user": null,
          "created_date": null,
          "last_edited_user": null,
          "last_edited_date": null
        }
      }
    },
    {
      "type": "Feature",
      "id": 147,
      "geometry": {
        "type": "Point",
        "coordinates": [
          -80.13435049958058,
          25.81419841755674
        ]
      },
      "properties": {
        "OBJECTID": 147,
        "NUMBER": null,
        "BRAND": null,
        "ZONE": null,
        "STATUS": 5,
        "created_user": null,
        "created_date": null,
        "last_edited_user": null,
        "last_edited_date": null,
        "source_id": "miami-beach:arcgis:meters:147",
        "source_name": "City of Miami Beach Parking GIS",
        "name": "Parking Meters 147",
        "facility_type": "parking_zone",
        "city": "Miami Beach",
        "state": "FL",
        "operator": "City of Miami Beach Parking Department",
        "access": "public",
        "fee": "unknown",
        "charge": "unknown",
        "capacity": null,
        "confidence": 0.9,
        "last_verified_source": "City of Miami Beach Parking GIS",
        "source_url": "https://www.miamibeachfl.gov/city-hall/parking/",
        "api_url": "https://gis.miamibeachfl.gov/public/rest/services/mb/Parking/FeatureServer/1/query?where=1%3D1&outFields=*&f=geojson&outSR=4326&resultRecordCount=1000&resultOffset=0",
        "evidence_url": "https://gis.miamibeachfl.gov/public/rest/services/mb/Parking/FeatureServer/1/query?where=1%3D1&outFields=*&f=geojson&outSR=4326&resultRecordCount=1000&resultOffset=0",
        "data_as_of": "2026-06-12",
        "existence_status": "confirmed",
        "price_status": "known_unpriced",
        "rule_status": "partial",
        "enrichment_status": "needs_price",
        "payment_url": "",
        "booking_url": "",
        "raw_properties": {
          "OBJECTID": 147,
          "NUMBER": null,
          "BRAND": null,
          "ZONE": null,
          "STATUS": 5,
          "created_user": null,
          "created_date": null,
          "last_edited_user": null,
          "last_edited_date": null
        }
      }
    },
    {
      "type": "Feature",
      "id": 148,
      "geometry": {
        "type": "Point",
        "coordinates": [
          -80.12160873030088,
          25.858289492227485
        ]
      },
      "properties": {
        "OBJECTID": 148,
        "NUMBER": null,
        "BRAND": null,
        "ZONE": null,
        "STATUS": 5,
        "created_user": null,
        "created_date": null,
        "last_edited_user": null,
        "last_edited_date": null,
        "source_id": "miami-beach:arcgis:meters:148",
        "source_name": "City of Miami Beach Parking GIS",
        "name": "Parking Meters 148",
        "facility_type": "parking_zone",
        "city": "Miami Beach",
        "state": "FL",
        "operator": "City of Miami Beach Parking Department",
        "access": "public",
        "fee": "unknown",
        "charge": "unknown",
        "capacity": null,
        "confidence": 0.9,
        "last_verified_source": "City of Miami Beach Parking GIS",
        "source_url": "https://www.miamibeachfl.gov/city-hall/parking/",
        "api_url": "https://gis.miamibeachfl.gov/public/rest/services/mb/Parking/FeatureServer/1/query?where=1%3D1&outFields=*&f=geojson&outSR=4326&resultRecordCount=1000&resultOffset=0",
        "evidence_url": "https://gis.miamibeachfl.gov/public/rest/services/mb/Parking/FeatureServer/1/query?where=1%3D1&outFields=*&f=geojson&outSR=4326&resultRecordCount=1000&resultOffset=0",
        "data_as_of": "2026-06-12",
        "existence_status": "confirmed",
        "price_status": "known_unpriced",
        "rule_status": "partial",
        "enrichment_status": "needs_price",
        "payment_url": "",
        "booking_url": "",
        "raw_properties": {
          "OBJECTID": 148,
          "NUMBER": null,
          "BRAND": null,
          "ZONE": null,
          "STATUS": 5,
          "created_user": null,
          "created_date": null,
          "last_edited_user": null,
          "last_edited_date": null
        }
      }
    },
    {
      "type": "Feature",
      "id": 149,
      "geometry": {
        "type": "Point",
        "coordinates": [
          -80.12163661222638,
          25.857952333728992
        ]
      },
      "properties": {
        "OBJECTID": 149,
        "NUMBER": null,
        "BRAND": null,
        "ZONE": null,
        "STATUS": 5,
        "created_user": null,
        "created_date": null,
        "last_edited_user": null,
        "last_edited_date": null,
        "source_id": "miami-beach:arcgis:meters:149",
        "source_name": "City of Miami Beach Parking GIS",
        "name": "Parking Meters 149",
        "facility_type": "parking_zone",
        "city": "Miami Beach",
        "state": "FL",
        "operator": "City of Miami Beach Parking Department",
        "access": "public",
        "fee": "unknown",
        "charge": "unknown",
        "capacity": null,
        "confidence": 0.9,
        "last_verified_source": "City of Miami Beach Parking GIS",
        "source_url": "https://www.miamibeachfl.gov/city-hall/parking/",
        "api_url": "https://gis.miamibeachfl.gov/public/rest/services/mb/Parking/FeatureServer/1/query?where=1%3D1&outFields=*&f=geojson&outSR=4326&resultRecordCount=1000&resultOffset=0",
        "evidence_url": "https://gis.miamibeachfl.gov/public/rest/services/mb/Parking/FeatureServer/1/query?where=1%3D1&outFields=*&f=geojson&outSR=4326&resultRecordCount=1000&resultOffset=0",
        "data_as_of": "2026-06-12",
        "existence_status": "confirmed",
        "price_status": "known_unpriced",
        "rule_status": "partial",
        "enrichment_status": "needs_price",
        "payment_url": "",
        "booking_url": "",
        "raw_properties": {
          "OBJECTID": 149,
          "NUMBER": null,
          "BRAND": null,
          "ZONE": null,
          "STATUS": 5,
          "created_user": null,
          "created_date": null,
          "last_edited_user": null,
          "last_edited_date": null
        }
      }
    },
    {
      "type": "Feature",
      "id": 150,
      "geometry": {
        "type": "Point",
        "coordinates": [
          -80.12122116758114,
          25.85812364178847
        ]
      },
      "properties": {
        "OBJECTID": 150,
        "NUMBER": null,
        "BRAND": null,
        "ZONE": null,
        "STATUS": 5,
        "created_user": null,
        "created_date": null,
        "last_edited_user": null,
        "last_edited_date": null,
        "source_id": "miami-beach:arcgis:meters:150",
        "source_name": "City of Miami Beach Parking GIS",
        "name": "Parking Meters 150",
        "facility_type": "parking_zone",
        "city": "Miami Beach",
        "state": "FL",
        "operator": "City of Miami Beach Parking Department",
        "access": "public",
        "fee": "unknown",
        "charge": "unknown",
        "capacity": null,
        "confidence": 0.9,
        "last_verified_source": "City of Miami Beach Parking GIS",
        "source_url": "https://www.miamibeachfl.gov/city-hall/parking/",
        "api_url": "https://gis.miamibeachfl.gov/public/rest/services/mb/Parking/FeatureServer/1/query?where=1%3D1&outFields=*&f=geojson&outSR=4326&resultRecordCount=1000&resultOffset=0",
        "evidence_url": "https://gis.miamibeachfl.gov/public/rest/services/mb/Parking/FeatureServer/1/query?where=1%3D1&outFields=*&f=geojson&outSR=4326&resultRecordCount=1000&resultOffset=0",
        "data_as_of": "2026-06-12",
        "existence_status": "confirmed",
        "price_status": "known_unpriced",
        "rule_status": "partial",
        "enrichment_status": "needs_price",
        "payment_url": "",
        "booking_url": "",
        "raw_properties": {
          "OBJECTID": 150,
          "NUMBER": null,
          "BRAND": null,
          "ZONE": null,
          "STATUS": 5,
          "created_user": null,
          "created_date": null,
          "last_edited_user": null,
          "last_edited_date": null
        }
      }
    },
    {
      "type": "Feature",
      "id": 151,
      "geometry": {
        "type": "Point",
        "coordinates": [
          -80.12093470933253,
          25.857468685262283
        ]
      },
      "properties": {
        "OBJECTID": 151,
        "NUMBER": null,
        "BRAND": null,
        "ZONE": null,
        "STATUS": 5,
        "created_user": null,
        "created_date": null,
        "last_edited_user": null,
        "last_edited_date": null,
        "source_id": "miami-beach:arcgis:meters:151",
        "source_name": "City of Miami Beach Parking GIS",
        "name": "Parking Meters 151",
        "facility_type": "parking_zone",
        "city": "Miami Beach",
        "state": "FL",
        "operator": "City of Miami Beach Parking Department",
        "access": "public",
        "fee": "unknown",
        "charge": "unknown",
        "capacity": null,
        "confidence": 0.9,
        "last_verified_source": "City of Miami Beach Parking GIS",
        "source_url": "https://www.miamibeachfl.gov/city-hall/parking/",
        "api_url": "https://gis.miamibeachfl.gov/public/rest/services/mb/Parking/FeatureServer/1/query?where=1%3D1&outFields=*&f=geojson&outSR=4326&resultRecordCount=1000&resultOffset=0",
        "evidence_url": "https://gis.miamibeachfl.gov/public/rest/services/mb/Parking/FeatureServer/1/query?where=1%3D1&outFields=*&f=geojson&outSR=4326&resultRecordCount=1000&resultOffset=0",
        "data_as_of": "2026-06-12",
        "existence_status": "confirmed",
        "price_status": "known_unpriced",
        "rule_status": "partial",
        "enrichment_status": "needs_price",
        "payment_url": "",
        "booking_url": "",
        "raw_properties": {
          "OBJECTID": 151,
          "NUMBER": null,
          "BRAND": null,
          "ZONE": null,
          "STATUS": 5,
          "created_user": null,
          "created_date": null,
          "last_edited_user": null,
          "last_edited_date": null
        }
      }
    },
    {
      "type": "Feature",
      "id": 152,
      "geometry": {
        "type": "Point",
        "coordinates": [
          -80.12145481007892,
          25.857577562874305
        ]
      },
      "properties": {
        "OBJECTID": 152,
        "NUMBER": null,
        "BRAND": null,
        "ZONE": null,
        "STATUS": 5,
        "created_user": null,
        "created_date": null,
        "last_edited_user": null,
        "last_edited_date": null,
        "source_id": "miami-beach:arcgis:meters:152",
        "source_name": "City of Miami Beach Parking GIS",
        "name": "Parking Meters 152",
        "facility_type": "parking_zone",
        "city": "Miami Beach",
        "state": "FL",
        "operator": "City of Miami Beach Parking Department",
        "access": "public",
        "fee": "unknown",
        "charge": "unknown",
        "capacity": null,
        "confidence": 0.9,
        "last_verified_source": "City of Miami Beach Parking GIS",
        "source_url": "https://www.miamibeachfl.gov/city-hall/parking/",
        "api_url": "https://gis.miamibeachfl.gov/public/rest/services/mb/Parking/FeatureServer/1/query?where=1%3D1&outFields=*&f=geojson&outSR=4326&resultRecordCount=1000&resultOffset=0",
        "evidence_url": "https://gis.miamibeachfl.gov/public/rest/services/mb/Parking/FeatureServer/1/query?where=1%3D1&outFields=*&f=geojson&outSR=4326&resultRecordCount=1000&resultOffset=0",
        "data_as_of": "2026-06-12",
        "existence_status": "confirmed",
        "price_status": "known_unpriced",
        "rule_status": "partial",
        "enrichment_status": "needs_price",
        "payment_url": "",
        "booking_url": "",
        "raw_properties": {
          "OBJECTID": 152,
          "NUMBER": null,
          "BRAND": null,
          "ZONE": null,
          "STATUS": 5,
          "created_user": null,
          "created_date": null,
          "last_edited_user": null,
          "last_edited_date": null
        }
      }
    },
    {
      "type": "Feature",
      "id": 153,
      "geometry": {
        "type": "Point",
        "coordinates": [
          -80.12178701743963,
          25.857411803301623
        ]
      },
      "properties": {
        "OBJECTID": 153,
        "NUMBER": null,
        "BRAND": null,
        "ZONE": null,
        "STATUS": 5,
        "created_user": null,
        "created_date": null,
        "last_edited_user": null,
        "last_edited_date": null,
        "source_id": "miami-beach:arcgis:meters:153",
        "source_name": "City of Miami Beach Parking GIS",
        "name": "Parking Meters 153",
        "facility_type": "parking_zone",
        "city": "Miami Beach",
        "state": "FL",
        "operator": "City of Miami Beach Parking Department",
        "access": "public",
        "fee": "unknown",
        "charge": "unknown",
        "capacity": null,
        "confidence": 0.9,
        "last_verified_source": "City of Miami Beach Parking GIS",
        "source_url": "https://www.miamibeachfl.gov/city-hall/parking/",
        "api_url": "https://gis.miamibeachfl.gov/public/rest/services/mb/Parking/FeatureServer/1/query?where=1%3D1&outFields=*&f=geojson&outSR=4326&resultRecordCount=1000&resultOffset=0",
        "evidence_url": "https://gis.miamibeachfl.gov/public/rest/services/mb/Parking/FeatureServer/1/query?where=1%3D1&outFields=*&f=geojson&outSR=4326&resultRecordCount=1000&resultOffset=0",
        "data_as_of": "2026-06-12",
        "existence_status": "confirmed",
        "price_status": "known_unpriced",
        "rule_status": "partial",
        "enrichment_status": "needs_price",
        "payment_url": "",
        "booking_url": "",
        "raw_properties": {
          "OBJECTID": 153,
          "NUMBER": null,
          "BRAND": null,
          "ZONE": null,
          "STATUS": 5,
          "created_user": null,
          "created_date": null,
          "last_edited_user": null,
          "last_edited_date": null
        }
      }
    },
    {
      "type": "Feature",
      "id": 154,
      "geometry": {
        "type": "Point",
        "coordinates": [
          -80.12130043869406,
          25.857268271804053
        ]
      },
      "properties": {
        "OBJECTID": 154,
        "NUMBER": null,
        "BRAND": null,
        "ZONE": null,
        "STATUS": 5,
        "created_user": null,
        "created_date": null,
        "last_edited_user": null,
        "last_edited_date": null,
        "source_id": "miami-beach:arcgis:meters:154",
        "source_name": "City of Miami Beach Parking GIS",
        "name": "Parking Meters 154",
        "facility_type": "parking_zone",
        "city": "Miami Beach",
        "state": "FL",
        "operator": "City of Miami Beach Parking Department",
        "access": "public",
        "fee": "unknown",
        "charge": "unknown",
        "capacity": null,
        "confidence": 0.9,
        "last_verified_source": "City of Miami Beach Parking GIS",
        "source_url": "https://www.miamibeachfl.gov/city-hall/parking/",
        "api_url": "https://gis.miamibeachfl.gov/public/rest/services/mb/Parking/FeatureServer/1/query?where=1%3D1&outFields=*&f=geojson&outSR=4326&resultRecordCount=1000&resultOffset=0",
        "evidence_url": "https://gis.miamibeachfl.gov/public/rest/services/mb/Parking/FeatureServer/1/query?where=1%3D1&outFields=*&f=geojson&outSR=4326&resultRecordCount=1000&resultOffset=0",
        "data_as_of": "2026-06-12",
        "existence_status": "confirmed",
        "price_status": "known_unpriced",
        "rule_status": "partial",
        "enrichment_status": "needs_price",
        "payment_url": "",
        "booking_url": "",
        "raw_properties": {
          "OBJECTID": 154,
          "NUMBER": null,
          "BRAND": null,
          "ZONE": null,
          "STATUS": 5,
          "created_user": null,
          "created_date": null,
          "last_edited_user": null,
          "last_edited_date": null
        }
      }
    },
    {
      "type": "Feature",
      "id": 155,
      "geometry": {
        "type": "Point",
        "coordinates": [
          -80.1216555792728,
          25.855463886188936
        ]
      },
      "properties": {
        "OBJECTID": 155,
        "NUMBER": null,
        "BRAND": null,
        "ZONE": null,
        "STATUS": 5,
        "created_user": null,
        "created_date": null,
        "last_edited_user": null,
        "last_edited_date": null,
        "source_id": "miami-beach:arcgis:meters:155",
        "source_name": "City of Miami Beach Parking GIS",
        "name": "Parking Meters 155",
        "facility_type": "parking_zone",
        "city": "Miami Beach",
        "state": "FL",
        "operator": "City of Miami Beach Parking Department",
        "access": "public",
        "fee": "unknown",
        "charge": "unknown",
        "capacity": null,
        "confidence": 0.9,
        "last_verified_source": "City of Miami Beach Parking GIS",
        "source_url": "https://www.miamibeachfl.gov/city-hall/parking/",
        "api_url": "https://gis.miamibeachfl.gov/public/rest/services/mb/Parking/FeatureServer/1/query?where=1%3D1&outFields=*&f=geojson&outSR=4326&resultRecordCount=1000&resultOffset=0",
        "evidence_url": "https://gis.miamibeachfl.gov/public/rest/services/mb/Parking/FeatureServer/1/query?where=1%3D1&outFields=*&f=geojson&outSR=4326&resultRecordCount=1000&resultOffset=0",
        "data_as_of": "2026-06-12",
        "existence_status": "confirmed",
        "price_status": "known_unpriced",
        "rule_status": "partial",
        "enrichment_status": "needs_price",
        "payment_url": "",
        "booking_url": "",
        "raw_properties": {
          "OBJECTID": 155,
          "NUMBER": null,
          "BRAND": null,
          "ZONE": null,
          "STATUS": 5,
          "created_user": null,
          "created_date": null,
          "last_edited_user": null,
          "last_edited_date": null
        }
      }
    },
    {
      "type": "Feature",
      "id": 156,
      "geometry": {
        "type": "Point",
        "coordinates": [
          -80.12170059322723,
          25.855285301558673
        ]
      },
      "properties": {
        "OBJECTID": 156,
        "NUMBER": null,
        "BRAND": null,
        "ZONE": null,
        "STATUS": 5,
        "created_user": null,
        "created_date": null,
        "last_edited_user": null,
        "last_edited_date": null,
        "source_id": "miami-beach:arcgis:meters:156",
        "source_name": "City of Miami Beach Parking GIS",
        "name": "Parking Meters 156",
        "facility_type": "parking_zone",
        "city": "Miami Beach",
        "state": "FL",
        "operator": "City of Miami Beach Parking Department",
        "access": "public",
        "fee": "unknown",
        "charge": "unknown",
        "capacity": null,
        "confidence": 0.9,
        "last_verified_source": "City of Miami Beach Parking GIS",
        "source_url": "https://www.miamibeachfl.gov/city-hall/parking/",
        "api_url": "https://gis.miamibeachfl.gov/public/rest/services/mb/Parking/FeatureServer/1/query?where=1%3D1&outFields=*&f=geojson&outSR=4326&resultRecordCount=1000&resultOffset=0",
        "evidence_url": "https://gis.miamibeachfl.gov/public/rest/services/mb/Parking/FeatureServer/1/query?where=1%3D1&outFields=*&f=geojson&outSR=4326&resultRecordCount=1000&resultOffset=0",
        "data_as_of": "2026-06-12",
        "existence_status": "confirmed",
        "price_status": "known_unpriced",
        "rule_status": "partial",
        "enrichment_status": "needs_price",
        "payment_url": "",
        "booking_url": "",
        "raw_properties": {
          "OBJECTID": 156,
          "NUMBER": null,
          "BRAND": null,
          "ZONE": null,
          "STATUS": 5,
          "created_user": null,
          "created_date": null,
          "last_edited_user": null,
          "last_edited_date": null
        }
      }
    },
    {
      "type": "Feature",
      "id": 157,
      "geometry": {
        "type": "Point",
        "coordinates": [
          -80.13224188035818,
          25.773686434861173
        ]
      },
      "properties": {
        "OBJECTID": 157,
        "NUMBER": "OD04W02",
        "BRAND": "DPT",
        "ZONE": "7X",
        "STATUS": 5,
        "created_user": null,
        "created_date": null,
        "last_edited_user": null,
        "last_edited_date": null,
        "source_id": "miami-beach:arcgis:meters:157",
        "source_name": "City of Miami Beach Parking GIS",
        "name": "Parking Meters 157",
        "facility_type": "parking_zone",
        "city": "Miami Beach",
        "state": "FL",
        "operator": "City of Miami Beach Parking Department",
        "access": "public",
        "fee": "unknown",
        "charge": "unknown",
        "capacity": null,
        "confidence": 0.9,
        "last_verified_source": "City of Miami Beach Parking GIS",
        "source_url": "https://www.miamibeachfl.gov/city-hall/parking/",
        "api_url": "https://gis.miamibeachfl.gov/public/rest/services/mb/Parking/FeatureServer/1/query?where=1%3D1&outFields=*&f=geojson&outSR=4326&resultRecordCount=1000&resultOffset=0",
        "evidence_url": "https://gis.miamibeachfl.gov/public/rest/services/mb/Parking/FeatureServer/1/query?where=1%3D1&outFields=*&f=geojson&outSR=4326&resultRecordCount=1000&resultOffset=0",
        "data_as_of": "2026-06-12",
        "existence_status": "confirmed",
        "price_status": "known_unpriced",
        "rule_status": "partial",
        "enrichment_status": "needs_price",
        "payment_url": "",
        "booking_url": "",
        "raw_properties": {
          "OBJECTID": 157,
          "NUMBER": "OD04W02",
          "BRAND": "DPT",
          "ZONE": "7X",
          "STATUS": 5,
          "created_user": null,
          "created_date": null,
          "last_edited_user": null,
          "last_edited_date": null
        }
      }
    },
    {
      "type": "Feature",
      "id": 158,
      "geometry": {
        "type": "Point",
        "coordinates": [
          -80.13239835804632,
          25.772902214111962
        ]
      },
      "properties": {
        "OBJECTID": 158,
        "NUMBER": "OD03W04",
        "BRAND": "DPT",
        "ZONE": "7X",
        "STATUS": 5,
        "created_user": null,
        "created_date": null,
        "last_edited_user": null,
        "last_edited_date": null,
        "source_id": "miami-beach:arcgis:meters:158",
        "source_name": "City of Miami Beach Parking GIS",
        "name": "Parking Meters 158",
        "facility_type": "parking_zone",
        "city": "Miami Beach",
        "state": "FL",
        "operator": "City of Miami Beach Parking Department",
        "access": "public",
        "fee": "unknown",
        "charge": "unknown",
        "capacity": null,
        "confidence": 0.9,
        "last_verified_source": "City of Miami Beach Parking GIS",
        "source_url": "https://www.miamibeachfl.gov/city-hall/parking/",
        "api_url": "https://gis.miamibeachfl.gov/public/rest/services/mb/Parking/FeatureServer/1/query?where=1%3D1&outFields=*&f=geojson&outSR=4326&resultRecordCount=1000&resultOffset=0",
        "evidence_url": "https://gis.miamibeachfl.gov/public/rest/services/mb/Parking/FeatureServer/1/query?where=1%3D1&outFields=*&f=geojson&outSR=4326&resultRecordCount=1000&resultOffset=0",
        "data_as_of": "2026-06-12",
        "existence_status": "confirmed",
        "price_status": "known_unpriced",
        "rule_status": "partial",
        "enrichment_status": "needs_price",
        "payment_url": "",
        "booking_url": "",
        "raw_properties": {
          "OBJECTID": 158,
          "NUMBER": "OD03W04",
          "BRAND": "DPT",
          "ZONE": "7X",
          "STATUS": 5,
          "created_user": null,
          "created_date": null,
          "last_edited_user": null,
          "last_edited_date": null
        }
      }
    },
    {
      "type": "Feature",
      "id": 159,
      "geometry": {
        "type": "Point",
        "coordinates": [
          -80.13252366512084,
          25.77233433124122
        ]
      },
      "properties": {
        "OBJECTID": 159,
        "NUMBER": "OD03W02",
        "BRAND": "DPT",
        "ZONE": "7X",
        "STATUS": 5,
        "created_user": null,
        "created_date": null,
        "last_edited_user": null,
        "last_edited_date": null,
        "source_id": "miami-beach:arcgis:meters:159",
        "source_name": "City of Miami Beach Parking GIS",
        "name": "Parking Meters 159",
        "facility_type": "parking_zone",
        "city": "Miami Beach",
        "state": "FL",
        "operator": "City of Miami Beach Parking Department",
        "access": "public",
        "fee": "unknown",
        "charge": "unknown",
        "capacity": null,
        "confidence": 0.9,
        "last_verified_source": "City of Miami Beach Parking GIS",
        "source_url": "https://www.miamibeachfl.gov/city-hall/parking/",
        "api_url": "https://gis.miamibeachfl.gov/public/rest/services/mb/Parking/FeatureServer/1/query?where=1%3D1&outFields=*&f=geojson&outSR=4326&resultRecordCount=1000&resultOffset=0",
        "evidence_url": "https://gis.miamibeachfl.gov/public/rest/services/mb/Parking/FeatureServer/1/query?where=1%3D1&outFields=*&f=geojson&outSR=4326&resultRecordCount=1000&resultOffset=0",
        "data_as_of": "2026-06-12",
        "existence_status": "confirmed",
        "price_status": "known_unpriced",
        "rule_status": "partial",
        "enrichment_status": "needs_price",
        "payment_url": "",
        "booking_url": "",
        "raw_properties": {
          "OBJECTID": 159,
          "NUMBER": "OD03W02",
          "BRAND": "DPT",
          "ZONE": "7X",
          "STATUS": 5,
          "created_user": null,
          "created_date": null,
          "last_edited_user": null,
          "last_edited_date": null
        }
      }
    },
    {
      "type": "Feature",
      "id": 160,
      "geometry": {
        "type": "Point",
        "coordinates": [
          -80.1327356235081,
          25.771407842917007
        ]
      },
      "properties": {
        "OBJECTID": 160,
        "NUMBER": "OD02W02",
        "BRAND": "DPT",
        "ZONE": "7X",
        "STATUS": 5,
        "created_user": null,
        "created_date": null,
        "last_edited_user": null,
        "last_edited_date": null,
        "source_id": "miami-beach:arcgis:meters:160",
        "source_name": "City of Miami Beach Parking GIS",
        "name": "Parking Meters 160",
        "facility_type": "parking_zone",
        "city": "Miami Beach",
        "state": "FL",
        "operator": "City of Miami Beach Parking Department",
        "access": "public",
        "fee": "unknown",
        "charge": "unknown",
        "capacity": null,
        "confidence": 0.9,
        "last_verified_source": "City of Miami Beach Parking GIS",
        "source_url": "https://www.miamibeachfl.gov/city-hall/parking/",
        "api_url": "https://gis.miamibeachfl.gov/public/rest/services/mb/Parking/FeatureServer/1/query?where=1%3D1&outFields=*&f=geojson&outSR=4326&resultRecordCount=1000&resultOffset=0",
        "evidence_url": "https://gis.miamibeachfl.gov/public/rest/services/mb/Parking/FeatureServer/1/query?where=1%3D1&outFields=*&f=geojson&outSR=4326&resultRecordCount=1000&resultOffset=0",
        "data_as_of": "2026-06-12",
        "existence_status": "confirmed",
        "price_status": "known_unpriced",
        "rule_status": "partial",
        "enrichment_status": "needs_price",
        "payment_url": "",
        "booking_url": "",
        "raw_properties": {
          "OBJECTID": 160,
          "NUMBER": "OD02W02",
          "BRAND": "DPT",
          "ZONE": "7X",
          "STATUS": 5,
          "created_user": null,
          "created_date": null,
          "last_edited_user": null,
          "last_edited_date": null
        }
      }
    },
    {
      "type": "Feature",
      "id": 161,
      "geometry": {
        "type": "Point",
        "coordinates": [
          -80.13300434392049,
          25.7701417742769
        ]
      },
      "properties": {
        "OBJECTID": 161,
        "NUMBER": "OD01W02",
        "BRAND": "DPT",
        "ZONE": "7X",
        "STATUS": 5,
        "created_user": null,
        "created_date": null,
        "last_edited_user": null,
        "last_edited_date": null,
        "source_id": "miami-beach:arcgis:meters:161",
        "source_name": "City of Miami Beach Parking GIS",
        "name": "Parking Meters 161",
        "facility_type": "parking_zone",
        "city": "Miami Beach",
        "state": "FL",
        "operator": "City of Miami Beach Parking Department",
        "access": "public",
        "fee": "unknown",
        "charge": "unknown",
        "capacity": null,
        "confidence": 0.9,
        "last_verified_source": "City of Miami Beach Parking GIS",
        "source_url": "https://www.miamibeachfl.gov/city-hall/parking/",
        "api_url": "https://gis.miamibeachfl.gov/public/rest/services/mb/Parking/FeatureServer/1/query?where=1%3D1&outFields=*&f=geojson&outSR=4326&resultRecordCount=1000&resultOffset=0",
        "evidence_url": "https://gis.miamibeachfl.gov/public/rest/services/mb/Parking/FeatureServer/1/query?where=1%3D1&outFields=*&f=geojson&outSR=4326&resultRecordCount=1000&resultOffset=0",
        "data_as_of": "2026-06-12",
        "existence_status": "confirmed",
        "price_status": "known_unpriced",
        "rule_status": "partial",
        "enrichment_status": "needs_price",
        "payment_url": "",
        "booking_url": "",
        "raw_properties": {
          "OBJECTID": 161,
          "NUMBER": "OD01W02",
          "BRAND": "DPT",
          "ZONE": "7X",
          "STATUS": 5,
          "created_user": null,
          "created_date": null,
          "last_edited_user": null,
          "last_edited_date": null
        }
      }
    },
    {
      "type": "Feature",
      "id": 162,
      "geometry": {
        "type": "Point",
        "coordinates": [
          -80.13319822434268,
          25.769285141677216
        ]
      },
      "properties": {
        "OBJECTID": 162,
        "NUMBER": "OD00W02",
        "BRAND": "DPT",
        "ZONE": "7X",
        "STATUS": 5,
        "created_user": null,
        "created_date": null,
        "last_edited_user": null,
        "last_edited_date": null,
        "source_id": "miami-beach:arcgis:meters:162",
        "source_name": "City of Miami Beach Parking GIS",
        "name": "Parking Meters 162",
        "facility_type": "parking_zone",
        "city": "Miami Beach",
        "state": "FL",
        "operator": "City of Miami Beach Parking Department",
        "access": "public",
        "fee": "unknown",
        "charge": "unknown",
        "capacity": null,
        "confidence": 0.9,
        "last_verified_source": "City of Miami Beach Parking GIS",
        "source_url": "https://www.miamibeachfl.gov/city-hall/parking/",
        "api_url": "https://gis.miamibeachfl.gov/public/rest/services/mb/Parking/FeatureServer/1/query?where=1%3D1&outFields=*&f=geojson&outSR=4326&resultRecordCount=1000&resultOffset=0",
        "evidence_url": "https://gis.miamibeachfl.gov/public/rest/services/mb/Parking/FeatureServer/1/query?where=1%3D1&outFields=*&f=geojson&outSR=4326&resultRecordCount=1000&resultOffset=0",
        "data_as_of": "2026-06-12",
        "existence_status": "confirmed",
        "price_status": "known_unpriced",
        "rule_status": "partial",
        "enrichment_status": "needs_price",
        "payment_url": "",
        "booking_url": "",
        "raw_properties": {
          "OBJECTID": 162,
          "NUMBER": "OD00W02",
          "BRAND": "DPT",
          "ZONE": "7X",
          "STATUS": 5,
          "created_user": null,
          "created_date": null,
          "last_edited_user": null,
          "last_edited_date": null
        }
      }
    },
    {
      "type": "Feature",
      "id": 163,
      "geometry": {
        "type": "Point",
        "coordinates": [
          -80.13386377982538,
          25.770271881379802
        ]
      },
      "properties": {
        "OBJECTID": 163,
        "NUMBER": "CL01E01",
        "BRAND": "DPT",
        "ZONE": "7X",
        "STATUS": 5,
        "created_user": null,
        "created_date": null,
        "last_edited_user": null,
        "last_edited_date": null,
        "source_id": "miami-beach:arcgis:meters:163",
        "source_name": "City of Miami Beach Parking GIS",
        "name": "Parking Meters 163",
        "facility_type": "parking_zone",
        "city": "Miami Beach",
        "state": "FL",
        "operator": "City of Miami Beach Parking Department",
        "access": "public",
        "fee": "unknown",
        "charge": "unknown",
        "capacity": null,
        "confidence": 0.9,
        "last_verified_source": "City of Miami Beach Parking GIS",
        "source_url": "https://www.miamibeachfl.gov/city-hall/parking/",
        "api_url": "https://gis.miamibeachfl.gov/public/rest/services/mb/Parking/FeatureServer/1/query?where=1%3D1&outFields=*&f=geojson&outSR=4326&resultRecordCount=1000&resultOffset=0",
        "evidence_url": "https://gis.miamibeachfl.gov/public/rest/services/mb/Parking/FeatureServer/1/query?where=1%3D1&outFields=*&f=geojson&outSR=4326&resultRecordCount=1000&resultOffset=0",
        "data_as_of": "2026-06-12",
        "existence_status": "confirmed",
        "price_status": "known_unpriced",
        "rule_status": "partial",
        "enrichment_status": "needs_price",
        "payment_url": "",
        "booking_url": "",
        "raw_properties": {
          "OBJECTID": 163,
          "NUMBER": "CL01E01",
          "BRAND": "DPT",
          "ZONE": "7X",
          "STATUS": 5,
          "created_user": null,
          "created_date": null,
          "last_edited_user": null,
          "last_edited_date": null
        }
      }
    },
    {
      "type": "Feature",
      "id": 164,
      "geometry": {
        "type": "Point",
        "coordinates": [
          -80.13361666591457,
          25.771434192875862
        ]
      },
      "properties": {
        "OBJECTID": 164,
        "NUMBER": "CL02E01",
        "BRAND": "DPT",
        "ZONE": "7X",
        "STATUS": 5,
        "created_user": null,
        "created_date": null,
        "last_edited_user": null,
        "last_edited_date": null,
        "source_id": "miami-beach:arcgis:meters:164",
        "source_name": "City of Miami Beach Parking GIS",
        "name": "Parking Meters 164",
        "facility_type": "parking_zone",
        "city": "Miami Beach",
        "state": "FL",
        "operator": "City of Miami Beach Parking Department",
        "access": "public",
        "fee": "unknown",
        "charge": "unknown",
        "capacity": null,
        "confidence": 0.9,
        "last_verified_source": "City of Miami Beach Parking GIS",
        "source_url": "https://www.miamibeachfl.gov/city-hall/parking/",
        "api_url": "https://gis.miamibeachfl.gov/public/rest/services/mb/Parking/FeatureServer/1/query?where=1%3D1&outFields=*&f=geojson&outSR=4326&resultRecordCount=1000&resultOffset=0",
        "evidence_url": "https://gis.miamibeachfl.gov/public/rest/services/mb/Parking/FeatureServer/1/query?where=1%3D1&outFields=*&f=geojson&outSR=4326&resultRecordCount=1000&resultOffset=0",
        "data_as_of": "2026-06-12",
        "existence_status": "confirmed",
        "price_status": "known_unpriced",
        "rule_status": "partial",
        "enrichment_status": "needs_price",
        "payment_url": "",
        "booking_url": "",
        "raw_properties": {
          "OBJECTID": 164,
          "NUMBER": "CL02E01",
          "BRAND": "DPT",
          "ZONE": "7X",
          "STATUS": 5,
          "created_user": null,
          "created_date": null,
          "last_edited_user": null,
          "last_edited_date": null
        }
      }
    },
    {
      "type": "Feature",
      "id": 165,
      "geometry": {
        "type": "Point",
        "coordinates": [
          -80.13327502806722,
          25.772988187549203
        ]
      },
      "properties": {
        "OBJECTID": 165,
        "NUMBER": "CL03E01",
        "BRAND": "DPT",
        "ZONE": "7X",
        "STATUS": 5,
        "created_user": null,
        "created_date": null,
        "last_edited_user": null,
        "last_edited_date": null,
        "source_id": "miami-beach:arcgis:meters:165",
        "source_name": "City of Miami Beach Parking GIS",
        "name": "Parking Meters 165",
        "facility_type": "parking_zone",
        "city": "Miami Beach",
        "state": "FL",
        "operator": "City of Miami Beach Parking Department",
        "access": "public",
        "fee": "unknown",
        "charge": "unknown",
        "capacity": null,
        "confidence": 0.9,
        "last_verified_source": "City of Miami Beach Parking GIS",
        "source_url": "https://www.miamibeachfl.gov/city-hall/parking/",
        "api_url": "https://gis.miamibeachfl.gov/public/rest/services/mb/Parking/FeatureServer/1/query?where=1%3D1&outFields=*&f=geojson&outSR=4326&resultRecordCount=1000&resultOffset=0",
        "evidence_url": "https://gis.miamibeachfl.gov/public/rest/services/mb/Parking/FeatureServer/1/query?where=1%3D1&outFields=*&f=geojson&outSR=4326&resultRecordCount=1000&resultOffset=0",
        "data_as_of": "2026-06-12",
        "existence_status": "confirmed",
        "price_status": "known_unpriced",
        "rule_status": "partial",
        "enrichment_status": "needs_price",
        "payment_url": "",
        "booking_url": "",
        "raw_properties": {
          "OBJECTID": 165,
          "NUMBER": "CL03E01",
          "BRAND": "DPT",
          "ZONE": "7X",
          "STATUS": 5,
          "created_user": null,
          "created_date": null,
          "last_edited_user": null,
          "last_edited_date": null
        }
      }
    },
    {
      "type": "Feature",
      "id": 166,
      "geometry": {
        "type": "Point",
        "coordinates": [
          -80.13250924519349,
          25.781629170552545
        ]
      },
      "properties": {
        "OBJECTID": 166,
        "NUMBER": "WA10E01",
        "BRAND": "DPT",
        "ZONE": "1X",
        "STATUS": 5,
        "created_user": null,
        "created_date": null,
        "last_edited_user": null,
        "last_edited_date": null,
        "source_id": "miami-beach:arcgis:meters:166",
        "source_name": "City of Miami Beach Parking GIS",
        "name": "Parking Meters 166",
        "facility_type": "parking_zone",
        "city": "Miami Beach",
        "state": "FL",
        "operator": "City of Miami Beach Parking Department",
        "access": "public",
        "fee": "unknown",
        "charge": "unknown",
        "capacity": null,
        "confidence": 0.9,
        "last_verified_source": "City of Miami Beach Parking GIS",
        "source_url": "https://www.miamibeachfl.gov/city-hall/parking/",
        "api_url": "https://gis.miamibeachfl.gov/public/rest/services/mb/Parking/FeatureServer/1/query?where=1%3D1&outFields=*&f=geojson&outSR=4326&resultRecordCount=1000&resultOffset=0",
        "evidence_url": "https://gis.miamibeachfl.gov/public/rest/services/mb/Parking/FeatureServer/1/query?where=1%3D1&outFields=*&f=geojson&outSR=4326&resultRecordCount=1000&resultOffset=0",
        "data_as_of": "2026-06-12",
        "existence_status": "confirmed",
        "price_status": "known_unpriced",
        "rule_status": "partial",
        "enrichment_status": "needs_price",
        "payment_url": "",
        "booking_url": "",
        "raw_properties": {
          "OBJECTID": 166,
          "NUMBER": "WA10E01",
          "BRAND": "DPT",
          "ZONE": "1X",
          "STATUS": 5,
          "created_user": null,
          "created_date": null,
          "last_edited_user": null,
          "last_edited_date": null
        }
      }
    },
    {
      "type": "Feature",
      "id": 167,
      "geometry": {
        "type": "Point",
        "coordinates": [
          -80.13281769067105,
          25.78022797961491
        ]
      },
      "properties": {
        "OBJECTID": 167,
        "NUMBER": null,
        "BRAND": null,
        "ZONE": null,
        "STATUS": 5,
        "created_user": null,
        "created_date": null,
        "last_edited_user": null,
        "last_edited_date": null,
        "source_id": "miami-beach:arcgis:meters:167",
        "source_name": "City of Miami Beach Parking GIS",
        "name": "Parking Meters 167",
        "facility_type": "parking_zone",
        "city": "Miami Beach",
        "state": "FL",
        "operator": "City of Miami Beach Parking Department",
        "access": "public",
        "fee": "unknown",
        "charge": "unknown",
        "capacity": null,
        "confidence": 0.9,
        "last_verified_source": "City of Miami Beach Parking GIS",
        "source_url": "https://www.miamibeachfl.gov/city-hall/parking/",
        "api_url": "https://gis.miamibeachfl.gov/public/rest/services/mb/Parking/FeatureServer/1/query?where=1%3D1&outFields=*&f=geojson&outSR=4326&resultRecordCount=1000&resultOffset=0",
        "evidence_url": "https://gis.miamibeachfl.gov/public/rest/services/mb/Parking/FeatureServer/1/query?where=1%3D1&outFields=*&f=geojson&outSR=4326&resultRecordCount=1000&resultOffset=0",
        "data_as_of": "2026-06-12",
        "existence_status": "confirmed",
        "price_status": "known_unpriced",
        "rule_status": "partial",
        "enrichment_status": "needs_price",
        "payment_url": "",
        "booking_url": "",
        "raw_properties": {
          "OBJECTID": 167,
          "NUMBER": null,
          "BRAND": null,
          "ZONE": null,
          "STATUS": 5,
          "created_user": null,
          "created_date": null,
          "last_edited_user": null,
          "last_edited_date": null
        }
      }
    },
    {
      "type": "Feature",
      "id": 168,
      "geometry": {
        "type": "Point",
        "coordinates": [
          -80.13334912357716,
          25.77888757062009
        ]
      },
      "properties": {
        "OBJECTID": 168,
        "NUMBER": "WA08W02",
        "BRAND": "DPT",
        "ZONE": "2X",
        "STATUS": 5,
        "created_user": null,
        "created_date": null,
        "last_edited_user": null,
        "last_edited_date": null,
        "source_id": "miami-beach:arcgis:meters:168",
        "source_name": "City of Miami Beach Parking GIS",
        "name": "Parking Meters 168",
        "facility_type": "parking_zone",
        "city": "Miami Beach",
        "state": "FL",
        "operator": "City of Miami Beach Parking Department",
        "access": "public",
        "fee": "unknown",
        "charge": "unknown",
        "capacity": null,
        "confidence": 0.9,
        "last_verified_source": "City of Miami Beach Parking GIS",
        "source_url": "https://www.miamibeachfl.gov/city-hall/parking/",
        "api_url": "https://gis.miamibeachfl.gov/public/rest/services/mb/Parking/FeatureServer/1/query?where=1%3D1&outFields=*&f=geojson&outSR=4326&resultRecordCount=1000&resultOffset=0",
        "evidence_url": "https://gis.miamibeachfl.gov/public/rest/services/mb/Parking/FeatureServer/1/query?where=1%3D1&outFields=*&f=geojson&outSR=4326&resultRecordCount=1000&resultOffset=0",
        "data_as_of": "2026-06-12",
        "existence_status": "confirmed",
        "price_status": "known_unpriced",
        "rule_status": "partial",
        "enrichment_status": "needs_price",
        "payment_url": "",
        "booking_url": "",
        "raw_properties": {
          "OBJECTID": 168,
          "NUMBER": "WA08W02",
          "BRAND": "DPT",
          "ZONE": "2X",
          "STATUS": 5,
          "created_user": null,
          "created_date": null,
          "last_edited_user": null,
          "last_edited_date": null
        }
      }
    },
    {
      "type": "Feature",
      "id": 169,
      "geometry": {
        "type": "Point",
        "coordinates": [
          -80.1333113901041,
          25.77792470900981
        ]
      },
      "properties": {
        "OBJECTID": 169,
        "NUMBER": "WA07E01",
        "BRAND": "DPT",
        "ZONE": "1X",
        "STATUS": 5,
        "created_user": null,
        "created_date": null,
        "last_edited_user": null,
        "last_edited_date": null,
        "source_id": "miami-beach:arcgis:meters:169",
        "source_name": "City of Miami Beach Parking GIS",
        "name": "Parking Meters 169",
        "facility_type": "parking_zone",
        "city": "Miami Beach",
        "state": "FL",
        "operator": "City of Miami Beach Parking Department",
        "access": "public",
        "fee": "unknown",
        "charge": "unknown",
        "capacity": null,
        "confidence": 0.9,
        "last_verified_source": "City of Miami Beach Parking GIS",
        "source_url": "https://www.miamibeachfl.gov/city-hall/parking/",
        "api_url": "https://gis.miamibeachfl.gov/public/rest/services/mb/Parking/FeatureServer/1/query?where=1%3D1&outFields=*&f=geojson&outSR=4326&resultRecordCount=1000&resultOffset=0",
        "evidence_url": "https://gis.miamibeachfl.gov/public/rest/services/mb/Parking/FeatureServer/1/query?where=1%3D1&outFields=*&f=geojson&outSR=4326&resultRecordCount=1000&resultOffset=0",
        "data_as_of": "2026-06-12",
        "existence_status": "confirmed",
        "price_status": "known_unpriced",
        "rule_status": "partial",
        "enrichment_status": "needs_price",
        "payment_url": "",
        "booking_url": "",
        "raw_properties": {
          "OBJECTID": 169,
          "NUMBER": "WA07E01",
          "BRAND": "DPT",
          "ZONE": "1X",
          "STATUS": 5,
          "created_user": null,
          "created_date": null,
          "last_edited_user": null,
          "last_edited_date": null
        }
      }
    },
    {
      "type": "Feature",
      "id": 170,
      "geometry": {
        "type": "Point",
        "coordinates": [
          -80.13358714097019,
          25.776758993254905
        ]
      },
      "properties": {
        "OBJECTID": 170,
        "NUMBER": "WA06E03",
        "BRAND": "DPT",
        "ZONE": "1X",
        "STATUS": 5,
        "created_user": null,
        "created_date": null,
        "last_edited_user": null,
        "last_edited_date": null,
        "source_id": "miami-beach:arcgis:meters:170",
        "source_name": "City of Miami Beach Parking GIS",
        "name": "Parking Meters 170",
        "facility_type": "parking_zone",
        "city": "Miami Beach",
        "state": "FL",
        "operator": "City of Miami Beach Parking Department",
        "access": "public",
        "fee": "unknown",
        "charge": "unknown",
        "capacity": null,
        "confidence": 0.9,
        "last_verified_source": "City of Miami Beach Parking GIS",
        "source_url": "https://www.miamibeachfl.gov/city-hall/parking/",
        "api_url": "https://gis.miamibeachfl.gov/public/rest/services/mb/Parking/FeatureServer/1/query?where=1%3D1&outFields=*&f=geojson&outSR=4326&resultRecordCount=1000&resultOffset=0",
        "evidence_url": "https://gis.miamibeachfl.gov/public/rest/services/mb/Parking/FeatureServer/1/query?where=1%3D1&outFields=*&f=geojson&outSR=4326&resultRecordCount=1000&resultOffset=0",
        "data_as_of": "2026-06-12",
        "existence_status": "confirmed",
        "price_status": "known_unpriced",
        "rule_status": "partial",
        "enrichment_status": "needs_price",
        "payment_url": "",
        "booking_url": "",
        "raw_properties": {
          "OBJECTID": 170,
          "NUMBER": "WA06E03",
          "BRAND": "DPT",
          "ZONE": "1X",
          "STATUS": 5,
          "created_user": null,
          "created_date": null,
          "last_edited_user": null,
          "last_edited_date": null
        }
      }
    },
    {
      "type": "Feature",
      "id": 171,
      "geometry": {
        "type": "Point",
        "coordinates": [
          -80.13373797686897,
          25.77601884034638
        ]
      },
      "properties": {
        "OBJECTID": 171,
        "NUMBER": "WA06E01",
        "BRAND": "DPT",
        "ZONE": "1X",
        "STATUS": 5,
        "created_user": null,
        "created_date": null,
        "last_edited_user": null,
        "last_edited_date": null,
        "source_id": "miami-beach:arcgis:meters:171",
        "source_name": "City of Miami Beach Parking GIS",
        "name": "Parking Meters 171",
        "facility_type": "parking_zone",
        "city": "Miami Beach",
        "state": "FL",
        "operator": "City of Miami Beach Parking Department",
        "access": "public",
        "fee": "unknown",
        "charge": "unknown",
        "capacity": null,
        "confidence": 0.9,
        "last_verified_source": "City of Miami Beach Parking GIS",
        "source_url": "https://www.miamibeachfl.gov/city-hall/parking/",
        "api_url": "https://gis.miamibeachfl.gov/public/rest/services/mb/Parking/FeatureServer/1/query?where=1%3D1&outFields=*&f=geojson&outSR=4326&resultRecordCount=1000&resultOffset=0",
        "evidence_url": "https://gis.miamibeachfl.gov/public/rest/services/mb/Parking/FeatureServer/1/query?where=1%3D1&outFields=*&f=geojson&outSR=4326&resultRecordCount=1000&resultOffset=0",
        "data_as_of": "2026-06-12",
        "existence_status": "confirmed",
        "price_status": "known_unpriced",
        "rule_status": "partial",
        "enrichment_status": "needs_price",
        "payment_url": "",
        "booking_url": "",
        "raw_properties": {
          "OBJECTID": 171,
          "NUMBER": "WA06E01",
          "BRAND": "DPT",
          "ZONE": "1X",
          "STATUS": 5,
          "created_user": null,
          "created_date": null,
          "last_edited_user": null,
          "last_edited_date": null
        }
      }
    },
    {
      "type": "Feature",
      "id": 172,
      "geometry": {
        "type": "Point",
        "coordinates": [
          -80.13385616619665,
          25.775254914578394
        ]
      },
      "properties": {
        "OBJECTID": 172,
        "NUMBER": "WA05E01",
        "BRAND": "DPT",
        "ZONE": "1X",
        "STATUS": 5,
        "created_user": null,
        "created_date": null,
        "last_edited_user": null,
        "last_edited_date": null,
        "source_id": "miami-beach:arcgis:meters:172",
        "source_name": "City of Miami Beach Parking GIS",
        "name": "Parking Meters 172",
        "facility_type": "parking_zone",
        "city": "Miami Beach",
        "state": "FL",
        "operator": "City of Miami Beach Parking Department",
        "access": "public",
        "fee": "unknown",
        "charge": "unknown",
        "capacity": null,
        "confidence": 0.9,
        "last_verified_source": "City of Miami Beach Parking GIS",
        "source_url": "https://www.miamibeachfl.gov/city-hall/parking/",
        "api_url": "https://gis.miamibeachfl.gov/public/rest/services/mb/Parking/FeatureServer/1/query?where=1%3D1&outFields=*&f=geojson&outSR=4326&resultRecordCount=1000&resultOffset=0",
        "evidence_url": "https://gis.miamibeachfl.gov/public/rest/services/mb/Parking/FeatureServer/1/query?where=1%3D1&outFields=*&f=geojson&outSR=4326&resultRecordCount=1000&resultOffset=0",
        "data_as_of": "2026-06-12",
        "existence_status": "confirmed",
        "price_status": "known_unpriced",
        "rule_status": "partial",
        "enrichment_status": "needs_price",
        "payment_url": "",
        "booking_url": "",
        "raw_properties": {
          "OBJECTID": 172,
          "NUMBER": "WA05E01",
          "BRAND": "DPT",
          "ZONE": "1X",
          "STATUS": 5,
          "created_user": null,
          "created_date": null,
          "last_edited_user": null,
          "last_edited_date": null
        }
      }
    },
    {
      "type": "Feature",
      "id": 173,
      "geometry": {
        "type": "Point",
        "coordinates": [
          -80.13318300853845,
          25.780784176739736
        ]
      },
      "properties": {
        "OBJECTID": 173,
        "NUMBER": "P013002",
        "BRAND": "DPT",
        "ZONE": "P13",
        "STATUS": 5,
        "created_user": null,
        "created_date": null,
        "last_edited_user": null,
        "last_edited_date": null,
        "source_id": "miami-beach:arcgis:meters:173",
        "source_name": "City of Miami Beach Parking GIS",
        "name": "Parking Meters 173",
        "facility_type": "parking_zone",
        "city": "Miami Beach",
        "state": "FL",
        "operator": "City of Miami Beach Parking Department",
        "access": "public",
        "fee": "unknown",
        "charge": "unknown",
        "capacity": null,
        "confidence": 0.9,
        "last_verified_source": "City of Miami Beach Parking GIS",
        "source_url": "https://www.miamibeachfl.gov/city-hall/parking/",
        "api_url": "https://gis.miamibeachfl.gov/public/rest/services/mb/Parking/FeatureServer/1/query?where=1%3D1&outFields=*&f=geojson&outSR=4326&resultRecordCount=1000&resultOffset=0",
        "evidence_url": "https://gis.miamibeachfl.gov/public/rest/services/mb/Parking/FeatureServer/1/query?where=1%3D1&outFields=*&f=geojson&outSR=4326&resultRecordCount=1000&resultOffset=0",
        "data_as_of": "2026-06-12",
        "existence_status": "confirmed",
        "price_status": "known_unpriced",
        "rule_status": "partial",
        "enrichment_status": "needs_price",
        "payment_url": "",
        "booking_url": "",
        "raw_properties": {
          "OBJECTID": 173,
          "NUMBER": "P013002",
          "BRAND": "DPT",
          "ZONE": "P13",
          "STATUS": 5,
          "created_user": null,
          "created_date": null,
          "last_edited_user": null,
          "last_edited_date": null
        }
      }
    },
    {
      "type": "Feature",
      "id": 174,
      "geometry": {
        "type": "Point",
        "coordinates": [
          -80.13119112545098,
          25.78052171154665
        ]
      },
      "properties": {
        "OBJECTID": 174,
        "NUMBER": "1001N01",
        "BRAND": "DPT",
        "ZONE": "7A",
        "STATUS": 5,
        "created_user": null,
        "created_date": null,
        "last_edited_user": null,
        "last_edited_date": null,
        "source_id": "miami-beach:arcgis:meters:174",
        "source_name": "City of Miami Beach Parking GIS",
        "name": "Parking Meters 174",
        "facility_type": "parking_zone",
        "city": "Miami Beach",
        "state": "FL",
        "operator": "City of Miami Beach Parking Department",
        "access": "public",
        "fee": "unknown",
        "charge": "unknown",
        "capacity": null,
        "confidence": 0.9,
        "last_verified_source": "City of Miami Beach Parking GIS",
        "source_url": "https://www.miamibeachfl.gov/city-hall/parking/",
        "api_url": "https://gis.miamibeachfl.gov/public/rest/services/mb/Parking/FeatureServer/1/query?where=1%3D1&outFields=*&f=geojson&outSR=4326&resultRecordCount=1000&resultOffset=0",
        "evidence_url": "https://gis.miamibeachfl.gov/public/rest/services/mb/Parking/FeatureServer/1/query?where=1%3D1&outFields=*&f=geojson&outSR=4326&resultRecordCount=1000&resultOffset=0",
        "data_as_of": "2026-06-12",
        "existence_status": "confirmed",
        "price_status": "known_unpriced",
        "rule_status": "partial",
        "enrichment_status": "needs_price",
        "payment_url": "",
        "booking_url": "",
        "raw_properties": {
          "OBJECTID": 174,
          "NUMBER": "1001N01",
          "BRAND": "DPT",
          "ZONE": "7A",
          "STATUS": 5,
          "created_user": null,
          "created_date": null,
          "last_edited_user": null,
          "last_edited_date": null
        }
      }
    },
    {
      "type": "Feature",
      "id": 175,
      "geometry": {
        "type": "Point",
        "coordinates": [
          -80.13099742625484,
          25.78039779379421
        ]
      },
      "properties": {
        "OBJECTID": 175,
        "NUMBER": "1001S02",
        "BRAND": "DPT",
        "ZONE": "7A",
        "STATUS": 5,
        "created_user": null,
        "created_date": null,
        "last_edited_user": null,
        "last_edited_date": null,
        "source_id": "miami-beach:arcgis:meters:175",
        "source_name": "City of Miami Beach Parking GIS",
        "name": "Parking Meters 175",
        "facility_type": "parking_zone",
        "city": "Miami Beach",
        "state": "FL",
        "operator": "City of Miami Beach Parking Department",
        "access": "public",
        "fee": "unknown",
        "charge": "unknown",
        "capacity": null,
        "confidence": 0.9,
        "last_verified_source": "City of Miami Beach Parking GIS",
        "source_url": "https://www.miamibeachfl.gov/city-hall/parking/",
        "api_url": "https://gis.miamibeachfl.gov/public/rest/services/mb/Parking/FeatureServer/1/query?where=1%3D1&outFields=*&f=geojson&outSR=4326&resultRecordCount=1000&resultOffset=0",
        "evidence_url": "https://gis.miamibeachfl.gov/public/rest/services/mb/Parking/FeatureServer/1/query?where=1%3D1&outFields=*&f=geojson&outSR=4326&resultRecordCount=1000&resultOffset=0",
        "data_as_of": "2026-06-12",
        "existence_status": "confirmed",
        "price_status": "known_unpriced",
        "rule_status": "partial",
        "enrichment_status": "needs_price",
        "payment_url": "",
        "booking_url": "",
        "raw_properties": {
          "OBJECTID": 175,
          "NUMBER": "1001S02",
          "BRAND": "DPT",
          "ZONE": "7A",
          "STATUS": 5,
          "created_user": null,
          "created_date": null,
          "last_edited_user": null,
          "last_edited_date": null
        }
      }
    },
    {
      "type": "Feature",
      "id": 176,
      "geometry": {
        "type": "Point",
        "coordinates": [
          -80.13270203356129,
          25.77827257850405
        ]
      },
      "properties": {
        "OBJECTID": 176,
        "NUMBER": "0802N01",
        "BRAND": "DPT",
        "ZONE": "1X",
        "STATUS": 5,
        "created_user": null,
        "created_date": null,
        "last_edited_user": null,
        "last_edited_date": null,
        "source_id": "miami-beach:arcgis:meters:176",
        "source_name": "City of Miami Beach Parking GIS",
        "name": "Parking Meters 176",
        "facility_type": "parking_zone",
        "city": "Miami Beach",
        "state": "FL",
        "operator": "City of Miami Beach Parking Department",
        "access": "public",
        "fee": "unknown",
        "charge": "unknown",
        "capacity": null,
        "confidence": 0.9,
        "last_verified_source": "City of Miami Beach Parking GIS",
        "source_url": "https://www.miamibeachfl.gov/city-hall/parking/",
        "api_url": "https://gis.miamibeachfl.gov/public/rest/services/mb/Parking/FeatureServer/1/query?where=1%3D1&outFields=*&f=geojson&outSR=4326&resultRecordCount=1000&resultOffset=0",
        "evidence_url": "https://gis.miamibeachfl.gov/public/rest/services/mb/Parking/FeatureServer/1/query?where=1%3D1&outFields=*&f=geojson&outSR=4326&resultRecordCount=1000&resultOffset=0",
        "data_as_of": "2026-06-12",
        "existence_status": "confirmed",
        "price_status": "known_unpriced",
        "rule_status": "partial",
        "enrichment_status": "needs_price",
        "payment_url": "",
        "booking_url": "",
        "raw_properties": {
          "OBJECTID": 176,
          "NUMBER": "0802N01",
          "BRAND": "DPT",
          "ZONE": "1X",
          "STATUS": 5,
          "created_user": null,
          "created_date": null,
          "last_edited_user": null,
          "last_edited_date": null
        }
      }
    },
    {
      "type": "Feature",
      "id": 177,
      "geometry": {
        "type": "Point",
        "coordinates": [
          -80.13289439450722,
          25.778204173251982
        ]
      },
      "properties": {
        "OBJECTID": 177,
        "NUMBER": "0802S02",
        "BRAND": "DPT",
        "ZONE": "1X",
        "STATUS": 5,
        "created_user": null,
        "created_date": null,
        "last_edited_user": null,
        "last_edited_date": null,
        "source_id": "miami-beach:arcgis:meters:177",
        "source_name": "City of Miami Beach Parking GIS",
        "name": "Parking Meters 177",
        "facility_type": "parking_zone",
        "city": "Miami Beach",
        "state": "FL",
        "operator": "City of Miami Beach Parking Department",
        "access": "public",
        "fee": "unknown",
        "charge": "unknown",
        "capacity": null,
        "confidence": 0.9,
        "last_verified_source": "City of Miami Beach Parking GIS",
        "source_url": "https://www.miamibeachfl.gov/city-hall/parking/",
        "api_url": "https://gis.miamibeachfl.gov/public/rest/services/mb/Parking/FeatureServer/1/query?where=1%3D1&outFields=*&f=geojson&outSR=4326&resultRecordCount=1000&resultOffset=0",
        "evidence_url": "https://gis.miamibeachfl.gov/public/rest/services/mb/Parking/FeatureServer/1/query?where=1%3D1&outFields=*&f=geojson&outSR=4326&resultRecordCount=1000&resultOffset=0",
        "data_as_of": "2026-06-12",
        "existence_status": "confirmed",
        "price_status": "known_unpriced",
        "rule_status": "partial",
        "enrichment_status": "needs_price",
        "payment_url": "",
        "booking_url": "",
        "raw_properties": {
          "OBJECTID": 177,
          "NUMBER": "0802S02",
          "BRAND": "DPT",
          "ZONE": "1X",
          "STATUS": 5,
          "created_user": null,
          "created_date": null,
          "last_edited_user": null,
          "last_edited_date": null
        }
      }
    },
    {
      "type": "Feature",
      "id": 178,
      "geometry": {
        "type": "Point",
        "coordinates": [
          -80.13345519718209,
          25.775496426251074
        ]
      },
      "properties": {
        "OBJECTID": 178,
        "NUMBER": "0602S02",
        "BRAND": "DPT",
        "ZONE": "7A",
        "STATUS": 5,
        "created_user": null,
        "created_date": null,
        "last_edited_user": null,
        "last_edited_date": null,
        "source_id": "miami-beach:arcgis:meters:178",
        "source_name": "City of Miami Beach Parking GIS",
        "name": "Parking Meters 178",
        "facility_type": "parking_zone",
        "city": "Miami Beach",
        "state": "FL",
        "operator": "City of Miami Beach Parking Department",
        "access": "public",
        "fee": "unknown",
        "charge": "unknown",
        "capacity": null,
        "confidence": 0.9,
        "last_verified_source": "City of Miami Beach Parking GIS",
        "source_url": "https://www.miamibeachfl.gov/city-hall/parking/",
        "api_url": "https://gis.miamibeachfl.gov/public/rest/services/mb/Parking/FeatureServer/1/query?where=1%3D1&outFields=*&f=geojson&outSR=4326&resultRecordCount=1000&resultOffset=0",
        "evidence_url": "https://gis.miamibeachfl.gov/public/rest/services/mb/Parking/FeatureServer/1/query?where=1%3D1&outFields=*&f=geojson&outSR=4326&resultRecordCount=1000&resultOffset=0",
        "data_as_of": "2026-06-12",
        "existence_status": "confirmed",
        "price_status": "known_unpriced",
        "rule_status": "partial",
        "enrichment_status": "needs_price",
        "payment_url": "",
        "booking_url": "",
        "raw_properties": {
          "OBJECTID": 178,
          "NUMBER": "0602S02",
          "BRAND": "DPT",
          "ZONE": "7A",
          "STATUS": 5,
          "created_user": null,
          "created_date": null,
          "last_edited_user": null,
          "last_edited_date": null
        }
      }
    },
    {
      "type": "Feature",
      "id": 179,
      "geometry": {
        "type": "Point",
        "coordinates": [
          -80.13154136477556,
          25.775948740748035
        ]
      },
      "properties": {
        "OBJECTID": 179,
        "NUMBER": "OD06E01",
        "BRAND": "DPT",
        "ZONE": "7A",
        "STATUS": 5,
        "created_user": null,
        "created_date": null,
        "last_edited_user": null,
        "last_edited_date": null,
        "source_id": "miami-beach:arcgis:meters:179",
        "source_name": "City of Miami Beach Parking GIS",
        "name": "Parking Meters 179",
        "facility_type": "parking_zone",
        "city": "Miami Beach",
        "state": "FL",
        "operator": "City of Miami Beach Parking Department",
        "access": "public",
        "fee": "unknown",
        "charge": "unknown",
        "capacity": null,
        "confidence": 0.9,
        "last_verified_source": "City of Miami Beach Parking GIS",
        "source_url": "https://www.miamibeachfl.gov/city-hall/parking/",
        "api_url": "https://gis.miamibeachfl.gov/public/rest/services/mb/Parking/FeatureServer/1/query?where=1%3D1&outFields=*&f=geojson&outSR=4326&resultRecordCount=1000&resultOffset=0",
        "evidence_url": "https://gis.miamibeachfl.gov/public/rest/services/mb/Parking/FeatureServer/1/query?where=1%3D1&outFields=*&f=geojson&outSR=4326&resultRecordCount=1000&resultOffset=0",
        "data_as_of": "2026-06-12",
        "existence_status": "confirmed",
        "price_status": "known_unpriced",
        "rule_status": "partial",
        "enrichment_status": "needs_price",
        "payment_url": "",
        "booking_url": "",
        "raw_properties": {
          "OBJECTID": 179,
          "NUMBER": "OD06E01",
          "BRAND": "DPT",
          "ZONE": "7A",
          "STATUS": 5,
          "created_user": null,
          "created_date": null,
          "last_edited_user": null,
          "last_edited_date": null
        }
      }
    },
    {
      "type": "Feature",
      "id": 180,
      "geometry": {
        "type": "Point",
        "coordinates": [
          -80.13144965399833,
          25.776370868764893
        ]
      },
      "properties": {
        "OBJECTID": 180,
        "NUMBER": "OD06E03",
        "BRAND": "DPT",
        "ZONE": "7A",
        "STATUS": 5,
        "created_user": null,
        "created_date": null,
        "last_edited_user": null,
        "last_edited_date": null,
        "source_id": "miami-beach:arcgis:meters:180",
        "source_name": "City of Miami Beach Parking GIS",
        "name": "Parking Meters 180",
        "facility_type": "parking_zone",
        "city": "Miami Beach",
        "state": "FL",
        "operator": "City of Miami Beach Parking Department",
        "access": "public",
        "fee": "unknown",
        "charge": "unknown",
        "capacity": null,
        "confidence": 0.9,
        "last_verified_source": "City of Miami Beach Parking GIS",
        "source_url": "https://www.miamibeachfl.gov/city-hall/parking/",
        "api_url": "https://gis.miamibeachfl.gov/public/rest/services/mb/Parking/FeatureServer/1/query?where=1%3D1&outFields=*&f=geojson&outSR=4326&resultRecordCount=1000&resultOffset=0",
        "evidence_url": "https://gis.miamibeachfl.gov/public/rest/services/mb/Parking/FeatureServer/1/query?where=1%3D1&outFields=*&f=geojson&outSR=4326&resultRecordCount=1000&resultOffset=0",
        "data_as_of": "2026-06-12",
        "existence_status": "confirmed",
        "price_status": "known_unpriced",
        "rule_status": "partial",
        "enrichment_status": "needs_price",
        "payment_url": "",
        "booking_url": "",
        "raw_properties": {
          "OBJECTID": 180,
          "NUMBER": "OD06E03",
          "BRAND": "DPT",
          "ZONE": "7A",
          "STATUS": 5,
          "created_user": null,
          "created_date": null,
          "last_edited_user": null,
          "last_edited_date": null
        }
      }
    },
    {
      "type": "Feature",
      "id": 181,
      "geometry": {
        "type": "Point",
        "coordinates": [
          -80.13120005546898,
          25.77752699684775
        ]
      },
      "properties": {
        "OBJECTID": 181,
        "NUMBER": "OD07E03",
        "BRAND": "DPT",
        "ZONE": "7A",
        "STATUS": 5,
        "created_user": null,
        "created_date": null,
        "last_edited_user": null,
        "last_edited_date": null,
        "source_id": "miami-beach:arcgis:meters:181",
        "source_name": "City of Miami Beach Parking GIS",
        "name": "Parking Meters 181",
        "facility_type": "parking_zone",
        "city": "Miami Beach",
        "state": "FL",
        "operator": "City of Miami Beach Parking Department",
        "access": "public",
        "fee": "unknown",
        "charge": "unknown",
        "capacity": null,
        "confidence": 0.9,
        "last_verified_source": "City of Miami Beach Parking GIS",
        "source_url": "https://www.miamibeachfl.gov/city-hall/parking/",
        "api_url": "https://gis.miamibeachfl.gov/public/rest/services/mb/Parking/FeatureServer/1/query?where=1%3D1&outFields=*&f=geojson&outSR=4326&resultRecordCount=1000&resultOffset=0",
        "evidence_url": "https://gis.miamibeachfl.gov/public/rest/services/mb/Parking/FeatureServer/1/query?where=1%3D1&outFields=*&f=geojson&outSR=4326&resultRecordCount=1000&resultOffset=0",
        "data_as_of": "2026-06-12",
        "existence_status": "confirmed",
        "price_status": "known_unpriced",
        "rule_status": "partial",
        "enrichment_status": "needs_price",
        "payment_url": "",
        "booking_url": "",
        "raw_properties": {
          "OBJECTID": 181,
          "NUMBER": "OD07E03",
          "BRAND": "DPT",
          "ZONE": "7A",
          "STATUS": 5,
          "created_user": null,
          "created_date": null,
          "last_edited_user": null,
          "last_edited_date": null
        }
      }
    },
    {
      "type": "Feature",
      "id": 182,
      "geometry": {
        "type": "Point",
        "coordinates": [
          -80.13092660639148,
          25.77874868172626
        ]
      },
      "properties": {
        "OBJECTID": 182,
        "NUMBER": "OD08E03",
        "BRAND": "DPT",
        "ZONE": "7A",
        "STATUS": 5,
        "created_user": null,
        "created_date": null,
        "last_edited_user": null,
        "last_edited_date": null,
        "source_id": "miami-beach:arcgis:meters:182",
        "source_name": "City of Miami Beach Parking GIS",
        "name": "Parking Meters 182",
        "facility_type": "parking_zone",
        "city": "Miami Beach",
        "state": "FL",
        "operator": "City of Miami Beach Parking Department",
        "access": "public",
        "fee": "unknown",
        "charge": "unknown",
        "capacity": null,
        "confidence": 0.9,
        "last_verified_source": "City of Miami Beach Parking GIS",
        "source_url": "https://www.miamibeachfl.gov/city-hall/parking/",
        "api_url": "https://gis.miamibeachfl.gov/public/rest/services/mb/Parking/FeatureServer/1/query?where=1%3D1&outFields=*&f=geojson&outSR=4326&resultRecordCount=1000&resultOffset=0",
        "evidence_url": "https://gis.miamibeachfl.gov/public/rest/services/mb/Parking/FeatureServer/1/query?where=1%3D1&outFields=*&f=geojson&outSR=4326&resultRecordCount=1000&resultOffset=0",
        "data_as_of": "2026-06-12",
        "existence_status": "confirmed",
        "price_status": "known_unpriced",
        "rule_status": "partial",
        "enrichment_status": "needs_price",
        "payment_url": "",
        "booking_url": "",
        "raw_properties": {
          "OBJECTID": 182,
          "NUMBER": "OD08E03",
          "BRAND": "DPT",
          "ZONE": "7A",
          "STATUS": 5,
          "created_user": null,
          "created_date": null,
          "last_edited_user": null,
          "last_edited_date": null
        }
      }
    },
    {
      "type": "Feature",
      "id": 183,
      "geometry": {
        "type": "Point",
        "coordinates": [
          -80.13075193995441,
          25.77966196264759
        ]
      },
      "properties": {
        "OBJECTID": 183,
        "NUMBER": "OD09E01",
        "BRAND": "DPT",
        "ZONE": "7A",
        "STATUS": 5,
        "created_user": null,
        "created_date": null,
        "last_edited_user": null,
        "last_edited_date": null,
        "source_id": "miami-beach:arcgis:meters:183",
        "source_name": "City of Miami Beach Parking GIS",
        "name": "Parking Meters 183",
        "facility_type": "parking_zone",
        "city": "Miami Beach",
        "state": "FL",
        "operator": "City of Miami Beach Parking Department",
        "access": "public",
        "fee": "unknown",
        "charge": "unknown",
        "capacity": null,
        "confidence": 0.9,
        "last_verified_source": "City of Miami Beach Parking GIS",
        "source_url": "https://www.miamibeachfl.gov/city-hall/parking/",
        "api_url": "https://gis.miamibeachfl.gov/public/rest/services/mb/Parking/FeatureServer/1/query?where=1%3D1&outFields=*&f=geojson&outSR=4326&resultRecordCount=1000&resultOffset=0",
        "evidence_url": "https://gis.miamibeachfl.gov/public/rest/services/mb/Parking/FeatureServer/1/query?where=1%3D1&outFields=*&f=geojson&outSR=4326&resultRecordCount=1000&resultOffset=0",
        "data_as_of": "2026-06-12",
        "existence_status": "confirmed",
        "price_status": "known_unpriced",
        "rule_status": "partial",
        "enrichment_status": "needs_price",
        "payment_url": "",
        "booking_url": "",
        "raw_properties": {
          "OBJECTID": 183,
          "NUMBER": "OD09E01",
          "BRAND": "DPT",
          "ZONE": "7A",
          "STATUS": 5,
          "created_user": null,
          "created_date": null,
          "last_edited_user": null,
          "last_edited_date": null
        }
      }
    },
    {
      "type": "Feature",
      "id": 184,
      "geometry": {
        "type": "Point",
        "coordinates": [
          -80.13038101375119,
          25.781277263125524
        ]
      },
      "properties": {
        "OBJECTID": 184,
        "NUMBER": "OD10E01",
        "BRAND": "DPT",
        "ZONE": "7A",
        "STATUS": 5,
        "created_user": null,
        "created_date": null,
        "last_edited_user": null,
        "last_edited_date": null,
        "source_id": "miami-beach:arcgis:meters:184",
        "source_name": "City of Miami Beach Parking GIS",
        "name": "Parking Meters 184",
        "facility_type": "parking_zone",
        "city": "Miami Beach",
        "state": "FL",
        "operator": "City of Miami Beach Parking Department",
        "access": "public",
        "fee": "unknown",
        "charge": "unknown",
        "capacity": null,
        "confidence": 0.9,
        "last_verified_source": "City of Miami Beach Parking GIS",
        "source_url": "https://www.miamibeachfl.gov/city-hall/parking/",
        "api_url": "https://gis.miamibeachfl.gov/public/rest/services/mb/Parking/FeatureServer/1/query?where=1%3D1&outFields=*&f=geojson&outSR=4326&resultRecordCount=1000&resultOffset=0",
        "evidence_url": "https://gis.miamibeachfl.gov/public/rest/services/mb/Parking/FeatureServer/1/query?where=1%3D1&outFields=*&f=geojson&outSR=4326&resultRecordCount=1000&resultOffset=0",
        "data_as_of": "2026-06-12",
        "existence_status": "confirmed",
        "price_status": "known_unpriced",
        "rule_status": "partial",
        "enrichment_status": "needs_price",
        "payment_url": "",
        "booking_url": "",
        "raw_properties": {
          "OBJECTID": 184,
          "NUMBER": "OD10E01",
          "BRAND": "DPT",
          "ZONE": "7A",
          "STATUS": 5,
          "created_user": null,
          "created_date": null,
          "last_edited_user": null,
          "last_edited_date": null
        }
      }
    },
    {
      "type": "Feature",
      "id": 185,
      "geometry": {
        "type": "Point",
        "coordinates": [
          -80.13209556966432,
          25.774238152235764
        ]
      },
      "properties": {
        "OBJECTID": 185,
        "NUMBER": "OD04W04",
        "BRAND": "DPT",
        "ZONE": "7X",
        "STATUS": 5,
        "created_user": null,
        "created_date": null,
        "last_edited_user": null,
        "last_edited_date": null,
        "source_id": "miami-beach:arcgis:meters:185",
        "source_name": "City of Miami Beach Parking GIS",
        "name": "Parking Meters 185",
        "facility_type": "parking_zone",
        "city": "Miami Beach",
        "state": "FL",
        "operator": "City of Miami Beach Parking Department",
        "access": "public",
        "fee": "unknown",
        "charge": "unknown",
        "capacity": null,
        "confidence": 0.9,
        "last_verified_source": "City of Miami Beach Parking GIS",
        "source_url": "https://www.miamibeachfl.gov/city-hall/parking/",
        "api_url": "https://gis.miamibeachfl.gov/public/rest/services/mb/Parking/FeatureServer/1/query?where=1%3D1&outFields=*&f=geojson&outSR=4326&resultRecordCount=1000&resultOffset=0",
        "evidence_url": "https://gis.miamibeachfl.gov/public/rest/services/mb/Parking/FeatureServer/1/query?where=1%3D1&outFields=*&f=geojson&outSR=4326&resultRecordCount=1000&resultOffset=0",
        "data_as_of": "2026-06-12",
        "existence_status": "confirmed",
        "price_status": "known_unpriced",
        "rule_status": "partial",
        "enrichment_status": "needs_price",
        "payment_url": "",
        "booking_url": "",
        "raw_properties": {
          "OBJECTID": 185,
          "NUMBER": "OD04W04",
          "BRAND": "DPT",
          "ZONE": "7X",
          "STATUS": 5,
          "created_user": null,
          "created_date": null,
          "last_edited_user": null,
          "last_edited_date": null
        }
      }
    },
    {
      "type": "Feature",
      "id": 186,
      "geometry": {
        "type": "Point",
        "coordinates": [
          -80.13365313760711,
          25.769646009280343
        ]
      },
      "properties": {
        "OBJECTID": 186,
        "NUMBER": "0101S02",
        "BRAND": "DPT",
        "ZONE": "7X",
        "STATUS": 5,
        "created_user": null,
        "created_date": null,
        "last_edited_user": null,
        "last_edited_date": null,
        "source_id": "miami-beach:arcgis:meters:186",
        "source_name": "City of Miami Beach Parking GIS",
        "name": "Parking Meters 186",
        "facility_type": "parking_zone",
        "city": "Miami Beach",
        "state": "FL",
        "operator": "City of Miami Beach Parking Department",
        "access": "public",
        "fee": "unknown",
        "charge": "unknown",
        "capacity": null,
        "confidence": 0.9,
        "last_verified_source": "City of Miami Beach Parking GIS",
        "source_url": "https://www.miamibeachfl.gov/city-hall/parking/",
        "api_url": "https://gis.miamibeachfl.gov/public/rest/services/mb/Parking/FeatureServer/1/query?where=1%3D1&outFields=*&f=geojson&outSR=4326&resultRecordCount=1000&resultOffset=0",
        "evidence_url": "https://gis.miamibeachfl.gov/public/rest/services/mb/Parking/FeatureServer/1/query?where=1%3D1&outFields=*&f=geojson&outSR=4326&resultRecordCount=1000&resultOffset=0",
        "data_as_of": "2026-06-12",
        "existence_status": "confirmed",
        "price_status": "known_unpriced",
        "rule_status": "partial",
        "enrichment_status": "needs_price",
        "payment_url": "",
        "booking_url": "",
        "raw_properties": {
          "OBJECTID": 186,
          "NUMBER": "0101S02",
          "BRAND": "DPT",
          "ZONE": "7X",
          "STATUS": 5,
          "created_user": null,
          "created_date": null,
          "last_edited_user": null,
          "last_edited_date": null
        }
      }
    },
    {
      "type": "Feature",
      "id": 187,
      "geometry": {
        "type": "Point",
        "coordinates": [
          -80.13536633862881,
          25.7696693760623
        ]
      },
      "properties": {
        "OBJECTID": 187,
        "NUMBER": "WA00W02",
        "BRAND": null,
        "ZONE": "7Xdpt",
        "STATUS": 5,
        "created_user": null,
        "created_date": null,
        "last_edited_user": null,
        "last_edited_date": null,
        "source_id": "miami-beach:arcgis:meters:187",
        "source_name": "City of Miami Beach Parking GIS",
        "name": "Parking Meters 187",
        "facility_type": "parking_zone",
        "city": "Miami Beach",
        "state": "FL",
        "operator": "City of Miami Beach Parking Department",
        "access": "public",
        "fee": "unknown",
        "charge": "unknown",
        "capacity": null,
        "confidence": 0.9,
        "last_verified_source": "City of Miami Beach Parking GIS",
        "source_url": "https://www.miamibeachfl.gov/city-hall/parking/",
        "api_url": "https://gis.miamibeachfl.gov/public/rest/services/mb/Parking/FeatureServer/1/query?where=1%3D1&outFields=*&f=geojson&outSR=4326&resultRecordCount=1000&resultOffset=0",
        "evidence_url": "https://gis.miamibeachfl.gov/public/rest/services/mb/Parking/FeatureServer/1/query?where=1%3D1&outFields=*&f=geojson&outSR=4326&resultRecordCount=1000&resultOffset=0",
        "data_as_of": "2026-06-12",
        "existence_status": "confirmed",
        "price_status": "known_unpriced",
        "rule_status": "partial",
        "enrichment_status": "needs_price",
        "payment_url": "",
        "booking_url": "",
        "raw_properties": {
          "OBJECTID": 187,
          "NUMBER": "WA00W02",
          "BRAND": null,
          "ZONE": "7Xdpt",
          "STATUS": 5,
          "created_user": null,
          "created_date": null,
          "last_edited_user": null,
          "last_edited_date": null
        }
      }
    },
    {
      "type": "Feature",
      "id": 188,
      "geometry": {
        "type": "Point",
        "coordinates": [
          -80.13099882637351,
          25.778403913170557
        ]
      },
      "properties": {
        "OBJECTID": 188,
        "NUMBER": "OD08E01",
        "BRAND": "DPT",
        "ZONE": "7A",
        "STATUS": 5,
        "created_user": null,
        "created_date": null,
        "last_edited_user": null,
        "last_edited_date": null,
        "source_id": "miami-beach:arcgis:meters:188",
        "source_name": "City of Miami Beach Parking GIS",
        "name": "Parking Meters 188",
        "facility_type": "parking_zone",
        "city": "Miami Beach",
        "state": "FL",
        "operator": "City of Miami Beach Parking Department",
        "access": "public",
        "fee": "unknown",
        "charge": "unknown",
        "capacity": null,
        "confidence": 0.9,
        "last_verified_source": "City of Miami Beach Parking GIS",
        "source_url": "https://www.miamibeachfl.gov/city-hall/parking/",
        "api_url": "https://gis.miamibeachfl.gov/public/rest/services/mb/Parking/FeatureServer/1/query?where=1%3D1&outFields=*&f=geojson&outSR=4326&resultRecordCount=1000&resultOffset=0",
        "evidence_url": "https://gis.miamibeachfl.gov/public/rest/services/mb/Parking/FeatureServer/1/query?where=1%3D1&outFields=*&f=geojson&outSR=4326&resultRecordCount=1000&resultOffset=0",
        "data_as_of": "2026-06-12",
        "existence_status": "confirmed",
        "price_status": "known_unpriced",
        "rule_status": "partial",
        "enrichment_status": "needs_price",
        "payment_url": "",
        "booking_url": "",
        "raw_properties": {
          "OBJECTID": 188,
          "NUMBER": "OD08E01",
          "BRAND": "DPT",
          "ZONE": "7A",
          "STATUS": 5,
          "created_user": null,
          "created_date": null,
          "last_edited_user": null,
          "last_edited_date": null
        }
      }
    },
    {
      "type": "Feature",
      "id": 189,
      "geometry": {
        "type": "Point",
        "coordinates": [
          -80.13175012560349,
          25.785911286966872
        ]
      },
      "properties": {
        "OBJECTID": 189,
        "NUMBER": "WA14E01",
        "BRAND": "DPT",
        "ZONE": "1X",
        "STATUS": 5,
        "created_user": null,
        "created_date": null,
        "last_edited_user": null,
        "last_edited_date": null,
        "source_id": "miami-beach:arcgis:meters:189",
        "source_name": "City of Miami Beach Parking GIS",
        "name": "Parking Meters 189",
        "facility_type": "parking_zone",
        "city": "Miami Beach",
        "state": "FL",
        "operator": "City of Miami Beach Parking Department",
        "access": "public",
        "fee": "unknown",
        "charge": "unknown",
        "capacity": null,
        "confidence": 0.9,
        "last_verified_source": "City of Miami Beach Parking GIS",
        "source_url": "https://www.miamibeachfl.gov/city-hall/parking/",
        "api_url": "https://gis.miamibeachfl.gov/public/rest/services/mb/Parking/FeatureServer/1/query?where=1%3D1&outFields=*&f=geojson&outSR=4326&resultRecordCount=1000&resultOffset=0",
        "evidence_url": "https://gis.miamibeachfl.gov/public/rest/services/mb/Parking/FeatureServer/1/query?where=1%3D1&outFields=*&f=geojson&outSR=4326&resultRecordCount=1000&resultOffset=0",
        "data_as_of": "2026-06-12",
        "existence_status": "confirmed",
        "price_status": "known_unpriced",
        "rule_status": "partial",
        "enrichment_status": "needs_price",
        "payment_url": "",
        "booking_url": "",
        "raw_properties": {
          "OBJECTID": 189,
          "NUMBER": "WA14E01",
          "BRAND": "DPT",
          "ZONE": "1X",
          "STATUS": 5,
          "created_user": null,
          "created_date": null,
          "last_edited_user": null,
          "last_edited_date": null
        }
      }
    },
    {
      "type": "Feature",
      "id": 190,
      "geometry": {
        "type": "Point",
        "coordinates": [
          -80.13165416018535,
          25.786528452780722
        ]
      },
      "properties": {
        "OBJECTID": 190,
        "NUMBER": "WA14E03",
        "BRAND": "DPT",
        "ZONE": "1X",
        "STATUS": 5,
        "created_user": null,
        "created_date": null,
        "last_edited_user": null,
        "last_edited_date": null,
        "source_id": "miami-beach:arcgis:meters:190",
        "source_name": "City of Miami Beach Parking GIS",
        "name": "Parking Meters 190",
        "facility_type": "parking_zone",
        "city": "Miami Beach",
        "state": "FL",
        "operator": "City of Miami Beach Parking Department",
        "access": "public",
        "fee": "unknown",
        "charge": "unknown",
        "capacity": null,
        "confidence": 0.9,
        "last_verified_source": "City of Miami Beach Parking GIS",
        "source_url": "https://www.miamibeachfl.gov/city-hall/parking/",
        "api_url": "https://gis.miamibeachfl.gov/public/rest/services/mb/Parking/FeatureServer/1/query?where=1%3D1&outFields=*&f=geojson&outSR=4326&resultRecordCount=1000&resultOffset=0",
        "evidence_url": "https://gis.miamibeachfl.gov/public/rest/services/mb/Parking/FeatureServer/1/query?where=1%3D1&outFields=*&f=geojson&outSR=4326&resultRecordCount=1000&resultOffset=0",
        "data_as_of": "2026-06-12",
        "existence_status": "confirmed",
        "price_status": "known_unpriced",
        "rule_status": "partial",
        "enrichment_status": "needs_price",
        "payment_url": "",
        "booking_url": "",
        "raw_properties": {
          "OBJECTID": 190,
          "NUMBER": "WA14E03",
          "BRAND": "DPT",
          "ZONE": "1X",
          "STATUS": 5,
          "created_user": null,
          "created_date": null,
          "last_edited_user": null,
          "last_edited_date": null
        }
      }
    },
    {
      "type": "Feature",
      "id": 191,
      "geometry": {
        "type": "Point",
        "coordinates": [
          -80.1319237168402,
          25.786394177259222
        ]
      },
      "properties": {
        "OBJECTID": 191,
        "NUMBER": "WA14W04",
        "BRAND": "DPT",
        "ZONE": "2X",
        "STATUS": 5,
        "created_user": null,
        "created_date": null,
        "last_edited_user": null,
        "last_edited_date": null,
        "source_id": "miami-beach:arcgis:meters:191",
        "source_name": "City of Miami Beach Parking GIS",
        "name": "Parking Meters 191",
        "facility_type": "parking_zone",
        "city": "Miami Beach",
        "state": "FL",
        "operator": "City of Miami Beach Parking Department",
        "access": "public",
        "fee": "unknown",
        "charge": "unknown",
        "capacity": null,
        "confidence": 0.9,
        "last_verified_source": "City of Miami Beach Parking GIS",
        "source_url": "https://www.miamibeachfl.gov/city-hall/parking/",
        "api_url": "https://gis.miamibeachfl.gov/public/rest/services/mb/Parking/FeatureServer/1/query?where=1%3D1&outFields=*&f=geojson&outSR=4326&resultRecordCount=1000&resultOffset=0",
        "evidence_url": "https://gis.miamibeachfl.gov/public/rest/services/mb/Parking/FeatureServer/1/query?where=1%3D1&outFields=*&f=geojson&outSR=4326&resultRecordCount=1000&resultOffset=0",
        "data_as_of": "2026-06-12",
        "existence_status": "confirmed",
        "price_status": "known_unpriced",
        "rule_status": "partial",
        "enrichment_status": "needs_price",
        "payment_url": "",
        "booking_url": "",
        "raw_properties": {
          "OBJECTID": 191,
          "NUMBER": "WA14W04",
          "BRAND": "DPT",
          "ZONE": "2X",
          "STATUS": 5,
          "created_user": null,
          "created_date": null,
          "last_edited_user": null,
          "last_edited_date": null
        }
      }
    },
    {
      "type": "Feature",
      "id": 192,
      "geometry": {
        "type": "Point",
        "coordinates": [
          -80.13198439431268,
          25.78596135467616
        ]
      },
      "properties": {
        "OBJECTID": 192,
        "NUMBER": "WA14W02",
        "BRAND": "DPT",
        "ZONE": "2X",
        "STATUS": 5,
        "created_user": null,
        "created_date": null,
        "last_edited_user": null,
        "last_edited_date": null,
        "source_id": "miami-beach:arcgis:meters:192",
        "source_name": "City of Miami Beach Parking GIS",
        "name": "Parking Meters 192",
        "facility_type": "parking_zone",
        "city": "Miami Beach",
        "state": "FL",
        "operator": "City of Miami Beach Parking Department",
        "access": "public",
        "fee": "unknown",
        "charge": "unknown",
        "capacity": null,
        "confidence": 0.9,
        "last_verified_source": "City of Miami Beach Parking GIS",
        "source_url": "https://www.miamibeachfl.gov/city-hall/parking/",
        "api_url": "https://gis.miamibeachfl.gov/public/rest/services/mb/Parking/FeatureServer/1/query?where=1%3D1&outFields=*&f=geojson&outSR=4326&resultRecordCount=1000&resultOffset=0",
        "evidence_url": "https://gis.miamibeachfl.gov/public/rest/services/mb/Parking/FeatureServer/1/query?where=1%3D1&outFields=*&f=geojson&outSR=4326&resultRecordCount=1000&resultOffset=0",
        "data_as_of": "2026-06-12",
        "existence_status": "confirmed",
        "price_status": "known_unpriced",
        "rule_status": "partial",
        "enrichment_status": "needs_price",
        "payment_url": "",
        "booking_url": "",
        "raw_properties": {
          "OBJECTID": 192,
          "NUMBER": "WA14W02",
          "BRAND": "DPT",
          "ZONE": "2X",
          "STATUS": 5,
          "created_user": null,
          "created_date": null,
          "last_edited_user": null,
          "last_edited_date": null
        }
      }
    },
    {
      "type": "Feature",
      "id": 193,
      "geometry": {
        "type": "Point",
        "coordinates": [
          -80.13211552976104,
          25.784958370123103
        ]
      },
      "properties": {
        "OBJECTID": 193,
        "NUMBER": "WA13W02",
        "BRAND": "DPT",
        "ZONE": "2X",
        "STATUS": 5,
        "created_user": null,
        "created_date": null,
        "last_edited_user": null,
        "last_edited_date": null,
        "source_id": "miami-beach:arcgis:meters:193",
        "source_name": "City of Miami Beach Parking GIS",
        "name": "Parking Meters 193",
        "facility_type": "parking_zone",
        "city": "Miami Beach",
        "state": "FL",
        "operator": "City of Miami Beach Parking Department",
        "access": "public",
        "fee": "unknown",
        "charge": "unknown",
        "capacity": null,
        "confidence": 0.9,
        "last_verified_source": "City of Miami Beach Parking GIS",
        "source_url": "https://www.miamibeachfl.gov/city-hall/parking/",
        "api_url": "https://gis.miamibeachfl.gov/public/rest/services/mb/Parking/FeatureServer/1/query?where=1%3D1&outFields=*&f=geojson&outSR=4326&resultRecordCount=1000&resultOffset=0",
        "evidence_url": "https://gis.miamibeachfl.gov/public/rest/services/mb/Parking/FeatureServer/1/query?where=1%3D1&outFields=*&f=geojson&outSR=4326&resultRecordCount=1000&resultOffset=0",
        "data_as_of": "2026-06-12",
        "existence_status": "confirmed",
        "price_status": "known_unpriced",
        "rule_status": "partial",
        "enrichment_status": "needs_price",
        "payment_url": "",
        "booking_url": "",
        "raw_properties": {
          "OBJECTID": 193,
          "NUMBER": "WA13W02",
          "BRAND": "DPT",
          "ZONE": "2X",
          "STATUS": 5,
          "created_user": null,
          "created_date": null,
          "last_edited_user": null,
          "last_edited_date": null
        }
      }
    },
    {
      "type": "Feature",
      "id": 194,
      "geometry": {
        "type": "Point",
        "coordinates": [
          -80.13229634930056,
          25.783938486288818
        ]
      },
      "properties": {
        "OBJECTID": 194,
        "NUMBER": "WA12W04",
        "BRAND": "DPT",
        "ZONE": "2X",
        "STATUS": 5,
        "created_user": null,
        "created_date": null,
        "last_edited_user": null,
        "last_edited_date": null,
        "source_id": "miami-beach:arcgis:meters:194",
        "source_name": "City of Miami Beach Parking GIS",
        "name": "Parking Meters 194",
        "facility_type": "parking_zone",
        "city": "Miami Beach",
        "state": "FL",
        "operator": "City of Miami Beach Parking Department",
        "access": "public",
        "fee": "unknown",
        "charge": "unknown",
        "capacity": null,
        "confidence": 0.9,
        "last_verified_source": "City of Miami Beach Parking GIS",
        "source_url": "https://www.miamibeachfl.gov/city-hall/parking/",
        "api_url": "https://gis.miamibeachfl.gov/public/rest/services/mb/Parking/FeatureServer/1/query?where=1%3D1&outFields=*&f=geojson&outSR=4326&resultRecordCount=1000&resultOffset=0",
        "evidence_url": "https://gis.miamibeachfl.gov/public/rest/services/mb/Parking/FeatureServer/1/query?where=1%3D1&outFields=*&f=geojson&outSR=4326&resultRecordCount=1000&resultOffset=0",
        "data_as_of": "2026-06-12",
        "existence_status": "confirmed",
        "price_status": "known_unpriced",
        "rule_status": "partial",
        "enrichment_status": "needs_price",
        "payment_url": "",
        "booking_url": "",
        "raw_properties": {
          "OBJECTID": 194,
          "NUMBER": "WA12W04",
          "BRAND": "DPT",
          "ZONE": "2X",
          "STATUS": 5,
          "created_user": null,
          "created_date": null,
          "last_edited_user": null,
          "last_edited_date": null
        }
      }
    },
    {
      "type": "Feature",
      "id": 195,
      "geometry": {
        "type": "Point",
        "coordinates": [
          -80.13237904517375,
          25.78334418604711
        ]
      },
      "properties": {
        "OBJECTID": 195,
        "NUMBER": "WA12W02",
        "BRAND": "DPT",
        "ZONE": "2X",
        "STATUS": 5,
        "created_user": null,
        "created_date": null,
        "last_edited_user": null,
        "last_edited_date": null,
        "source_id": "miami-beach:arcgis:meters:195",
        "source_name": "City of Miami Beach Parking GIS",
        "name": "Parking Meters 195",
        "facility_type": "parking_zone",
        "city": "Miami Beach",
        "state": "FL",
        "operator": "City of Miami Beach Parking Department",
        "access": "public",
        "fee": "unknown",
        "charge": "unknown",
        "capacity": null,
        "confidence": 0.9,
        "last_verified_source": "City of Miami Beach Parking GIS",
        "source_url": "https://www.miamibeachfl.gov/city-hall/parking/",
        "api_url": "https://gis.miamibeachfl.gov/public/rest/services/mb/Parking/FeatureServer/1/query?where=1%3D1&outFields=*&f=geojson&outSR=4326&resultRecordCount=1000&resultOffset=0",
        "evidence_url": "https://gis.miamibeachfl.gov/public/rest/services/mb/Parking/FeatureServer/1/query?where=1%3D1&outFields=*&f=geojson&outSR=4326&resultRecordCount=1000&resultOffset=0",
        "data_as_of": "2026-06-12",
        "existence_status": "confirmed",
        "price_status": "known_unpriced",
        "rule_status": "partial",
        "enrichment_status": "needs_price",
        "payment_url": "",
        "booking_url": "",
        "raw_properties": {
          "OBJECTID": 195,
          "NUMBER": "WA12W02",
          "BRAND": "DPT",
          "ZONE": "2X",
          "STATUS": 5,
          "created_user": null,
          "created_date": null,
          "last_edited_user": null,
          "last_edited_date": null
        }
      }
    },
    {
      "type": "Feature",
      "id": 196,
      "geometry": {
        "type": "Point",
        "coordinates": [
          -80.13260742352364,
          25.78228161054169
        ]
      },
      "properties": {
        "OBJECTID": 196,
        "NUMBER": "WA11W02",
        "BRAND": "DPT",
        "ZONE": "2X",
        "STATUS": 5,
        "created_user": null,
        "created_date": null,
        "last_edited_user": null,
        "last_edited_date": null,
        "source_id": "miami-beach:arcgis:meters:196",
        "source_name": "City of Miami Beach Parking GIS",
        "name": "Parking Meters 196",
        "facility_type": "parking_zone",
        "city": "Miami Beach",
        "state": "FL",
        "operator": "City of Miami Beach Parking Department",
        "access": "public",
        "fee": "unknown",
        "charge": "unknown",
        "capacity": null,
        "confidence": 0.9,
        "last_verified_source": "City of Miami Beach Parking GIS",
        "source_url": "https://www.miamibeachfl.gov/city-hall/parking/",
        "api_url": "https://gis.miamibeachfl.gov/public/rest/services/mb/Parking/FeatureServer/1/query?where=1%3D1&outFields=*&f=geojson&outSR=4326&resultRecordCount=1000&resultOffset=0",
        "evidence_url": "https://gis.miamibeachfl.gov/public/rest/services/mb/Parking/FeatureServer/1/query?where=1%3D1&outFields=*&f=geojson&outSR=4326&resultRecordCount=1000&resultOffset=0",
        "data_as_of": "2026-06-12",
        "existence_status": "confirmed",
        "price_status": "known_unpriced",
        "rule_status": "partial",
        "enrichment_status": "needs_price",
        "payment_url": "",
        "booking_url": "",
        "raw_properties": {
          "OBJECTID": 196,
          "NUMBER": "WA11W02",
          "BRAND": "DPT",
          "ZONE": "2X",
          "STATUS": 5,
          "created_user": null,
          "created_date": null,
          "last_edited_user": null,
          "last_edited_date": null
        }
      }
    },
    {
      "type": "Feature",
      "id": 197,
      "geometry": {
        "type": "Point",
        "coordinates": [
          -80.13228221957333,
          25.782593616854978
        ]
      },
      "properties": {
        "OBJECTID": 197,
        "NUMBER": "WA11E01",
        "BRAND": "DPT",
        "ZONE": "1X",
        "STATUS": 5,
        "created_user": null,
        "created_date": null,
        "last_edited_user": null,
        "last_edited_date": null,
        "source_id": "miami-beach:arcgis:meters:197",
        "source_name": "City of Miami Beach Parking GIS",
        "name": "Parking Meters 197",
        "facility_type": "parking_zone",
        "city": "Miami Beach",
        "state": "FL",
        "operator": "City of Miami Beach Parking Department",
        "access": "public",
        "fee": "unknown",
        "charge": "unknown",
        "capacity": null,
        "confidence": 0.9,
        "last_verified_source": "City of Miami Beach Parking GIS",
        "source_url": "https://www.miamibeachfl.gov/city-hall/parking/",
        "api_url": "https://gis.miamibeachfl.gov/public/rest/services/mb/Parking/FeatureServer/1/query?where=1%3D1&outFields=*&f=geojson&outSR=4326&resultRecordCount=1000&resultOffset=0",
        "evidence_url": "https://gis.miamibeachfl.gov/public/rest/services/mb/Parking/FeatureServer/1/query?where=1%3D1&outFields=*&f=geojson&outSR=4326&resultRecordCount=1000&resultOffset=0",
        "data_as_of": "2026-06-12",
        "existence_status": "confirmed",
        "price_status": "known_unpriced",
        "rule_status": "partial",
        "enrichment_status": "needs_price",
        "payment_url": "",
        "booking_url": "",
        "raw_properties": {
          "OBJECTID": 197,
          "NUMBER": "WA11E01",
          "BRAND": "DPT",
          "ZONE": "1X",
          "STATUS": 5,
          "created_user": null,
          "created_date": null,
          "last_edited_user": null,
          "last_edited_date": null
        }
      }
    },
    {
      "type": "Feature",
      "id": 198,
      "geometry": {
        "type": "Point",
        "coordinates": [
          -80.13211462867058,
          25.783491396655958
        ]
      },
      "properties": {
        "OBJECTID": 198,
        "NUMBER": "WA12E01",
        "BRAND": "DPT",
        "ZONE": "1X",
        "STATUS": 5,
        "created_user": null,
        "created_date": null,
        "last_edited_user": null,
        "last_edited_date": null,
        "source_id": "miami-beach:arcgis:meters:198",
        "source_name": "City of Miami Beach Parking GIS",
        "name": "Parking Meters 198",
        "facility_type": "parking_zone",
        "city": "Miami Beach",
        "state": "FL",
        "operator": "City of Miami Beach Parking Department",
        "access": "public",
        "fee": "unknown",
        "charge": "unknown",
        "capacity": null,
        "confidence": 0.9,
        "last_verified_source": "City of Miami Beach Parking GIS",
        "source_url": "https://www.miamibeachfl.gov/city-hall/parking/",
        "api_url": "https://gis.miamibeachfl.gov/public/rest/services/mb/Parking/FeatureServer/1/query?where=1%3D1&outFields=*&f=geojson&outSR=4326&resultRecordCount=1000&resultOffset=0",
        "evidence_url": "https://gis.miamibeachfl.gov/public/rest/services/mb/Parking/FeatureServer/1/query?where=1%3D1&outFields=*&f=geojson&outSR=4326&resultRecordCount=1000&resultOffset=0",
        "data_as_of": "2026-06-12",
        "existence_status": "confirmed",
        "price_status": "known_unpriced",
        "rule_status": "partial",
        "enrichment_status": "needs_price",
        "payment_url": "",
        "booking_url": "",
        "raw_properties": {
          "OBJECTID": 198,
          "NUMBER": "WA12E01",
          "BRAND": "DPT",
          "ZONE": "1X",
          "STATUS": 5,
          "created_user": null,
          "created_date": null,
          "last_edited_user": null,
          "last_edited_date": null
        }
      }
    },
    {
      "type": "Feature",
      "id": 199,
      "geometry": {
        "type": "Point",
        "coordinates": [
          -80.13213781704323,
          25.781858445894915
        ]
      },
      "properties": {
        "OBJECTID": 199,
        "NUMBER": "1102S02",
        "BRAND": "DPT",
        "ZONE": "1X",
        "STATUS": 5,
        "created_user": null,
        "created_date": null,
        "last_edited_user": null,
        "last_edited_date": null,
        "source_id": "miami-beach:arcgis:meters:199",
        "source_name": "City of Miami Beach Parking GIS",
        "name": "Parking Meters 199",
        "facility_type": "parking_zone",
        "city": "Miami Beach",
        "state": "FL",
        "operator": "City of Miami Beach Parking Department",
        "access": "public",
        "fee": "unknown",
        "charge": "unknown",
        "capacity": null,
        "confidence": 0.9,
        "last_verified_source": "City of Miami Beach Parking GIS",
        "source_url": "https://www.miamibeachfl.gov/city-hall/parking/",
        "api_url": "https://gis.miamibeachfl.gov/public/rest/services/mb/Parking/FeatureServer/1/query?where=1%3D1&outFields=*&f=geojson&outSR=4326&resultRecordCount=1000&resultOffset=0",
        "evidence_url": "https://gis.miamibeachfl.gov/public/rest/services/mb/Parking/FeatureServer/1/query?where=1%3D1&outFields=*&f=geojson&outSR=4326&resultRecordCount=1000&resultOffset=0",
        "data_as_of": "2026-06-12",
        "existence_status": "confirmed",
        "price_status": "known_unpriced",
        "rule_status": "partial",
        "enrichment_status": "needs_price",
        "payment_url": "",
        "booking_url": "",
        "raw_properties": {
          "OBJECTID": 199,
          "NUMBER": "1102S02",
          "BRAND": "DPT",
          "ZONE": "1X",
          "STATUS": 5,
          "created_user": null,
          "created_date": null,
          "last_edited_user": null,
          "last_edited_date": null
        }
      }
    },
    {
      "type": "Feature",
      "id": 200,
      "geometry": {
        "type": "Point",
        "coordinates": [
          -80.13022598956302,
          25.781991964871256
        ]
      },
      "properties": {
        "OBJECTID": 200,
        "NUMBER": "OD11W01",
        "BRAND": "DPT",
        "ZONE": "7A",
        "STATUS": 5,
        "created_user": null,
        "created_date": null,
        "last_edited_user": null,
        "last_edited_date": null,
        "source_id": "miami-beach:arcgis:meters:200",
        "source_name": "City of Miami Beach Parking GIS",
        "name": "Parking Meters 200",
        "facility_type": "parking_zone",
        "city": "Miami Beach",
        "state": "FL",
        "operator": "City of Miami Beach Parking Department",
        "access": "public",
        "fee": "unknown",
        "charge": "unknown",
        "capacity": null,
        "confidence": 0.9,
        "last_verified_source": "City of Miami Beach Parking GIS",
        "source_url": "https://www.miamibeachfl.gov/city-hall/parking/",
        "api_url": "https://gis.miamibeachfl.gov/public/rest/services/mb/Parking/FeatureServer/1/query?where=1%3D1&outFields=*&f=geojson&outSR=4326&resultRecordCount=1000&resultOffset=0",
        "evidence_url": "https://gis.miamibeachfl.gov/public/rest/services/mb/Parking/FeatureServer/1/query?where=1%3D1&outFields=*&f=geojson&outSR=4326&resultRecordCount=1000&resultOffset=0",
        "data_as_of": "2026-06-12",
        "existence_status": "confirmed",
        "price_status": "known_unpriced",
        "rule_status": "partial",
        "enrichment_status": "needs_price",
        "payment_url": "",
        "booking_url": "",
        "raw_properties": {
          "OBJECTID": 200,
          "NUMBER": "OD11W01",
          "BRAND": "DPT",
          "ZONE": "7A",
          "STATUS": 5,
          "created_user": null,
          "created_date": null,
          "last_edited_user": null,
          "last_edited_date": null
        }
      }
    },
    {
      "type": "Feature",
      "id": 201,
      "geometry": {
        "type": "Point",
        "coordinates": [
          -80.13186359982562,
          25.78192058393241
        ]
      },
      "properties": {
        "OBJECTID": 201,
        "NUMBER": "1102N01",
        "BRAND": "DPT",
        "ZONE": "1X",
        "STATUS": 5,
        "created_user": null,
        "created_date": null,
        "last_edited_user": null,
        "last_edited_date": null,
        "source_id": "miami-beach:arcgis:meters:201",
        "source_name": "City of Miami Beach Parking GIS",
        "name": "Parking Meters 201",
        "facility_type": "parking_zone",
        "city": "Miami Beach",
        "state": "FL",
        "operator": "City of Miami Beach Parking Department",
        "access": "public",
        "fee": "unknown",
        "charge": "unknown",
        "capacity": null,
        "confidence": 0.9,
        "last_verified_source": "City of Miami Beach Parking GIS",
        "source_url": "https://www.miamibeachfl.gov/city-hall/parking/",
        "api_url": "https://gis.miamibeachfl.gov/public/rest/services/mb/Parking/FeatureServer/1/query?where=1%3D1&outFields=*&f=geojson&outSR=4326&resultRecordCount=1000&resultOffset=0",
        "evidence_url": "https://gis.miamibeachfl.gov/public/rest/services/mb/Parking/FeatureServer/1/query?where=1%3D1&outFields=*&f=geojson&outSR=4326&resultRecordCount=1000&resultOffset=0",
        "data_as_of": "2026-06-12",
        "existence_status": "confirmed",
        "price_status": "known_unpriced",
        "rule_status": "partial",
        "enrichment_status": "needs_price",
        "payment_url": "",
        "booking_url": "",
        "raw_properties": {
          "OBJECTID": 201,
          "NUMBER": "1102N01",
          "BRAND": "DPT",
          "ZONE": "1X",
          "STATUS": 5,
          "created_user": null,
          "created_date": null,
          "last_edited_user": null,
          "last_edited_date": null
        }
      }
    },
    {
      "type": "Feature",
      "id": 202,
      "geometry": {
        "type": "Point",
        "coordinates": [
          -80.13170484341246,
          25.780999534713285
        ]
      },
      "properties": {
        "OBJECTID": 202,
        "NUMBER": "CL10W02",
        "BRAND": "DPT",
        "ZONE": "7A",
        "STATUS": 5,
        "created_user": null,
        "created_date": null,
        "last_edited_user": null,
        "last_edited_date": null,
        "source_id": "miami-beach:arcgis:meters:202",
        "source_name": "City of Miami Beach Parking GIS",
        "name": "Parking Meters 202",
        "facility_type": "parking_zone",
        "city": "Miami Beach",
        "state": "FL",
        "operator": "City of Miami Beach Parking Department",
        "access": "public",
        "fee": "unknown",
        "charge": "unknown",
        "capacity": null,
        "confidence": 0.9,
        "last_verified_source": "City of Miami Beach Parking GIS",
        "source_url": "https://www.miamibeachfl.gov/city-hall/parking/",
        "api_url": "https://gis.miamibeachfl.gov/public/rest/services/mb/Parking/FeatureServer/1/query?where=1%3D1&outFields=*&f=geojson&outSR=4326&resultRecordCount=1000&resultOffset=0",
        "evidence_url": "https://gis.miamibeachfl.gov/public/rest/services/mb/Parking/FeatureServer/1/query?where=1%3D1&outFields=*&f=geojson&outSR=4326&resultRecordCount=1000&resultOffset=0",
        "data_as_of": "2026-06-12",
        "existence_status": "confirmed",
        "price_status": "known_unpriced",
        "rule_status": "partial",
        "enrichment_status": "needs_price",
        "payment_url": "",
        "booking_url": "",
        "raw_properties": {
          "OBJECTID": 202,
          "NUMBER": "CL10W02",
          "BRAND": "DPT",
          "ZONE": "7A",
          "STATUS": 5,
          "created_user": null,
          "created_date": null,
          "last_edited_user": null,
          "last_edited_date": null
        }
      }
    },
    {
      "type": "Feature",
      "id": 203,
      "geometry": {
        "type": "Point",
        "coordinates": [
          -80.13191458006833,
          25.780022522802472
        ]
      },
      "properties": {
        "OBJECTID": 203,
        "NUMBER": "CL09W04",
        "BRAND": "DPT",
        "ZONE": "7A",
        "STATUS": 5,
        "created_user": null,
        "created_date": null,
        "last_edited_user": null,
        "last_edited_date": null,
        "source_id": "miami-beach:arcgis:meters:203",
        "source_name": "City of Miami Beach Parking GIS",
        "name": "Parking Meters 203",
        "facility_type": "parking_zone",
        "city": "Miami Beach",
        "state": "FL",
        "operator": "City of Miami Beach Parking Department",
        "access": "public",
        "fee": "unknown",
        "charge": "unknown",
        "capacity": null,
        "confidence": 0.9,
        "last_verified_source": "City of Miami Beach Parking GIS",
        "source_url": "https://www.miamibeachfl.gov/city-hall/parking/",
        "api_url": "https://gis.miamibeachfl.gov/public/rest/services/mb/Parking/FeatureServer/1/query?where=1%3D1&outFields=*&f=geojson&outSR=4326&resultRecordCount=1000&resultOffset=0",
        "evidence_url": "https://gis.miamibeachfl.gov/public/rest/services/mb/Parking/FeatureServer/1/query?where=1%3D1&outFields=*&f=geojson&outSR=4326&resultRecordCount=1000&resultOffset=0",
        "data_as_of": "2026-06-12",
        "existence_status": "confirmed",
        "price_status": "known_unpriced",
        "rule_status": "partial",
        "enrichment_status": "needs_price",
        "payment_url": "",
        "booking_url": "",
        "raw_properties": {
          "OBJECTID": 203,
          "NUMBER": "CL09W04",
          "BRAND": "DPT",
          "ZONE": "7A",
          "STATUS": 5,
          "created_user": null,
          "created_date": null,
          "last_edited_user": null,
          "last_edited_date": null
        }
      }
    },
    {
      "type": "Feature",
      "id": 204,
      "geometry": {
        "type": "Point",
        "coordinates": [
          -80.13195406757497,
          25.779740837347127
        ]
      },
      "properties": {
        "OBJECTID": 204,
        "NUMBER": "CL09W02",
        "BRAND": "DPT",
        "ZONE": "7A",
        "STATUS": 5,
        "created_user": null,
        "created_date": null,
        "last_edited_user": null,
        "last_edited_date": null,
        "source_id": "miami-beach:arcgis:meters:204",
        "source_name": "City of Miami Beach Parking GIS",
        "name": "Parking Meters 204",
        "facility_type": "parking_zone",
        "city": "Miami Beach",
        "state": "FL",
        "operator": "City of Miami Beach Parking Department",
        "access": "public",
        "fee": "unknown",
        "charge": "unknown",
        "capacity": null,
        "confidence": 0.9,
        "last_verified_source": "City of Miami Beach Parking GIS",
        "source_url": "https://www.miamibeachfl.gov/city-hall/parking/",
        "api_url": "https://gis.miamibeachfl.gov/public/rest/services/mb/Parking/FeatureServer/1/query?where=1%3D1&outFields=*&f=geojson&outSR=4326&resultRecordCount=1000&resultOffset=0",
        "evidence_url": "https://gis.miamibeachfl.gov/public/rest/services/mb/Parking/FeatureServer/1/query?where=1%3D1&outFields=*&f=geojson&outSR=4326&resultRecordCount=1000&resultOffset=0",
        "data_as_of": "2026-06-12",
        "existence_status": "confirmed",
        "price_status": "known_unpriced",
        "rule_status": "partial",
        "enrichment_status": "needs_price",
        "payment_url": "",
        "booking_url": "",
        "raw_properties": {
          "OBJECTID": 204,
          "NUMBER": "CL09W02",
          "BRAND": "DPT",
          "ZONE": "7A",
          "STATUS": 5,
          "created_user": null,
          "created_date": null,
          "last_edited_user": null,
          "last_edited_date": null
        }
      }
    },
    {
      "type": "Feature",
      "id": 205,
      "geometry": {
        "type": "Point",
        "coordinates": [
          -80.13210717954755,
          25.77912835850618
        ]
      },
      "properties": {
        "OBJECTID": 205,
        "NUMBER": "CL08W04",
        "BRAND": "DPT",
        "ZONE": "7A",
        "STATUS": 5,
        "created_user": null,
        "created_date": null,
        "last_edited_user": null,
        "last_edited_date": null,
        "source_id": "miami-beach:arcgis:meters:205",
        "source_name": "City of Miami Beach Parking GIS",
        "name": "Parking Meters 205",
        "facility_type": "parking_zone",
        "city": "Miami Beach",
        "state": "FL",
        "operator": "City of Miami Beach Parking Department",
        "access": "public",
        "fee": "unknown",
        "charge": "unknown",
        "capacity": null,
        "confidence": 0.9,
        "last_verified_source": "City of Miami Beach Parking GIS",
        "source_url": "https://www.miamibeachfl.gov/city-hall/parking/",
        "api_url": "https://gis.miamibeachfl.gov/public/rest/services/mb/Parking/FeatureServer/1/query?where=1%3D1&outFields=*&f=geojson&outSR=4326&resultRecordCount=1000&resultOffset=0",
        "evidence_url": "https://gis.miamibeachfl.gov/public/rest/services/mb/Parking/FeatureServer/1/query?where=1%3D1&outFields=*&f=geojson&outSR=4326&resultRecordCount=1000&resultOffset=0",
        "data_as_of": "2026-06-12",
        "existence_status": "confirmed",
        "price_status": "known_unpriced",
        "rule_status": "partial",
        "enrichment_status": "needs_price",
        "payment_url": "",
        "booking_url": "",
        "raw_properties": {
          "OBJECTID": 205,
          "NUMBER": "CL08W04",
          "BRAND": "DPT",
          "ZONE": "7A",
          "STATUS": 5,
          "created_user": null,
          "created_date": null,
          "last_edited_user": null,
          "last_edited_date": null
        }
      }
    },
    {
      "type": "Feature",
      "id": 206,
      "geometry": {
        "type": "Point",
        "coordinates": [
          -80.13219231088846,
          25.77870841950185
        ]
      },
      "properties": {
        "OBJECTID": 206,
        "NUMBER": "CL08W02",
        "BRAND": "DPT",
        "ZONE": "7A",
        "STATUS": 5,
        "created_user": null,
        "created_date": null,
        "last_edited_user": null,
        "last_edited_date": null,
        "source_id": "miami-beach:arcgis:meters:206",
        "source_name": "City of Miami Beach Parking GIS",
        "name": "Parking Meters 206",
        "facility_type": "parking_zone",
        "city": "Miami Beach",
        "state": "FL",
        "operator": "City of Miami Beach Parking Department",
        "access": "public",
        "fee": "unknown",
        "charge": "unknown",
        "capacity": null,
        "confidence": 0.9,
        "last_verified_source": "City of Miami Beach Parking GIS",
        "source_url": "https://www.miamibeachfl.gov/city-hall/parking/",
        "api_url": "https://gis.miamibeachfl.gov/public/rest/services/mb/Parking/FeatureServer/1/query?where=1%3D1&outFields=*&f=geojson&outSR=4326&resultRecordCount=1000&resultOffset=0",
        "evidence_url": "https://gis.miamibeachfl.gov/public/rest/services/mb/Parking/FeatureServer/1/query?where=1%3D1&outFields=*&f=geojson&outSR=4326&resultRecordCount=1000&resultOffset=0",
        "data_as_of": "2026-06-12",
        "existence_status": "confirmed",
        "price_status": "known_unpriced",
        "rule_status": "partial",
        "enrichment_status": "needs_price",
        "payment_url": "",
        "booking_url": "",
        "raw_properties": {
          "OBJECTID": 206,
          "NUMBER": "CL08W02",
          "BRAND": "DPT",
          "ZONE": "7A",
          "STATUS": 5,
          "created_user": null,
          "created_date": null,
          "last_edited_user": null,
          "last_edited_date": null
        }
      }
    },
    {
      "type": "Feature",
      "id": 207,
      "geometry": {
        "type": "Point",
        "coordinates": [
          -80.13238139368136,
          25.777820864153163
        ]
      },
      "properties": {
        "OBJECTID": 207,
        "NUMBER": "CL07W04",
        "BRAND": "DPT",
        "ZONE": "7A",
        "STATUS": 5,
        "created_user": null,
        "created_date": null,
        "last_edited_user": null,
        "last_edited_date": null,
        "source_id": "miami-beach:arcgis:meters:207",
        "source_name": "City of Miami Beach Parking GIS",
        "name": "Parking Meters 207",
        "facility_type": "parking_zone",
        "city": "Miami Beach",
        "state": "FL",
        "operator": "City of Miami Beach Parking Department",
        "access": "public",
        "fee": "unknown",
        "charge": "unknown",
        "capacity": null,
        "confidence": 0.9,
        "last_verified_source": "City of Miami Beach Parking GIS",
        "source_url": "https://www.miamibeachfl.gov/city-hall/parking/",
        "api_url": "https://gis.miamibeachfl.gov/public/rest/services/mb/Parking/FeatureServer/1/query?where=1%3D1&outFields=*&f=geojson&outSR=4326&resultRecordCount=1000&resultOffset=0",
        "evidence_url": "https://gis.miamibeachfl.gov/public/rest/services/mb/Parking/FeatureServer/1/query?where=1%3D1&outFields=*&f=geojson&outSR=4326&resultRecordCount=1000&resultOffset=0",
        "data_as_of": "2026-06-12",
        "existence_status": "confirmed",
        "price_status": "known_unpriced",
        "rule_status": "partial",
        "enrichment_status": "needs_price",
        "payment_url": "",
        "booking_url": "",
        "raw_properties": {
          "OBJECTID": 207,
          "NUMBER": "CL07W04",
          "BRAND": "DPT",
          "ZONE": "7A",
          "STATUS": 5,
          "created_user": null,
          "created_date": null,
          "last_edited_user": null,
          "last_edited_date": null
        }
      }
    },
    {
      "type": "Feature",
      "id": 208,
      "geometry": {
        "type": "Point",
        "coordinates": [
          -80.13249951720276,
          25.77728056155527
        ]
      },
      "properties": {
        "OBJECTID": 208,
        "NUMBER": "CL07W02",
        "BRAND": "DPT",
        "ZONE": "7A",
        "STATUS": 5,
        "created_user": null,
        "created_date": null,
        "last_edited_user": null,
        "last_edited_date": null,
        "source_id": "miami-beach:arcgis:meters:208",
        "source_name": "City of Miami Beach Parking GIS",
        "name": "Parking Meters 208",
        "facility_type": "parking_zone",
        "city": "Miami Beach",
        "state": "FL",
        "operator": "City of Miami Beach Parking Department",
        "access": "public",
        "fee": "unknown",
        "charge": "unknown",
        "capacity": null,
        "confidence": 0.9,
        "last_verified_source": "City of Miami Beach Parking GIS",
        "source_url": "https://www.miamibeachfl.gov/city-hall/parking/",
        "api_url": "https://gis.miamibeachfl.gov/public/rest/services/mb/Parking/FeatureServer/1/query?where=1%3D1&outFields=*&f=geojson&outSR=4326&resultRecordCount=1000&resultOffset=0",
        "evidence_url": "https://gis.miamibeachfl.gov/public/rest/services/mb/Parking/FeatureServer/1/query?where=1%3D1&outFields=*&f=geojson&outSR=4326&resultRecordCount=1000&resultOffset=0",
        "data_as_of": "2026-06-12",
        "existence_status": "confirmed",
        "price_status": "known_unpriced",
        "rule_status": "partial",
        "enrichment_status": "needs_price",
        "payment_url": "",
        "booking_url": "",
        "raw_properties": {
          "OBJECTID": 208,
          "NUMBER": "CL07W02",
          "BRAND": "DPT",
          "ZONE": "7A",
          "STATUS": 5,
          "created_user": null,
          "created_date": null,
          "last_edited_user": null,
          "last_edited_date": null
        }
      }
    },
    {
      "type": "Feature",
      "id": 209,
      "geometry": {
        "type": "Point",
        "coordinates": [
          -80.13863110129525,
          25.78988643269949
        ]
      },
      "properties": {
        "OBJECTID": 209,
        "NUMBER": "P020003",
        "BRAND": "DPT",
        "ZONE": "P20",
        "STATUS": 5,
        "created_user": null,
        "created_date": null,
        "last_edited_user": null,
        "last_edited_date": null,
        "source_id": "miami-beach:arcgis:meters:209",
        "source_name": "City of Miami Beach Parking GIS",
        "name": "Parking Meters 209",
        "facility_type": "parking_zone",
        "city": "Miami Beach",
        "state": "FL",
        "operator": "City of Miami Beach Parking Department",
        "access": "public",
        "fee": "unknown",
        "charge": "unknown",
        "capacity": null,
        "confidence": 0.9,
        "last_verified_source": "City of Miami Beach Parking GIS",
        "source_url": "https://www.miamibeachfl.gov/city-hall/parking/",
        "api_url": "https://gis.miamibeachfl.gov/public/rest/services/mb/Parking/FeatureServer/1/query?where=1%3D1&outFields=*&f=geojson&outSR=4326&resultRecordCount=1000&resultOffset=0",
        "evidence_url": "https://gis.miamibeachfl.gov/public/rest/services/mb/Parking/FeatureServer/1/query?where=1%3D1&outFields=*&f=geojson&outSR=4326&resultRecordCount=1000&resultOffset=0",
        "data_as_of": "2026-06-12",
        "existence_status": "confirmed",
        "price_status": "known_unpriced",
        "rule_status": "partial",
        "enrichment_status": "needs_price",
        "payment_url": "",
        "booking_url": "",
        "raw_properties": {
          "OBJECTID": 209,
          "NUMBER": "P020003",
          "BRAND": "DPT",
          "ZONE": "P20",
          "STATUS": 5,
          "created_user": null,
          "created_date": null,
          "last_edited_user": null,
          "last_edited_date": null
        }
      }
    },
    {
      "type": "Feature",
      "id": 210,
      "geometry": {
        "type": "Point",
        "coordinates": [
          -80.12647266627444,
          25.801083798624262
        ]
      },
      "properties": {
        "OBJECTID": 210,
        "NUMBER": null,
        "BRAND": null,
        "ZONE": null,
        "STATUS": 5,
        "created_user": null,
        "created_date": null,
        "last_edited_user": null,
        "last_edited_date": null,
        "source_id": "miami-beach:arcgis:meters:210",
        "source_name": "City of Miami Beach Parking GIS",
        "name": "Parking Meters 210",
        "facility_type": "parking_zone",
        "city": "Miami Beach",
        "state": "FL",
        "operator": "City of Miami Beach Parking Department",
        "access": "public",
        "fee": "unknown",
        "charge": "unknown",
        "capacity": null,
        "confidence": 0.9,
        "last_verified_source": "City of Miami Beach Parking GIS",
        "source_url": "https://www.miamibeachfl.gov/city-hall/parking/",
        "api_url": "https://gis.miamibeachfl.gov/public/rest/services/mb/Parking/FeatureServer/1/query?where=1%3D1&outFields=*&f=geojson&outSR=4326&resultRecordCount=1000&resultOffset=0",
        "evidence_url": "https://gis.miamibeachfl.gov/public/rest/services/mb/Parking/FeatureServer/1/query?where=1%3D1&outFields=*&f=geojson&outSR=4326&resultRecordCount=1000&resultOffset=0",
        "data_as_of": "2026-06-12",
        "existence_status": "confirmed",
        "price_status": "known_unpriced",
        "rule_status": "partial",
        "enrichment_status": "needs_price",
        "payment_url": "",
        "booking_url": "",
        "raw_properties": {
          "OBJECTID": 210,
          "NUMBER": null,
          "BRAND": null,
          "ZONE": null,
          "STATUS": 5,
          "created_user": null,
          "created_date": null,
          "last_edited_user": null,
          "last_edited_date": null
        }
      }
    },
    {
      "type": "Feature",
      "id": 211,
      "geometry": {
        "type": "Point",
        "coordinates": [
          -80.1267157618416,
          25.800729412836333
        ]
      },
      "properties": {
        "OBJECTID": 211,
        "NUMBER": null,
        "BRAND": null,
        "ZONE": null,
        "STATUS": 5,
        "created_user": null,
        "created_date": null,
        "last_edited_user": null,
        "last_edited_date": null,
        "source_id": "miami-beach:arcgis:meters:211",
        "source_name": "City of Miami Beach Parking GIS",
        "name": "Parking Meters 211",
        "facility_type": "parking_zone",
        "city": "Miami Beach",
        "state": "FL",
        "operator": "City of Miami Beach Parking Department",
        "access": "public",
        "fee": "unknown",
        "charge": "unknown",
        "capacity": null,
        "confidence": 0.9,
        "last_verified_source": "City of Miami Beach Parking GIS",
        "source_url": "https://www.miamibeachfl.gov/city-hall/parking/",
        "api_url": "https://gis.miamibeachfl.gov/public/rest/services/mb/Parking/FeatureServer/1/query?where=1%3D1&outFields=*&f=geojson&outSR=4326&resultRecordCount=1000&resultOffset=0",
        "evidence_url": "https://gis.miamibeachfl.gov/public/rest/services/mb/Parking/FeatureServer/1/query?where=1%3D1&outFields=*&f=geojson&outSR=4326&resultRecordCount=1000&resultOffset=0",
        "data_as_of": "2026-06-12",
        "existence_status": "confirmed",
        "price_status": "known_unpriced",
        "rule_status": "partial",
        "enrichment_status": "needs_price",
        "payment_url": "",
        "booking_url": "",
        "raw_properties": {
          "OBJECTID": 211,
          "NUMBER": null,
          "BRAND": null,
          "ZONE": null,
          "STATUS": 5,
          "created_user": null,
          "created_date": null,
          "last_edited_user": null,
          "last_edited_date": null
        }
      }
    },
    {
      "type": "Feature",
      "id": 212,
      "geometry": {
        "type": "Point",
        "coordinates": [
          -80.12276439938776,
          25.815126005365652
        ]
      },
      "properties": {
        "OBJECTID": 212,
        "NUMBER": null,
        "BRAND": null,
        "ZONE": null,
        "STATUS": 5,
        "created_user": null,
        "created_date": null,
        "last_edited_user": null,
        "last_edited_date": null,
        "source_id": "miami-beach:arcgis:meters:212",
        "source_name": "City of Miami Beach Parking GIS",
        "name": "Parking Meters 212",
        "facility_type": "parking_zone",
        "city": "Miami Beach",
        "state": "FL",
        "operator": "City of Miami Beach Parking Department",
        "access": "public",
        "fee": "unknown",
        "charge": "unknown",
        "capacity": null,
        "confidence": 0.9,
        "last_verified_source": "City of Miami Beach Parking GIS",
        "source_url": "https://www.miamibeachfl.gov/city-hall/parking/",
        "api_url": "https://gis.miamibeachfl.gov/public/rest/services/mb/Parking/FeatureServer/1/query?where=1%3D1&outFields=*&f=geojson&outSR=4326&resultRecordCount=1000&resultOffset=0",
        "evidence_url": "https://gis.miamibeachfl.gov/public/rest/services/mb/Parking/FeatureServer/1/query?where=1%3D1&outFields=*&f=geojson&outSR=4326&resultRecordCount=1000&resultOffset=0",
        "data_as_of": "2026-06-12",
        "existence_status": "confirmed",
        "price_status": "known_unpriced",
        "rule_status": "partial",
        "enrichment_status": "needs_price",
        "payment_url": "",
        "booking_url": "",
        "raw_properties": {
          "OBJECTID": 212,
          "NUMBER": null,
          "BRAND": null,
          "ZONE": null,
          "STATUS": 5,
          "created_user": null,
          "created_date": null,
          "last_edited_user": null,
          "last_edited_date": null
        }
      }
    },
    {
      "type": "Feature",
      "id": 213,
      "geometry": {
        "type": "Point",
        "coordinates": [
          -80.12920644462692,
          25.81455836821211
        ]
      },
      "properties": {
        "OBJECTID": 213,
        "NUMBER": null,
        "BRAND": null,
        "ZONE": null,
        "STATUS": 5,
        "created_user": null,
        "created_date": null,
        "last_edited_user": null,
        "last_edited_date": null,
        "source_id": "miami-beach:arcgis:meters:213",
        "source_name": "City of Miami Beach Parking GIS",
        "name": "Parking Meters 213",
        "facility_type": "parking_zone",
        "city": "Miami Beach",
        "state": "FL",
        "operator": "City of Miami Beach Parking Department",
        "access": "public",
        "fee": "unknown",
        "charge": "unknown",
        "capacity": null,
        "confidence": 0.9,
        "last_verified_source": "City of Miami Beach Parking GIS",
        "source_url": "https://www.miamibeachfl.gov/city-hall/parking/",
        "api_url": "https://gis.miamibeachfl.gov/public/rest/services/mb/Parking/FeatureServer/1/query?where=1%3D1&outFields=*&f=geojson&outSR=4326&resultRecordCount=1000&resultOffset=0",
        "evidence_url": "https://gis.miamibeachfl.gov/public/rest/services/mb/Parking/FeatureServer/1/query?where=1%3D1&outFields=*&f=geojson&outSR=4326&resultRecordCount=1000&resultOffset=0",
        "data_as_of": "2026-06-12",
        "existence_status": "confirmed",
        "price_status": "known_unpriced",
        "rule_status": "partial",
        "enrichment_status": "needs_price",
        "payment_url": "",
        "booking_url": "",
        "raw_properties": {
          "OBJECTID": 213,
          "NUMBER": null,
          "BRAND": null,
          "ZONE": null,
          "STATUS": 5,
          "created_user": null,
          "created_date": null,
          "last_edited_user": null,
          "last_edited_date": null
        }
      }
    },
    {
      "type": "Feature",
      "id": 214,
      "geometry": {
        "type": "Point",
        "coordinates": [
          -80.12903584780315,
          25.814572615489624
        ]
      },
      "properties": {
        "OBJECTID": 214,
        "NUMBER": null,
        "BRAND": null,
        "ZONE": null,
        "STATUS": 5,
        "created_user": null,
        "created_date": null,
        "last_edited_user": null,
        "last_edited_date": null,
        "source_id": "miami-beach:arcgis:meters:214",
        "source_name": "City of Miami Beach Parking GIS",
        "name": "Parking Meters 214",
        "facility_type": "parking_zone",
        "city": "Miami Beach",
        "state": "FL",
        "operator": "City of Miami Beach Parking Department",
        "access": "public",
        "fee": "unknown",
        "charge": "unknown",
        "capacity": null,
        "confidence": 0.9,
        "last_verified_source": "City of Miami Beach Parking GIS",
        "source_url": "https://www.miamibeachfl.gov/city-hall/parking/",
        "api_url": "https://gis.miamibeachfl.gov/public/rest/services/mb/Parking/FeatureServer/1/query?where=1%3D1&outFields=*&f=geojson&outSR=4326&resultRecordCount=1000&resultOffset=0",
        "evidence_url": "https://gis.miamibeachfl.gov/public/rest/services/mb/Parking/FeatureServer/1/query?where=1%3D1&outFields=*&f=geojson&outSR=4326&resultRecordCount=1000&resultOffset=0",
        "data_as_of": "2026-06-12",
        "existence_status": "confirmed",
        "price_status": "known_unpriced",
        "rule_status": "partial",
        "enrichment_status": "needs_price",
        "payment_url": "",
        "booking_url": "",
        "raw_properties": {
          "OBJECTID": 214,
          "NUMBER": null,
          "BRAND": null,
          "ZONE": null,
          "STATUS": 5,
          "created_user": null,
          "created_date": null,
          "last_edited_user": null,
          "last_edited_date": null
        }
      }
    },
    {
      "type": "Feature",
      "id": 215,
      "geometry": {
        "type": "Point",
        "coordinates": [
          -80.12927001368534,
          25.814174483258785
        ]
      },
      "properties": {
        "OBJECTID": 215,
        "NUMBER": null,
        "BRAND": null,
        "ZONE": null,
        "STATUS": 5,
        "created_user": null,
        "created_date": null,
        "last_edited_user": null,
        "last_edited_date": null,
        "source_id": "miami-beach:arcgis:meters:215",
        "source_name": "City of Miami Beach Parking GIS",
        "name": "Parking Meters 215",
        "facility_type": "parking_zone",
        "city": "Miami Beach",
        "state": "FL",
        "operator": "City of Miami Beach Parking Department",
        "access": "public",
        "fee": "unknown",
        "charge": "unknown",
        "capacity": null,
        "confidence": 0.9,
        "last_verified_source": "City of Miami Beach Parking GIS",
        "source_url": "https://www.miamibeachfl.gov/city-hall/parking/",
        "api_url": "https://gis.miamibeachfl.gov/public/rest/services/mb/Parking/FeatureServer/1/query?where=1%3D1&outFields=*&f=geojson&outSR=4326&resultRecordCount=1000&resultOffset=0",
        "evidence_url": "https://gis.miamibeachfl.gov/public/rest/services/mb/Parking/FeatureServer/1/query?where=1%3D1&outFields=*&f=geojson&outSR=4326&resultRecordCount=1000&resultOffset=0",
        "data_as_of": "2026-06-12",
        "existence_status": "confirmed",
        "price_status": "known_unpriced",
        "rule_status": "partial",
        "enrichment_status": "needs_price",
        "payment_url": "",
        "booking_url": "",
        "raw_properties": {
          "OBJECTID": 215,
          "NUMBER": null,
          "BRAND": null,
          "ZONE": null,
          "STATUS": 5,
          "created_user": null,
          "created_date": null,
          "last_edited_user": null,
          "last_edited_date": null
        }
      }
    },
    {
      "type": "Feature",
      "id": 216,
      "geometry": {
        "type": "Point",
        "coordinates": [
          -80.13035988114811,
          25.814747103122585
        ]
      },
      "properties": {
        "OBJECTID": 216,
        "NUMBER": null,
        "BRAND": null,
        "ZONE": null,
        "STATUS": 5,
        "created_user": null,
        "created_date": null,
        "last_edited_user": null,
        "last_edited_date": null,
        "source_id": "miami-beach:arcgis:meters:216",
        "source_name": "City of Miami Beach Parking GIS",
        "name": "Parking Meters 216",
        "facility_type": "parking_zone",
        "city": "Miami Beach",
        "state": "FL",
        "operator": "City of Miami Beach Parking Department",
        "access": "public",
        "fee": "unknown",
        "charge": "unknown",
        "capacity": null,
        "confidence": 0.9,
        "last_verified_source": "City of Miami Beach Parking GIS",
        "source_url": "https://www.miamibeachfl.gov/city-hall/parking/",
        "api_url": "https://gis.miamibeachfl.gov/public/rest/services/mb/Parking/FeatureServer/1/query?where=1%3D1&outFields=*&f=geojson&outSR=4326&resultRecordCount=1000&resultOffset=0",
        "evidence_url": "https://gis.miamibeachfl.gov/public/rest/services/mb/Parking/FeatureServer/1/query?where=1%3D1&outFields=*&f=geojson&outSR=4326&resultRecordCount=1000&resultOffset=0",
        "data_as_of": "2026-06-12",
        "existence_status": "confirmed",
        "price_status": "known_unpriced",
        "rule_status": "partial",
        "enrichment_status": "needs_price",
        "payment_url": "",
        "booking_url": "",
        "raw_properties": {
          "OBJECTID": 216,
          "NUMBER": null,
          "BRAND": null,
          "ZONE": null,
          "STATUS": 5,
          "created_user": null,
          "created_date": null,
          "last_edited_user": null,
          "last_edited_date": null
        }
      }
    },
    {
      "type": "Feature",
      "id": 217,
      "geometry": {
        "type": "Point",
        "coordinates": [
          -80.13037641476785,
          25.814256215571064
        ]
      },
      "properties": {
        "OBJECTID": 217,
        "NUMBER": null,
        "BRAND": null,
        "ZONE": null,
        "STATUS": 5,
        "created_user": null,
        "created_date": null,
        "last_edited_user": null,
        "last_edited_date": null,
        "source_id": "miami-beach:arcgis:meters:217",
        "source_name": "City of Miami Beach Parking GIS",
        "name": "Parking Meters 217",
        "facility_type": "parking_zone",
        "city": "Miami Beach",
        "state": "FL",
        "operator": "City of Miami Beach Parking Department",
        "access": "public",
        "fee": "unknown",
        "charge": "unknown",
        "capacity": null,
        "confidence": 0.9,
        "last_verified_source": "City of Miami Beach Parking GIS",
        "source_url": "https://www.miamibeachfl.gov/city-hall/parking/",
        "api_url": "https://gis.miamibeachfl.gov/public/rest/services/mb/Parking/FeatureServer/1/query?where=1%3D1&outFields=*&f=geojson&outSR=4326&resultRecordCount=1000&resultOffset=0",
        "evidence_url": "https://gis.miamibeachfl.gov/public/rest/services/mb/Parking/FeatureServer/1/query?where=1%3D1&outFields=*&f=geojson&outSR=4326&resultRecordCount=1000&resultOffset=0",
        "data_as_of": "2026-06-12",
        "existence_status": "confirmed",
        "price_status": "known_unpriced",
        "rule_status": "partial",
        "enrichment_status": "needs_price",
        "payment_url": "",
        "booking_url": "",
        "raw_properties": {
          "OBJECTID": 217,
          "NUMBER": null,
          "BRAND": null,
          "ZONE": null,
          "STATUS": 5,
          "created_user": null,
          "created_date": null,
          "last_edited_user": null,
          "last_edited_date": null
        }
      }
    },
    {
      "type": "Feature",
      "id": 218,
      "geometry": {
        "type": "Point",
        "coordinates": [
          -80.12583905741668,
          25.802361107540555
        ]
      },
      "properties": {
        "OBJECTID": 218,
        "NUMBER": null,
        "BRAND": null,
        "ZONE": null,
        "STATUS": 5,
        "created_user": null,
        "created_date": null,
        "last_edited_user": null,
        "last_edited_date": null,
        "source_id": "miami-beach:arcgis:meters:218",
        "source_name": "City of Miami Beach Parking GIS",
        "name": "Parking Meters 218",
        "facility_type": "parking_zone",
        "city": "Miami Beach",
        "state": "FL",
        "operator": "City of Miami Beach Parking Department",
        "access": "public",
        "fee": "unknown",
        "charge": "unknown",
        "capacity": null,
        "confidence": 0.9,
        "last_verified_source": "City of Miami Beach Parking GIS",
        "source_url": "https://www.miamibeachfl.gov/city-hall/parking/",
        "api_url": "https://gis.miamibeachfl.gov/public/rest/services/mb/Parking/FeatureServer/1/query?where=1%3D1&outFields=*&f=geojson&outSR=4326&resultRecordCount=1000&resultOffset=0",
        "evidence_url": "https://gis.miamibeachfl.gov/public/rest/services/mb/Parking/FeatureServer/1/query?where=1%3D1&outFields=*&f=geojson&outSR=4326&resultRecordCount=1000&resultOffset=0",
        "data_as_of": "2026-06-12",
        "existence_status": "confirmed",
        "price_status": "known_unpriced",
        "rule_status": "partial",
        "enrichment_status": "needs_price",
        "payment_url": "",
        "booking_url": "",
        "raw_properties": {
          "OBJECTID": 218,
          "NUMBER": null,
          "BRAND": null,
          "ZONE": null,
          "STATUS": 5,
          "created_user": null,
          "created_date": null,
          "last_edited_user": null,
          "last_edited_date": null
        }
      }
    },
    {
      "type": "Feature",
      "id": 219,
      "geometry": {
        "type": "Point",
        "coordinates": [
          -80.1258500708862,
          25.802256021227958
        ]
      },
      "properties": {
        "OBJECTID": 219,
        "NUMBER": null,
        "BRAND": null,
        "ZONE": null,
        "STATUS": 5,
        "created_user": null,
        "created_date": null,
        "last_edited_user": null,
        "last_edited_date": null,
        "source_id": "miami-beach:arcgis:meters:219",
        "source_name": "City of Miami Beach Parking GIS",
        "name": "Parking Meters 219",
        "facility_type": "parking_zone",
        "city": "Miami Beach",
        "state": "FL",
        "operator": "City of Miami Beach Parking Department",
        "access": "public",
        "fee": "unknown",
        "charge": "unknown",
        "capacity": null,
        "confidence": 0.9,
        "last_verified_source": "City of Miami Beach Parking GIS",
        "source_url": "https://www.miamibeachfl.gov/city-hall/parking/",
        "api_url": "https://gis.miamibeachfl.gov/public/rest/services/mb/Parking/FeatureServer/1/query?where=1%3D1&outFields=*&f=geojson&outSR=4326&resultRecordCount=1000&resultOffset=0",
        "evidence_url": "https://gis.miamibeachfl.gov/public/rest/services/mb/Parking/FeatureServer/1/query?where=1%3D1&outFields=*&f=geojson&outSR=4326&resultRecordCount=1000&resultOffset=0",
        "data_as_of": "2026-06-12",
        "existence_status": "confirmed",
        "price_status": "known_unpriced",
        "rule_status": "partial",
        "enrichment_status": "needs_price",
        "payment_url": "",
        "booking_url": "",
        "raw_properties": {
          "OBJECTID": 219,
          "NUMBER": null,
          "BRAND": null,
          "ZONE": null,
          "STATUS": 5,
          "created_user": null,
          "created_date": null,
          "last_edited_user": null,
          "last_edited_date": null
        }
      }
    },
    {
      "type": "Feature",
      "id": 220,
      "geometry": {
        "type": "Point",
        "coordinates": [
          -80.12498211617579,
          25.806810599451754
        ]
      },
      "properties": {
        "OBJECTID": 220,
        "NUMBER": null,
        "BRAND": null,
        "ZONE": null,
        "STATUS": 3,
        "created_user": null,
        "created_date": null,
        "last_edited_user": null,
        "last_edited_date": null,
        "source_id": "miami-beach:arcgis:meters:220",
        "source_name": "City of Miami Beach Parking GIS",
        "name": "Parking Meters 220",
        "facility_type": "parking_zone",
        "city": "Miami Beach",
        "state": "FL",
        "operator": "City of Miami Beach Parking Department",
        "access": "public",
        "fee": "unknown",
        "charge": "unknown",
        "capacity": null,
        "confidence": 0.9,
        "last_verified_source": "City of Miami Beach Parking GIS",
        "source_url": "https://www.miamibeachfl.gov/city-hall/parking/",
        "api_url": "https://gis.miamibeachfl.gov/public/rest/services/mb/Parking/FeatureServer/1/query?where=1%3D1&outFields=*&f=geojson&outSR=4326&resultRecordCount=1000&resultOffset=0",
        "evidence_url": "https://gis.miamibeachfl.gov/public/rest/services/mb/Parking/FeatureServer/1/query?where=1%3D1&outFields=*&f=geojson&outSR=4326&resultRecordCount=1000&resultOffset=0",
        "data_as_of": "2026-06-12",
        "existence_status": "confirmed",
        "price_status": "known_unpriced",
        "rule_status": "partial",
        "enrichment_status": "needs_price",
        "payment_url": "",
        "booking_url": "",
        "raw_properties": {
          "OBJECTID": 220,
          "NUMBER": null,
          "BRAND": null,
          "ZONE": null,
          "STATUS": 3,
          "created_user": null,
          "created_date": null,
          "last_edited_user": null,
          "last_edited_date": null
        }
      }
    },
    {
      "type": "Feature",
      "id": 221,
      "geometry": {
        "type": "Point",
        "coordinates": [
          -80.12478932996858,
          25.80662381277792
        ]
      },
      "properties": {
        "OBJECTID": 221,
        "NUMBER": null,
        "BRAND": null,
        "ZONE": null,
        "STATUS": 4,
        "created_user": null,
        "created_date": null,
        "last_edited_user": null,
        "last_edited_date": null,
        "source_id": "miami-beach:arcgis:meters:221",
        "source_name": "City of Miami Beach Parking GIS",
        "name": "Parking Meters 221",
        "facility_type": "parking_zone",
        "city": "Miami Beach",
        "state": "FL",
        "operator": "City of Miami Beach Parking Department",
        "access": "public",
        "fee": "unknown",
        "charge": "unknown",
        "capacity": null,
        "confidence": 0.9,
        "last_verified_source": "City of Miami Beach Parking GIS",
        "source_url": "https://www.miamibeachfl.gov/city-hall/parking/",
        "api_url": "https://gis.miamibeachfl.gov/public/rest/services/mb/Parking/FeatureServer/1/query?where=1%3D1&outFields=*&f=geojson&outSR=4326&resultRecordCount=1000&resultOffset=0",
        "evidence_url": "https://gis.miamibeachfl.gov/public/rest/services/mb/Parking/FeatureServer/1/query?where=1%3D1&outFields=*&f=geojson&outSR=4326&resultRecordCount=1000&resultOffset=0",
        "data_as_of": "2026-06-12",
        "existence_status": "confirmed",
        "price_status": "known_unpriced",
        "rule_status": "partial",
        "enrichment_status": "needs_price",
        "payment_url": "",
        "booking_url": "",
        "raw_properties": {
          "OBJECTID": 221,
          "NUMBER": null,
          "BRAND": null,
          "ZONE": null,
          "STATUS": 4,
          "created_user": null,
          "created_date": null,
          "last_edited_user": null,
          "last_edited_date": null
        }
      }
    },
    {
      "type": "Feature",
      "id": 222,
      "geometry": {
        "type": "Point",
        "coordinates": [
          -80.12545212936517,
          25.806111420652947
        ]
      },
      "properties": {
        "OBJECTID": 222,
        "NUMBER": null,
        "BRAND": null,
        "ZONE": null,
        "STATUS": 5,
        "created_user": null,
        "created_date": null,
        "last_edited_user": null,
        "last_edited_date": null,
        "source_id": "miami-beach:arcgis:meters:222",
        "source_name": "City of Miami Beach Parking GIS",
        "name": "Parking Meters 222",
        "facility_type": "parking_zone",
        "city": "Miami Beach",
        "state": "FL",
        "operator": "City of Miami Beach Parking Department",
        "access": "public",
        "fee": "unknown",
        "charge": "unknown",
        "capacity": null,
        "confidence": 0.9,
        "last_verified_source": "City of Miami Beach Parking GIS",
        "source_url": "https://www.miamibeachfl.gov/city-hall/parking/",
        "api_url": "https://gis.miamibeachfl.gov/public/rest/services/mb/Parking/FeatureServer/1/query?where=1%3D1&outFields=*&f=geojson&outSR=4326&resultRecordCount=1000&resultOffset=0",
        "evidence_url": "https://gis.miamibeachfl.gov/public/rest/services/mb/Parking/FeatureServer/1/query?where=1%3D1&outFields=*&f=geojson&outSR=4326&resultRecordCount=1000&resultOffset=0",
        "data_as_of": "2026-06-12",
        "existence_status": "confirmed",
        "price_status": "known_unpriced",
        "rule_status": "partial",
        "enrichment_status": "needs_price",
        "payment_url": "",
        "booking_url": "",
        "raw_properties": {
          "OBJECTID": 222,
          "NUMBER": null,
          "BRAND": null,
          "ZONE": null,
          "STATUS": 5,
          "created_user": null,
          "created_date": null,
          "last_edited_user": null,
          "last_edited_date": null
        }
      }
    },
    {
      "type": "Feature",
      "id": 223,
      "geometry": {
        "type": "Point",
        "coordinates": [
          -80.12509228193923,
          25.806108897990978
        ]
      },
      "properties": {
        "OBJECTID": 223,
        "NUMBER": null,
        "BRAND": null,
        "ZONE": null,
        "STATUS": 4,
        "created_user": null,
        "created_date": null,
        "last_edited_user": null,
        "last_edited_date": null,
        "source_id": "miami-beach:arcgis:meters:223",
        "source_name": "City of Miami Beach Parking GIS",
        "name": "Parking Meters 223",
        "facility_type": "parking_zone",
        "city": "Miami Beach",
        "state": "FL",
        "operator": "City of Miami Beach Parking Department",
        "access": "public",
        "fee": "unknown",
        "charge": "unknown",
        "capacity": null,
        "confidence": 0.9,
        "last_verified_source": "City of Miami Beach Parking GIS",
        "source_url": "https://www.miamibeachfl.gov/city-hall/parking/",
        "api_url": "https://gis.miamibeachfl.gov/public/rest/services/mb/Parking/FeatureServer/1/query?where=1%3D1&outFields=*&f=geojson&outSR=4326&resultRecordCount=1000&resultOffset=0",
        "evidence_url": "https://gis.miamibeachfl.gov/public/rest/services/mb/Parking/FeatureServer/1/query?where=1%3D1&outFields=*&f=geojson&outSR=4326&resultRecordCount=1000&resultOffset=0",
        "data_as_of": "2026-06-12",
        "existence_status": "confirmed",
        "price_status": "known_unpriced",
        "rule_status": "partial",
        "enrichment_status": "needs_price",
        "payment_url": "",
        "booking_url": "",
        "raw_properties": {
          "OBJECTID": 223,
          "NUMBER": null,
          "BRAND": null,
          "ZONE": null,
          "STATUS": 4,
          "created_user": null,
          "created_date": null,
          "last_edited_user": null,
          "last_edited_date": null
        }
      }
    },
    {
      "type": "Feature",
      "id": 224,
      "geometry": {
        "type": "Point",
        "coordinates": [
          -80.1256401719248,
          25.805147305861357
        ]
      },
      "properties": {
        "OBJECTID": 224,
        "NUMBER": null,
        "BRAND": null,
        "ZONE": null,
        "STATUS": 5,
        "created_user": null,
        "created_date": null,
        "last_edited_user": null,
        "last_edited_date": null,
        "source_id": "miami-beach:arcgis:meters:224",
        "source_name": "City of Miami Beach Parking GIS",
        "name": "Parking Meters 224",
        "facility_type": "parking_zone",
        "city": "Miami Beach",
        "state": "FL",
        "operator": "City of Miami Beach Parking Department",
        "access": "public",
        "fee": "unknown",
        "charge": "unknown",
        "capacity": null,
        "confidence": 0.9,
        "last_verified_source": "City of Miami Beach Parking GIS",
        "source_url": "https://www.miamibeachfl.gov/city-hall/parking/",
        "api_url": "https://gis.miamibeachfl.gov/public/rest/services/mb/Parking/FeatureServer/1/query?where=1%3D1&outFields=*&f=geojson&outSR=4326&resultRecordCount=1000&resultOffset=0",
        "evidence_url": "https://gis.miamibeachfl.gov/public/rest/services/mb/Parking/FeatureServer/1/query?where=1%3D1&outFields=*&f=geojson&outSR=4326&resultRecordCount=1000&resultOffset=0",
        "data_as_of": "2026-06-12",
        "existence_status": "confirmed",
        "price_status": "known_unpriced",
        "rule_status": "partial",
        "enrichment_status": "needs_price",
        "payment_url": "",
        "booking_url": "",
        "raw_properties": {
          "OBJECTID": 224,
          "NUMBER": null,
          "BRAND": null,
          "ZONE": null,
          "STATUS": 5,
          "created_user": null,
          "created_date": null,
          "last_edited_user": null,
          "last_edited_date": null
        }
      }
    },
    {
      "type": "Feature",
      "id": 225,
      "geometry": {
        "type": "Point",
        "coordinates": [
          -80.12576147447011,
          25.805308735357787
        ]
      },
      "properties": {
        "OBJECTID": 225,
        "NUMBER": null,
        "BRAND": null,
        "ZONE": null,
        "STATUS": 4,
        "created_user": null,
        "created_date": null,
        "last_edited_user": null,
        "last_edited_date": null,
        "source_id": "miami-beach:arcgis:meters:225",
        "source_name": "City of Miami Beach Parking GIS",
        "name": "Parking Meters 225",
        "facility_type": "parking_zone",
        "city": "Miami Beach",
        "state": "FL",
        "operator": "City of Miami Beach Parking Department",
        "access": "public",
        "fee": "unknown",
        "charge": "unknown",
        "capacity": null,
        "confidence": 0.9,
        "last_verified_source": "City of Miami Beach Parking GIS",
        "source_url": "https://www.miamibeachfl.gov/city-hall/parking/",
        "api_url": "https://gis.miamibeachfl.gov/public/rest/services/mb/Parking/FeatureServer/1/query?where=1%3D1&outFields=*&f=geojson&outSR=4326&resultRecordCount=1000&resultOffset=0",
        "evidence_url": "https://gis.miamibeachfl.gov/public/rest/services/mb/Parking/FeatureServer/1/query?where=1%3D1&outFields=*&f=geojson&outSR=4326&resultRecordCount=1000&resultOffset=0",
        "data_as_of": "2026-06-12",
        "existence_status": "confirmed",
        "price_status": "known_unpriced",
        "rule_status": "partial",
        "enrichment_status": "needs_price",
        "payment_url": "",
        "booking_url": "",
        "raw_properties": {
          "OBJECTID": 225,
          "NUMBER": null,
          "BRAND": null,
          "ZONE": null,
          "STATUS": 4,
          "created_user": null,
          "created_date": null,
          "last_edited_user": null,
          "last_edited_date": null
        }
      }
    },
    {
      "type": "Feature",
      "id": 226,
      "geometry": {
        "type": "Point",
        "coordinates": [
          -80.12578471355708,
          25.804482016684084
        ]
      },
      "properties": {
        "OBJECTID": 226,
        "NUMBER": null,
        "BRAND": null,
        "ZONE": null,
        "STATUS": 3,
        "created_user": null,
        "created_date": null,
        "last_edited_user": null,
        "last_edited_date": null,
        "source_id": "miami-beach:arcgis:meters:226",
        "source_name": "City of Miami Beach Parking GIS",
        "name": "Parking Meters 226",
        "facility_type": "parking_zone",
        "city": "Miami Beach",
        "state": "FL",
        "operator": "City of Miami Beach Parking Department",
        "access": "public",
        "fee": "unknown",
        "charge": "unknown",
        "capacity": null,
        "confidence": 0.9,
        "last_verified_source": "City of Miami Beach Parking GIS",
        "source_url": "https://www.miamibeachfl.gov/city-hall/parking/",
        "api_url": "https://gis.miamibeachfl.gov/public/rest/services/mb/Parking/FeatureServer/1/query?where=1%3D1&outFields=*&f=geojson&outSR=4326&resultRecordCount=1000&resultOffset=0",
        "evidence_url": "https://gis.miamibeachfl.gov/public/rest/services/mb/Parking/FeatureServer/1/query?where=1%3D1&outFields=*&f=geojson&outSR=4326&resultRecordCount=1000&resultOffset=0",
        "data_as_of": "2026-06-12",
        "existence_status": "confirmed",
        "price_status": "known_unpriced",
        "rule_status": "partial",
        "enrichment_status": "needs_price",
        "payment_url": "",
        "booking_url": "",
        "raw_properties": {
          "OBJECTID": 226,
          "NUMBER": null,
          "BRAND": null,
          "ZONE": null,
          "STATUS": 3,
          "created_user": null,
          "created_date": null,
          "last_edited_user": null,
          "last_edited_date": null
        }
      }
    },
    {
      "type": "Feature",
      "id": 227,
      "geometry": {
        "type": "Point",
        "coordinates": [
          -80.12627391726434,
          25.8038662577559
        ]
      },
      "properties": {
        "OBJECTID": 227,
        "NUMBER": null,
        "BRAND": null,
        "ZONE": null,
        "STATUS": 4,
        "created_user": null,
        "created_date": null,
        "last_edited_user": null,
        "last_edited_date": null,
        "source_id": "miami-beach:arcgis:meters:227",
        "source_name": "City of Miami Beach Parking GIS",
        "name": "Parking Meters 227",
        "facility_type": "parking_zone",
        "city": "Miami Beach",
        "state": "FL",
        "operator": "City of Miami Beach Parking Department",
        "access": "public",
        "fee": "unknown",
        "charge": "unknown",
        "capacity": null,
        "confidence": 0.9,
        "last_verified_source": "City of Miami Beach Parking GIS",
        "source_url": "https://www.miamibeachfl.gov/city-hall/parking/",
        "api_url": "https://gis.miamibeachfl.gov/public/rest/services/mb/Parking/FeatureServer/1/query?where=1%3D1&outFields=*&f=geojson&outSR=4326&resultRecordCount=1000&resultOffset=0",
        "evidence_url": "https://gis.miamibeachfl.gov/public/rest/services/mb/Parking/FeatureServer/1/query?where=1%3D1&outFields=*&f=geojson&outSR=4326&resultRecordCount=1000&resultOffset=0",
        "data_as_of": "2026-06-12",
        "existence_status": "confirmed",
        "price_status": "known_unpriced",
        "rule_status": "partial",
        "enrichment_status": "needs_price",
        "payment_url": "",
        "booking_url": "",
        "raw_properties": {
          "OBJECTID": 227,
          "NUMBER": null,
          "BRAND": null,
          "ZONE": null,
          "STATUS": 4,
          "created_user": null,
          "created_date": null,
          "last_edited_user": null,
          "last_edited_date": null
        }
      }
    },
    {
      "type": "Feature",
      "id": 228,
      "geometry": {
        "type": "Point",
        "coordinates": [
          -80.12617282437726,
          25.803999415669722
        ]
      },
      "properties": {
        "OBJECTID": 228,
        "NUMBER": null,
        "BRAND": null,
        "ZONE": null,
        "STATUS": 4,
        "created_user": null,
        "created_date": null,
        "last_edited_user": null,
        "last_edited_date": null,
        "source_id": "miami-beach:arcgis:meters:228",
        "source_name": "City of Miami Beach Parking GIS",
        "name": "Parking Meters 228",
        "facility_type": "parking_zone",
        "city": "Miami Beach",
        "state": "FL",
        "operator": "City of Miami Beach Parking Department",
        "access": "public",
        "fee": "unknown",
        "charge": "unknown",
        "capacity": null,
        "confidence": 0.9,
        "last_verified_source": "City of Miami Beach Parking GIS",
        "source_url": "https://www.miamibeachfl.gov/city-hall/parking/",
        "api_url": "https://gis.miamibeachfl.gov/public/rest/services/mb/Parking/FeatureServer/1/query?where=1%3D1&outFields=*&f=geojson&outSR=4326&resultRecordCount=1000&resultOffset=0",
        "evidence_url": "https://gis.miamibeachfl.gov/public/rest/services/mb/Parking/FeatureServer/1/query?where=1%3D1&outFields=*&f=geojson&outSR=4326&resultRecordCount=1000&resultOffset=0",
        "data_as_of": "2026-06-12",
        "existence_status": "confirmed",
        "price_status": "known_unpriced",
        "rule_status": "partial",
        "enrichment_status": "needs_price",
        "payment_url": "",
        "booking_url": "",
        "raw_properties": {
          "OBJECTID": 228,
          "NUMBER": null,
          "BRAND": null,
          "ZONE": null,
          "STATUS": 4,
          "created_user": null,
          "created_date": null,
          "last_edited_user": null,
          "last_edited_date": null
        }
      }
    },
    {
      "type": "Feature",
      "id": 229,
      "geometry": {
        "type": "Point",
        "coordinates": [
          -80.12529709666093,
          25.80354382660425
        ]
      },
      "properties": {
        "OBJECTID": 229,
        "NUMBER": null,
        "BRAND": null,
        "ZONE": null,
        "STATUS": 5,
        "created_user": null,
        "created_date": null,
        "last_edited_user": null,
        "last_edited_date": null,
        "source_id": "miami-beach:arcgis:meters:229",
        "source_name": "City of Miami Beach Parking GIS",
        "name": "Parking Meters 229",
        "facility_type": "parking_zone",
        "city": "Miami Beach",
        "state": "FL",
        "operator": "City of Miami Beach Parking Department",
        "access": "public",
        "fee": "unknown",
        "charge": "unknown",
        "capacity": null,
        "confidence": 0.9,
        "last_verified_source": "City of Miami Beach Parking GIS",
        "source_url": "https://www.miamibeachfl.gov/city-hall/parking/",
        "api_url": "https://gis.miamibeachfl.gov/public/rest/services/mb/Parking/FeatureServer/1/query?where=1%3D1&outFields=*&f=geojson&outSR=4326&resultRecordCount=1000&resultOffset=0",
        "evidence_url": "https://gis.miamibeachfl.gov/public/rest/services/mb/Parking/FeatureServer/1/query?where=1%3D1&outFields=*&f=geojson&outSR=4326&resultRecordCount=1000&resultOffset=0",
        "data_as_of": "2026-06-12",
        "existence_status": "confirmed",
        "price_status": "known_unpriced",
        "rule_status": "partial",
        "enrichment_status": "needs_price",
        "payment_url": "",
        "booking_url": "",
        "raw_properties": {
          "OBJECTID": 229,
          "NUMBER": null,
          "BRAND": null,
          "ZONE": null,
          "STATUS": 5,
          "created_user": null,
          "created_date": null,
          "last_edited_user": null,
          "last_edited_date": null
        }
      }
    },
    {
      "type": "Feature",
      "id": 230,
      "geometry": {
        "type": "Point",
        "coordinates": [
          -80.12533578419831,
          25.803701595495344
        ]
      },
      "properties": {
        "OBJECTID": 230,
        "NUMBER": null,
        "BRAND": null,
        "ZONE": null,
        "STATUS": 4,
        "created_user": null,
        "created_date": null,
        "last_edited_user": null,
        "last_edited_date": null,
        "source_id": "miami-beach:arcgis:meters:230",
        "source_name": "City of Miami Beach Parking GIS",
        "name": "Parking Meters 230",
        "facility_type": "parking_zone",
        "city": "Miami Beach",
        "state": "FL",
        "operator": "City of Miami Beach Parking Department",
        "access": "public",
        "fee": "unknown",
        "charge": "unknown",
        "capacity": null,
        "confidence": 0.9,
        "last_verified_source": "City of Miami Beach Parking GIS",
        "source_url": "https://www.miamibeachfl.gov/city-hall/parking/",
        "api_url": "https://gis.miamibeachfl.gov/public/rest/services/mb/Parking/FeatureServer/1/query?where=1%3D1&outFields=*&f=geojson&outSR=4326&resultRecordCount=1000&resultOffset=0",
        "evidence_url": "https://gis.miamibeachfl.gov/public/rest/services/mb/Parking/FeatureServer/1/query?where=1%3D1&outFields=*&f=geojson&outSR=4326&resultRecordCount=1000&resultOffset=0",
        "data_as_of": "2026-06-12",
        "existence_status": "confirmed",
        "price_status": "known_unpriced",
        "rule_status": "partial",
        "enrichment_status": "needs_price",
        "payment_url": "",
        "booking_url": "",
        "raw_properties": {
          "OBJECTID": 230,
          "NUMBER": null,
          "BRAND": null,
          "ZONE": null,
          "STATUS": 4,
          "created_user": null,
          "created_date": null,
          "last_edited_user": null,
          "last_edited_date": null
        }
      }
    },
    {
      "type": "Feature",
      "id": 231,
      "geometry": {
        "type": "Point",
        "coordinates": [
          -80.12424408589776,
          25.80791402536494
        ]
      },
      "properties": {
        "OBJECTID": 231,
        "NUMBER": null,
        "BRAND": null,
        "ZONE": null,
        "STATUS": 5,
        "created_user": null,
        "created_date": null,
        "last_edited_user": null,
        "last_edited_date": null,
        "source_id": "miami-beach:arcgis:meters:231",
        "source_name": "City of Miami Beach Parking GIS",
        "name": "Parking Meters 231",
        "facility_type": "parking_zone",
        "city": "Miami Beach",
        "state": "FL",
        "operator": "City of Miami Beach Parking Department",
        "access": "public",
        "fee": "unknown",
        "charge": "unknown",
        "capacity": null,
        "confidence": 0.9,
        "last_verified_source": "City of Miami Beach Parking GIS",
        "source_url": "https://www.miamibeachfl.gov/city-hall/parking/",
        "api_url": "https://gis.miamibeachfl.gov/public/rest/services/mb/Parking/FeatureServer/1/query?where=1%3D1&outFields=*&f=geojson&outSR=4326&resultRecordCount=1000&resultOffset=0",
        "evidence_url": "https://gis.miamibeachfl.gov/public/rest/services/mb/Parking/FeatureServer/1/query?where=1%3D1&outFields=*&f=geojson&outSR=4326&resultRecordCount=1000&resultOffset=0",
        "data_as_of": "2026-06-12",
        "existence_status": "confirmed",
        "price_status": "known_unpriced",
        "rule_status": "partial",
        "enrichment_status": "needs_price",
        "payment_url": "",
        "booking_url": "",
        "raw_properties": {
          "OBJECTID": 231,
          "NUMBER": null,
          "BRAND": null,
          "ZONE": null,
          "STATUS": 5,
          "created_user": null,
          "created_date": null,
          "last_edited_user": null,
          "last_edited_date": null
        }
      }
    },
    {
      "type": "Feature",
      "id": 232,
      "geometry": {
        "type": "Point",
        "coordinates": [
          -80.12421472081535,
          25.80800964666995
        ]
      },
      "properties": {
        "OBJECTID": 232,
        "NUMBER": null,
        "BRAND": null,
        "ZONE": null,
        "STATUS": 5,
        "created_user": null,
        "created_date": null,
        "last_edited_user": null,
        "last_edited_date": null,
        "source_id": "miami-beach:arcgis:meters:232",
        "source_name": "City of Miami Beach Parking GIS",
        "name": "Parking Meters 232",
        "facility_type": "parking_zone",
        "city": "Miami Beach",
        "state": "FL",
        "operator": "City of Miami Beach Parking Department",
        "access": "public",
        "fee": "unknown",
        "charge": "unknown",
        "capacity": null,
        "confidence": 0.9,
        "last_verified_source": "City of Miami Beach Parking GIS",
        "source_url": "https://www.miamibeachfl.gov/city-hall/parking/",
        "api_url": "https://gis.miamibeachfl.gov/public/rest/services/mb/Parking/FeatureServer/1/query?where=1%3D1&outFields=*&f=geojson&outSR=4326&resultRecordCount=1000&resultOffset=0",
        "evidence_url": "https://gis.miamibeachfl.gov/public/rest/services/mb/Parking/FeatureServer/1/query?where=1%3D1&outFields=*&f=geojson&outSR=4326&resultRecordCount=1000&resultOffset=0",
        "data_as_of": "2026-06-12",
        "existence_status": "confirmed",
        "price_status": "known_unpriced",
        "rule_status": "partial",
        "enrichment_status": "needs_price",
        "payment_url": "",
        "booking_url": "",
        "raw_properties": {
          "OBJECTID": 232,
          "NUMBER": null,
          "BRAND": null,
          "ZONE": null,
          "STATUS": 5,
          "created_user": null,
          "created_date": null,
          "last_edited_user": null,
          "last_edited_date": null
        }
      }
    },
    {
      "type": "Feature",
      "id": 233,
      "geometry": {
        "type": "Point",
        "coordinates": [
          -80.12454456894407,
          25.807276776874627
        ]
      },
      "properties": {
        "OBJECTID": 233,
        "NUMBER": null,
        "BRAND": null,
        "ZONE": null,
        "STATUS": 5,
        "created_user": null,
        "created_date": null,
        "last_edited_user": null,
        "last_edited_date": null,
        "source_id": "miami-beach:arcgis:meters:233",
        "source_name": "City of Miami Beach Parking GIS",
        "name": "Parking Meters 233",
        "facility_type": "parking_zone",
        "city": "Miami Beach",
        "state": "FL",
        "operator": "City of Miami Beach Parking Department",
        "access": "public",
        "fee": "unknown",
        "charge": "unknown",
        "capacity": null,
        "confidence": 0.9,
        "last_verified_source": "City of Miami Beach Parking GIS",
        "source_url": "https://www.miamibeachfl.gov/city-hall/parking/",
        "api_url": "https://gis.miamibeachfl.gov/public/rest/services/mb/Parking/FeatureServer/1/query?where=1%3D1&outFields=*&f=geojson&outSR=4326&resultRecordCount=1000&resultOffset=0",
        "evidence_url": "https://gis.miamibeachfl.gov/public/rest/services/mb/Parking/FeatureServer/1/query?where=1%3D1&outFields=*&f=geojson&outSR=4326&resultRecordCount=1000&resultOffset=0",
        "data_as_of": "2026-06-12",
        "existence_status": "confirmed",
        "price_status": "known_unpriced",
        "rule_status": "partial",
        "enrichment_status": "needs_price",
        "payment_url": "",
        "booking_url": "",
        "raw_properties": {
          "OBJECTID": 233,
          "NUMBER": null,
          "BRAND": null,
          "ZONE": null,
          "STATUS": 5,
          "created_user": null,
          "created_date": null,
          "last_edited_user": null,
          "last_edited_date": null
        }
      }
    },
    {
      "type": "Feature",
      "id": 234,
      "geometry": {
        "type": "Point",
        "coordinates": [
          -80.1280911466808,
          25.813943740925012
        ]
      },
      "properties": {
        "OBJECTID": 234,
        "NUMBER": null,
        "BRAND": null,
        "ZONE": null,
        "STATUS": 5,
        "created_user": null,
        "created_date": null,
        "last_edited_user": null,
        "last_edited_date": null,
        "source_id": "miami-beach:arcgis:meters:234",
        "source_name": "City of Miami Beach Parking GIS",
        "name": "Parking Meters 234",
        "facility_type": "parking_zone",
        "city": "Miami Beach",
        "state": "FL",
        "operator": "City of Miami Beach Parking Department",
        "access": "public",
        "fee": "unknown",
        "charge": "unknown",
        "capacity": null,
        "confidence": 0.9,
        "last_verified_source": "City of Miami Beach Parking GIS",
        "source_url": "https://www.miamibeachfl.gov/city-hall/parking/",
        "api_url": "https://gis.miamibeachfl.gov/public/rest/services/mb/Parking/FeatureServer/1/query?where=1%3D1&outFields=*&f=geojson&outSR=4326&resultRecordCount=1000&resultOffset=0",
        "evidence_url": "https://gis.miamibeachfl.gov/public/rest/services/mb/Parking/FeatureServer/1/query?where=1%3D1&outFields=*&f=geojson&outSR=4326&resultRecordCount=1000&resultOffset=0",
        "data_as_of": "2026-06-12",
        "existence_status": "confirmed",
        "price_status": "known_unpriced",
        "rule_status": "partial",
        "enrichment_status": "needs_price",
        "payment_url": "",
        "booking_url": "",
        "raw_properties": {
          "OBJECTID": 234,
          "NUMBER": null,
          "BRAND": null,
          "ZONE": null,
          "STATUS": 5,
          "created_user": null,
          "created_date": null,
          "last_edited_user": null,
          "last_edited_date": null
        }
      }
    },
    {
      "type": "Feature",
      "id": 235,
      "geometry": {
        "type": "Point",
        "coordinates": [
          -80.12889646687853,
          25.813942929237825
        ]
      },
      "properties": {
        "OBJECTID": 235,
        "NUMBER": null,
        "BRAND": null,
        "ZONE": null,
        "STATUS": 5,
        "created_user": null,
        "created_date": null,
        "last_edited_user": null,
        "last_edited_date": null,
        "source_id": "miami-beach:arcgis:meters:235",
        "source_name": "City of Miami Beach Parking GIS",
        "name": "Parking Meters 235",
        "facility_type": "parking_zone",
        "city": "Miami Beach",
        "state": "FL",
        "operator": "City of Miami Beach Parking Department",
        "access": "public",
        "fee": "unknown",
        "charge": "unknown",
        "capacity": null,
        "confidence": 0.9,
        "last_verified_source": "City of Miami Beach Parking GIS",
        "source_url": "https://www.miamibeachfl.gov/city-hall/parking/",
        "api_url": "https://gis.miamibeachfl.gov/public/rest/services/mb/Parking/FeatureServer/1/query?where=1%3D1&outFields=*&f=geojson&outSR=4326&resultRecordCount=1000&resultOffset=0",
        "evidence_url": "https://gis.miamibeachfl.gov/public/rest/services/mb/Parking/FeatureServer/1/query?where=1%3D1&outFields=*&f=geojson&outSR=4326&resultRecordCount=1000&resultOffset=0",
        "data_as_of": "2026-06-12",
        "existence_status": "confirmed",
        "price_status": "known_unpriced",
        "rule_status": "partial",
        "enrichment_status": "needs_price",
        "payment_url": "",
        "booking_url": "",
        "raw_properties": {
          "OBJECTID": 235,
          "NUMBER": null,
          "BRAND": null,
          "ZONE": null,
          "STATUS": 5,
          "created_user": null,
          "created_date": null,
          "last_edited_user": null,
          "last_edited_date": null
        }
      }
    },
    {
      "type": "Feature",
      "id": 236,
      "geometry": {
        "type": "Point",
        "coordinates": [
          -80.129709919807,
          25.813952286346492
        ]
      },
      "properties": {
        "OBJECTID": 236,
        "NUMBER": null,
        "BRAND": null,
        "ZONE": null,
        "STATUS": 4,
        "created_user": null,
        "created_date": null,
        "last_edited_user": null,
        "last_edited_date": null,
        "source_id": "miami-beach:arcgis:meters:236",
        "source_name": "City of Miami Beach Parking GIS",
        "name": "Parking Meters 236",
        "facility_type": "parking_zone",
        "city": "Miami Beach",
        "state": "FL",
        "operator": "City of Miami Beach Parking Department",
        "access": "public",
        "fee": "unknown",
        "charge": "unknown",
        "capacity": null,
        "confidence": 0.9,
        "last_verified_source": "City of Miami Beach Parking GIS",
        "source_url": "https://www.miamibeachfl.gov/city-hall/parking/",
        "api_url": "https://gis.miamibeachfl.gov/public/rest/services/mb/Parking/FeatureServer/1/query?where=1%3D1&outFields=*&f=geojson&outSR=4326&resultRecordCount=1000&resultOffset=0",
        "evidence_url": "https://gis.miamibeachfl.gov/public/rest/services/mb/Parking/FeatureServer/1/query?where=1%3D1&outFields=*&f=geojson&outSR=4326&resultRecordCount=1000&resultOffset=0",
        "data_as_of": "2026-06-12",
        "existence_status": "confirmed",
        "price_status": "known_unpriced",
        "rule_status": "partial",
        "enrichment_status": "needs_price",
        "payment_url": "",
        "booking_url": "",
        "raw_properties": {
          "OBJECTID": 236,
          "NUMBER": null,
          "BRAND": null,
          "ZONE": null,
          "STATUS": 4,
          "created_user": null,
          "created_date": null,
          "last_edited_user": null,
          "last_edited_date": null
        }
      }
    },
    {
      "type": "Feature",
      "id": 237,
      "geometry": {
        "type": "Point",
        "coordinates": [
          -80.12889565714407,
          25.81374612814741
        ]
      },
      "properties": {
        "OBJECTID": 237,
        "NUMBER": null,
        "BRAND": null,
        "ZONE": null,
        "STATUS": 5,
        "created_user": null,
        "created_date": null,
        "last_edited_user": null,
        "last_edited_date": null,
        "source_id": "miami-beach:arcgis:meters:237",
        "source_name": "City of Miami Beach Parking GIS",
        "name": "Parking Meters 237",
        "facility_type": "parking_zone",
        "city": "Miami Beach",
        "state": "FL",
        "operator": "City of Miami Beach Parking Department",
        "access": "public",
        "fee": "unknown",
        "charge": "unknown",
        "capacity": null,
        "confidence": 0.9,
        "last_verified_source": "City of Miami Beach Parking GIS",
        "source_url": "https://www.miamibeachfl.gov/city-hall/parking/",
        "api_url": "https://gis.miamibeachfl.gov/public/rest/services/mb/Parking/FeatureServer/1/query?where=1%3D1&outFields=*&f=geojson&outSR=4326&resultRecordCount=1000&resultOffset=0",
        "evidence_url": "https://gis.miamibeachfl.gov/public/rest/services/mb/Parking/FeatureServer/1/query?where=1%3D1&outFields=*&f=geojson&outSR=4326&resultRecordCount=1000&resultOffset=0",
        "data_as_of": "2026-06-12",
        "existence_status": "confirmed",
        "price_status": "known_unpriced",
        "rule_status": "partial",
        "enrichment_status": "needs_price",
        "payment_url": "",
        "booking_url": "",
        "raw_properties": {
          "OBJECTID": 237,
          "NUMBER": null,
          "BRAND": null,
          "ZONE": null,
          "STATUS": 5,
          "created_user": null,
          "created_date": null,
          "last_edited_user": null,
          "last_edited_date": null
        }
      }
    },
    {
      "type": "Feature",
      "id": 238,
      "geometry": {
        "type": "Point",
        "coordinates": [
          -80.13266629625706,
          25.776538606639125
        ]
      },
      "properties": {
        "OBJECTID": 238,
        "NUMBER": "CL06W02",
        "BRAND": "DPT",
        "ZONE": "7A",
        "STATUS": 5,
        "created_user": null,
        "created_date": null,
        "last_edited_user": null,
        "last_edited_date": null,
        "source_id": "miami-beach:arcgis:meters:238",
        "source_name": "City of Miami Beach Parking GIS",
        "name": "Parking Meters 238",
        "facility_type": "parking_zone",
        "city": "Miami Beach",
        "state": "FL",
        "operator": "City of Miami Beach Parking Department",
        "access": "public",
        "fee": "unknown",
        "charge": "unknown",
        "capacity": null,
        "confidence": 0.9,
        "last_verified_source": "City of Miami Beach Parking GIS",
        "source_url": "https://www.miamibeachfl.gov/city-hall/parking/",
        "api_url": "https://gis.miamibeachfl.gov/public/rest/services/mb/Parking/FeatureServer/1/query?where=1%3D1&outFields=*&f=geojson&outSR=4326&resultRecordCount=1000&resultOffset=0",
        "evidence_url": "https://gis.miamibeachfl.gov/public/rest/services/mb/Parking/FeatureServer/1/query?where=1%3D1&outFields=*&f=geojson&outSR=4326&resultRecordCount=1000&resultOffset=0",
        "data_as_of": "2026-06-12",
        "existence_status": "confirmed",
        "price_status": "known_unpriced",
        "rule_status": "partial",
        "enrichment_status": "needs_price",
        "payment_url": "",
        "booking_url": "",
        "raw_properties": {
          "OBJECTID": 238,
          "NUMBER": "CL06W02",
          "BRAND": "DPT",
          "ZONE": "7A",
          "STATUS": 5,
          "created_user": null,
          "created_date": null,
          "last_edited_user": null,
          "last_edited_date": null
        }
      }
    },
    {
      "type": "Feature",
      "id": 239,
      "geometry": {
        "type": "Point",
        "coordinates": [
          -80.13264862194967,
          25.775868487866347
        ]
      },
      "properties": {
        "OBJECTID": 239,
        "NUMBER": "CL06E01",
        "BRAND": "DPT",
        "ZONE": "7A",
        "STATUS": 5,
        "created_user": null,
        "created_date": null,
        "last_edited_user": null,
        "last_edited_date": null,
        "source_id": "miami-beach:arcgis:meters:239",
        "source_name": "City of Miami Beach Parking GIS",
        "name": "Parking Meters 239",
        "facility_type": "parking_zone",
        "city": "Miami Beach",
        "state": "FL",
        "operator": "City of Miami Beach Parking Department",
        "access": "public",
        "fee": "unknown",
        "charge": "unknown",
        "capacity": null,
        "confidence": 0.9,
        "last_verified_source": "City of Miami Beach Parking GIS",
        "source_url": "https://www.miamibeachfl.gov/city-hall/parking/",
        "api_url": "https://gis.miamibeachfl.gov/public/rest/services/mb/Parking/FeatureServer/1/query?where=1%3D1&outFields=*&f=geojson&outSR=4326&resultRecordCount=1000&resultOffset=0",
        "evidence_url": "https://gis.miamibeachfl.gov/public/rest/services/mb/Parking/FeatureServer/1/query?where=1%3D1&outFields=*&f=geojson&outSR=4326&resultRecordCount=1000&resultOffset=0",
        "data_as_of": "2026-06-12",
        "existence_status": "confirmed",
        "price_status": "known_unpriced",
        "rule_status": "partial",
        "enrichment_status": "needs_price",
        "payment_url": "",
        "booking_url": "",
        "raw_properties": {
          "OBJECTID": 239,
          "NUMBER": "CL06E01",
          "BRAND": "DPT",
          "ZONE": "7A",
          "STATUS": 5,
          "created_user": null,
          "created_date": null,
          "last_edited_user": null,
          "last_edited_date": null
        }
      }
    },
    {
      "type": "Feature",
      "id": 240,
      "geometry": {
        "type": "Point",
        "coordinates": [
          -80.13250769804633,
          25.7765275365727
        ]
      },
      "properties": {
        "OBJECTID": 240,
        "NUMBER": "CL06E03",
        "BRAND": "DPT",
        "ZONE": "7A",
        "STATUS": 5,
        "created_user": null,
        "created_date": null,
        "last_edited_user": null,
        "last_edited_date": null,
        "source_id": "miami-beach:arcgis:meters:240",
        "source_name": "City of Miami Beach Parking GIS",
        "name": "Parking Meters 240",
        "facility_type": "parking_zone",
        "city": "Miami Beach",
        "state": "FL",
        "operator": "City of Miami Beach Parking Department",
        "access": "public",
        "fee": "unknown",
        "charge": "unknown",
        "capacity": null,
        "confidence": 0.9,
        "last_verified_source": "City of Miami Beach Parking GIS",
        "source_url": "https://www.miamibeachfl.gov/city-hall/parking/",
        "api_url": "https://gis.miamibeachfl.gov/public/rest/services/mb/Parking/FeatureServer/1/query?where=1%3D1&outFields=*&f=geojson&outSR=4326&resultRecordCount=1000&resultOffset=0",
        "evidence_url": "https://gis.miamibeachfl.gov/public/rest/services/mb/Parking/FeatureServer/1/query?where=1%3D1&outFields=*&f=geojson&outSR=4326&resultRecordCount=1000&resultOffset=0",
        "data_as_of": "2026-06-12",
        "existence_status": "confirmed",
        "price_status": "known_unpriced",
        "rule_status": "partial",
        "enrichment_status": "needs_price",
        "payment_url": "",
        "booking_url": "",
        "raw_properties": {
          "OBJECTID": 240,
          "NUMBER": "CL06E03",
          "BRAND": "DPT",
          "ZONE": "7A",
          "STATUS": 5,
          "created_user": null,
          "created_date": null,
          "last_edited_user": null,
          "last_edited_date": null
        }
      }
    },
    {
      "type": "Feature",
      "id": 241,
      "geometry": {
        "type": "Point",
        "coordinates": [
          -80.13225997168988,
          25.777749295250477
        ]
      },
      "properties": {
        "OBJECTID": 241,
        "NUMBER": "CL07E01",
        "BRAND": "DPT",
        "ZONE": "7A",
        "STATUS": 5,
        "created_user": null,
        "created_date": null,
        "last_edited_user": null,
        "last_edited_date": null,
        "source_id": "miami-beach:arcgis:meters:241",
        "source_name": "City of Miami Beach Parking GIS",
        "name": "Parking Meters 241",
        "facility_type": "parking_zone",
        "city": "Miami Beach",
        "state": "FL",
        "operator": "City of Miami Beach Parking Department",
        "access": "public",
        "fee": "unknown",
        "charge": "unknown",
        "capacity": null,
        "confidence": 0.9,
        "last_verified_source": "City of Miami Beach Parking GIS",
        "source_url": "https://www.miamibeachfl.gov/city-hall/parking/",
        "api_url": "https://gis.miamibeachfl.gov/public/rest/services/mb/Parking/FeatureServer/1/query?where=1%3D1&outFields=*&f=geojson&outSR=4326&resultRecordCount=1000&resultOffset=0",
        "evidence_url": "https://gis.miamibeachfl.gov/public/rest/services/mb/Parking/FeatureServer/1/query?where=1%3D1&outFields=*&f=geojson&outSR=4326&resultRecordCount=1000&resultOffset=0",
        "data_as_of": "2026-06-12",
        "existence_status": "confirmed",
        "price_status": "known_unpriced",
        "rule_status": "partial",
        "enrichment_status": "needs_price",
        "payment_url": "",
        "booking_url": "",
        "raw_properties": {
          "OBJECTID": 241,
          "NUMBER": "CL07E01",
          "BRAND": "DPT",
          "ZONE": "7A",
          "STATUS": 5,
          "created_user": null,
          "created_date": null,
          "last_edited_user": null,
          "last_edited_date": null
        }
      }
    },
    {
      "type": "Feature",
      "id": 242,
      "geometry": {
        "type": "Point",
        "coordinates": [
          -80.13198254281903,
          25.778976433544067
        ]
      },
      "properties": {
        "OBJECTID": 242,
        "NUMBER": "CL08E01",
        "BRAND": "DPT",
        "ZONE": "7A",
        "STATUS": 5,
        "created_user": null,
        "created_date": null,
        "last_edited_user": null,
        "last_edited_date": null,
        "source_id": "miami-beach:arcgis:meters:242",
        "source_name": "City of Miami Beach Parking GIS",
        "name": "Parking Meters 242",
        "facility_type": "parking_zone",
        "city": "Miami Beach",
        "state": "FL",
        "operator": "City of Miami Beach Parking Department",
        "access": "public",
        "fee": "unknown",
        "charge": "unknown",
        "capacity": null,
        "confidence": 0.9,
        "last_verified_source": "City of Miami Beach Parking GIS",
        "source_url": "https://www.miamibeachfl.gov/city-hall/parking/",
        "api_url": "https://gis.miamibeachfl.gov/public/rest/services/mb/Parking/FeatureServer/1/query?where=1%3D1&outFields=*&f=geojson&outSR=4326&resultRecordCount=1000&resultOffset=0",
        "evidence_url": "https://gis.miamibeachfl.gov/public/rest/services/mb/Parking/FeatureServer/1/query?where=1%3D1&outFields=*&f=geojson&outSR=4326&resultRecordCount=1000&resultOffset=0",
        "data_as_of": "2026-06-12",
        "existence_status": "confirmed",
        "price_status": "known_unpriced",
        "rule_status": "partial",
        "enrichment_status": "needs_price",
        "payment_url": "",
        "booking_url": "",
        "raw_properties": {
          "OBJECTID": 242,
          "NUMBER": "CL08E01",
          "BRAND": "DPT",
          "ZONE": "7A",
          "STATUS": 5,
          "created_user": null,
          "created_date": null,
          "last_edited_user": null,
          "last_edited_date": null
        }
      }
    },
    {
      "type": "Feature",
      "id": 243,
      "geometry": {
        "type": "Point",
        "coordinates": [
          -80.13178192479084,
          25.779807381028547
        ]
      },
      "properties": {
        "OBJECTID": 243,
        "NUMBER": "CL09E01",
        "BRAND": "DPT",
        "ZONE": "7A",
        "STATUS": 5,
        "created_user": null,
        "created_date": null,
        "last_edited_user": null,
        "last_edited_date": null,
        "source_id": "miami-beach:arcgis:meters:243",
        "source_name": "City of Miami Beach Parking GIS",
        "name": "Parking Meters 243",
        "facility_type": "parking_zone",
        "city": "Miami Beach",
        "state": "FL",
        "operator": "City of Miami Beach Parking Department",
        "access": "public",
        "fee": "unknown",
        "charge": "unknown",
        "capacity": null,
        "confidence": 0.9,
        "last_verified_source": "City of Miami Beach Parking GIS",
        "source_url": "https://www.miamibeachfl.gov/city-hall/parking/",
        "api_url": "https://gis.miamibeachfl.gov/public/rest/services/mb/Parking/FeatureServer/1/query?where=1%3D1&outFields=*&f=geojson&outSR=4326&resultRecordCount=1000&resultOffset=0",
        "evidence_url": "https://gis.miamibeachfl.gov/public/rest/services/mb/Parking/FeatureServer/1/query?where=1%3D1&outFields=*&f=geojson&outSR=4326&resultRecordCount=1000&resultOffset=0",
        "data_as_of": "2026-06-12",
        "existence_status": "confirmed",
        "price_status": "known_unpriced",
        "rule_status": "partial",
        "enrichment_status": "needs_price",
        "payment_url": "",
        "booking_url": "",
        "raw_properties": {
          "OBJECTID": 243,
          "NUMBER": "CL09E01",
          "BRAND": "DPT",
          "ZONE": "7A",
          "STATUS": 5,
          "created_user": null,
          "created_date": null,
          "last_edited_user": null,
          "last_edited_date": null
        }
      }
    },
    {
      "type": "Feature",
      "id": 244,
      "geometry": {
        "type": "Point",
        "coordinates": [
          -80.13243595885194,
          25.779493264849005
        ]
      },
      "properties": {
        "OBJECTID": 244,
        "NUMBER": "0902N01",
        "BRAND": "DPT",
        "ZONE": "1X",
        "STATUS": 5,
        "created_user": null,
        "created_date": null,
        "last_edited_user": null,
        "last_edited_date": null,
        "source_id": "miami-beach:arcgis:meters:244",
        "source_name": "City of Miami Beach Parking GIS",
        "name": "Parking Meters 244",
        "facility_type": "parking_zone",
        "city": "Miami Beach",
        "state": "FL",
        "operator": "City of Miami Beach Parking Department",
        "access": "public",
        "fee": "unknown",
        "charge": "unknown",
        "capacity": null,
        "confidence": 0.9,
        "last_verified_source": "City of Miami Beach Parking GIS",
        "source_url": "https://www.miamibeachfl.gov/city-hall/parking/",
        "api_url": "https://gis.miamibeachfl.gov/public/rest/services/mb/Parking/FeatureServer/1/query?where=1%3D1&outFields=*&f=geojson&outSR=4326&resultRecordCount=1000&resultOffset=0",
        "evidence_url": "https://gis.miamibeachfl.gov/public/rest/services/mb/Parking/FeatureServer/1/query?where=1%3D1&outFields=*&f=geojson&outSR=4326&resultRecordCount=1000&resultOffset=0",
        "data_as_of": "2026-06-12",
        "existence_status": "confirmed",
        "price_status": "known_unpriced",
        "rule_status": "partial",
        "enrichment_status": "needs_price",
        "payment_url": "",
        "booking_url": "",
        "raw_properties": {
          "OBJECTID": 244,
          "NUMBER": "0902N01",
          "BRAND": "DPT",
          "ZONE": "1X",
          "STATUS": 5,
          "created_user": null,
          "created_date": null,
          "last_edited_user": null,
          "last_edited_date": null
        }
      }
    },
    {
      "type": "Feature",
      "id": 245,
      "geometry": {
        "type": "Point",
        "coordinates": [
          -80.13152751640592,
          25.779219652880624
        ]
      },
      "properties": {
        "OBJECTID": 245,
        "NUMBER": "0901S02",
        "BRAND": "DPT",
        "ZONE": "7A",
        "STATUS": 5,
        "created_user": null,
        "created_date": null,
        "last_edited_user": null,
        "last_edited_date": null,
        "source_id": "miami-beach:arcgis:meters:245",
        "source_name": "City of Miami Beach Parking GIS",
        "name": "Parking Meters 245",
        "facility_type": "parking_zone",
        "city": "Miami Beach",
        "state": "FL",
        "operator": "City of Miami Beach Parking Department",
        "access": "public",
        "fee": "unknown",
        "charge": "unknown",
        "capacity": null,
        "confidence": 0.9,
        "last_verified_source": "City of Miami Beach Parking GIS",
        "source_url": "https://www.miamibeachfl.gov/city-hall/parking/",
        "api_url": "https://gis.miamibeachfl.gov/public/rest/services/mb/Parking/FeatureServer/1/query?where=1%3D1&outFields=*&f=geojson&outSR=4326&resultRecordCount=1000&resultOffset=0",
        "evidence_url": "https://gis.miamibeachfl.gov/public/rest/services/mb/Parking/FeatureServer/1/query?where=1%3D1&outFields=*&f=geojson&outSR=4326&resultRecordCount=1000&resultOffset=0",
        "data_as_of": "2026-06-12",
        "existence_status": "confirmed",
        "price_status": "known_unpriced",
        "rule_status": "partial",
        "enrichment_status": "needs_price",
        "payment_url": "",
        "booking_url": "",
        "raw_properties": {
          "OBJECTID": 245,
          "NUMBER": "0901S02",
          "BRAND": "DPT",
          "ZONE": "7A",
          "STATUS": 5,
          "created_user": null,
          "created_date": null,
          "last_edited_user": null,
          "last_edited_date": null
        }
      }
    },
    {
      "type": "Feature",
      "id": 246,
      "geometry": {
        "type": "Point",
        "coordinates": [
          -80.13134851107392,
          25.779289759244623
        ]
      },
      "properties": {
        "OBJECTID": 246,
        "NUMBER": "0901N01",
        "BRAND": "DPT",
        "ZONE": "7A",
        "STATUS": 5,
        "created_user": null,
        "created_date": null,
        "last_edited_user": null,
        "last_edited_date": null,
        "source_id": "miami-beach:arcgis:meters:246",
        "source_name": "City of Miami Beach Parking GIS",
        "name": "Parking Meters 246",
        "facility_type": "parking_zone",
        "city": "Miami Beach",
        "state": "FL",
        "operator": "City of Miami Beach Parking Department",
        "access": "public",
        "fee": "unknown",
        "charge": "unknown",
        "capacity": null,
        "confidence": 0.9,
        "last_verified_source": "City of Miami Beach Parking GIS",
        "source_url": "https://www.miamibeachfl.gov/city-hall/parking/",
        "api_url": "https://gis.miamibeachfl.gov/public/rest/services/mb/Parking/FeatureServer/1/query?where=1%3D1&outFields=*&f=geojson&outSR=4326&resultRecordCount=1000&resultOffset=0",
        "evidence_url": "https://gis.miamibeachfl.gov/public/rest/services/mb/Parking/FeatureServer/1/query?where=1%3D1&outFields=*&f=geojson&outSR=4326&resultRecordCount=1000&resultOffset=0",
        "data_as_of": "2026-06-12",
        "existence_status": "confirmed",
        "price_status": "known_unpriced",
        "rule_status": "partial",
        "enrichment_status": "needs_price",
        "payment_url": "",
        "booking_url": "",
        "raw_properties": {
          "OBJECTID": 246,
          "NUMBER": "0901N01",
          "BRAND": "DPT",
          "ZONE": "7A",
          "STATUS": 5,
          "created_user": null,
          "created_date": null,
          "last_edited_user": null,
          "last_edited_date": null
        }
      }
    },
    {
      "type": "Feature",
      "id": 247,
      "geometry": {
        "type": "Point",
        "coordinates": [
          -80.13258618946287,
          25.779406120404634
        ]
      },
      "properties": {
        "OBJECTID": 247,
        "NUMBER": "0902S02",
        "BRAND": "DPT",
        "ZONE": "1X",
        "STATUS": 5,
        "created_user": null,
        "created_date": null,
        "last_edited_user": null,
        "last_edited_date": null,
        "source_id": "miami-beach:arcgis:meters:247",
        "source_name": "City of Miami Beach Parking GIS",
        "name": "Parking Meters 247",
        "facility_type": "parking_zone",
        "city": "Miami Beach",
        "state": "FL",
        "operator": "City of Miami Beach Parking Department",
        "access": "public",
        "fee": "unknown",
        "charge": "unknown",
        "capacity": null,
        "confidence": 0.9,
        "last_verified_source": "City of Miami Beach Parking GIS",
        "source_url": "https://www.miamibeachfl.gov/city-hall/parking/",
        "api_url": "https://gis.miamibeachfl.gov/public/rest/services/mb/Parking/FeatureServer/1/query?where=1%3D1&outFields=*&f=geojson&outSR=4326&resultRecordCount=1000&resultOffset=0",
        "evidence_url": "https://gis.miamibeachfl.gov/public/rest/services/mb/Parking/FeatureServer/1/query?where=1%3D1&outFields=*&f=geojson&outSR=4326&resultRecordCount=1000&resultOffset=0",
        "data_as_of": "2026-06-12",
        "existence_status": "confirmed",
        "price_status": "known_unpriced",
        "rule_status": "partial",
        "enrichment_status": "needs_price",
        "payment_url": "",
        "booking_url": "",
        "raw_properties": {
          "OBJECTID": 247,
          "NUMBER": "0902S02",
          "BRAND": "DPT",
          "ZONE": "1X",
          "STATUS": 5,
          "created_user": null,
          "created_date": null,
          "last_edited_user": null,
          "last_edited_date": null
        }
      }
    },
    {
      "type": "Feature",
      "id": 248,
      "geometry": {
        "type": "Point",
        "coordinates": [
          -80.13055381381037,
          25.78264649405461
        ]
      },
      "properties": {
        "OBJECTID": 248,
        "NUMBER": "1201S02",
        "BRAND": "DPT",
        "ZONE": "7A",
        "STATUS": 5,
        "created_user": null,
        "created_date": null,
        "last_edited_user": null,
        "last_edited_date": null,
        "source_id": "miami-beach:arcgis:meters:248",
        "source_name": "City of Miami Beach Parking GIS",
        "name": "Parking Meters 248",
        "facility_type": "parking_zone",
        "city": "Miami Beach",
        "state": "FL",
        "operator": "City of Miami Beach Parking Department",
        "access": "public",
        "fee": "unknown",
        "charge": "unknown",
        "capacity": null,
        "confidence": 0.9,
        "last_verified_source": "City of Miami Beach Parking GIS",
        "source_url": "https://www.miamibeachfl.gov/city-hall/parking/",
        "api_url": "https://gis.miamibeachfl.gov/public/rest/services/mb/Parking/FeatureServer/1/query?where=1%3D1&outFields=*&f=geojson&outSR=4326&resultRecordCount=1000&resultOffset=0",
        "evidence_url": "https://gis.miamibeachfl.gov/public/rest/services/mb/Parking/FeatureServer/1/query?where=1%3D1&outFields=*&f=geojson&outSR=4326&resultRecordCount=1000&resultOffset=0",
        "data_as_of": "2026-06-12",
        "existence_status": "confirmed",
        "price_status": "known_unpriced",
        "rule_status": "partial",
        "enrichment_status": "needs_price",
        "payment_url": "",
        "booking_url": "",
        "raw_properties": {
          "OBJECTID": 248,
          "NUMBER": "1201S02",
          "BRAND": "DPT",
          "ZONE": "7A",
          "STATUS": 5,
          "created_user": null,
          "created_date": null,
          "last_edited_user": null,
          "last_edited_date": null
        }
      }
    },
    {
      "type": "Feature",
      "id": 249,
      "geometry": {
        "type": "Point",
        "coordinates": [
          -80.13053773363644,
          25.782751358250206
        ]
      },
      "properties": {
        "OBJECTID": 249,
        "NUMBER": "1201N01",
        "BRAND": "DPT",
        "ZONE": "7A",
        "STATUS": 5,
        "created_user": null,
        "created_date": null,
        "last_edited_user": null,
        "last_edited_date": null,
        "source_id": "miami-beach:arcgis:meters:249",
        "source_name": "City of Miami Beach Parking GIS",
        "name": "Parking Meters 249",
        "facility_type": "parking_zone",
        "city": "Miami Beach",
        "state": "FL",
        "operator": "City of Miami Beach Parking Department",
        "access": "public",
        "fee": "unknown",
        "charge": "unknown",
        "capacity": null,
        "confidence": 0.9,
        "last_verified_source": "City of Miami Beach Parking GIS",
        "source_url": "https://www.miamibeachfl.gov/city-hall/parking/",
        "api_url": "https://gis.miamibeachfl.gov/public/rest/services/mb/Parking/FeatureServer/1/query?where=1%3D1&outFields=*&f=geojson&outSR=4326&resultRecordCount=1000&resultOffset=0",
        "evidence_url": "https://gis.miamibeachfl.gov/public/rest/services/mb/Parking/FeatureServer/1/query?where=1%3D1&outFields=*&f=geojson&outSR=4326&resultRecordCount=1000&resultOffset=0",
        "data_as_of": "2026-06-12",
        "existence_status": "confirmed",
        "price_status": "known_unpriced",
        "rule_status": "partial",
        "enrichment_status": "needs_price",
        "payment_url": "",
        "booking_url": "",
        "raw_properties": {
          "OBJECTID": 249,
          "NUMBER": "1201N01",
          "BRAND": "DPT",
          "ZONE": "7A",
          "STATUS": 5,
          "created_user": null,
          "created_date": null,
          "last_edited_user": null,
          "last_edited_date": null
        }
      }
    },
    {
      "type": "Feature",
      "id": 250,
      "geometry": {
        "type": "Point",
        "coordinates": [
          -80.13168878167347,
          25.782963448763947
        ]
      },
      "properties": {
        "OBJECTID": 250,
        "NUMBER": "1202N01",
        "BRAND": "DPT",
        "ZONE": "1X",
        "STATUS": 5,
        "created_user": null,
        "created_date": null,
        "last_edited_user": null,
        "last_edited_date": null,
        "source_id": "miami-beach:arcgis:meters:250",
        "source_name": "City of Miami Beach Parking GIS",
        "name": "Parking Meters 250",
        "facility_type": "parking_zone",
        "city": "Miami Beach",
        "state": "FL",
        "operator": "City of Miami Beach Parking Department",
        "access": "public",
        "fee": "unknown",
        "charge": "unknown",
        "capacity": null,
        "confidence": 0.9,
        "last_verified_source": "City of Miami Beach Parking GIS",
        "source_url": "https://www.miamibeachfl.gov/city-hall/parking/",
        "api_url": "https://gis.miamibeachfl.gov/public/rest/services/mb/Parking/FeatureServer/1/query?where=1%3D1&outFields=*&f=geojson&outSR=4326&resultRecordCount=1000&resultOffset=0",
        "evidence_url": "https://gis.miamibeachfl.gov/public/rest/services/mb/Parking/FeatureServer/1/query?where=1%3D1&outFields=*&f=geojson&outSR=4326&resultRecordCount=1000&resultOffset=0",
        "data_as_of": "2026-06-12",
        "existence_status": "confirmed",
        "price_status": "known_unpriced",
        "rule_status": "partial",
        "enrichment_status": "needs_price",
        "payment_url": "",
        "booking_url": "",
        "raw_properties": {
          "OBJECTID": 250,
          "NUMBER": "1202N01",
          "BRAND": "DPT",
          "ZONE": "1X",
          "STATUS": 5,
          "created_user": null,
          "created_date": null,
          "last_edited_user": null,
          "last_edited_date": null
        }
      }
    },
    {
      "type": "Feature",
      "id": 251,
      "geometry": {
        "type": "Point",
        "coordinates": [
          -80.13192879497494,
          25.782899841452515
        ]
      },
      "properties": {
        "OBJECTID": 251,
        "NUMBER": "1202S02",
        "BRAND": "DPT",
        "ZONE": "1X",
        "STATUS": 5,
        "created_user": null,
        "created_date": null,
        "last_edited_user": null,
        "last_edited_date": null,
        "source_id": "miami-beach:arcgis:meters:251",
        "source_name": "City of Miami Beach Parking GIS",
        "name": "Parking Meters 251",
        "facility_type": "parking_zone",
        "city": "Miami Beach",
        "state": "FL",
        "operator": "City of Miami Beach Parking Department",
        "access": "public",
        "fee": "unknown",
        "charge": "unknown",
        "capacity": null,
        "confidence": 0.9,
        "last_verified_source": "City of Miami Beach Parking GIS",
        "source_url": "https://www.miamibeachfl.gov/city-hall/parking/",
        "api_url": "https://gis.miamibeachfl.gov/public/rest/services/mb/Parking/FeatureServer/1/query?where=1%3D1&outFields=*&f=geojson&outSR=4326&resultRecordCount=1000&resultOffset=0",
        "evidence_url": "https://gis.miamibeachfl.gov/public/rest/services/mb/Parking/FeatureServer/1/query?where=1%3D1&outFields=*&f=geojson&outSR=4326&resultRecordCount=1000&resultOffset=0",
        "data_as_of": "2026-06-12",
        "existence_status": "confirmed",
        "price_status": "known_unpriced",
        "rule_status": "partial",
        "enrichment_status": "needs_price",
        "payment_url": "",
        "booking_url": "",
        "raw_properties": {
          "OBJECTID": 251,
          "NUMBER": "1202S02",
          "BRAND": "DPT",
          "ZONE": "1X",
          "STATUS": 5,
          "created_user": null,
          "created_date": null,
          "last_edited_user": null,
          "last_edited_date": null
        }
      }
    },
    {
      "type": "Feature",
      "id": 252,
      "geometry": {
        "type": "Point",
        "coordinates": [
          -80.13163971282793,
          25.784084896773145
        ]
      },
      "properties": {
        "OBJECTID": 252,
        "NUMBER": "1202S02",
        "BRAND": "DPT",
        "ZONE": "1X",
        "STATUS": 5,
        "created_user": null,
        "created_date": null,
        "last_edited_user": null,
        "last_edited_date": null,
        "source_id": "miami-beach:arcgis:meters:252",
        "source_name": "City of Miami Beach Parking GIS",
        "name": "Parking Meters 252",
        "facility_type": "parking_zone",
        "city": "Miami Beach",
        "state": "FL",
        "operator": "City of Miami Beach Parking Department",
        "access": "public",
        "fee": "unknown",
        "charge": "unknown",
        "capacity": null,
        "confidence": 0.9,
        "last_verified_source": "City of Miami Beach Parking GIS",
        "source_url": "https://www.miamibeachfl.gov/city-hall/parking/",
        "api_url": "https://gis.miamibeachfl.gov/public/rest/services/mb/Parking/FeatureServer/1/query?where=1%3D1&outFields=*&f=geojson&outSR=4326&resultRecordCount=1000&resultOffset=0",
        "evidence_url": "https://gis.miamibeachfl.gov/public/rest/services/mb/Parking/FeatureServer/1/query?where=1%3D1&outFields=*&f=geojson&outSR=4326&resultRecordCount=1000&resultOffset=0",
        "data_as_of": "2026-06-12",
        "existence_status": "confirmed",
        "price_status": "known_unpriced",
        "rule_status": "partial",
        "enrichment_status": "needs_price",
        "payment_url": "",
        "booking_url": "",
        "raw_properties": {
          "OBJECTID": 252,
          "NUMBER": "1202S02",
          "BRAND": "DPT",
          "ZONE": "1X",
          "STATUS": 5,
          "created_user": null,
          "created_date": null,
          "last_edited_user": null,
          "last_edited_date": null
        }
      }
    },
    {
      "type": "Feature",
      "id": 253,
      "geometry": {
        "type": "Point",
        "coordinates": [
          -80.13144904722667,
          25.784169460085543
        ]
      },
      "properties": {
        "OBJECTID": 253,
        "NUMBER": "1202N01",
        "BRAND": "DPT",
        "ZONE": "1X",
        "STATUS": 5,
        "created_user": null,
        "created_date": null,
        "last_edited_user": null,
        "last_edited_date": null,
        "source_id": "miami-beach:arcgis:meters:253",
        "source_name": "City of Miami Beach Parking GIS",
        "name": "Parking Meters 253",
        "facility_type": "parking_zone",
        "city": "Miami Beach",
        "state": "FL",
        "operator": "City of Miami Beach Parking Department",
        "access": "public",
        "fee": "unknown",
        "charge": "unknown",
        "capacity": null,
        "confidence": 0.9,
        "last_verified_source": "City of Miami Beach Parking GIS",
        "source_url": "https://www.miamibeachfl.gov/city-hall/parking/",
        "api_url": "https://gis.miamibeachfl.gov/public/rest/services/mb/Parking/FeatureServer/1/query?where=1%3D1&outFields=*&f=geojson&outSR=4326&resultRecordCount=1000&resultOffset=0",
        "evidence_url": "https://gis.miamibeachfl.gov/public/rest/services/mb/Parking/FeatureServer/1/query?where=1%3D1&outFields=*&f=geojson&outSR=4326&resultRecordCount=1000&resultOffset=0",
        "data_as_of": "2026-06-12",
        "existence_status": "confirmed",
        "price_status": "known_unpriced",
        "rule_status": "partial",
        "enrichment_status": "needs_price",
        "payment_url": "",
        "booking_url": "",
        "raw_properties": {
          "OBJECTID": 253,
          "NUMBER": "1202N01",
          "BRAND": "DPT",
          "ZONE": "1X",
          "STATUS": 5,
          "created_user": null,
          "created_date": null,
          "last_edited_user": null,
          "last_edited_date": null
        }
      }
    },
    {
      "type": "Feature",
      "id": 254,
      "geometry": {
        "type": "Point",
        "coordinates": [
          -80.1312071779955,
          25.7838826284074
        ]
      },
      "properties": {
        "OBJECTID": 254,
        "NUMBER": "P016003",
        "BRAND": "DPT",
        "ZONE": "P16",
        "STATUS": 5,
        "created_user": null,
        "created_date": null,
        "last_edited_user": null,
        "last_edited_date": null,
        "source_id": "miami-beach:arcgis:meters:254",
        "source_name": "City of Miami Beach Parking GIS",
        "name": "Parking Meters 254",
        "facility_type": "parking_zone",
        "city": "Miami Beach",
        "state": "FL",
        "operator": "City of Miami Beach Parking Department",
        "access": "public",
        "fee": "unknown",
        "charge": "unknown",
        "capacity": null,
        "confidence": 0.9,
        "last_verified_source": "City of Miami Beach Parking GIS",
        "source_url": "https://www.miamibeachfl.gov/city-hall/parking/",
        "api_url": "https://gis.miamibeachfl.gov/public/rest/services/mb/Parking/FeatureServer/1/query?where=1%3D1&outFields=*&f=geojson&outSR=4326&resultRecordCount=1000&resultOffset=0",
        "evidence_url": "https://gis.miamibeachfl.gov/public/rest/services/mb/Parking/FeatureServer/1/query?where=1%3D1&outFields=*&f=geojson&outSR=4326&resultRecordCount=1000&resultOffset=0",
        "data_as_of": "2026-06-12",
        "existence_status": "confirmed",
        "price_status": "known_unpriced",
        "rule_status": "partial",
        "enrichment_status": "needs_price",
        "payment_url": "",
        "booking_url": "",
        "raw_properties": {
          "OBJECTID": 254,
          "NUMBER": "P016003",
          "BRAND": "DPT",
          "ZONE": "P16",
          "STATUS": 5,
          "created_user": null,
          "created_date": null,
          "last_edited_user": null,
          "last_edited_date": null
        }
      }
    },
    {
      "type": "Feature",
      "id": 255,
      "geometry": {
        "type": "Point",
        "coordinates": [
          -80.13122748978432,
          25.783755806906008
        ]
      },
      "properties": {
        "OBJECTID": 255,
        "NUMBER": "P016002",
        "BRAND": "DPT",
        "ZONE": "P16",
        "STATUS": 5,
        "created_user": null,
        "created_date": null,
        "last_edited_user": null,
        "last_edited_date": null,
        "source_id": "miami-beach:arcgis:meters:255",
        "source_name": "City of Miami Beach Parking GIS",
        "name": "Parking Meters 255",
        "facility_type": "parking_zone",
        "city": "Miami Beach",
        "state": "FL",
        "operator": "City of Miami Beach Parking Department",
        "access": "public",
        "fee": "unknown",
        "charge": "unknown",
        "capacity": null,
        "confidence": 0.9,
        "last_verified_source": "City of Miami Beach Parking GIS",
        "source_url": "https://www.miamibeachfl.gov/city-hall/parking/",
        "api_url": "https://gis.miamibeachfl.gov/public/rest/services/mb/Parking/FeatureServer/1/query?where=1%3D1&outFields=*&f=geojson&outSR=4326&resultRecordCount=1000&resultOffset=0",
        "evidence_url": "https://gis.miamibeachfl.gov/public/rest/services/mb/Parking/FeatureServer/1/query?where=1%3D1&outFields=*&f=geojson&outSR=4326&resultRecordCount=1000&resultOffset=0",
        "data_as_of": "2026-06-12",
        "existence_status": "confirmed",
        "price_status": "known_unpriced",
        "rule_status": "partial",
        "enrichment_status": "needs_price",
        "payment_url": "",
        "booking_url": "",
        "raw_properties": {
          "OBJECTID": 255,
          "NUMBER": "P016002",
          "BRAND": "DPT",
          "ZONE": "P16",
          "STATUS": 5,
          "created_user": null,
          "created_date": null,
          "last_edited_user": null,
          "last_edited_date": null
        }
      }
    },
    {
      "type": "Feature",
      "id": 256,
      "geometry": {
        "type": "Point",
        "coordinates": [
          -80.13116457859216,
          25.7836274979472
        ]
      },
      "properties": {
        "OBJECTID": 256,
        "NUMBER": "CL12W04",
        "BRAND": "DPT",
        "ZONE": "7A",
        "STATUS": 5,
        "created_user": null,
        "created_date": null,
        "last_edited_user": null,
        "last_edited_date": null,
        "source_id": "miami-beach:arcgis:meters:256",
        "source_name": "City of Miami Beach Parking GIS",
        "name": "Parking Meters 256",
        "facility_type": "parking_zone",
        "city": "Miami Beach",
        "state": "FL",
        "operator": "City of Miami Beach Parking Department",
        "access": "public",
        "fee": "unknown",
        "charge": "unknown",
        "capacity": null,
        "confidence": 0.9,
        "last_verified_source": "City of Miami Beach Parking GIS",
        "source_url": "https://www.miamibeachfl.gov/city-hall/parking/",
        "api_url": "https://gis.miamibeachfl.gov/public/rest/services/mb/Parking/FeatureServer/1/query?where=1%3D1&outFields=*&f=geojson&outSR=4326&resultRecordCount=1000&resultOffset=0",
        "evidence_url": "https://gis.miamibeachfl.gov/public/rest/services/mb/Parking/FeatureServer/1/query?where=1%3D1&outFields=*&f=geojson&outSR=4326&resultRecordCount=1000&resultOffset=0",
        "data_as_of": "2026-06-12",
        "existence_status": "confirmed",
        "price_status": "known_unpriced",
        "rule_status": "partial",
        "enrichment_status": "needs_price",
        "payment_url": "",
        "booking_url": "",
        "raw_properties": {
          "OBJECTID": 256,
          "NUMBER": "CL12W04",
          "BRAND": "DPT",
          "ZONE": "7A",
          "STATUS": 5,
          "created_user": null,
          "created_date": null,
          "last_edited_user": null,
          "last_edited_date": null
        }
      }
    },
    {
      "type": "Feature",
      "id": 257,
      "geometry": {
        "type": "Point",
        "coordinates": [
          -80.13150732162248,
          25.783653562911677
        ]
      },
      "properties": {
        "OBJECTID": 257,
        "NUMBER": "P016001",
        "BRAND": "DPT",
        "ZONE": "P16",
        "STATUS": 5,
        "created_user": null,
        "created_date": null,
        "last_edited_user": null,
        "last_edited_date": null,
        "source_id": "miami-beach:arcgis:meters:257",
        "source_name": "City of Miami Beach Parking GIS",
        "name": "Parking Meters 257",
        "facility_type": "parking_zone",
        "city": "Miami Beach",
        "state": "FL",
        "operator": "City of Miami Beach Parking Department",
        "access": "public",
        "fee": "unknown",
        "charge": "unknown",
        "capacity": null,
        "confidence": 0.9,
        "last_verified_source": "City of Miami Beach Parking GIS",
        "source_url": "https://www.miamibeachfl.gov/city-hall/parking/",
        "api_url": "https://gis.miamibeachfl.gov/public/rest/services/mb/Parking/FeatureServer/1/query?where=1%3D1&outFields=*&f=geojson&outSR=4326&resultRecordCount=1000&resultOffset=0",
        "evidence_url": "https://gis.miamibeachfl.gov/public/rest/services/mb/Parking/FeatureServer/1/query?where=1%3D1&outFields=*&f=geojson&outSR=4326&resultRecordCount=1000&resultOffset=0",
        "data_as_of": "2026-06-12",
        "existence_status": "confirmed",
        "price_status": "known_unpriced",
        "rule_status": "partial",
        "enrichment_status": "needs_price",
        "payment_url": "",
        "booking_url": "",
        "raw_properties": {
          "OBJECTID": 257,
          "NUMBER": "P016001",
          "BRAND": "DPT",
          "ZONE": "P16",
          "STATUS": 5,
          "created_user": null,
          "created_date": null,
          "last_edited_user": null,
          "last_edited_date": null
        }
      }
    },
    {
      "type": "Feature",
      "id": 258,
      "geometry": {
        "type": "Point",
        "coordinates": [
          -80.1304251898895,
          25.78393295384596
        ]
      },
      "properties": {
        "OBJECTID": 258,
        "NUMBER": "1301S02",
        "BRAND": "DPT",
        "ZONE": "7A",
        "STATUS": 5,
        "created_user": null,
        "created_date": null,
        "last_edited_user": null,
        "last_edited_date": null,
        "source_id": "miami-beach:arcgis:meters:258",
        "source_name": "City of Miami Beach Parking GIS",
        "name": "Parking Meters 258",
        "facility_type": "parking_zone",
        "city": "Miami Beach",
        "state": "FL",
        "operator": "City of Miami Beach Parking Department",
        "access": "public",
        "fee": "unknown",
        "charge": "unknown",
        "capacity": null,
        "confidence": 0.9,
        "last_verified_source": "City of Miami Beach Parking GIS",
        "source_url": "https://www.miamibeachfl.gov/city-hall/parking/",
        "api_url": "https://gis.miamibeachfl.gov/public/rest/services/mb/Parking/FeatureServer/1/query?where=1%3D1&outFields=*&f=geojson&outSR=4326&resultRecordCount=1000&resultOffset=0",
        "evidence_url": "https://gis.miamibeachfl.gov/public/rest/services/mb/Parking/FeatureServer/1/query?where=1%3D1&outFields=*&f=geojson&outSR=4326&resultRecordCount=1000&resultOffset=0",
        "data_as_of": "2026-06-12",
        "existence_status": "confirmed",
        "price_status": "known_unpriced",
        "rule_status": "partial",
        "enrichment_status": "needs_price",
        "payment_url": "",
        "booking_url": "",
        "raw_properties": {
          "OBJECTID": 258,
          "NUMBER": "1301S02",
          "BRAND": "DPT",
          "ZONE": "7A",
          "STATUS": 5,
          "created_user": null,
          "created_date": null,
          "last_edited_user": null,
          "last_edited_date": null
        }
      }
    },
    {
      "type": "Feature",
      "id": 259,
      "geometry": {
        "type": "Point",
        "coordinates": [
          -80.13042905119184,
          25.78403686421324
        ]
      },
      "properties": {
        "OBJECTID": 259,
        "NUMBER": "1301N01",
        "BRAND": "DPT",
        "ZONE": "7A",
        "STATUS": 5,
        "created_user": null,
        "created_date": null,
        "last_edited_user": null,
        "last_edited_date": null,
        "source_id": "miami-beach:arcgis:meters:259",
        "source_name": "City of Miami Beach Parking GIS",
        "name": "Parking Meters 259",
        "facility_type": "parking_zone",
        "city": "Miami Beach",
        "state": "FL",
        "operator": "City of Miami Beach Parking Department",
        "access": "public",
        "fee": "unknown",
        "charge": "unknown",
        "capacity": null,
        "confidence": 0.9,
        "last_verified_source": "City of Miami Beach Parking GIS",
        "source_url": "https://www.miamibeachfl.gov/city-hall/parking/",
        "api_url": "https://gis.miamibeachfl.gov/public/rest/services/mb/Parking/FeatureServer/1/query?where=1%3D1&outFields=*&f=geojson&outSR=4326&resultRecordCount=1000&resultOffset=0",
        "evidence_url": "https://gis.miamibeachfl.gov/public/rest/services/mb/Parking/FeatureServer/1/query?where=1%3D1&outFields=*&f=geojson&outSR=4326&resultRecordCount=1000&resultOffset=0",
        "data_as_of": "2026-06-12",
        "existence_status": "confirmed",
        "price_status": "known_unpriced",
        "rule_status": "partial",
        "enrichment_status": "needs_price",
        "payment_url": "",
        "booking_url": "",
        "raw_properties": {
          "OBJECTID": 259,
          "NUMBER": "1301N01",
          "BRAND": "DPT",
          "ZONE": "7A",
          "STATUS": 5,
          "created_user": null,
          "created_date": null,
          "last_edited_user": null,
          "last_edited_date": null
        }
      }
    },
    {
      "type": "Feature",
      "id": 260,
      "geometry": {
        "type": "Point",
        "coordinates": [
          -80.13017451373219,
          25.785212135535236
        ]
      },
      "properties": {
        "OBJECTID": 260,
        "NUMBER": "1401N01",
        "BRAND": "DPT",
        "ZONE": "7A",
        "STATUS": 5,
        "created_user": null,
        "created_date": null,
        "last_edited_user": null,
        "last_edited_date": null,
        "source_id": "miami-beach:arcgis:meters:260",
        "source_name": "City of Miami Beach Parking GIS",
        "name": "Parking Meters 260",
        "facility_type": "parking_zone",
        "city": "Miami Beach",
        "state": "FL",
        "operator": "City of Miami Beach Parking Department",
        "access": "public",
        "fee": "unknown",
        "charge": "unknown",
        "capacity": null,
        "confidence": 0.9,
        "last_verified_source": "City of Miami Beach Parking GIS",
        "source_url": "https://www.miamibeachfl.gov/city-hall/parking/",
        "api_url": "https://gis.miamibeachfl.gov/public/rest/services/mb/Parking/FeatureServer/1/query?where=1%3D1&outFields=*&f=geojson&outSR=4326&resultRecordCount=1000&resultOffset=0",
        "evidence_url": "https://gis.miamibeachfl.gov/public/rest/services/mb/Parking/FeatureServer/1/query?where=1%3D1&outFields=*&f=geojson&outSR=4326&resultRecordCount=1000&resultOffset=0",
        "data_as_of": "2026-06-12",
        "existence_status": "confirmed",
        "price_status": "known_unpriced",
        "rule_status": "partial",
        "enrichment_status": "needs_price",
        "payment_url": "",
        "booking_url": "",
        "raw_properties": {
          "OBJECTID": 260,
          "NUMBER": "1401N01",
          "BRAND": "DPT",
          "ZONE": "7A",
          "STATUS": 5,
          "created_user": null,
          "created_date": null,
          "last_edited_user": null,
          "last_edited_date": null
        }
      }
    },
    {
      "type": "Feature",
      "id": 261,
      "geometry": {
        "type": "Point",
        "coordinates": [
          -80.13037657795651,
          25.78517336790208
        ]
      },
      "properties": {
        "OBJECTID": 261,
        "NUMBER": "1401S02",
        "BRAND": "DPT",
        "ZONE": "7A",
        "STATUS": 5,
        "created_user": null,
        "created_date": null,
        "last_edited_user": null,
        "last_edited_date": null,
        "source_id": "miami-beach:arcgis:meters:261",
        "source_name": "City of Miami Beach Parking GIS",
        "name": "Parking Meters 261",
        "facility_type": "parking_zone",
        "city": "Miami Beach",
        "state": "FL",
        "operator": "City of Miami Beach Parking Department",
        "access": "public",
        "fee": "unknown",
        "charge": "unknown",
        "capacity": null,
        "confidence": 0.9,
        "last_verified_source": "City of Miami Beach Parking GIS",
        "source_url": "https://www.miamibeachfl.gov/city-hall/parking/",
        "api_url": "https://gis.miamibeachfl.gov/public/rest/services/mb/Parking/FeatureServer/1/query?where=1%3D1&outFields=*&f=geojson&outSR=4326&resultRecordCount=1000&resultOffset=0",
        "evidence_url": "https://gis.miamibeachfl.gov/public/rest/services/mb/Parking/FeatureServer/1/query?where=1%3D1&outFields=*&f=geojson&outSR=4326&resultRecordCount=1000&resultOffset=0",
        "data_as_of": "2026-06-12",
        "existence_status": "confirmed",
        "price_status": "known_unpriced",
        "rule_status": "partial",
        "enrichment_status": "needs_price",
        "payment_url": "",
        "booking_url": "",
        "raw_properties": {
          "OBJECTID": 261,
          "NUMBER": "1401S02",
          "BRAND": "DPT",
          "ZONE": "7A",
          "STATUS": 5,
          "created_user": null,
          "created_date": null,
          "last_edited_user": null,
          "last_edited_date": null
        }
      }
    },
    {
      "type": "Feature",
      "id": 262,
      "geometry": {
        "type": "Point",
        "coordinates": [
          -80.13119547895312,
          25.78528811838364
        ]
      },
      "properties": {
        "OBJECTID": 262,
        "NUMBER": "1402S02",
        "BRAND": "DPT",
        "ZONE": "1X",
        "STATUS": 5,
        "created_user": null,
        "created_date": null,
        "last_edited_user": null,
        "last_edited_date": null,
        "source_id": "miami-beach:arcgis:meters:262",
        "source_name": "City of Miami Beach Parking GIS",
        "name": "Parking Meters 262",
        "facility_type": "parking_zone",
        "city": "Miami Beach",
        "state": "FL",
        "operator": "City of Miami Beach Parking Department",
        "access": "public",
        "fee": "unknown",
        "charge": "unknown",
        "capacity": null,
        "confidence": 0.9,
        "last_verified_source": "City of Miami Beach Parking GIS",
        "source_url": "https://www.miamibeachfl.gov/city-hall/parking/",
        "api_url": "https://gis.miamibeachfl.gov/public/rest/services/mb/Parking/FeatureServer/1/query?where=1%3D1&outFields=*&f=geojson&outSR=4326&resultRecordCount=1000&resultOffset=0",
        "evidence_url": "https://gis.miamibeachfl.gov/public/rest/services/mb/Parking/FeatureServer/1/query?where=1%3D1&outFields=*&f=geojson&outSR=4326&resultRecordCount=1000&resultOffset=0",
        "data_as_of": "2026-06-12",
        "existence_status": "confirmed",
        "price_status": "known_unpriced",
        "rule_status": "partial",
        "enrichment_status": "needs_price",
        "payment_url": "",
        "booking_url": "",
        "raw_properties": {
          "OBJECTID": 262,
          "NUMBER": "1402S02",
          "BRAND": "DPT",
          "ZONE": "1X",
          "STATUS": 5,
          "created_user": null,
          "created_date": null,
          "last_edited_user": null,
          "last_edited_date": null
        }
      }
    },
    {
      "type": "Feature",
      "id": 263,
      "geometry": {
        "type": "Point",
        "coordinates": [
          -80.13166126086837,
          25.78544494202904
        ]
      },
      "properties": {
        "OBJECTID": 263,
        "NUMBER": "1402N01",
        "BRAND": "DPT",
        "ZONE": "1X",
        "STATUS": 5,
        "created_user": null,
        "created_date": null,
        "last_edited_user": null,
        "last_edited_date": null,
        "source_id": "miami-beach:arcgis:meters:263",
        "source_name": "City of Miami Beach Parking GIS",
        "name": "Parking Meters 263",
        "facility_type": "parking_zone",
        "city": "Miami Beach",
        "state": "FL",
        "operator": "City of Miami Beach Parking Department",
        "access": "public",
        "fee": "unknown",
        "charge": "unknown",
        "capacity": null,
        "confidence": 0.9,
        "last_verified_source": "City of Miami Beach Parking GIS",
        "source_url": "https://www.miamibeachfl.gov/city-hall/parking/",
        "api_url": "https://gis.miamibeachfl.gov/public/rest/services/mb/Parking/FeatureServer/1/query?where=1%3D1&outFields=*&f=geojson&outSR=4326&resultRecordCount=1000&resultOffset=0",
        "evidence_url": "https://gis.miamibeachfl.gov/public/rest/services/mb/Parking/FeatureServer/1/query?where=1%3D1&outFields=*&f=geojson&outSR=4326&resultRecordCount=1000&resultOffset=0",
        "data_as_of": "2026-06-12",
        "existence_status": "confirmed",
        "price_status": "known_unpriced",
        "rule_status": "partial",
        "enrichment_status": "needs_price",
        "payment_url": "",
        "booking_url": "",
        "raw_properties": {
          "OBJECTID": 263,
          "NUMBER": "1402N01",
          "BRAND": "DPT",
          "ZONE": "1X",
          "STATUS": 5,
          "created_user": null,
          "created_date": null,
          "last_edited_user": null,
          "last_edited_date": null
        }
      }
    },
    {
      "type": "Feature",
      "id": 264,
      "geometry": {
        "type": "Point",
        "coordinates": [
          -80.13179326817213,
          25.778002763129194
        ]
      },
      "properties": {
        "OBJECTID": 264,
        "NUMBER": "0801S02",
        "BRAND": "DPT",
        "ZONE": "7A",
        "STATUS": 5,
        "created_user": null,
        "created_date": null,
        "last_edited_user": null,
        "last_edited_date": null,
        "source_id": "miami-beach:arcgis:meters:264",
        "source_name": "City of Miami Beach Parking GIS",
        "name": "Parking Meters 264",
        "facility_type": "parking_zone",
        "city": "Miami Beach",
        "state": "FL",
        "operator": "City of Miami Beach Parking Department",
        "access": "public",
        "fee": "unknown",
        "charge": "unknown",
        "capacity": null,
        "confidence": 0.9,
        "last_verified_source": "City of Miami Beach Parking GIS",
        "source_url": "https://www.miamibeachfl.gov/city-hall/parking/",
        "api_url": "https://gis.miamibeachfl.gov/public/rest/services/mb/Parking/FeatureServer/1/query?where=1%3D1&outFields=*&f=geojson&outSR=4326&resultRecordCount=1000&resultOffset=0",
        "evidence_url": "https://gis.miamibeachfl.gov/public/rest/services/mb/Parking/FeatureServer/1/query?where=1%3D1&outFields=*&f=geojson&outSR=4326&resultRecordCount=1000&resultOffset=0",
        "data_as_of": "2026-06-12",
        "existence_status": "confirmed",
        "price_status": "known_unpriced",
        "rule_status": "partial",
        "enrichment_status": "needs_price",
        "payment_url": "",
        "booking_url": "",
        "raw_properties": {
          "OBJECTID": 264,
          "NUMBER": "0801S02",
          "BRAND": "DPT",
          "ZONE": "7A",
          "STATUS": 5,
          "created_user": null,
          "created_date": null,
          "last_edited_user": null,
          "last_edited_date": null
        }
      }
    },
    {
      "type": "Feature",
      "id": 265,
      "geometry": {
        "type": "Point",
        "coordinates": [
          -80.13327293635335,
          25.777111208684182
        ]
      },
      "properties": {
        "OBJECTID": 265,
        "NUMBER": "0702N01",
        "BRAND": "DPT",
        "ZONE": "1X",
        "STATUS": 5,
        "created_user": null,
        "created_date": null,
        "last_edited_user": null,
        "last_edited_date": null,
        "source_id": "miami-beach:arcgis:meters:265",
        "source_name": "City of Miami Beach Parking GIS",
        "name": "Parking Meters 265",
        "facility_type": "parking_zone",
        "city": "Miami Beach",
        "state": "FL",
        "operator": "City of Miami Beach Parking Department",
        "access": "public",
        "fee": "unknown",
        "charge": "unknown",
        "capacity": null,
        "confidence": 0.9,
        "last_verified_source": "City of Miami Beach Parking GIS",
        "source_url": "https://www.miamibeachfl.gov/city-hall/parking/",
        "api_url": "https://gis.miamibeachfl.gov/public/rest/services/mb/Parking/FeatureServer/1/query?where=1%3D1&outFields=*&f=geojson&outSR=4326&resultRecordCount=1000&resultOffset=0",
        "evidence_url": "https://gis.miamibeachfl.gov/public/rest/services/mb/Parking/FeatureServer/1/query?where=1%3D1&outFields=*&f=geojson&outSR=4326&resultRecordCount=1000&resultOffset=0",
        "data_as_of": "2026-06-12",
        "existence_status": "confirmed",
        "price_status": "known_unpriced",
        "rule_status": "partial",
        "enrichment_status": "needs_price",
        "payment_url": "",
        "booking_url": "",
        "raw_properties": {
          "OBJECTID": 265,
          "NUMBER": "0702N01",
          "BRAND": "DPT",
          "ZONE": "1X",
          "STATUS": 5,
          "created_user": null,
          "created_date": null,
          "last_edited_user": null,
          "last_edited_date": null
        }
      }
    },
    {
      "type": "Feature",
      "id": 266,
      "geometry": {
        "type": "Point",
        "coordinates": [
          -80.13083537185557,
          25.781731734014553
        ]
      },
      "properties": {
        "OBJECTID": 266,
        "NUMBER": "1101N01",
        "BRAND": "DPT",
        "ZONE": "7A",
        "STATUS": 5,
        "created_user": null,
        "created_date": null,
        "last_edited_user": null,
        "last_edited_date": null,
        "source_id": "miami-beach:arcgis:meters:266",
        "source_name": "City of Miami Beach Parking GIS",
        "name": "Parking Meters 266",
        "facility_type": "parking_zone",
        "city": "Miami Beach",
        "state": "FL",
        "operator": "City of Miami Beach Parking Department",
        "access": "public",
        "fee": "unknown",
        "charge": "unknown",
        "capacity": null,
        "confidence": 0.9,
        "last_verified_source": "City of Miami Beach Parking GIS",
        "source_url": "https://www.miamibeachfl.gov/city-hall/parking/",
        "api_url": "https://gis.miamibeachfl.gov/public/rest/services/mb/Parking/FeatureServer/1/query?where=1%3D1&outFields=*&f=geojson&outSR=4326&resultRecordCount=1000&resultOffset=0",
        "evidence_url": "https://gis.miamibeachfl.gov/public/rest/services/mb/Parking/FeatureServer/1/query?where=1%3D1&outFields=*&f=geojson&outSR=4326&resultRecordCount=1000&resultOffset=0",
        "data_as_of": "2026-06-12",
        "existence_status": "confirmed",
        "price_status": "known_unpriced",
        "rule_status": "partial",
        "enrichment_status": "needs_price",
        "payment_url": "",
        "booking_url": "",
        "raw_properties": {
          "OBJECTID": 266,
          "NUMBER": "1101N01",
          "BRAND": "DPT",
          "ZONE": "7A",
          "STATUS": 5,
          "created_user": null,
          "created_date": null,
          "last_edited_user": null,
          "last_edited_date": null
        }
      }
    },
    {
      "type": "Feature",
      "id": 267,
      "geometry": {
        "type": "Point",
        "coordinates": [
          -80.13098741888435,
          25.781662760450562
        ]
      },
      "properties": {
        "OBJECTID": 267,
        "NUMBER": "1101S02",
        "BRAND": "DPT",
        "ZONE": "7A",
        "STATUS": 5,
        "created_user": null,
        "created_date": null,
        "last_edited_user": null,
        "last_edited_date": null,
        "source_id": "miami-beach:arcgis:meters:267",
        "source_name": "City of Miami Beach Parking GIS",
        "name": "Parking Meters 267",
        "facility_type": "parking_zone",
        "city": "Miami Beach",
        "state": "FL",
        "operator": "City of Miami Beach Parking Department",
        "access": "public",
        "fee": "unknown",
        "charge": "unknown",
        "capacity": null,
        "confidence": 0.9,
        "last_verified_source": "City of Miami Beach Parking GIS",
        "source_url": "https://www.miamibeachfl.gov/city-hall/parking/",
        "api_url": "https://gis.miamibeachfl.gov/public/rest/services/mb/Parking/FeatureServer/1/query?where=1%3D1&outFields=*&f=geojson&outSR=4326&resultRecordCount=1000&resultOffset=0",
        "evidence_url": "https://gis.miamibeachfl.gov/public/rest/services/mb/Parking/FeatureServer/1/query?where=1%3D1&outFields=*&f=geojson&outSR=4326&resultRecordCount=1000&resultOffset=0",
        "data_as_of": "2026-06-12",
        "existence_status": "confirmed",
        "price_status": "known_unpriced",
        "rule_status": "partial",
        "enrichment_status": "needs_price",
        "payment_url": "",
        "booking_url": "",
        "raw_properties": {
          "OBJECTID": 267,
          "NUMBER": "1101S02",
          "BRAND": "DPT",
          "ZONE": "7A",
          "STATUS": 5,
          "created_user": null,
          "created_date": null,
          "last_edited_user": null,
          "last_edited_date": null
        }
      }
    },
    {
      "type": "Feature",
      "id": 268,
      "geometry": {
        "type": "Point",
        "coordinates": [
          -80.14447510620747,
          25.79318471018532
        ]
      },
      "properties": {
        "OBJECTID": 268,
        "NUMBER": "P046004",
        "BRAND": "DPT",
        "ZONE": "P46",
        "STATUS": 5,
        "created_user": null,
        "created_date": null,
        "last_edited_user": null,
        "last_edited_date": null,
        "source_id": "miami-beach:arcgis:meters:268",
        "source_name": "City of Miami Beach Parking GIS",
        "name": "Parking Meters 268",
        "facility_type": "parking_zone",
        "city": "Miami Beach",
        "state": "FL",
        "operator": "City of Miami Beach Parking Department",
        "access": "public",
        "fee": "unknown",
        "charge": "unknown",
        "capacity": null,
        "confidence": 0.9,
        "last_verified_source": "City of Miami Beach Parking GIS",
        "source_url": "https://www.miamibeachfl.gov/city-hall/parking/",
        "api_url": "https://gis.miamibeachfl.gov/public/rest/services/mb/Parking/FeatureServer/1/query?where=1%3D1&outFields=*&f=geojson&outSR=4326&resultRecordCount=1000&resultOffset=0",
        "evidence_url": "https://gis.miamibeachfl.gov/public/rest/services/mb/Parking/FeatureServer/1/query?where=1%3D1&outFields=*&f=geojson&outSR=4326&resultRecordCount=1000&resultOffset=0",
        "data_as_of": "2026-06-12",
        "existence_status": "confirmed",
        "price_status": "known_unpriced",
        "rule_status": "partial",
        "enrichment_status": "needs_price",
        "payment_url": "",
        "booking_url": "",
        "raw_properties": {
          "OBJECTID": 268,
          "NUMBER": "P046004",
          "BRAND": "DPT",
          "ZONE": "P46",
          "STATUS": 5,
          "created_user": null,
          "created_date": null,
          "last_edited_user": null,
          "last_edited_date": null
        }
      }
    },
    {
      "type": "Feature",
      "id": 269,
      "geometry": {
        "type": "Point",
        "coordinates": [
          -80.14446891280792,
          25.792760402668947
        ]
      },
      "properties": {
        "OBJECTID": 269,
        "NUMBER": "P046003",
        "BRAND": "DPT",
        "ZONE": "P46",
        "STATUS": 5,
        "created_user": null,
        "created_date": null,
        "last_edited_user": null,
        "last_edited_date": null,
        "source_id": "miami-beach:arcgis:meters:269",
        "source_name": "City of Miami Beach Parking GIS",
        "name": "Parking Meters 269",
        "facility_type": "parking_zone",
        "city": "Miami Beach",
        "state": "FL",
        "operator": "City of Miami Beach Parking Department",
        "access": "public",
        "fee": "unknown",
        "charge": "unknown",
        "capacity": null,
        "confidence": 0.9,
        "last_verified_source": "City of Miami Beach Parking GIS",
        "source_url": "https://www.miamibeachfl.gov/city-hall/parking/",
        "api_url": "https://gis.miamibeachfl.gov/public/rest/services/mb/Parking/FeatureServer/1/query?where=1%3D1&outFields=*&f=geojson&outSR=4326&resultRecordCount=1000&resultOffset=0",
        "evidence_url": "https://gis.miamibeachfl.gov/public/rest/services/mb/Parking/FeatureServer/1/query?where=1%3D1&outFields=*&f=geojson&outSR=4326&resultRecordCount=1000&resultOffset=0",
        "data_as_of": "2026-06-12",
        "existence_status": "confirmed",
        "price_status": "known_unpriced",
        "rule_status": "partial",
        "enrichment_status": "needs_price",
        "payment_url": "",
        "booking_url": "",
        "raw_properties": {
          "OBJECTID": 269,
          "NUMBER": "P046003",
          "BRAND": "DPT",
          "ZONE": "P46",
          "STATUS": 5,
          "created_user": null,
          "created_date": null,
          "last_edited_user": null,
          "last_edited_date": null
        }
      }
    },
    {
      "type": "Feature",
      "id": 270,
      "geometry": {
        "type": "Point",
        "coordinates": [
          -80.14384989468455,
          25.794510464994516
        ]
      },
      "properties": {
        "OBJECTID": 270,
        "NUMBER": "BR19W02",
        "BRAND": "DPT",
        "ZONE": "4B",
        "STATUS": 5,
        "created_user": null,
        "created_date": null,
        "last_edited_user": null,
        "last_edited_date": null,
        "source_id": "miami-beach:arcgis:meters:270",
        "source_name": "City of Miami Beach Parking GIS",
        "name": "Parking Meters 270",
        "facility_type": "parking_zone",
        "city": "Miami Beach",
        "state": "FL",
        "operator": "City of Miami Beach Parking Department",
        "access": "public",
        "fee": "unknown",
        "charge": "unknown",
        "capacity": null,
        "confidence": 0.9,
        "last_verified_source": "City of Miami Beach Parking GIS",
        "source_url": "https://www.miamibeachfl.gov/city-hall/parking/",
        "api_url": "https://gis.miamibeachfl.gov/public/rest/services/mb/Parking/FeatureServer/1/query?where=1%3D1&outFields=*&f=geojson&outSR=4326&resultRecordCount=1000&resultOffset=0",
        "evidence_url": "https://gis.miamibeachfl.gov/public/rest/services/mb/Parking/FeatureServer/1/query?where=1%3D1&outFields=*&f=geojson&outSR=4326&resultRecordCount=1000&resultOffset=0",
        "data_as_of": "2026-06-12",
        "existence_status": "confirmed",
        "price_status": "known_unpriced",
        "rule_status": "partial",
        "enrichment_status": "needs_price",
        "payment_url": "",
        "booking_url": "",
        "raw_properties": {
          "OBJECTID": 270,
          "NUMBER": "BR19W02",
          "BRAND": "DPT",
          "ZONE": "4B",
          "STATUS": 5,
          "created_user": null,
          "created_date": null,
          "last_edited_user": null,
          "last_edited_date": null
        }
      }
    },
    {
      "type": "Feature",
      "id": 271,
      "geometry": {
        "type": "Point",
        "coordinates": [
          -80.12948423716563,
          25.79669348192507
        ]
      },
      "properties": {
        "OBJECTID": 271,
        "NUMBER": "2102N01",
        "BRAND": "DPT",
        "ZONE": "6X",
        "STATUS": 5,
        "created_user": null,
        "created_date": null,
        "last_edited_user": null,
        "last_edited_date": null,
        "source_id": "miami-beach:arcgis:meters:271",
        "source_name": "City of Miami Beach Parking GIS",
        "name": "Parking Meters 271",
        "facility_type": "parking_zone",
        "city": "Miami Beach",
        "state": "FL",
        "operator": "City of Miami Beach Parking Department",
        "access": "public",
        "fee": "unknown",
        "charge": "unknown",
        "capacity": null,
        "confidence": 0.9,
        "last_verified_source": "City of Miami Beach Parking GIS",
        "source_url": "https://www.miamibeachfl.gov/city-hall/parking/",
        "api_url": "https://gis.miamibeachfl.gov/public/rest/services/mb/Parking/FeatureServer/1/query?where=1%3D1&outFields=*&f=geojson&outSR=4326&resultRecordCount=1000&resultOffset=0",
        "evidence_url": "https://gis.miamibeachfl.gov/public/rest/services/mb/Parking/FeatureServer/1/query?where=1%3D1&outFields=*&f=geojson&outSR=4326&resultRecordCount=1000&resultOffset=0",
        "data_as_of": "2026-06-12",
        "existence_status": "confirmed",
        "price_status": "known_unpriced",
        "rule_status": "partial",
        "enrichment_status": "needs_price",
        "payment_url": "",
        "booking_url": "",
        "raw_properties": {
          "OBJECTID": 271,
          "NUMBER": "2102N01",
          "BRAND": "DPT",
          "ZONE": "6X",
          "STATUS": 5,
          "created_user": null,
          "created_date": null,
          "last_edited_user": null,
          "last_edited_date": null
        }
      }
    },
    {
      "type": "Feature",
      "id": 272,
      "geometry": {
        "type": "Point",
        "coordinates": [
          -80.13017847298828,
          25.796914434200943
        ]
      },
      "properties": {
        "OBJECTID": 272,
        "NUMBER": "2103N01",
        "BRAND": "DPT",
        "ZONE": "6X",
        "STATUS": 5,
        "created_user": null,
        "created_date": null,
        "last_edited_user": null,
        "last_edited_date": null,
        "source_id": "miami-beach:arcgis:meters:272",
        "source_name": "City of Miami Beach Parking GIS",
        "name": "Parking Meters 272",
        "facility_type": "parking_zone",
        "city": "Miami Beach",
        "state": "FL",
        "operator": "City of Miami Beach Parking Department",
        "access": "public",
        "fee": "unknown",
        "charge": "unknown",
        "capacity": null,
        "confidence": 0.9,
        "last_verified_source": "City of Miami Beach Parking GIS",
        "source_url": "https://www.miamibeachfl.gov/city-hall/parking/",
        "api_url": "https://gis.miamibeachfl.gov/public/rest/services/mb/Parking/FeatureServer/1/query?where=1%3D1&outFields=*&f=geojson&outSR=4326&resultRecordCount=1000&resultOffset=0",
        "evidence_url": "https://gis.miamibeachfl.gov/public/rest/services/mb/Parking/FeatureServer/1/query?where=1%3D1&outFields=*&f=geojson&outSR=4326&resultRecordCount=1000&resultOffset=0",
        "data_as_of": "2026-06-12",
        "existence_status": "confirmed",
        "price_status": "known_unpriced",
        "rule_status": "partial",
        "enrichment_status": "needs_price",
        "payment_url": "",
        "booking_url": "",
        "raw_properties": {
          "OBJECTID": 272,
          "NUMBER": "2103N01",
          "BRAND": "DPT",
          "ZONE": "6X",
          "STATUS": 5,
          "created_user": null,
          "created_date": null,
          "last_edited_user": null,
          "last_edited_date": null
        }
      }
    },
    {
      "type": "Feature",
      "id": 273,
      "geometry": {
        "type": "Point",
        "coordinates": [
          -80.13055486846096,
          25.79731941261052
        ]
      },
      "properties": {
        "OBJECTID": 273,
        "NUMBER": "PK21E01",
        "BRAND": "DPT",
        "ZONE": "6X",
        "STATUS": 5,
        "created_user": null,
        "created_date": null,
        "last_edited_user": null,
        "last_edited_date": null,
        "source_id": "miami-beach:arcgis:meters:273",
        "source_name": "City of Miami Beach Parking GIS",
        "name": "Parking Meters 273",
        "facility_type": "parking_zone",
        "city": "Miami Beach",
        "state": "FL",
        "operator": "City of Miami Beach Parking Department",
        "access": "public",
        "fee": "unknown",
        "charge": "unknown",
        "capacity": null,
        "confidence": 0.9,
        "last_verified_source": "City of Miami Beach Parking GIS",
        "source_url": "https://www.miamibeachfl.gov/city-hall/parking/",
        "api_url": "https://gis.miamibeachfl.gov/public/rest/services/mb/Parking/FeatureServer/1/query?where=1%3D1&outFields=*&f=geojson&outSR=4326&resultRecordCount=1000&resultOffset=0",
        "evidence_url": "https://gis.miamibeachfl.gov/public/rest/services/mb/Parking/FeatureServer/1/query?where=1%3D1&outFields=*&f=geojson&outSR=4326&resultRecordCount=1000&resultOffset=0",
        "data_as_of": "2026-06-12",
        "existence_status": "confirmed",
        "price_status": "known_unpriced",
        "rule_status": "partial",
        "enrichment_status": "needs_price",
        "payment_url": "",
        "booking_url": "",
        "raw_properties": {
          "OBJECTID": 273,
          "NUMBER": "PK21E01",
          "BRAND": "DPT",
          "ZONE": "6X",
          "STATUS": 5,
          "created_user": null,
          "created_date": null,
          "last_edited_user": null,
          "last_edited_date": null
        }
      }
    },
    {
      "type": "Feature",
      "id": 274,
      "geometry": {
        "type": "Point",
        "coordinates": [
          -80.12875421849942,
          25.798482427769176
        ]
      },
      "properties": {
        "OBJECTID": 274,
        "NUMBER": "P051001",
        "BRAND": "DPT",
        "ZONE": "P51",
        "STATUS": 5,
        "created_user": null,
        "created_date": null,
        "last_edited_user": null,
        "last_edited_date": null,
        "source_id": "miami-beach:arcgis:meters:274",
        "source_name": "City of Miami Beach Parking GIS",
        "name": "Parking Meters 274",
        "facility_type": "parking_zone",
        "city": "Miami Beach",
        "state": "FL",
        "operator": "City of Miami Beach Parking Department",
        "access": "public",
        "fee": "unknown",
        "charge": "unknown",
        "capacity": null,
        "confidence": 0.9,
        "last_verified_source": "City of Miami Beach Parking GIS",
        "source_url": "https://www.miamibeachfl.gov/city-hall/parking/",
        "api_url": "https://gis.miamibeachfl.gov/public/rest/services/mb/Parking/FeatureServer/1/query?where=1%3D1&outFields=*&f=geojson&outSR=4326&resultRecordCount=1000&resultOffset=0",
        "evidence_url": "https://gis.miamibeachfl.gov/public/rest/services/mb/Parking/FeatureServer/1/query?where=1%3D1&outFields=*&f=geojson&outSR=4326&resultRecordCount=1000&resultOffset=0",
        "data_as_of": "2026-06-12",
        "existence_status": "confirmed",
        "price_status": "known_unpriced",
        "rule_status": "partial",
        "enrichment_status": "needs_price",
        "payment_url": "",
        "booking_url": "",
        "raw_properties": {
          "OBJECTID": 274,
          "NUMBER": "P051001",
          "BRAND": "DPT",
          "ZONE": "P51",
          "STATUS": 5,
          "created_user": null,
          "created_date": null,
          "last_edited_user": null,
          "last_edited_date": null
        }
      }
    },
    {
      "type": "Feature",
      "id": 275,
      "geometry": {
        "type": "Point",
        "coordinates": [
          -80.12978950801512,
          25.798110495388656
        ]
      },
      "properties": {
        "OBJECTID": 275,
        "NUMBER": "2203N01",
        "BRAND": "DPT",
        "ZONE": "6X",
        "STATUS": 4,
        "created_user": null,
        "created_date": null,
        "last_edited_user": null,
        "last_edited_date": null,
        "source_id": "miami-beach:arcgis:meters:275",
        "source_name": "City of Miami Beach Parking GIS",
        "name": "Parking Meters 275",
        "facility_type": "parking_zone",
        "city": "Miami Beach",
        "state": "FL",
        "operator": "City of Miami Beach Parking Department",
        "access": "public",
        "fee": "unknown",
        "charge": "unknown",
        "capacity": null,
        "confidence": 0.9,
        "last_verified_source": "City of Miami Beach Parking GIS",
        "source_url": "https://www.miamibeachfl.gov/city-hall/parking/",
        "api_url": "https://gis.miamibeachfl.gov/public/rest/services/mb/Parking/FeatureServer/1/query?where=1%3D1&outFields=*&f=geojson&outSR=4326&resultRecordCount=1000&resultOffset=0",
        "evidence_url": "https://gis.miamibeachfl.gov/public/rest/services/mb/Parking/FeatureServer/1/query?where=1%3D1&outFields=*&f=geojson&outSR=4326&resultRecordCount=1000&resultOffset=0",
        "data_as_of": "2026-06-12",
        "existence_status": "confirmed",
        "price_status": "known_unpriced",
        "rule_status": "partial",
        "enrichment_status": "needs_price",
        "payment_url": "",
        "booking_url": "",
        "raw_properties": {
          "OBJECTID": 275,
          "NUMBER": "2203N01",
          "BRAND": "DPT",
          "ZONE": "6X",
          "STATUS": 4,
          "created_user": null,
          "created_date": null,
          "last_edited_user": null,
          "last_edited_date": null
        }
      }
    },
    {
      "type": "Feature",
      "id": 276,
      "geometry": {
        "type": "Point",
        "coordinates": [
          -80.13763072004893,
          25.791563033934175
        ]
      },
      "properties": {
        "OBJECTID": 276,
        "NUMBER": "JF16E03",
        "BRAND": "DPT",
        "ZONE": "4X",
        "STATUS": 5,
        "created_user": null,
        "created_date": null,
        "last_edited_user": null,
        "last_edited_date": null,
        "source_id": "miami-beach:arcgis:meters:276",
        "source_name": "City of Miami Beach Parking GIS",
        "name": "Parking Meters 276",
        "facility_type": "parking_zone",
        "city": "Miami Beach",
        "state": "FL",
        "operator": "City of Miami Beach Parking Department",
        "access": "public",
        "fee": "unknown",
        "charge": "unknown",
        "capacity": null,
        "confidence": 0.9,
        "last_verified_source": "City of Miami Beach Parking GIS",
        "source_url": "https://www.miamibeachfl.gov/city-hall/parking/",
        "api_url": "https://gis.miamibeachfl.gov/public/rest/services/mb/Parking/FeatureServer/1/query?where=1%3D1&outFields=*&f=geojson&outSR=4326&resultRecordCount=1000&resultOffset=0",
        "evidence_url": "https://gis.miamibeachfl.gov/public/rest/services/mb/Parking/FeatureServer/1/query?where=1%3D1&outFields=*&f=geojson&outSR=4326&resultRecordCount=1000&resultOffset=0",
        "data_as_of": "2026-06-12",
        "existence_status": "confirmed",
        "price_status": "known_unpriced",
        "rule_status": "partial",
        "enrichment_status": "needs_price",
        "payment_url": "",
        "booking_url": "",
        "raw_properties": {
          "OBJECTID": 276,
          "NUMBER": "JF16E03",
          "BRAND": "DPT",
          "ZONE": "4X",
          "STATUS": 5,
          "created_user": null,
          "created_date": null,
          "last_edited_user": null,
          "last_edited_date": null
        }
      }
    },
    {
      "type": "Feature",
      "id": 277,
      "geometry": {
        "type": "Point",
        "coordinates": [
          -80.13556995524873,
          25.812327868243838
        ]
      },
      "properties": {
        "OBJECTID": 277,
        "NUMBER": null,
        "BRAND": null,
        "ZONE": null,
        "STATUS": 5,
        "created_user": null,
        "created_date": null,
        "last_edited_user": null,
        "last_edited_date": null,
        "source_id": "miami-beach:arcgis:meters:277",
        "source_name": "City of Miami Beach Parking GIS",
        "name": "Parking Meters 277",
        "facility_type": "parking_zone",
        "city": "Miami Beach",
        "state": "FL",
        "operator": "City of Miami Beach Parking Department",
        "access": "public",
        "fee": "unknown",
        "charge": "unknown",
        "capacity": null,
        "confidence": 0.9,
        "last_verified_source": "City of Miami Beach Parking GIS",
        "source_url": "https://www.miamibeachfl.gov/city-hall/parking/",
        "api_url": "https://gis.miamibeachfl.gov/public/rest/services/mb/Parking/FeatureServer/1/query?where=1%3D1&outFields=*&f=geojson&outSR=4326&resultRecordCount=1000&resultOffset=0",
        "evidence_url": "https://gis.miamibeachfl.gov/public/rest/services/mb/Parking/FeatureServer/1/query?where=1%3D1&outFields=*&f=geojson&outSR=4326&resultRecordCount=1000&resultOffset=0",
        "data_as_of": "2026-06-12",
        "existence_status": "confirmed",
        "price_status": "known_unpriced",
        "rule_status": "partial",
        "enrichment_status": "needs_price",
        "payment_url": "",
        "booking_url": "",
        "raw_properties": {
          "OBJECTID": 277,
          "NUMBER": null,
          "BRAND": null,
          "ZONE": null,
          "STATUS": 5,
          "created_user": null,
          "created_date": null,
          "last_edited_user": null,
          "last_edited_date": null
        }
      }
    },
    {
      "type": "Feature",
      "id": 278,
      "geometry": {
        "type": "Point",
        "coordinates": [
          -80.13589666341157,
          25.81378783246557
        ]
      },
      "properties": {
        "OBJECTID": 278,
        "NUMBER": null,
        "BRAND": null,
        "ZONE": null,
        "STATUS": 5,
        "created_user": null,
        "created_date": null,
        "last_edited_user": null,
        "last_edited_date": null,
        "source_id": "miami-beach:arcgis:meters:278",
        "source_name": "City of Miami Beach Parking GIS",
        "name": "Parking Meters 278",
        "facility_type": "parking_zone",
        "city": "Miami Beach",
        "state": "FL",
        "operator": "City of Miami Beach Parking Department",
        "access": "public",
        "fee": "unknown",
        "charge": "unknown",
        "capacity": null,
        "confidence": 0.9,
        "last_verified_source": "City of Miami Beach Parking GIS",
        "source_url": "https://www.miamibeachfl.gov/city-hall/parking/",
        "api_url": "https://gis.miamibeachfl.gov/public/rest/services/mb/Parking/FeatureServer/1/query?where=1%3D1&outFields=*&f=geojson&outSR=4326&resultRecordCount=1000&resultOffset=0",
        "evidence_url": "https://gis.miamibeachfl.gov/public/rest/services/mb/Parking/FeatureServer/1/query?where=1%3D1&outFields=*&f=geojson&outSR=4326&resultRecordCount=1000&resultOffset=0",
        "data_as_of": "2026-06-12",
        "existence_status": "confirmed",
        "price_status": "known_unpriced",
        "rule_status": "partial",
        "enrichment_status": "needs_price",
        "payment_url": "",
        "booking_url": "",
        "raw_properties": {
          "OBJECTID": 278,
          "NUMBER": null,
          "BRAND": null,
          "ZONE": null,
          "STATUS": 5,
          "created_user": null,
          "created_date": null,
          "last_edited_user": null,
          "last_edited_date": null
        }
      }
    },
    {
      "type": "Feature",
      "id": 279,
      "geometry": {
        "type": "Point",
        "coordinates": [
          -80.13596590163401,
          25.81352027289214
        ]
      },
      "properties": {
        "OBJECTID": 279,
        "NUMBER": null,
        "BRAND": null,
        "ZONE": null,
        "STATUS": 5,
        "created_user": null,
        "created_date": null,
        "last_edited_user": null,
        "last_edited_date": null,
        "source_id": "miami-beach:arcgis:meters:279",
        "source_name": "City of Miami Beach Parking GIS",
        "name": "Parking Meters 279",
        "facility_type": "parking_zone",
        "city": "Miami Beach",
        "state": "FL",
        "operator": "City of Miami Beach Parking Department",
        "access": "public",
        "fee": "unknown",
        "charge": "unknown",
        "capacity": null,
        "confidence": 0.9,
        "last_verified_source": "City of Miami Beach Parking GIS",
        "source_url": "https://www.miamibeachfl.gov/city-hall/parking/",
        "api_url": "https://gis.miamibeachfl.gov/public/rest/services/mb/Parking/FeatureServer/1/query?where=1%3D1&outFields=*&f=geojson&outSR=4326&resultRecordCount=1000&resultOffset=0",
        "evidence_url": "https://gis.miamibeachfl.gov/public/rest/services/mb/Parking/FeatureServer/1/query?where=1%3D1&outFields=*&f=geojson&outSR=4326&resultRecordCount=1000&resultOffset=0",
        "data_as_of": "2026-06-12",
        "existence_status": "confirmed",
        "price_status": "known_unpriced",
        "rule_status": "partial",
        "enrichment_status": "needs_price",
        "payment_url": "",
        "booking_url": "",
        "raw_properties": {
          "OBJECTID": 279,
          "NUMBER": null,
          "BRAND": null,
          "ZONE": null,
          "STATUS": 5,
          "created_user": null,
          "created_date": null,
          "last_edited_user": null,
          "last_edited_date": null
        }
      }
    },
    {
      "type": "Feature",
      "id": 280,
      "geometry": {
        "type": "Point",
        "coordinates": [
          -80.12449863055502,
          25.807373591536635
        ]
      },
      "properties": {
        "OBJECTID": 280,
        "NUMBER": null,
        "BRAND": null,
        "ZONE": null,
        "STATUS": 4,
        "created_user": null,
        "created_date": null,
        "last_edited_user": null,
        "last_edited_date": null,
        "source_id": "miami-beach:arcgis:meters:280",
        "source_name": "City of Miami Beach Parking GIS",
        "name": "Parking Meters 280",
        "facility_type": "parking_zone",
        "city": "Miami Beach",
        "state": "FL",
        "operator": "City of Miami Beach Parking Department",
        "access": "public",
        "fee": "unknown",
        "charge": "unknown",
        "capacity": null,
        "confidence": 0.9,
        "last_verified_source": "City of Miami Beach Parking GIS",
        "source_url": "https://www.miamibeachfl.gov/city-hall/parking/",
        "api_url": "https://gis.miamibeachfl.gov/public/rest/services/mb/Parking/FeatureServer/1/query?where=1%3D1&outFields=*&f=geojson&outSR=4326&resultRecordCount=1000&resultOffset=0",
        "evidence_url": "https://gis.miamibeachfl.gov/public/rest/services/mb/Parking/FeatureServer/1/query?where=1%3D1&outFields=*&f=geojson&outSR=4326&resultRecordCount=1000&resultOffset=0",
        "data_as_of": "2026-06-12",
        "existence_status": "confirmed",
        "price_status": "known_unpriced",
        "rule_status": "partial",
        "enrichment_status": "needs_price",
        "payment_url": "",
        "booking_url": "",
        "raw_properties": {
          "OBJECTID": 280,
          "NUMBER": null,
          "BRAND": null,
          "ZONE": null,
          "STATUS": 4,
          "created_user": null,
          "created_date": null,
          "last_edited_user": null,
          "last_edited_date": null
        }
      }
    },
    {
      "type": "Feature",
      "id": 281,
      "geometry": {
        "type": "Point",
        "coordinates": [
          -80.12409290269747,
          25.808434942366347
        ]
      },
      "properties": {
        "OBJECTID": 281,
        "NUMBER": null,
        "BRAND": null,
        "ZONE": null,
        "STATUS": 4,
        "created_user": null,
        "created_date": null,
        "last_edited_user": null,
        "last_edited_date": null,
        "source_id": "miami-beach:arcgis:meters:281",
        "source_name": "City of Miami Beach Parking GIS",
        "name": "Parking Meters 281",
        "facility_type": "parking_zone",
        "city": "Miami Beach",
        "state": "FL",
        "operator": "City of Miami Beach Parking Department",
        "access": "public",
        "fee": "unknown",
        "charge": "unknown",
        "capacity": null,
        "confidence": 0.9,
        "last_verified_source": "City of Miami Beach Parking GIS",
        "source_url": "https://www.miamibeachfl.gov/city-hall/parking/",
        "api_url": "https://gis.miamibeachfl.gov/public/rest/services/mb/Parking/FeatureServer/1/query?where=1%3D1&outFields=*&f=geojson&outSR=4326&resultRecordCount=1000&resultOffset=0",
        "evidence_url": "https://gis.miamibeachfl.gov/public/rest/services/mb/Parking/FeatureServer/1/query?where=1%3D1&outFields=*&f=geojson&outSR=4326&resultRecordCount=1000&resultOffset=0",
        "data_as_of": "2026-06-12",
        "existence_status": "confirmed",
        "price_status": "known_unpriced",
        "rule_status": "partial",
        "enrichment_status": "needs_price",
        "payment_url": "",
        "booking_url": "",
        "raw_properties": {
          "OBJECTID": 281,
          "NUMBER": null,
          "BRAND": null,
          "ZONE": null,
          "STATUS": 4,
          "created_user": null,
          "created_date": null,
          "last_edited_user": null,
          "last_edited_date": null
        }
      }
    },
    {
      "type": "Feature",
      "id": 282,
      "geometry": {
        "type": "Point",
        "coordinates": [
          -80.12985941182576,
          25.79800199181685
        ]
      },
      "properties": {
        "OBJECTID": 282,
        "NUMBER": "2203S02",
        "BRAND": "DPT",
        "ZONE": "6X",
        "STATUS": 5,
        "created_user": null,
        "created_date": null,
        "last_edited_user": null,
        "last_edited_date": null,
        "source_id": "miami-beach:arcgis:meters:282",
        "source_name": "City of Miami Beach Parking GIS",
        "name": "Parking Meters 282",
        "facility_type": "parking_zone",
        "city": "Miami Beach",
        "state": "FL",
        "operator": "City of Miami Beach Parking Department",
        "access": "public",
        "fee": "unknown",
        "charge": "unknown",
        "capacity": null,
        "confidence": 0.9,
        "last_verified_source": "City of Miami Beach Parking GIS",
        "source_url": "https://www.miamibeachfl.gov/city-hall/parking/",
        "api_url": "https://gis.miamibeachfl.gov/public/rest/services/mb/Parking/FeatureServer/1/query?where=1%3D1&outFields=*&f=geojson&outSR=4326&resultRecordCount=1000&resultOffset=0",
        "evidence_url": "https://gis.miamibeachfl.gov/public/rest/services/mb/Parking/FeatureServer/1/query?where=1%3D1&outFields=*&f=geojson&outSR=4326&resultRecordCount=1000&resultOffset=0",
        "data_as_of": "2026-06-12",
        "existence_status": "confirmed",
        "price_status": "known_unpriced",
        "rule_status": "partial",
        "enrichment_status": "needs_price",
        "payment_url": "",
        "booking_url": "",
        "raw_properties": {
          "OBJECTID": 282,
          "NUMBER": "2203S02",
          "BRAND": "DPT",
          "ZONE": "6X",
          "STATUS": 5,
          "created_user": null,
          "created_date": null,
          "last_edited_user": null,
          "last_edited_date": null
        }
      }
    },
    {
      "type": "Feature",
      "id": 283,
      "geometry": {
        "type": "Point",
        "coordinates": [
          -80.12897660581766,
          25.79768298218551
        ]
      },
      "properties": {
        "OBJECTID": 283,
        "NUMBER": "2202S02",
        "BRAND": "DPT",
        "ZONE": "6X",
        "STATUS": 5,
        "created_user": null,
        "created_date": null,
        "last_edited_user": null,
        "last_edited_date": null,
        "source_id": "miami-beach:arcgis:meters:283",
        "source_name": "City of Miami Beach Parking GIS",
        "name": "Parking Meters 283",
        "facility_type": "parking_zone",
        "city": "Miami Beach",
        "state": "FL",
        "operator": "City of Miami Beach Parking Department",
        "access": "public",
        "fee": "unknown",
        "charge": "unknown",
        "capacity": null,
        "confidence": 0.9,
        "last_verified_source": "City of Miami Beach Parking GIS",
        "source_url": "https://www.miamibeachfl.gov/city-hall/parking/",
        "api_url": "https://gis.miamibeachfl.gov/public/rest/services/mb/Parking/FeatureServer/1/query?where=1%3D1&outFields=*&f=geojson&outSR=4326&resultRecordCount=1000&resultOffset=0",
        "evidence_url": "https://gis.miamibeachfl.gov/public/rest/services/mb/Parking/FeatureServer/1/query?where=1%3D1&outFields=*&f=geojson&outSR=4326&resultRecordCount=1000&resultOffset=0",
        "data_as_of": "2026-06-12",
        "existence_status": "confirmed",
        "price_status": "known_unpriced",
        "rule_status": "partial",
        "enrichment_status": "needs_price",
        "payment_url": "",
        "booking_url": "",
        "raw_properties": {
          "OBJECTID": 283,
          "NUMBER": "2202S02",
          "BRAND": "DPT",
          "ZONE": "6X",
          "STATUS": 5,
          "created_user": null,
          "created_date": null,
          "last_edited_user": null,
          "last_edited_date": null
        }
      }
    },
    {
      "type": "Feature",
      "id": 284,
      "geometry": {
        "type": "Point",
        "coordinates": [
          -80.12889500656719,
          25.797811444342937
        ]
      },
      "properties": {
        "OBJECTID": 284,
        "NUMBER": "2202N01",
        "BRAND": "DPT",
        "ZONE": "6X",
        "STATUS": null,
        "created_user": null,
        "created_date": null,
        "last_edited_user": null,
        "last_edited_date": null,
        "source_id": "miami-beach:arcgis:meters:284",
        "source_name": "City of Miami Beach Parking GIS",
        "name": "Parking Meters 284",
        "facility_type": "parking_zone",
        "city": "Miami Beach",
        "state": "FL",
        "operator": "City of Miami Beach Parking Department",
        "access": "public",
        "fee": "unknown",
        "charge": "unknown",
        "capacity": null,
        "confidence": 0.9,
        "last_verified_source": "City of Miami Beach Parking GIS",
        "source_url": "https://www.miamibeachfl.gov/city-hall/parking/",
        "api_url": "https://gis.miamibeachfl.gov/public/rest/services/mb/Parking/FeatureServer/1/query?where=1%3D1&outFields=*&f=geojson&outSR=4326&resultRecordCount=1000&resultOffset=0",
        "evidence_url": "https://gis.miamibeachfl.gov/public/rest/services/mb/Parking/FeatureServer/1/query?where=1%3D1&outFields=*&f=geojson&outSR=4326&resultRecordCount=1000&resultOffset=0",
        "data_as_of": "2026-06-12",
        "existence_status": "confirmed",
        "price_status": "known_unpriced",
        "rule_status": "partial",
        "enrichment_status": "needs_price",
        "payment_url": "",
        "booking_url": "",
        "raw_properties": {
          "OBJECTID": 284,
          "NUMBER": "2202N01",
          "BRAND": "DPT",
          "ZONE": "6X",
          "STATUS": null,
          "created_user": null,
          "created_date": null,
          "last_edited_user": null,
          "last_edited_date": null
        }
      }
    },
    {
      "type": "Feature",
      "id": 285,
      "geometry": {
        "type": "Point",
        "coordinates": [
          -80.13191784458145,
          25.855334422648518
        ]
      },
      "properties": {
        "OBJECTID": 285,
        "NUMBER": null,
        "BRAND": null,
        "ZONE": null,
        "STATUS": 5,
        "created_user": null,
        "created_date": null,
        "last_edited_user": null,
        "last_edited_date": null,
        "source_id": "miami-beach:arcgis:meters:285",
        "source_name": "City of Miami Beach Parking GIS",
        "name": "Parking Meters 285",
        "facility_type": "parking_zone",
        "city": "Miami Beach",
        "state": "FL",
        "operator": "City of Miami Beach Parking Department",
        "access": "public",
        "fee": "unknown",
        "charge": "unknown",
        "capacity": null,
        "confidence": 0.9,
        "last_verified_source": "City of Miami Beach Parking GIS",
        "source_url": "https://www.miamibeachfl.gov/city-hall/parking/",
        "api_url": "https://gis.miamibeachfl.gov/public/rest/services/mb/Parking/FeatureServer/1/query?where=1%3D1&outFields=*&f=geojson&outSR=4326&resultRecordCount=1000&resultOffset=0",
        "evidence_url": "https://gis.miamibeachfl.gov/public/rest/services/mb/Parking/FeatureServer/1/query?where=1%3D1&outFields=*&f=geojson&outSR=4326&resultRecordCount=1000&resultOffset=0",
        "data_as_of": "2026-06-12",
        "existence_status": "confirmed",
        "price_status": "known_unpriced",
        "rule_status": "partial",
        "enrichment_status": "needs_price",
        "payment_url": "",
        "booking_url": "",
        "raw_properties": {
          "OBJECTID": 285,
          "NUMBER": null,
          "BRAND": null,
          "ZONE": null,
          "STATUS": 5,
          "created_user": null,
          "created_date": null,
          "last_edited_user": null,
          "last_edited_date": null
        }
      }
    },
    {
      "type": "Feature",
      "id": 286,
      "geometry": {
        "type": "Point",
        "coordinates": [
          -80.13080694501876,
          25.85557021457378
        ]
      },
      "properties": {
        "OBJECTID": 286,
        "NUMBER": null,
        "BRAND": null,
        "ZONE": null,
        "STATUS": 5,
        "created_user": null,
        "created_date": null,
        "last_edited_user": null,
        "last_edited_date": null,
        "source_id": "miami-beach:arcgis:meters:286",
        "source_name": "City of Miami Beach Parking GIS",
        "name": "Parking Meters 286",
        "facility_type": "parking_zone",
        "city": "Miami Beach",
        "state": "FL",
        "operator": "City of Miami Beach Parking Department",
        "access": "public",
        "fee": "unknown",
        "charge": "unknown",
        "capacity": null,
        "confidence": 0.9,
        "last_verified_source": "City of Miami Beach Parking GIS",
        "source_url": "https://www.miamibeachfl.gov/city-hall/parking/",
        "api_url": "https://gis.miamibeachfl.gov/public/rest/services/mb/Parking/FeatureServer/1/query?where=1%3D1&outFields=*&f=geojson&outSR=4326&resultRecordCount=1000&resultOffset=0",
        "evidence_url": "https://gis.miamibeachfl.gov/public/rest/services/mb/Parking/FeatureServer/1/query?where=1%3D1&outFields=*&f=geojson&outSR=4326&resultRecordCount=1000&resultOffset=0",
        "data_as_of": "2026-06-12",
        "existence_status": "confirmed",
        "price_status": "known_unpriced",
        "rule_status": "partial",
        "enrichment_status": "needs_price",
        "payment_url": "",
        "booking_url": "",
        "raw_properties": {
          "OBJECTID": 286,
          "NUMBER": null,
          "BRAND": null,
          "ZONE": null,
          "STATUS": 5,
          "created_user": null,
          "created_date": null,
          "last_edited_user": null,
          "last_edited_date": null
        }
      }
    },
    {
      "type": "Feature",
      "id": 287,
      "geometry": {
        "type": "Point",
        "coordinates": [
          -80.1302415733404,
          25.855635141806385
        ]
      },
      "properties": {
        "OBJECTID": 287,
        "NUMBER": null,
        "BRAND": null,
        "ZONE": null,
        "STATUS": 5,
        "created_user": null,
        "created_date": null,
        "last_edited_user": null,
        "last_edited_date": null,
        "source_id": "miami-beach:arcgis:meters:287",
        "source_name": "City of Miami Beach Parking GIS",
        "name": "Parking Meters 287",
        "facility_type": "parking_zone",
        "city": "Miami Beach",
        "state": "FL",
        "operator": "City of Miami Beach Parking Department",
        "access": "public",
        "fee": "unknown",
        "charge": "unknown",
        "capacity": null,
        "confidence": 0.9,
        "last_verified_source": "City of Miami Beach Parking GIS",
        "source_url": "https://www.miamibeachfl.gov/city-hall/parking/",
        "api_url": "https://gis.miamibeachfl.gov/public/rest/services/mb/Parking/FeatureServer/1/query?where=1%3D1&outFields=*&f=geojson&outSR=4326&resultRecordCount=1000&resultOffset=0",
        "evidence_url": "https://gis.miamibeachfl.gov/public/rest/services/mb/Parking/FeatureServer/1/query?where=1%3D1&outFields=*&f=geojson&outSR=4326&resultRecordCount=1000&resultOffset=0",
        "data_as_of": "2026-06-12",
        "existence_status": "confirmed",
        "price_status": "known_unpriced",
        "rule_status": "partial",
        "enrichment_status": "needs_price",
        "payment_url": "",
        "booking_url": "",
        "raw_properties": {
          "OBJECTID": 287,
          "NUMBER": null,
          "BRAND": null,
          "ZONE": null,
          "STATUS": 5,
          "created_user": null,
          "created_date": null,
          "last_edited_user": null,
          "last_edited_date": null
        }
      }
    },
    {
      "type": "Feature",
      "id": 288,
      "geometry": {
        "type": "Point",
        "coordinates": [
          -80.13108363560372,
          25.855401157137194
        ]
      },
      "properties": {
        "OBJECTID": 288,
        "NUMBER": null,
        "BRAND": null,
        "ZONE": null,
        "STATUS": 4,
        "created_user": null,
        "created_date": null,
        "last_edited_user": null,
        "last_edited_date": null,
        "source_id": "miami-beach:arcgis:meters:288",
        "source_name": "City of Miami Beach Parking GIS",
        "name": "Parking Meters 288",
        "facility_type": "parking_zone",
        "city": "Miami Beach",
        "state": "FL",
        "operator": "City of Miami Beach Parking Department",
        "access": "public",
        "fee": "unknown",
        "charge": "unknown",
        "capacity": null,
        "confidence": 0.9,
        "last_verified_source": "City of Miami Beach Parking GIS",
        "source_url": "https://www.miamibeachfl.gov/city-hall/parking/",
        "api_url": "https://gis.miamibeachfl.gov/public/rest/services/mb/Parking/FeatureServer/1/query?where=1%3D1&outFields=*&f=geojson&outSR=4326&resultRecordCount=1000&resultOffset=0",
        "evidence_url": "https://gis.miamibeachfl.gov/public/rest/services/mb/Parking/FeatureServer/1/query?where=1%3D1&outFields=*&f=geojson&outSR=4326&resultRecordCount=1000&resultOffset=0",
        "data_as_of": "2026-06-12",
        "existence_status": "confirmed",
        "price_status": "known_unpriced",
        "rule_status": "partial",
        "enrichment_status": "needs_price",
        "payment_url": "",
        "booking_url": "",
        "raw_properties": {
          "OBJECTID": 288,
          "NUMBER": null,
          "BRAND": null,
          "ZONE": null,
          "STATUS": 4,
          "created_user": null,
          "created_date": null,
          "last_edited_user": null,
          "last_edited_date": null
        }
      }
    },
    {
      "type": "Feature",
      "id": 289,
      "geometry": {
        "type": "Point",
        "coordinates": [
          -80.131704606862,
          25.85507989717958
        ]
      },
      "properties": {
        "OBJECTID": 289,
        "NUMBER": null,
        "BRAND": null,
        "ZONE": null,
        "STATUS": 4,
        "created_user": null,
        "created_date": null,
        "last_edited_user": null,
        "last_edited_date": null,
        "source_id": "miami-beach:arcgis:meters:289",
        "source_name": "City of Miami Beach Parking GIS",
        "name": "Parking Meters 289",
        "facility_type": "parking_zone",
        "city": "Miami Beach",
        "state": "FL",
        "operator": "City of Miami Beach Parking Department",
        "access": "public",
        "fee": "unknown",
        "charge": "unknown",
        "capacity": null,
        "confidence": 0.9,
        "last_verified_source": "City of Miami Beach Parking GIS",
        "source_url": "https://www.miamibeachfl.gov/city-hall/parking/",
        "api_url": "https://gis.miamibeachfl.gov/public/rest/services/mb/Parking/FeatureServer/1/query?where=1%3D1&outFields=*&f=geojson&outSR=4326&resultRecordCount=1000&resultOffset=0",
        "evidence_url": "https://gis.miamibeachfl.gov/public/rest/services/mb/Parking/FeatureServer/1/query?where=1%3D1&outFields=*&f=geojson&outSR=4326&resultRecordCount=1000&resultOffset=0",
        "data_as_of": "2026-06-12",
        "existence_status": "confirmed",
        "price_status": "known_unpriced",
        "rule_status": "partial",
        "enrichment_status": "needs_price",
        "payment_url": "",
        "booking_url": "",
        "raw_properties": {
          "OBJECTID": 289,
          "NUMBER": null,
          "BRAND": null,
          "ZONE": null,
          "STATUS": 4,
          "created_user": null,
          "created_date": null,
          "last_edited_user": null,
          "last_edited_date": null
        }
      }
    },
    {
      "type": "Feature",
      "id": 290,
      "geometry": {
        "type": "Point",
        "coordinates": [
          -80.13126890844892,
          25.85500941818805
        ]
      },
      "properties": {
        "OBJECTID": 290,
        "NUMBER": null,
        "BRAND": null,
        "ZONE": null,
        "STATUS": 4,
        "created_user": null,
        "created_date": null,
        "last_edited_user": null,
        "last_edited_date": null,
        "source_id": "miami-beach:arcgis:meters:290",
        "source_name": "City of Miami Beach Parking GIS",
        "name": "Parking Meters 290",
        "facility_type": "parking_zone",
        "city": "Miami Beach",
        "state": "FL",
        "operator": "City of Miami Beach Parking Department",
        "access": "public",
        "fee": "unknown",
        "charge": "unknown",
        "capacity": null,
        "confidence": 0.9,
        "last_verified_source": "City of Miami Beach Parking GIS",
        "source_url": "https://www.miamibeachfl.gov/city-hall/parking/",
        "api_url": "https://gis.miamibeachfl.gov/public/rest/services/mb/Parking/FeatureServer/1/query?where=1%3D1&outFields=*&f=geojson&outSR=4326&resultRecordCount=1000&resultOffset=0",
        "evidence_url": "https://gis.miamibeachfl.gov/public/rest/services/mb/Parking/FeatureServer/1/query?where=1%3D1&outFields=*&f=geojson&outSR=4326&resultRecordCount=1000&resultOffset=0",
        "data_as_of": "2026-06-12",
        "existence_status": "confirmed",
        "price_status": "known_unpriced",
        "rule_status": "partial",
        "enrichment_status": "needs_price",
        "payment_url": "",
        "booking_url": "",
        "raw_properties": {
          "OBJECTID": 290,
          "NUMBER": null,
          "BRAND": null,
          "ZONE": null,
          "STATUS": 4,
          "created_user": null,
          "created_date": null,
          "last_edited_user": null,
          "last_edited_date": null
        }
      }
    },
    {
      "type": "Feature",
      "id": 291,
      "geometry": {
        "type": "Point",
        "coordinates": [
          -80.12922418061343,
          25.855246733368094
        ]
      },
      "properties": {
        "OBJECTID": 291,
        "NUMBER": null,
        "BRAND": null,
        "ZONE": null,
        "STATUS": 5,
        "created_user": null,
        "created_date": null,
        "last_edited_user": null,
        "last_edited_date": null,
        "source_id": "miami-beach:arcgis:meters:291",
        "source_name": "City of Miami Beach Parking GIS",
        "name": "Parking Meters 291",
        "facility_type": "parking_zone",
        "city": "Miami Beach",
        "state": "FL",
        "operator": "City of Miami Beach Parking Department",
        "access": "public",
        "fee": "unknown",
        "charge": "unknown",
        "capacity": null,
        "confidence": 0.9,
        "last_verified_source": "City of Miami Beach Parking GIS",
        "source_url": "https://www.miamibeachfl.gov/city-hall/parking/",
        "api_url": "https://gis.miamibeachfl.gov/public/rest/services/mb/Parking/FeatureServer/1/query?where=1%3D1&outFields=*&f=geojson&outSR=4326&resultRecordCount=1000&resultOffset=0",
        "evidence_url": "https://gis.miamibeachfl.gov/public/rest/services/mb/Parking/FeatureServer/1/query?where=1%3D1&outFields=*&f=geojson&outSR=4326&resultRecordCount=1000&resultOffset=0",
        "data_as_of": "2026-06-12",
        "existence_status": "confirmed",
        "price_status": "known_unpriced",
        "rule_status": "partial",
        "enrichment_status": "needs_price",
        "payment_url": "",
        "booking_url": "",
        "raw_properties": {
          "OBJECTID": 291,
          "NUMBER": null,
          "BRAND": null,
          "ZONE": null,
          "STATUS": 5,
          "created_user": null,
          "created_date": null,
          "last_edited_user": null,
          "last_edited_date": null
        }
      }
    },
    {
      "type": "Feature",
      "id": 292,
      "geometry": {
        "type": "Point",
        "coordinates": [
          -80.12949107813503,
          25.855157048139077
        ]
      },
      "properties": {
        "OBJECTID": 292,
        "NUMBER": null,
        "BRAND": null,
        "ZONE": null,
        "STATUS": 4,
        "created_user": null,
        "created_date": null,
        "last_edited_user": null,
        "last_edited_date": null,
        "source_id": "miami-beach:arcgis:meters:292",
        "source_name": "City of Miami Beach Parking GIS",
        "name": "Parking Meters 292",
        "facility_type": "parking_zone",
        "city": "Miami Beach",
        "state": "FL",
        "operator": "City of Miami Beach Parking Department",
        "access": "public",
        "fee": "unknown",
        "charge": "unknown",
        "capacity": null,
        "confidence": 0.9,
        "last_verified_source": "City of Miami Beach Parking GIS",
        "source_url": "https://www.miamibeachfl.gov/city-hall/parking/",
        "api_url": "https://gis.miamibeachfl.gov/public/rest/services/mb/Parking/FeatureServer/1/query?where=1%3D1&outFields=*&f=geojson&outSR=4326&resultRecordCount=1000&resultOffset=0",
        "evidence_url": "https://gis.miamibeachfl.gov/public/rest/services/mb/Parking/FeatureServer/1/query?where=1%3D1&outFields=*&f=geojson&outSR=4326&resultRecordCount=1000&resultOffset=0",
        "data_as_of": "2026-06-12",
        "existence_status": "confirmed",
        "price_status": "known_unpriced",
        "rule_status": "partial",
        "enrichment_status": "needs_price",
        "payment_url": "",
        "booking_url": "",
        "raw_properties": {
          "OBJECTID": 292,
          "NUMBER": null,
          "BRAND": null,
          "ZONE": null,
          "STATUS": 4,
          "created_user": null,
          "created_date": null,
          "last_edited_user": null,
          "last_edited_date": null
        }
      }
    },
    {
      "type": "Feature",
      "id": 293,
      "geometry": {
        "type": "Point",
        "coordinates": [
          -80.11961300042225,
          25.858942346006398
        ]
      },
      "properties": {
        "OBJECTID": 293,
        "NUMBER": null,
        "BRAND": null,
        "ZONE": null,
        "STATUS": 4,
        "created_user": null,
        "created_date": null,
        "last_edited_user": null,
        "last_edited_date": null,
        "source_id": "miami-beach:arcgis:meters:293",
        "source_name": "City of Miami Beach Parking GIS",
        "name": "Parking Meters 293",
        "facility_type": "parking_zone",
        "city": "Miami Beach",
        "state": "FL",
        "operator": "City of Miami Beach Parking Department",
        "access": "public",
        "fee": "unknown",
        "charge": "unknown",
        "capacity": null,
        "confidence": 0.9,
        "last_verified_source": "City of Miami Beach Parking GIS",
        "source_url": "https://www.miamibeachfl.gov/city-hall/parking/",
        "api_url": "https://gis.miamibeachfl.gov/public/rest/services/mb/Parking/FeatureServer/1/query?where=1%3D1&outFields=*&f=geojson&outSR=4326&resultRecordCount=1000&resultOffset=0",
        "evidence_url": "https://gis.miamibeachfl.gov/public/rest/services/mb/Parking/FeatureServer/1/query?where=1%3D1&outFields=*&f=geojson&outSR=4326&resultRecordCount=1000&resultOffset=0",
        "data_as_of": "2026-06-12",
        "existence_status": "confirmed",
        "price_status": "known_unpriced",
        "rule_status": "partial",
        "enrichment_status": "needs_price",
        "payment_url": "",
        "booking_url": "",
        "raw_properties": {
          "OBJECTID": 293,
          "NUMBER": null,
          "BRAND": null,
          "ZONE": null,
          "STATUS": 4,
          "created_user": null,
          "created_date": null,
          "last_edited_user": null,
          "last_edited_date": null
        }
      }
    },
    {
      "type": "Feature",
      "id": 294,
      "geometry": {
        "type": "Point",
        "coordinates": [
          -80.11987406855438,
          25.858939747081372
        ]
      },
      "properties": {
        "OBJECTID": 294,
        "NUMBER": null,
        "BRAND": null,
        "ZONE": null,
        "STATUS": 5,
        "created_user": null,
        "created_date": null,
        "last_edited_user": null,
        "last_edited_date": null,
        "source_id": "miami-beach:arcgis:meters:294",
        "source_name": "City of Miami Beach Parking GIS",
        "name": "Parking Meters 294",
        "facility_type": "parking_zone",
        "city": "Miami Beach",
        "state": "FL",
        "operator": "City of Miami Beach Parking Department",
        "access": "public",
        "fee": "unknown",
        "charge": "unknown",
        "capacity": null,
        "confidence": 0.9,
        "last_verified_source": "City of Miami Beach Parking GIS",
        "source_url": "https://www.miamibeachfl.gov/city-hall/parking/",
        "api_url": "https://gis.miamibeachfl.gov/public/rest/services/mb/Parking/FeatureServer/1/query?where=1%3D1&outFields=*&f=geojson&outSR=4326&resultRecordCount=1000&resultOffset=0",
        "evidence_url": "https://gis.miamibeachfl.gov/public/rest/services/mb/Parking/FeatureServer/1/query?where=1%3D1&outFields=*&f=geojson&outSR=4326&resultRecordCount=1000&resultOffset=0",
        "data_as_of": "2026-06-12",
        "existence_status": "confirmed",
        "price_status": "known_unpriced",
        "rule_status": "partial",
        "enrichment_status": "needs_price",
        "payment_url": "",
        "booking_url": "",
        "raw_properties": {
          "OBJECTID": 294,
          "NUMBER": null,
          "BRAND": null,
          "ZONE": null,
          "STATUS": 5,
          "created_user": null,
          "created_date": null,
          "last_edited_user": null,
          "last_edited_date": null
        }
      }
    },
    {
      "type": "Feature",
      "id": 295,
      "geometry": {
        "type": "Point",
        "coordinates": [
          -80.11964137836934,
          25.859544732536197
        ]
      },
      "properties": {
        "OBJECTID": 295,
        "NUMBER": null,
        "BRAND": null,
        "ZONE": null,
        "STATUS": 5,
        "created_user": null,
        "created_date": null,
        "last_edited_user": null,
        "last_edited_date": null,
        "source_id": "miami-beach:arcgis:meters:295",
        "source_name": "City of Miami Beach Parking GIS",
        "name": "Parking Meters 295",
        "facility_type": "parking_zone",
        "city": "Miami Beach",
        "state": "FL",
        "operator": "City of Miami Beach Parking Department",
        "access": "public",
        "fee": "unknown",
        "charge": "unknown",
        "capacity": null,
        "confidence": 0.9,
        "last_verified_source": "City of Miami Beach Parking GIS",
        "source_url": "https://www.miamibeachfl.gov/city-hall/parking/",
        "api_url": "https://gis.miamibeachfl.gov/public/rest/services/mb/Parking/FeatureServer/1/query?where=1%3D1&outFields=*&f=geojson&outSR=4326&resultRecordCount=1000&resultOffset=0",
        "evidence_url": "https://gis.miamibeachfl.gov/public/rest/services/mb/Parking/FeatureServer/1/query?where=1%3D1&outFields=*&f=geojson&outSR=4326&resultRecordCount=1000&resultOffset=0",
        "data_as_of": "2026-06-12",
        "existence_status": "confirmed",
        "price_status": "known_unpriced",
        "rule_status": "partial",
        "enrichment_status": "needs_price",
        "payment_url": "",
        "booking_url": "",
        "raw_properties": {
          "OBJECTID": 295,
          "NUMBER": null,
          "BRAND": null,
          "ZONE": null,
          "STATUS": 5,
          "created_user": null,
          "created_date": null,
          "last_edited_user": null,
          "last_edited_date": null
        }
      }
    },
    {
      "type": "Feature",
      "id": 296,
      "geometry": {
        "type": "Point",
        "coordinates": [
          -80.11992383712453,
          25.85996746423077
        ]
      },
      "properties": {
        "OBJECTID": 296,
        "NUMBER": null,
        "BRAND": null,
        "ZONE": null,
        "STATUS": 5,
        "created_user": null,
        "created_date": null,
        "last_edited_user": null,
        "last_edited_date": null,
        "source_id": "miami-beach:arcgis:meters:296",
        "source_name": "City of Miami Beach Parking GIS",
        "name": "Parking Meters 296",
        "facility_type": "parking_zone",
        "city": "Miami Beach",
        "state": "FL",
        "operator": "City of Miami Beach Parking Department",
        "access": "public",
        "fee": "unknown",
        "charge": "unknown",
        "capacity": null,
        "confidence": 0.9,
        "last_verified_source": "City of Miami Beach Parking GIS",
        "source_url": "https://www.miamibeachfl.gov/city-hall/parking/",
        "api_url": "https://gis.miamibeachfl.gov/public/rest/services/mb/Parking/FeatureServer/1/query?where=1%3D1&outFields=*&f=geojson&outSR=4326&resultRecordCount=1000&resultOffset=0",
        "evidence_url": "https://gis.miamibeachfl.gov/public/rest/services/mb/Parking/FeatureServer/1/query?where=1%3D1&outFields=*&f=geojson&outSR=4326&resultRecordCount=1000&resultOffset=0",
        "data_as_of": "2026-06-12",
        "existence_status": "confirmed",
        "price_status": "known_unpriced",
        "rule_status": "partial",
        "enrichment_status": "needs_price",
        "payment_url": "",
        "booking_url": "",
        "raw_properties": {
          "OBJECTID": 296,
          "NUMBER": null,
          "BRAND": null,
          "ZONE": null,
          "STATUS": 5,
          "created_user": null,
          "created_date": null,
          "last_edited_user": null,
          "last_edited_date": null
        }
      }
    },
    {
      "type": "Feature",
      "id": 297,
      "geometry": {
        "type": "Point",
        "coordinates": [
          -80.11991580590325,
          25.86041550663246
        ]
      },
      "properties": {
        "OBJECTID": 297,
        "NUMBER": null,
        "BRAND": null,
        "ZONE": null,
        "STATUS": 5,
        "created_user": null,
        "created_date": null,
        "last_edited_user": null,
        "last_edited_date": null,
        "source_id": "miami-beach:arcgis:meters:297",
        "source_name": "City of Miami Beach Parking GIS",
        "name": "Parking Meters 297",
        "facility_type": "parking_zone",
        "city": "Miami Beach",
        "state": "FL",
        "operator": "City of Miami Beach Parking Department",
        "access": "public",
        "fee": "unknown",
        "charge": "unknown",
        "capacity": null,
        "confidence": 0.9,
        "last_verified_source": "City of Miami Beach Parking GIS",
        "source_url": "https://www.miamibeachfl.gov/city-hall/parking/",
        "api_url": "https://gis.miamibeachfl.gov/public/rest/services/mb/Parking/FeatureServer/1/query?where=1%3D1&outFields=*&f=geojson&outSR=4326&resultRecordCount=1000&resultOffset=0",
        "evidence_url": "https://gis.miamibeachfl.gov/public/rest/services/mb/Parking/FeatureServer/1/query?where=1%3D1&outFields=*&f=geojson&outSR=4326&resultRecordCount=1000&resultOffset=0",
        "data_as_of": "2026-06-12",
        "existence_status": "confirmed",
        "price_status": "known_unpriced",
        "rule_status": "partial",
        "enrichment_status": "needs_price",
        "payment_url": "",
        "booking_url": "",
        "raw_properties": {
          "OBJECTID": 297,
          "NUMBER": null,
          "BRAND": null,
          "ZONE": null,
          "STATUS": 5,
          "created_user": null,
          "created_date": null,
          "last_edited_user": null,
          "last_edited_date": null
        }
      }
    },
    {
      "type": "Feature",
      "id": 298,
      "geometry": {
        "type": "Point",
        "coordinates": [
          -80.11968271320016,
          25.860351970830727
        ]
      },
      "properties": {
        "OBJECTID": 298,
        "NUMBER": null,
        "BRAND": null,
        "ZONE": null,
        "STATUS": 5,
        "created_user": null,
        "created_date": null,
        "last_edited_user": null,
        "last_edited_date": null,
        "source_id": "miami-beach:arcgis:meters:298",
        "source_name": "City of Miami Beach Parking GIS",
        "name": "Parking Meters 298",
        "facility_type": "parking_zone",
        "city": "Miami Beach",
        "state": "FL",
        "operator": "City of Miami Beach Parking Department",
        "access": "public",
        "fee": "unknown",
        "charge": "unknown",
        "capacity": null,
        "confidence": 0.9,
        "last_verified_source": "City of Miami Beach Parking GIS",
        "source_url": "https://www.miamibeachfl.gov/city-hall/parking/",
        "api_url": "https://gis.miamibeachfl.gov/public/rest/services/mb/Parking/FeatureServer/1/query?where=1%3D1&outFields=*&f=geojson&outSR=4326&resultRecordCount=1000&resultOffset=0",
        "evidence_url": "https://gis.miamibeachfl.gov/public/rest/services/mb/Parking/FeatureServer/1/query?where=1%3D1&outFields=*&f=geojson&outSR=4326&resultRecordCount=1000&resultOffset=0",
        "data_as_of": "2026-06-12",
        "existence_status": "confirmed",
        "price_status": "known_unpriced",
        "rule_status": "partial",
        "enrichment_status": "needs_price",
        "payment_url": "",
        "booking_url": "",
        "raw_properties": {
          "OBJECTID": 298,
          "NUMBER": null,
          "BRAND": null,
          "ZONE": null,
          "STATUS": 5,
          "created_user": null,
          "created_date": null,
          "last_edited_user": null,
          "last_edited_date": null
        }
      }
    },
    {
      "type": "Feature",
      "id": 299,
      "geometry": {
        "type": "Point",
        "coordinates": [
          -80.12046102331372,
          25.861031369891528
        ]
      },
      "properties": {
        "OBJECTID": 299,
        "NUMBER": null,
        "BRAND": null,
        "ZONE": null,
        "STATUS": 5,
        "created_user": null,
        "created_date": null,
        "last_edited_user": null,
        "last_edited_date": null,
        "source_id": "miami-beach:arcgis:meters:299",
        "source_name": "City of Miami Beach Parking GIS",
        "name": "Parking Meters 299",
        "facility_type": "parking_zone",
        "city": "Miami Beach",
        "state": "FL",
        "operator": "City of Miami Beach Parking Department",
        "access": "public",
        "fee": "unknown",
        "charge": "unknown",
        "capacity": null,
        "confidence": 0.9,
        "last_verified_source": "City of Miami Beach Parking GIS",
        "source_url": "https://www.miamibeachfl.gov/city-hall/parking/",
        "api_url": "https://gis.miamibeachfl.gov/public/rest/services/mb/Parking/FeatureServer/1/query?where=1%3D1&outFields=*&f=geojson&outSR=4326&resultRecordCount=1000&resultOffset=0",
        "evidence_url": "https://gis.miamibeachfl.gov/public/rest/services/mb/Parking/FeatureServer/1/query?where=1%3D1&outFields=*&f=geojson&outSR=4326&resultRecordCount=1000&resultOffset=0",
        "data_as_of": "2026-06-12",
        "existence_status": "confirmed",
        "price_status": "known_unpriced",
        "rule_status": "partial",
        "enrichment_status": "needs_price",
        "payment_url": "",
        "booking_url": "",
        "raw_properties": {
          "OBJECTID": 299,
          "NUMBER": null,
          "BRAND": null,
          "ZONE": null,
          "STATUS": 5,
          "created_user": null,
          "created_date": null,
          "last_edited_user": null,
          "last_edited_date": null
        }
      }
    },
    {
      "type": "Feature",
      "id": 300,
      "geometry": {
        "type": "Point",
        "coordinates": [
          -80.12087017814957,
          25.858990654859728
        ]
      },
      "properties": {
        "OBJECTID": 300,
        "NUMBER": null,
        "BRAND": null,
        "ZONE": null,
        "STATUS": 5,
        "created_user": null,
        "created_date": null,
        "last_edited_user": null,
        "last_edited_date": null,
        "source_id": "miami-beach:arcgis:meters:300",
        "source_name": "City of Miami Beach Parking GIS",
        "name": "Parking Meters 300",
        "facility_type": "parking_zone",
        "city": "Miami Beach",
        "state": "FL",
        "operator": "City of Miami Beach Parking Department",
        "access": "public",
        "fee": "unknown",
        "charge": "unknown",
        "capacity": null,
        "confidence": 0.9,
        "last_verified_source": "City of Miami Beach Parking GIS",
        "source_url": "https://www.miamibeachfl.gov/city-hall/parking/",
        "api_url": "https://gis.miamibeachfl.gov/public/rest/services/mb/Parking/FeatureServer/1/query?where=1%3D1&outFields=*&f=geojson&outSR=4326&resultRecordCount=1000&resultOffset=0",
        "evidence_url": "https://gis.miamibeachfl.gov/public/rest/services/mb/Parking/FeatureServer/1/query?where=1%3D1&outFields=*&f=geojson&outSR=4326&resultRecordCount=1000&resultOffset=0",
        "data_as_of": "2026-06-12",
        "existence_status": "confirmed",
        "price_status": "known_unpriced",
        "rule_status": "partial",
        "enrichment_status": "needs_price",
        "payment_url": "",
        "booking_url": "",
        "raw_properties": {
          "OBJECTID": 300,
          "NUMBER": null,
          "BRAND": null,
          "ZONE": null,
          "STATUS": 5,
          "created_user": null,
          "created_date": null,
          "last_edited_user": null,
          "last_edited_date": null
        }
      }
    },
    {
      "type": "Feature",
      "id": 301,
      "geometry": {
        "type": "Point",
        "coordinates": [
          -80.12086990022009,
          25.858991230932958
        ]
      },
      "properties": {
        "OBJECTID": 301,
        "NUMBER": null,
        "BRAND": null,
        "ZONE": null,
        "STATUS": 5,
        "created_user": null,
        "created_date": null,
        "last_edited_user": null,
        "last_edited_date": null,
        "source_id": "miami-beach:arcgis:meters:301",
        "source_name": "City of Miami Beach Parking GIS",
        "name": "Parking Meters 301",
        "facility_type": "parking_zone",
        "city": "Miami Beach",
        "state": "FL",
        "operator": "City of Miami Beach Parking Department",
        "access": "public",
        "fee": "unknown",
        "charge": "unknown",
        "capacity": null,
        "confidence": 0.9,
        "last_verified_source": "City of Miami Beach Parking GIS",
        "source_url": "https://www.miamibeachfl.gov/city-hall/parking/",
        "api_url": "https://gis.miamibeachfl.gov/public/rest/services/mb/Parking/FeatureServer/1/query?where=1%3D1&outFields=*&f=geojson&outSR=4326&resultRecordCount=1000&resultOffset=0",
        "evidence_url": "https://gis.miamibeachfl.gov/public/rest/services/mb/Parking/FeatureServer/1/query?where=1%3D1&outFields=*&f=geojson&outSR=4326&resultRecordCount=1000&resultOffset=0",
        "data_as_of": "2026-06-12",
        "existence_status": "confirmed",
        "price_status": "known_unpriced",
        "rule_status": "partial",
        "enrichment_status": "needs_price",
        "payment_url": "",
        "booking_url": "",
        "raw_properties": {
          "OBJECTID": 301,
          "NUMBER": null,
          "BRAND": null,
          "ZONE": null,
          "STATUS": 5,
          "created_user": null,
          "created_date": null,
          "last_edited_user": null,
          "last_edited_date": null
        }
      }
    },
    {
      "type": "Feature",
      "id": 302,
      "geometry": {
        "type": "Point",
        "coordinates": [
          -80.12086360125683,
          25.85920149605753
        ]
      },
      "properties": {
        "OBJECTID": 302,
        "NUMBER": null,
        "BRAND": null,
        "ZONE": null,
        "STATUS": 5,
        "created_user": null,
        "created_date": null,
        "last_edited_user": null,
        "last_edited_date": null,
        "source_id": "miami-beach:arcgis:meters:302",
        "source_name": "City of Miami Beach Parking GIS",
        "name": "Parking Meters 302",
        "facility_type": "parking_zone",
        "city": "Miami Beach",
        "state": "FL",
        "operator": "City of Miami Beach Parking Department",
        "access": "public",
        "fee": "unknown",
        "charge": "unknown",
        "capacity": null,
        "confidence": 0.9,
        "last_verified_source": "City of Miami Beach Parking GIS",
        "source_url": "https://www.miamibeachfl.gov/city-hall/parking/",
        "api_url": "https://gis.miamibeachfl.gov/public/rest/services/mb/Parking/FeatureServer/1/query?where=1%3D1&outFields=*&f=geojson&outSR=4326&resultRecordCount=1000&resultOffset=0",
        "evidence_url": "https://gis.miamibeachfl.gov/public/rest/services/mb/Parking/FeatureServer/1/query?where=1%3D1&outFields=*&f=geojson&outSR=4326&resultRecordCount=1000&resultOffset=0",
        "data_as_of": "2026-06-12",
        "existence_status": "confirmed",
        "price_status": "known_unpriced",
        "rule_status": "partial",
        "enrichment_status": "needs_price",
        "payment_url": "",
        "booking_url": "",
        "raw_properties": {
          "OBJECTID": 302,
          "NUMBER": null,
          "BRAND": null,
          "ZONE": null,
          "STATUS": 5,
          "created_user": null,
          "created_date": null,
          "last_edited_user": null,
          "last_edited_date": null
        }
      }
    },
    {
      "type": "Feature",
      "id": 303,
      "geometry": {
        "type": "Point",
        "coordinates": [
          -80.12103500376084,
          25.858910299288098
        ]
      },
      "properties": {
        "OBJECTID": 303,
        "NUMBER": null,
        "BRAND": null,
        "ZONE": null,
        "STATUS": 5,
        "created_user": null,
        "created_date": null,
        "last_edited_user": null,
        "last_edited_date": null,
        "source_id": "miami-beach:arcgis:meters:303",
        "source_name": "City of Miami Beach Parking GIS",
        "name": "Parking Meters 303",
        "facility_type": "parking_zone",
        "city": "Miami Beach",
        "state": "FL",
        "operator": "City of Miami Beach Parking Department",
        "access": "public",
        "fee": "unknown",
        "charge": "unknown",
        "capacity": null,
        "confidence": 0.9,
        "last_verified_source": "City of Miami Beach Parking GIS",
        "source_url": "https://www.miamibeachfl.gov/city-hall/parking/",
        "api_url": "https://gis.miamibeachfl.gov/public/rest/services/mb/Parking/FeatureServer/1/query?where=1%3D1&outFields=*&f=geojson&outSR=4326&resultRecordCount=1000&resultOffset=0",
        "evidence_url": "https://gis.miamibeachfl.gov/public/rest/services/mb/Parking/FeatureServer/1/query?where=1%3D1&outFields=*&f=geojson&outSR=4326&resultRecordCount=1000&resultOffset=0",
        "data_as_of": "2026-06-12",
        "existence_status": "confirmed",
        "price_status": "known_unpriced",
        "rule_status": "partial",
        "enrichment_status": "needs_price",
        "payment_url": "",
        "booking_url": "",
        "raw_properties": {
          "OBJECTID": 303,
          "NUMBER": null,
          "BRAND": null,
          "ZONE": null,
          "STATUS": 5,
          "created_user": null,
          "created_date": null,
          "last_edited_user": null,
          "last_edited_date": null
        }
      }
    },
    {
      "type": "Feature",
      "id": 304,
      "geometry": {
        "type": "Point",
        "coordinates": [
          -80.12916844954731,
          25.798172422361993
        ]
      },
      "properties": {
        "OBJECTID": 304,
        "NUMBER": "LB22E01",
        "BRAND": "DPT",
        "ZONE": "6X",
        "STATUS": 5,
        "created_user": null,
        "created_date": null,
        "last_edited_user": null,
        "last_edited_date": null,
        "source_id": "miami-beach:arcgis:meters:304",
        "source_name": "City of Miami Beach Parking GIS",
        "name": "Parking Meters 304",
        "facility_type": "parking_zone",
        "city": "Miami Beach",
        "state": "FL",
        "operator": "City of Miami Beach Parking Department",
        "access": "public",
        "fee": "unknown",
        "charge": "unknown",
        "capacity": null,
        "confidence": 0.9,
        "last_verified_source": "City of Miami Beach Parking GIS",
        "source_url": "https://www.miamibeachfl.gov/city-hall/parking/",
        "api_url": "https://gis.miamibeachfl.gov/public/rest/services/mb/Parking/FeatureServer/1/query?where=1%3D1&outFields=*&f=geojson&outSR=4326&resultRecordCount=1000&resultOffset=0",
        "evidence_url": "https://gis.miamibeachfl.gov/public/rest/services/mb/Parking/FeatureServer/1/query?where=1%3D1&outFields=*&f=geojson&outSR=4326&resultRecordCount=1000&resultOffset=0",
        "data_as_of": "2026-06-12",
        "existence_status": "confirmed",
        "price_status": "known_unpriced",
        "rule_status": "partial",
        "enrichment_status": "needs_price",
        "payment_url": "",
        "booking_url": "",
        "raw_properties": {
          "OBJECTID": 304,
          "NUMBER": "LB22E01",
          "BRAND": "DPT",
          "ZONE": "6X",
          "STATUS": 5,
          "created_user": null,
          "created_date": null,
          "last_edited_user": null,
          "last_edited_date": null
        }
      }
    },
    {
      "type": "Feature",
      "id": 305,
      "geometry": {
        "type": "Point",
        "coordinates": [
          -80.11992696308003,
          25.847199283095087
        ]
      },
      "properties": {
        "OBJECTID": 305,
        "NUMBER": null,
        "BRAND": null,
        "ZONE": null,
        "STATUS": 5,
        "created_user": null,
        "created_date": null,
        "last_edited_user": null,
        "last_edited_date": null,
        "source_id": "miami-beach:arcgis:meters:305",
        "source_name": "City of Miami Beach Parking GIS",
        "name": "Parking Meters 305",
        "facility_type": "parking_zone",
        "city": "Miami Beach",
        "state": "FL",
        "operator": "City of Miami Beach Parking Department",
        "access": "public",
        "fee": "unknown",
        "charge": "unknown",
        "capacity": null,
        "confidence": 0.9,
        "last_verified_source": "City of Miami Beach Parking GIS",
        "source_url": "https://www.miamibeachfl.gov/city-hall/parking/",
        "api_url": "https://gis.miamibeachfl.gov/public/rest/services/mb/Parking/FeatureServer/1/query?where=1%3D1&outFields=*&f=geojson&outSR=4326&resultRecordCount=1000&resultOffset=0",
        "evidence_url": "https://gis.miamibeachfl.gov/public/rest/services/mb/Parking/FeatureServer/1/query?where=1%3D1&outFields=*&f=geojson&outSR=4326&resultRecordCount=1000&resultOffset=0",
        "data_as_of": "2026-06-12",
        "existence_status": "confirmed",
        "price_status": "known_unpriced",
        "rule_status": "partial",
        "enrichment_status": "needs_price",
        "payment_url": "",
        "booking_url": "",
        "raw_properties": {
          "OBJECTID": 305,
          "NUMBER": null,
          "BRAND": null,
          "ZONE": null,
          "STATUS": 5,
          "created_user": null,
          "created_date": null,
          "last_edited_user": null,
          "last_edited_date": null
        }
      }
    },
    {
      "type": "Feature",
      "id": 306,
      "geometry": {
        "type": "Point",
        "coordinates": [
          -80.11994673402059,
          25.8478103121998
        ]
      },
      "properties": {
        "OBJECTID": 306,
        "NUMBER": null,
        "BRAND": null,
        "ZONE": null,
        "STATUS": 5,
        "created_user": null,
        "created_date": null,
        "last_edited_user": null,
        "last_edited_date": null,
        "source_id": "miami-beach:arcgis:meters:306",
        "source_name": "City of Miami Beach Parking GIS",
        "name": "Parking Meters 306",
        "facility_type": "parking_zone",
        "city": "Miami Beach",
        "state": "FL",
        "operator": "City of Miami Beach Parking Department",
        "access": "public",
        "fee": "unknown",
        "charge": "unknown",
        "capacity": null,
        "confidence": 0.9,
        "last_verified_source": "City of Miami Beach Parking GIS",
        "source_url": "https://www.miamibeachfl.gov/city-hall/parking/",
        "api_url": "https://gis.miamibeachfl.gov/public/rest/services/mb/Parking/FeatureServer/1/query?where=1%3D1&outFields=*&f=geojson&outSR=4326&resultRecordCount=1000&resultOffset=0",
        "evidence_url": "https://gis.miamibeachfl.gov/public/rest/services/mb/Parking/FeatureServer/1/query?where=1%3D1&outFields=*&f=geojson&outSR=4326&resultRecordCount=1000&resultOffset=0",
        "data_as_of": "2026-06-12",
        "existence_status": "confirmed",
        "price_status": "known_unpriced",
        "rule_status": "partial",
        "enrichment_status": "needs_price",
        "payment_url": "",
        "booking_url": "",
        "raw_properties": {
          "OBJECTID": 306,
          "NUMBER": null,
          "BRAND": null,
          "ZONE": null,
          "STATUS": 5,
          "created_user": null,
          "created_date": null,
          "last_edited_user": null,
          "last_edited_date": null
        }
      }
    },
    {
      "type": "Feature",
      "id": 307,
      "geometry": {
        "type": "Point",
        "coordinates": [
          -80.11969799618548,
          25.847756503864666
        ]
      },
      "properties": {
        "OBJECTID": 307,
        "NUMBER": null,
        "BRAND": null,
        "ZONE": null,
        "STATUS": 4,
        "created_user": null,
        "created_date": null,
        "last_edited_user": null,
        "last_edited_date": null,
        "source_id": "miami-beach:arcgis:meters:307",
        "source_name": "City of Miami Beach Parking GIS",
        "name": "Parking Meters 307",
        "facility_type": "parking_zone",
        "city": "Miami Beach",
        "state": "FL",
        "operator": "City of Miami Beach Parking Department",
        "access": "public",
        "fee": "unknown",
        "charge": "unknown",
        "capacity": null,
        "confidence": 0.9,
        "last_verified_source": "City of Miami Beach Parking GIS",
        "source_url": "https://www.miamibeachfl.gov/city-hall/parking/",
        "api_url": "https://gis.miamibeachfl.gov/public/rest/services/mb/Parking/FeatureServer/1/query?where=1%3D1&outFields=*&f=geojson&outSR=4326&resultRecordCount=1000&resultOffset=0",
        "evidence_url": "https://gis.miamibeachfl.gov/public/rest/services/mb/Parking/FeatureServer/1/query?where=1%3D1&outFields=*&f=geojson&outSR=4326&resultRecordCount=1000&resultOffset=0",
        "data_as_of": "2026-06-12",
        "existence_status": "confirmed",
        "price_status": "known_unpriced",
        "rule_status": "partial",
        "enrichment_status": "needs_price",
        "payment_url": "",
        "booking_url": "",
        "raw_properties": {
          "OBJECTID": 307,
          "NUMBER": null,
          "BRAND": null,
          "ZONE": null,
          "STATUS": 4,
          "created_user": null,
          "created_date": null,
          "last_edited_user": null,
          "last_edited_date": null
        }
      }
    },
    {
      "type": "Feature",
      "id": 308,
      "geometry": {
        "type": "Point",
        "coordinates": [
          -80.11970206567871,
          25.847293057355085
        ]
      },
      "properties": {
        "OBJECTID": 308,
        "NUMBER": null,
        "BRAND": null,
        "ZONE": null,
        "STATUS": 5,
        "created_user": null,
        "created_date": null,
        "last_edited_user": null,
        "last_edited_date": null,
        "source_id": "miami-beach:arcgis:meters:308",
        "source_name": "City of Miami Beach Parking GIS",
        "name": "Parking Meters 308",
        "facility_type": "parking_zone",
        "city": "Miami Beach",
        "state": "FL",
        "operator": "City of Miami Beach Parking Department",
        "access": "public",
        "fee": "unknown",
        "charge": "unknown",
        "capacity": null,
        "confidence": 0.9,
        "last_verified_source": "City of Miami Beach Parking GIS",
        "source_url": "https://www.miamibeachfl.gov/city-hall/parking/",
        "api_url": "https://gis.miamibeachfl.gov/public/rest/services/mb/Parking/FeatureServer/1/query?where=1%3D1&outFields=*&f=geojson&outSR=4326&resultRecordCount=1000&resultOffset=0",
        "evidence_url": "https://gis.miamibeachfl.gov/public/rest/services/mb/Parking/FeatureServer/1/query?where=1%3D1&outFields=*&f=geojson&outSR=4326&resultRecordCount=1000&resultOffset=0",
        "data_as_of": "2026-06-12",
        "existence_status": "confirmed",
        "price_status": "known_unpriced",
        "rule_status": "partial",
        "enrichment_status": "needs_price",
        "payment_url": "",
        "booking_url": "",
        "raw_properties": {
          "OBJECTID": 308,
          "NUMBER": null,
          "BRAND": null,
          "ZONE": null,
          "STATUS": 5,
          "created_user": null,
          "created_date": null,
          "last_edited_user": null,
          "last_edited_date": null
        }
      }
    },
    {
      "type": "Feature",
      "id": 309,
      "geometry": {
        "type": "Point",
        "coordinates": [
          -80.12287572730229,
          25.85570852779991
        ]
      },
      "properties": {
        "OBJECTID": 309,
        "NUMBER": null,
        "BRAND": null,
        "ZONE": null,
        "STATUS": 5,
        "created_user": null,
        "created_date": null,
        "last_edited_user": null,
        "last_edited_date": null,
        "source_id": "miami-beach:arcgis:meters:309",
        "source_name": "City of Miami Beach Parking GIS",
        "name": "Parking Meters 309",
        "facility_type": "parking_zone",
        "city": "Miami Beach",
        "state": "FL",
        "operator": "City of Miami Beach Parking Department",
        "access": "public",
        "fee": "unknown",
        "charge": "unknown",
        "capacity": null,
        "confidence": 0.9,
        "last_verified_source": "City of Miami Beach Parking GIS",
        "source_url": "https://www.miamibeachfl.gov/city-hall/parking/",
        "api_url": "https://gis.miamibeachfl.gov/public/rest/services/mb/Parking/FeatureServer/1/query?where=1%3D1&outFields=*&f=geojson&outSR=4326&resultRecordCount=1000&resultOffset=0",
        "evidence_url": "https://gis.miamibeachfl.gov/public/rest/services/mb/Parking/FeatureServer/1/query?where=1%3D1&outFields=*&f=geojson&outSR=4326&resultRecordCount=1000&resultOffset=0",
        "data_as_of": "2026-06-12",
        "existence_status": "confirmed",
        "price_status": "known_unpriced",
        "rule_status": "partial",
        "enrichment_status": "needs_price",
        "payment_url": "",
        "booking_url": "",
        "raw_properties": {
          "OBJECTID": 309,
          "NUMBER": null,
          "BRAND": null,
          "ZONE": null,
          "STATUS": 5,
          "created_user": null,
          "created_date": null,
          "last_edited_user": null,
          "last_edited_date": null
        }
      }
    },
    {
      "type": "Feature",
      "id": 310,
      "geometry": {
        "type": "Point",
        "coordinates": [
          -80.12316899965025,
          25.855922968703403
        ]
      },
      "properties": {
        "OBJECTID": 310,
        "NUMBER": null,
        "BRAND": null,
        "ZONE": null,
        "STATUS": 5,
        "created_user": null,
        "created_date": null,
        "last_edited_user": null,
        "last_edited_date": null,
        "source_id": "miami-beach:arcgis:meters:310",
        "source_name": "City of Miami Beach Parking GIS",
        "name": "Parking Meters 310",
        "facility_type": "parking_zone",
        "city": "Miami Beach",
        "state": "FL",
        "operator": "City of Miami Beach Parking Department",
        "access": "public",
        "fee": "unknown",
        "charge": "unknown",
        "capacity": null,
        "confidence": 0.9,
        "last_verified_source": "City of Miami Beach Parking GIS",
        "source_url": "https://www.miamibeachfl.gov/city-hall/parking/",
        "api_url": "https://gis.miamibeachfl.gov/public/rest/services/mb/Parking/FeatureServer/1/query?where=1%3D1&outFields=*&f=geojson&outSR=4326&resultRecordCount=1000&resultOffset=0",
        "evidence_url": "https://gis.miamibeachfl.gov/public/rest/services/mb/Parking/FeatureServer/1/query?where=1%3D1&outFields=*&f=geojson&outSR=4326&resultRecordCount=1000&resultOffset=0",
        "data_as_of": "2026-06-12",
        "existence_status": "confirmed",
        "price_status": "known_unpriced",
        "rule_status": "partial",
        "enrichment_status": "needs_price",
        "payment_url": "",
        "booking_url": "",
        "raw_properties": {
          "OBJECTID": 310,
          "NUMBER": null,
          "BRAND": null,
          "ZONE": null,
          "STATUS": 5,
          "created_user": null,
          "created_date": null,
          "last_edited_user": null,
          "last_edited_date": null
        }
      }
    },
    {
      "type": "Feature",
      "id": 311,
      "geometry": {
        "type": "Point",
        "coordinates": [
          -80.12782467723316,
          25.81300812376476
        ]
      },
      "properties": {
        "OBJECTID": 311,
        "NUMBER": null,
        "BRAND": null,
        "ZONE": null,
        "STATUS": 5,
        "created_user": null,
        "created_date": null,
        "last_edited_user": null,
        "last_edited_date": null,
        "source_id": "miami-beach:arcgis:meters:311",
        "source_name": "City of Miami Beach Parking GIS",
        "name": "Parking Meters 311",
        "facility_type": "parking_zone",
        "city": "Miami Beach",
        "state": "FL",
        "operator": "City of Miami Beach Parking Department",
        "access": "public",
        "fee": "unknown",
        "charge": "unknown",
        "capacity": null,
        "confidence": 0.9,
        "last_verified_source": "City of Miami Beach Parking GIS",
        "source_url": "https://www.miamibeachfl.gov/city-hall/parking/",
        "api_url": "https://gis.miamibeachfl.gov/public/rest/services/mb/Parking/FeatureServer/1/query?where=1%3D1&outFields=*&f=geojson&outSR=4326&resultRecordCount=1000&resultOffset=0",
        "evidence_url": "https://gis.miamibeachfl.gov/public/rest/services/mb/Parking/FeatureServer/1/query?where=1%3D1&outFields=*&f=geojson&outSR=4326&resultRecordCount=1000&resultOffset=0",
        "data_as_of": "2026-06-12",
        "existence_status": "confirmed",
        "price_status": "known_unpriced",
        "rule_status": "partial",
        "enrichment_status": "needs_price",
        "payment_url": "",
        "booking_url": "",
        "raw_properties": {
          "OBJECTID": 311,
          "NUMBER": null,
          "BRAND": null,
          "ZONE": null,
          "STATUS": 5,
          "created_user": null,
          "created_date": null,
          "last_edited_user": null,
          "last_edited_date": null
        }
      }
    },
    {
      "type": "Feature",
      "id": 312,
      "geometry": {
        "type": "Point",
        "coordinates": [
          -80.12763326504533,
          25.813050912468928
        ]
      },
      "properties": {
        "OBJECTID": 312,
        "NUMBER": null,
        "BRAND": null,
        "ZONE": null,
        "STATUS": 5,
        "created_user": null,
        "created_date": null,
        "last_edited_user": null,
        "last_edited_date": null,
        "source_id": "miami-beach:arcgis:meters:312",
        "source_name": "City of Miami Beach Parking GIS",
        "name": "Parking Meters 312",
        "facility_type": "parking_zone",
        "city": "Miami Beach",
        "state": "FL",
        "operator": "City of Miami Beach Parking Department",
        "access": "public",
        "fee": "unknown",
        "charge": "unknown",
        "capacity": null,
        "confidence": 0.9,
        "last_verified_source": "City of Miami Beach Parking GIS",
        "source_url": "https://www.miamibeachfl.gov/city-hall/parking/",
        "api_url": "https://gis.miamibeachfl.gov/public/rest/services/mb/Parking/FeatureServer/1/query?where=1%3D1&outFields=*&f=geojson&outSR=4326&resultRecordCount=1000&resultOffset=0",
        "evidence_url": "https://gis.miamibeachfl.gov/public/rest/services/mb/Parking/FeatureServer/1/query?where=1%3D1&outFields=*&f=geojson&outSR=4326&resultRecordCount=1000&resultOffset=0",
        "data_as_of": "2026-06-12",
        "existence_status": "confirmed",
        "price_status": "known_unpriced",
        "rule_status": "partial",
        "enrichment_status": "needs_price",
        "payment_url": "",
        "booking_url": "",
        "raw_properties": {
          "OBJECTID": 312,
          "NUMBER": null,
          "BRAND": null,
          "ZONE": null,
          "STATUS": 5,
          "created_user": null,
          "created_date": null,
          "last_edited_user": null,
          "last_edited_date": null
        }
      }
    },
    {
      "type": "Feature",
      "id": 313,
      "geometry": {
        "type": "Point",
        "coordinates": [
          -80.12757429769677,
          25.81354872563041
        ]
      },
      "properties": {
        "OBJECTID": 313,
        "NUMBER": null,
        "BRAND": null,
        "ZONE": null,
        "STATUS": 5,
        "created_user": null,
        "created_date": null,
        "last_edited_user": null,
        "last_edited_date": null,
        "source_id": "miami-beach:arcgis:meters:313",
        "source_name": "City of Miami Beach Parking GIS",
        "name": "Parking Meters 313",
        "facility_type": "parking_zone",
        "city": "Miami Beach",
        "state": "FL",
        "operator": "City of Miami Beach Parking Department",
        "access": "public",
        "fee": "unknown",
        "charge": "unknown",
        "capacity": null,
        "confidence": 0.9,
        "last_verified_source": "City of Miami Beach Parking GIS",
        "source_url": "https://www.miamibeachfl.gov/city-hall/parking/",
        "api_url": "https://gis.miamibeachfl.gov/public/rest/services/mb/Parking/FeatureServer/1/query?where=1%3D1&outFields=*&f=geojson&outSR=4326&resultRecordCount=1000&resultOffset=0",
        "evidence_url": "https://gis.miamibeachfl.gov/public/rest/services/mb/Parking/FeatureServer/1/query?where=1%3D1&outFields=*&f=geojson&outSR=4326&resultRecordCount=1000&resultOffset=0",
        "data_as_of": "2026-06-12",
        "existence_status": "confirmed",
        "price_status": "known_unpriced",
        "rule_status": "partial",
        "enrichment_status": "needs_price",
        "payment_url": "",
        "booking_url": "",
        "raw_properties": {
          "OBJECTID": 313,
          "NUMBER": null,
          "BRAND": null,
          "ZONE": null,
          "STATUS": 5,
          "created_user": null,
          "created_date": null,
          "last_edited_user": null,
          "last_edited_date": null
        }
      }
    },
    {
      "type": "Feature",
      "id": 314,
      "geometry": {
        "type": "Point",
        "coordinates": [
          -80.1303659209373,
          25.797773559233832
        ]
      },
      "properties": {
        "OBJECTID": 314,
        "NUMBER": "PK16E03",
        "BRAND": "DPT",
        "ZONE": "6X",
        "STATUS": 5,
        "created_user": null,
        "created_date": null,
        "last_edited_user": null,
        "last_edited_date": null,
        "source_id": "miami-beach:arcgis:meters:314",
        "source_name": "City of Miami Beach Parking GIS",
        "name": "Parking Meters 314",
        "facility_type": "parking_zone",
        "city": "Miami Beach",
        "state": "FL",
        "operator": "City of Miami Beach Parking Department",
        "access": "public",
        "fee": "unknown",
        "charge": "unknown",
        "capacity": null,
        "confidence": 0.9,
        "last_verified_source": "City of Miami Beach Parking GIS",
        "source_url": "https://www.miamibeachfl.gov/city-hall/parking/",
        "api_url": "https://gis.miamibeachfl.gov/public/rest/services/mb/Parking/FeatureServer/1/query?where=1%3D1&outFields=*&f=geojson&outSR=4326&resultRecordCount=1000&resultOffset=0",
        "evidence_url": "https://gis.miamibeachfl.gov/public/rest/services/mb/Parking/FeatureServer/1/query?where=1%3D1&outFields=*&f=geojson&outSR=4326&resultRecordCount=1000&resultOffset=0",
        "data_as_of": "2026-06-12",
        "existence_status": "confirmed",
        "price_status": "known_unpriced",
        "rule_status": "partial",
        "enrichment_status": "needs_price",
        "payment_url": "",
        "booking_url": "",
        "raw_properties": {
          "OBJECTID": 314,
          "NUMBER": "PK16E03",
          "BRAND": "DPT",
          "ZONE": "6X",
          "STATUS": 5,
          "created_user": null,
          "created_date": null,
          "last_edited_user": null,
          "last_edited_date": null
        }
      }
    },
    {
      "type": "Feature",
      "id": 315,
      "geometry": {
        "type": "Point",
        "coordinates": [
          -80.13071801731762,
          25.78652511766492
        ]
      },
      "properties": {
        "OBJECTID": 315,
        "NUMBER": "CL14W04",
        "BRAND": "DPT",
        "ZONE": "7A",
        "STATUS": 5,
        "created_user": null,
        "created_date": null,
        "last_edited_user": null,
        "last_edited_date": null,
        "source_id": "miami-beach:arcgis:meters:315",
        "source_name": "City of Miami Beach Parking GIS",
        "name": "Parking Meters 315",
        "facility_type": "parking_zone",
        "city": "Miami Beach",
        "state": "FL",
        "operator": "City of Miami Beach Parking Department",
        "access": "public",
        "fee": "unknown",
        "charge": "unknown",
        "capacity": null,
        "confidence": 0.9,
        "last_verified_source": "City of Miami Beach Parking GIS",
        "source_url": "https://www.miamibeachfl.gov/city-hall/parking/",
        "api_url": "https://gis.miamibeachfl.gov/public/rest/services/mb/Parking/FeatureServer/1/query?where=1%3D1&outFields=*&f=geojson&outSR=4326&resultRecordCount=1000&resultOffset=0",
        "evidence_url": "https://gis.miamibeachfl.gov/public/rest/services/mb/Parking/FeatureServer/1/query?where=1%3D1&outFields=*&f=geojson&outSR=4326&resultRecordCount=1000&resultOffset=0",
        "data_as_of": "2026-06-12",
        "existence_status": "confirmed",
        "price_status": "known_unpriced",
        "rule_status": "partial",
        "enrichment_status": "needs_price",
        "payment_url": "",
        "booking_url": "",
        "raw_properties": {
          "OBJECTID": 315,
          "NUMBER": "CL14W04",
          "BRAND": "DPT",
          "ZONE": "7A",
          "STATUS": 5,
          "created_user": null,
          "created_date": null,
          "last_edited_user": null,
          "last_edited_date": null
        }
      }
    },
    {
      "type": "Feature",
      "id": 316,
      "geometry": {
        "type": "Point",
        "coordinates": [
          -80.13078752151516,
          25.786124345479084
        ]
      },
      "properties": {
        "OBJECTID": 316,
        "NUMBER": "CL14W02",
        "BRAND": "DPT",
        "ZONE": "7A",
        "STATUS": 5,
        "created_user": null,
        "created_date": null,
        "last_edited_user": null,
        "last_edited_date": null,
        "source_id": "miami-beach:arcgis:meters:316",
        "source_name": "City of Miami Beach Parking GIS",
        "name": "Parking Meters 316",
        "facility_type": "parking_zone",
        "city": "Miami Beach",
        "state": "FL",
        "operator": "City of Miami Beach Parking Department",
        "access": "public",
        "fee": "unknown",
        "charge": "unknown",
        "capacity": null,
        "confidence": 0.9,
        "last_verified_source": "City of Miami Beach Parking GIS",
        "source_url": "https://www.miamibeachfl.gov/city-hall/parking/",
        "api_url": "https://gis.miamibeachfl.gov/public/rest/services/mb/Parking/FeatureServer/1/query?where=1%3D1&outFields=*&f=geojson&outSR=4326&resultRecordCount=1000&resultOffset=0",
        "evidence_url": "https://gis.miamibeachfl.gov/public/rest/services/mb/Parking/FeatureServer/1/query?where=1%3D1&outFields=*&f=geojson&outSR=4326&resultRecordCount=1000&resultOffset=0",
        "data_as_of": "2026-06-12",
        "existence_status": "confirmed",
        "price_status": "known_unpriced",
        "rule_status": "partial",
        "enrichment_status": "needs_price",
        "payment_url": "",
        "booking_url": "",
        "raw_properties": {
          "OBJECTID": 316,
          "NUMBER": "CL14W02",
          "BRAND": "DPT",
          "ZONE": "7A",
          "STATUS": 5,
          "created_user": null,
          "created_date": null,
          "last_edited_user": null,
          "last_edited_date": null
        }
      }
    },
    {
      "type": "Feature",
      "id": 317,
      "geometry": {
        "type": "Point",
        "coordinates": [
          -80.13095836460994,
          25.78483233278893
        ]
      },
      "properties": {
        "OBJECTID": 317,
        "NUMBER": "CL13W04",
        "BRAND": "DPT",
        "ZONE": "7A",
        "STATUS": 5,
        "created_user": null,
        "created_date": null,
        "last_edited_user": null,
        "last_edited_date": null,
        "source_id": "miami-beach:arcgis:meters:317",
        "source_name": "City of Miami Beach Parking GIS",
        "name": "Parking Meters 317",
        "facility_type": "parking_zone",
        "city": "Miami Beach",
        "state": "FL",
        "operator": "City of Miami Beach Parking Department",
        "access": "public",
        "fee": "unknown",
        "charge": "unknown",
        "capacity": null,
        "confidence": 0.9,
        "last_verified_source": "City of Miami Beach Parking GIS",
        "source_url": "https://www.miamibeachfl.gov/city-hall/parking/",
        "api_url": "https://gis.miamibeachfl.gov/public/rest/services/mb/Parking/FeatureServer/1/query?where=1%3D1&outFields=*&f=geojson&outSR=4326&resultRecordCount=1000&resultOffset=0",
        "evidence_url": "https://gis.miamibeachfl.gov/public/rest/services/mb/Parking/FeatureServer/1/query?where=1%3D1&outFields=*&f=geojson&outSR=4326&resultRecordCount=1000&resultOffset=0",
        "data_as_of": "2026-06-12",
        "existence_status": "confirmed",
        "price_status": "known_unpriced",
        "rule_status": "partial",
        "enrichment_status": "needs_price",
        "payment_url": "",
        "booking_url": "",
        "raw_properties": {
          "OBJECTID": 317,
          "NUMBER": "CL13W04",
          "BRAND": "DPT",
          "ZONE": "7A",
          "STATUS": 5,
          "created_user": null,
          "created_date": null,
          "last_edited_user": null,
          "last_edited_date": null
        }
      }
    },
    {
      "type": "Feature",
      "id": 318,
      "geometry": {
        "type": "Point",
        "coordinates": [
          -80.13105339454361,
          25.784460573469453
        ]
      },
      "properties": {
        "OBJECTID": 318,
        "NUMBER": "CL13W02",
        "BRAND": "DPT",
        "ZONE": "7A",
        "STATUS": 5,
        "created_user": null,
        "created_date": null,
        "last_edited_user": null,
        "last_edited_date": null,
        "source_id": "miami-beach:arcgis:meters:318",
        "source_name": "City of Miami Beach Parking GIS",
        "name": "Parking Meters 318",
        "facility_type": "parking_zone",
        "city": "Miami Beach",
        "state": "FL",
        "operator": "City of Miami Beach Parking Department",
        "access": "public",
        "fee": "unknown",
        "charge": "unknown",
        "capacity": null,
        "confidence": 0.9,
        "last_verified_source": "City of Miami Beach Parking GIS",
        "source_url": "https://www.miamibeachfl.gov/city-hall/parking/",
        "api_url": "https://gis.miamibeachfl.gov/public/rest/services/mb/Parking/FeatureServer/1/query?where=1%3D1&outFields=*&f=geojson&outSR=4326&resultRecordCount=1000&resultOffset=0",
        "evidence_url": "https://gis.miamibeachfl.gov/public/rest/services/mb/Parking/FeatureServer/1/query?where=1%3D1&outFields=*&f=geojson&outSR=4326&resultRecordCount=1000&resultOffset=0",
        "data_as_of": "2026-06-12",
        "existence_status": "confirmed",
        "price_status": "known_unpriced",
        "rule_status": "partial",
        "enrichment_status": "needs_price",
        "payment_url": "",
        "booking_url": "",
        "raw_properties": {
          "OBJECTID": 318,
          "NUMBER": "CL13W02",
          "BRAND": "DPT",
          "ZONE": "7A",
          "STATUS": 5,
          "created_user": null,
          "created_date": null,
          "last_edited_user": null,
          "last_edited_date": null
        }
      }
    },
    {
      "type": "Feature",
      "id": 319,
      "geometry": {
        "type": "Point",
        "coordinates": [
          -80.13122846680162,
          25.783200417326334
        ]
      },
      "properties": {
        "OBJECTID": 319,
        "NUMBER": "CL12W02",
        "BRAND": "DPT",
        "ZONE": "7A",
        "STATUS": 5,
        "created_user": null,
        "created_date": null,
        "last_edited_user": null,
        "last_edited_date": null,
        "source_id": "miami-beach:arcgis:meters:319",
        "source_name": "City of Miami Beach Parking GIS",
        "name": "Parking Meters 319",
        "facility_type": "parking_zone",
        "city": "Miami Beach",
        "state": "FL",
        "operator": "City of Miami Beach Parking Department",
        "access": "public",
        "fee": "unknown",
        "charge": "unknown",
        "capacity": null,
        "confidence": 0.9,
        "last_verified_source": "City of Miami Beach Parking GIS",
        "source_url": "https://www.miamibeachfl.gov/city-hall/parking/",
        "api_url": "https://gis.miamibeachfl.gov/public/rest/services/mb/Parking/FeatureServer/1/query?where=1%3D1&outFields=*&f=geojson&outSR=4326&resultRecordCount=1000&resultOffset=0",
        "evidence_url": "https://gis.miamibeachfl.gov/public/rest/services/mb/Parking/FeatureServer/1/query?where=1%3D1&outFields=*&f=geojson&outSR=4326&resultRecordCount=1000&resultOffset=0",
        "data_as_of": "2026-06-12",
        "existence_status": "confirmed",
        "price_status": "known_unpriced",
        "rule_status": "partial",
        "enrichment_status": "needs_price",
        "payment_url": "",
        "booking_url": "",
        "raw_properties": {
          "OBJECTID": 319,
          "NUMBER": "CL12W02",
          "BRAND": "DPT",
          "ZONE": "7A",
          "STATUS": 5,
          "created_user": null,
          "created_date": null,
          "last_edited_user": null,
          "last_edited_date": null
        }
      }
    },
    {
      "type": "Feature",
      "id": 320,
      "geometry": {
        "type": "Point",
        "coordinates": [
          -80.1314022380077,
          25.782276868777075
        ]
      },
      "properties": {
        "OBJECTID": 320,
        "NUMBER": "CL11W02",
        "BRAND": "DPT",
        "ZONE": "7A",
        "STATUS": 5,
        "created_user": null,
        "created_date": null,
        "last_edited_user": null,
        "last_edited_date": null,
        "source_id": "miami-beach:arcgis:meters:320",
        "source_name": "City of Miami Beach Parking GIS",
        "name": "Parking Meters 320",
        "facility_type": "parking_zone",
        "city": "Miami Beach",
        "state": "FL",
        "operator": "City of Miami Beach Parking Department",
        "access": "public",
        "fee": "unknown",
        "charge": "unknown",
        "capacity": null,
        "confidence": 0.9,
        "last_verified_source": "City of Miami Beach Parking GIS",
        "source_url": "https://www.miamibeachfl.gov/city-hall/parking/",
        "api_url": "https://gis.miamibeachfl.gov/public/rest/services/mb/Parking/FeatureServer/1/query?where=1%3D1&outFields=*&f=geojson&outSR=4326&resultRecordCount=1000&resultOffset=0",
        "evidence_url": "https://gis.miamibeachfl.gov/public/rest/services/mb/Parking/FeatureServer/1/query?where=1%3D1&outFields=*&f=geojson&outSR=4326&resultRecordCount=1000&resultOffset=0",
        "data_as_of": "2026-06-12",
        "existence_status": "confirmed",
        "price_status": "known_unpriced",
        "rule_status": "partial",
        "enrichment_status": "needs_price",
        "payment_url": "",
        "booking_url": "",
        "raw_properties": {
          "OBJECTID": 320,
          "NUMBER": "CL11W02",
          "BRAND": "DPT",
          "ZONE": "7A",
          "STATUS": 5,
          "created_user": null,
          "created_date": null,
          "last_edited_user": null,
          "last_edited_date": null
        }
      }
    },
    {
      "type": "Feature",
      "id": 321,
      "geometry": {
        "type": "Point",
        "coordinates": [
          -80.13126005920834,
          25.782351019016247
        ]
      },
      "properties": {
        "OBJECTID": 321,
        "NUMBER": "CL11E01",
        "BRAND": "DPT",
        "ZONE": "7A",
        "STATUS": 5,
        "created_user": null,
        "created_date": null,
        "last_edited_user": null,
        "last_edited_date": null,
        "source_id": "miami-beach:arcgis:meters:321",
        "source_name": "City of Miami Beach Parking GIS",
        "name": "Parking Meters 321",
        "facility_type": "parking_zone",
        "city": "Miami Beach",
        "state": "FL",
        "operator": "City of Miami Beach Parking Department",
        "access": "public",
        "fee": "unknown",
        "charge": "unknown",
        "capacity": null,
        "confidence": 0.9,
        "last_verified_source": "City of Miami Beach Parking GIS",
        "source_url": "https://www.miamibeachfl.gov/city-hall/parking/",
        "api_url": "https://gis.miamibeachfl.gov/public/rest/services/mb/Parking/FeatureServer/1/query?where=1%3D1&outFields=*&f=geojson&outSR=4326&resultRecordCount=1000&resultOffset=0",
        "evidence_url": "https://gis.miamibeachfl.gov/public/rest/services/mb/Parking/FeatureServer/1/query?where=1%3D1&outFields=*&f=geojson&outSR=4326&resultRecordCount=1000&resultOffset=0",
        "data_as_of": "2026-06-12",
        "existence_status": "confirmed",
        "price_status": "known_unpriced",
        "rule_status": "partial",
        "enrichment_status": "needs_price",
        "payment_url": "",
        "booking_url": "",
        "raw_properties": {
          "OBJECTID": 321,
          "NUMBER": "CL11E01",
          "BRAND": "DPT",
          "ZONE": "7A",
          "STATUS": 5,
          "created_user": null,
          "created_date": null,
          "last_edited_user": null,
          "last_edited_date": null
        }
      }
    },
    {
      "type": "Feature",
      "id": 322,
      "geometry": {
        "type": "Point",
        "coordinates": [
          -80.1310897688851,
          25.783113639858122
        ]
      },
      "properties": {
        "OBJECTID": 322,
        "NUMBER": "CL12E01",
        "BRAND": "DPT",
        "ZONE": "7A",
        "STATUS": 5,
        "created_user": null,
        "created_date": null,
        "last_edited_user": null,
        "last_edited_date": null,
        "source_id": "miami-beach:arcgis:meters:322",
        "source_name": "City of Miami Beach Parking GIS",
        "name": "Parking Meters 322",
        "facility_type": "parking_zone",
        "city": "Miami Beach",
        "state": "FL",
        "operator": "City of Miami Beach Parking Department",
        "access": "public",
        "fee": "unknown",
        "charge": "unknown",
        "capacity": null,
        "confidence": 0.9,
        "last_verified_source": "City of Miami Beach Parking GIS",
        "source_url": "https://www.miamibeachfl.gov/city-hall/parking/",
        "api_url": "https://gis.miamibeachfl.gov/public/rest/services/mb/Parking/FeatureServer/1/query?where=1%3D1&outFields=*&f=geojson&outSR=4326&resultRecordCount=1000&resultOffset=0",
        "evidence_url": "https://gis.miamibeachfl.gov/public/rest/services/mb/Parking/FeatureServer/1/query?where=1%3D1&outFields=*&f=geojson&outSR=4326&resultRecordCount=1000&resultOffset=0",
        "data_as_of": "2026-06-12",
        "existence_status": "confirmed",
        "price_status": "known_unpriced",
        "rule_status": "partial",
        "enrichment_status": "needs_price",
        "payment_url": "",
        "booking_url": "",
        "raw_properties": {
          "OBJECTID": 322,
          "NUMBER": "CL12E01",
          "BRAND": "DPT",
          "ZONE": "7A",
          "STATUS": 5,
          "created_user": null,
          "created_date": null,
          "last_edited_user": null,
          "last_edited_date": null
        }
      }
    },
    {
      "type": "Feature",
      "id": 323,
      "geometry": {
        "type": "Point",
        "coordinates": [
          -80.1310223278765,
          25.78366123157426
        ]
      },
      "properties": {
        "OBJECTID": 323,
        "NUMBER": "CL12E03",
        "BRAND": "DPT",
        "ZONE": "7A",
        "STATUS": 5,
        "created_user": null,
        "created_date": null,
        "last_edited_user": null,
        "last_edited_date": null,
        "source_id": "miami-beach:arcgis:meters:323",
        "source_name": "City of Miami Beach Parking GIS",
        "name": "Parking Meters 323",
        "facility_type": "parking_zone",
        "city": "Miami Beach",
        "state": "FL",
        "operator": "City of Miami Beach Parking Department",
        "access": "public",
        "fee": "unknown",
        "charge": "unknown",
        "capacity": null,
        "confidence": 0.9,
        "last_verified_source": "City of Miami Beach Parking GIS",
        "source_url": "https://www.miamibeachfl.gov/city-hall/parking/",
        "api_url": "https://gis.miamibeachfl.gov/public/rest/services/mb/Parking/FeatureServer/1/query?where=1%3D1&outFields=*&f=geojson&outSR=4326&resultRecordCount=1000&resultOffset=0",
        "evidence_url": "https://gis.miamibeachfl.gov/public/rest/services/mb/Parking/FeatureServer/1/query?where=1%3D1&outFields=*&f=geojson&outSR=4326&resultRecordCount=1000&resultOffset=0",
        "data_as_of": "2026-06-12",
        "existence_status": "confirmed",
        "price_status": "known_unpriced",
        "rule_status": "partial",
        "enrichment_status": "needs_price",
        "payment_url": "",
        "booking_url": "",
        "raw_properties": {
          "OBJECTID": 323,
          "NUMBER": "CL12E03",
          "BRAND": "DPT",
          "ZONE": "7A",
          "STATUS": 5,
          "created_user": null,
          "created_date": null,
          "last_edited_user": null,
          "last_edited_date": null
        }
      }
    },
    {
      "type": "Feature",
      "id": 324,
      "geometry": {
        "type": "Point",
        "coordinates": [
          -80.13091373508871,
          25.784513883848263
        ]
      },
      "properties": {
        "OBJECTID": 324,
        "NUMBER": "CL13E01",
        "BRAND": "DPT",
        "ZONE": "7A",
        "STATUS": 5,
        "created_user": null,
        "created_date": null,
        "last_edited_user": null,
        "last_edited_date": null,
        "source_id": "miami-beach:arcgis:meters:324",
        "source_name": "City of Miami Beach Parking GIS",
        "name": "Parking Meters 324",
        "facility_type": "parking_zone",
        "city": "Miami Beach",
        "state": "FL",
        "operator": "City of Miami Beach Parking Department",
        "access": "public",
        "fee": "unknown",
        "charge": "unknown",
        "capacity": null,
        "confidence": 0.9,
        "last_verified_source": "City of Miami Beach Parking GIS",
        "source_url": "https://www.miamibeachfl.gov/city-hall/parking/",
        "api_url": "https://gis.miamibeachfl.gov/public/rest/services/mb/Parking/FeatureServer/1/query?where=1%3D1&outFields=*&f=geojson&outSR=4326&resultRecordCount=1000&resultOffset=0",
        "evidence_url": "https://gis.miamibeachfl.gov/public/rest/services/mb/Parking/FeatureServer/1/query?where=1%3D1&outFields=*&f=geojson&outSR=4326&resultRecordCount=1000&resultOffset=0",
        "data_as_of": "2026-06-12",
        "existence_status": "confirmed",
        "price_status": "known_unpriced",
        "rule_status": "partial",
        "enrichment_status": "needs_price",
        "payment_url": "",
        "booking_url": "",
        "raw_properties": {
          "OBJECTID": 324,
          "NUMBER": "CL13E01",
          "BRAND": "DPT",
          "ZONE": "7A",
          "STATUS": 5,
          "created_user": null,
          "created_date": null,
          "last_edited_user": null,
          "last_edited_date": null
        }
      }
    },
    {
      "type": "Feature",
      "id": 325,
      "geometry": {
        "type": "Point",
        "coordinates": [
          -80.13081141951977,
          25.78495539880066
        ]
      },
      "properties": {
        "OBJECTID": 325,
        "NUMBER": "CL13E03",
        "BRAND": "DPT",
        "ZONE": "7A",
        "STATUS": 5,
        "created_user": null,
        "created_date": null,
        "last_edited_user": null,
        "last_edited_date": null,
        "source_id": "miami-beach:arcgis:meters:325",
        "source_name": "City of Miami Beach Parking GIS",
        "name": "Parking Meters 325",
        "facility_type": "parking_zone",
        "city": "Miami Beach",
        "state": "FL",
        "operator": "City of Miami Beach Parking Department",
        "access": "public",
        "fee": "unknown",
        "charge": "unknown",
        "capacity": null,
        "confidence": 0.9,
        "last_verified_source": "City of Miami Beach Parking GIS",
        "source_url": "https://www.miamibeachfl.gov/city-hall/parking/",
        "api_url": "https://gis.miamibeachfl.gov/public/rest/services/mb/Parking/FeatureServer/1/query?where=1%3D1&outFields=*&f=geojson&outSR=4326&resultRecordCount=1000&resultOffset=0",
        "evidence_url": "https://gis.miamibeachfl.gov/public/rest/services/mb/Parking/FeatureServer/1/query?where=1%3D1&outFields=*&f=geojson&outSR=4326&resultRecordCount=1000&resultOffset=0",
        "data_as_of": "2026-06-12",
        "existence_status": "confirmed",
        "price_status": "known_unpriced",
        "rule_status": "partial",
        "enrichment_status": "needs_price",
        "payment_url": "",
        "booking_url": "",
        "raw_properties": {
          "OBJECTID": 325,
          "NUMBER": "CL13E03",
          "BRAND": "DPT",
          "ZONE": "7A",
          "STATUS": 5,
          "created_user": null,
          "created_date": null,
          "last_edited_user": null,
          "last_edited_date": null
        }
      }
    },
    {
      "type": "Feature",
      "id": 326,
      "geometry": {
        "type": "Point",
        "coordinates": [
          -80.13071406036639,
          25.78585073473431
        ]
      },
      "properties": {
        "OBJECTID": 326,
        "NUMBER": "CL14E01",
        "BRAND": "DPT",
        "ZONE": "7A",
        "STATUS": 3,
        "created_user": null,
        "created_date": null,
        "last_edited_user": null,
        "last_edited_date": null,
        "source_id": "miami-beach:arcgis:meters:326",
        "source_name": "City of Miami Beach Parking GIS",
        "name": "Parking Meters 326",
        "facility_type": "parking_zone",
        "city": "Miami Beach",
        "state": "FL",
        "operator": "City of Miami Beach Parking Department",
        "access": "public",
        "fee": "unknown",
        "charge": "unknown",
        "capacity": null,
        "confidence": 0.9,
        "last_verified_source": "City of Miami Beach Parking GIS",
        "source_url": "https://www.miamibeachfl.gov/city-hall/parking/",
        "api_url": "https://gis.miamibeachfl.gov/public/rest/services/mb/Parking/FeatureServer/1/query?where=1%3D1&outFields=*&f=geojson&outSR=4326&resultRecordCount=1000&resultOffset=0",
        "evidence_url": "https://gis.miamibeachfl.gov/public/rest/services/mb/Parking/FeatureServer/1/query?where=1%3D1&outFields=*&f=geojson&outSR=4326&resultRecordCount=1000&resultOffset=0",
        "data_as_of": "2026-06-12",
        "existence_status": "confirmed",
        "price_status": "known_unpriced",
        "rule_status": "partial",
        "enrichment_status": "needs_price",
        "payment_url": "",
        "booking_url": "",
        "raw_properties": {
          "OBJECTID": 326,
          "NUMBER": "CL14E01",
          "BRAND": "DPT",
          "ZONE": "7A",
          "STATUS": 3,
          "created_user": null,
          "created_date": null,
          "last_edited_user": null,
          "last_edited_date": null
        }
      }
    },
    {
      "type": "Feature",
      "id": 327,
      "geometry": {
        "type": "Point",
        "coordinates": [
          -80.13058376256855,
          25.78630363744924
        ]
      },
      "properties": {
        "OBJECTID": 327,
        "NUMBER": "CL14E03",
        "BRAND": "DPR",
        "ZONE": "7A",
        "STATUS": 5,
        "created_user": null,
        "created_date": null,
        "last_edited_user": null,
        "last_edited_date": null,
        "source_id": "miami-beach:arcgis:meters:327",
        "source_name": "City of Miami Beach Parking GIS",
        "name": "Parking Meters 327",
        "facility_type": "parking_zone",
        "city": "Miami Beach",
        "state": "FL",
        "operator": "City of Miami Beach Parking Department",
        "access": "public",
        "fee": "unknown",
        "charge": "unknown",
        "capacity": null,
        "confidence": 0.9,
        "last_verified_source": "City of Miami Beach Parking GIS",
        "source_url": "https://www.miamibeachfl.gov/city-hall/parking/",
        "api_url": "https://gis.miamibeachfl.gov/public/rest/services/mb/Parking/FeatureServer/1/query?where=1%3D1&outFields=*&f=geojson&outSR=4326&resultRecordCount=1000&resultOffset=0",
        "evidence_url": "https://gis.miamibeachfl.gov/public/rest/services/mb/Parking/FeatureServer/1/query?where=1%3D1&outFields=*&f=geojson&outSR=4326&resultRecordCount=1000&resultOffset=0",
        "data_as_of": "2026-06-12",
        "existence_status": "confirmed",
        "price_status": "known_unpriced",
        "rule_status": "partial",
        "enrichment_status": "needs_price",
        "payment_url": "",
        "booking_url": "",
        "raw_properties": {
          "OBJECTID": 327,
          "NUMBER": "CL14E03",
          "BRAND": "DPR",
          "ZONE": "7A",
          "STATUS": 5,
          "created_user": null,
          "created_date": null,
          "last_edited_user": null,
          "last_edited_date": null
        }
      }
    },
    {
      "type": "Feature",
      "id": 328,
      "geometry": {
        "type": "Point",
        "coordinates": [
          -80.14436117789299,
          25.794716268879146
        ]
      },
      "properties": {
        "OBJECTID": 328,
        "NUMBER": "PU19E01",
        "BRAND": "DPT",
        "ZONE": "4B",
        "STATUS": 5,
        "created_user": null,
        "created_date": null,
        "last_edited_user": null,
        "last_edited_date": null,
        "source_id": "miami-beach:arcgis:meters:328",
        "source_name": "City of Miami Beach Parking GIS",
        "name": "Parking Meters 328",
        "facility_type": "parking_zone",
        "city": "Miami Beach",
        "state": "FL",
        "operator": "City of Miami Beach Parking Department",
        "access": "public",
        "fee": "unknown",
        "charge": "unknown",
        "capacity": null,
        "confidence": 0.9,
        "last_verified_source": "City of Miami Beach Parking GIS",
        "source_url": "https://www.miamibeachfl.gov/city-hall/parking/",
        "api_url": "https://gis.miamibeachfl.gov/public/rest/services/mb/Parking/FeatureServer/1/query?where=1%3D1&outFields=*&f=geojson&outSR=4326&resultRecordCount=1000&resultOffset=0",
        "evidence_url": "https://gis.miamibeachfl.gov/public/rest/services/mb/Parking/FeatureServer/1/query?where=1%3D1&outFields=*&f=geojson&outSR=4326&resultRecordCount=1000&resultOffset=0",
        "data_as_of": "2026-06-12",
        "existence_status": "confirmed",
        "price_status": "known_unpriced",
        "rule_status": "partial",
        "enrichment_status": "needs_price",
        "payment_url": "",
        "booking_url": "",
        "raw_properties": {
          "OBJECTID": 328,
          "NUMBER": "PU19E01",
          "BRAND": "DPT",
          "ZONE": "4B",
          "STATUS": 5,
          "created_user": null,
          "created_date": null,
          "last_edited_user": null,
          "last_edited_date": null
        }
      }
    },
    {
      "type": "Feature",
      "id": 329,
      "geometry": {
        "type": "Point",
        "coordinates": [
          -80.12921837020404,
          25.798398873754277
        ]
      },
      "properties": {
        "OBJECTID": 329,
        "NUMBER": "LB22W02",
        "BRAND": "DPT",
        "ZONE": "6X",
        "STATUS": 5,
        "created_user": null,
        "created_date": null,
        "last_edited_user": null,
        "last_edited_date": null,
        "source_id": "miami-beach:arcgis:meters:329",
        "source_name": "City of Miami Beach Parking GIS",
        "name": "Parking Meters 329",
        "facility_type": "parking_zone",
        "city": "Miami Beach",
        "state": "FL",
        "operator": "City of Miami Beach Parking Department",
        "access": "public",
        "fee": "unknown",
        "charge": "unknown",
        "capacity": null,
        "confidence": 0.9,
        "last_verified_source": "City of Miami Beach Parking GIS",
        "source_url": "https://www.miamibeachfl.gov/city-hall/parking/",
        "api_url": "https://gis.miamibeachfl.gov/public/rest/services/mb/Parking/FeatureServer/1/query?where=1%3D1&outFields=*&f=geojson&outSR=4326&resultRecordCount=1000&resultOffset=0",
        "evidence_url": "https://gis.miamibeachfl.gov/public/rest/services/mb/Parking/FeatureServer/1/query?where=1%3D1&outFields=*&f=geojson&outSR=4326&resultRecordCount=1000&resultOffset=0",
        "data_as_of": "2026-06-12",
        "existence_status": "confirmed",
        "price_status": "known_unpriced",
        "rule_status": "partial",
        "enrichment_status": "needs_price",
        "payment_url": "",
        "booking_url": "",
        "raw_properties": {
          "OBJECTID": 329,
          "NUMBER": "LB22W02",
          "BRAND": "DPT",
          "ZONE": "6X",
          "STATUS": 5,
          "created_user": null,
          "created_date": null,
          "last_edited_user": null,
          "last_edited_date": null
        }
      }
    },
    {
      "type": "Feature",
      "id": 330,
      "geometry": {
        "type": "Point",
        "coordinates": [
          -80.12932116524615,
          25.79870548288318
        ]
      },
      "properties": {
        "OBJECTID": 330,
        "NUMBER": "2303S02",
        "BRAND": "DPT",
        "ZONE": "6X",
        "STATUS": 5,
        "created_user": null,
        "created_date": null,
        "last_edited_user": null,
        "last_edited_date": null,
        "source_id": "miami-beach:arcgis:meters:330",
        "source_name": "City of Miami Beach Parking GIS",
        "name": "Parking Meters 330",
        "facility_type": "parking_zone",
        "city": "Miami Beach",
        "state": "FL",
        "operator": "City of Miami Beach Parking Department",
        "access": "public",
        "fee": "unknown",
        "charge": "unknown",
        "capacity": null,
        "confidence": 0.9,
        "last_verified_source": "City of Miami Beach Parking GIS",
        "source_url": "https://www.miamibeachfl.gov/city-hall/parking/",
        "api_url": "https://gis.miamibeachfl.gov/public/rest/services/mb/Parking/FeatureServer/1/query?where=1%3D1&outFields=*&f=geojson&outSR=4326&resultRecordCount=1000&resultOffset=0",
        "evidence_url": "https://gis.miamibeachfl.gov/public/rest/services/mb/Parking/FeatureServer/1/query?where=1%3D1&outFields=*&f=geojson&outSR=4326&resultRecordCount=1000&resultOffset=0",
        "data_as_of": "2026-06-12",
        "existence_status": "confirmed",
        "price_status": "known_unpriced",
        "rule_status": "partial",
        "enrichment_status": "needs_price",
        "payment_url": "",
        "booking_url": "",
        "raw_properties": {
          "OBJECTID": 330,
          "NUMBER": "2303S02",
          "BRAND": "DPT",
          "ZONE": "6X",
          "STATUS": 5,
          "created_user": null,
          "created_date": null,
          "last_edited_user": null,
          "last_edited_date": null
        }
      }
    },
    {
      "type": "Feature",
      "id": 331,
      "geometry": {
        "type": "Point",
        "coordinates": [
          -80.12767400368091,
          25.796533297108653
        ]
      },
      "properties": {
        "OBJECTID": 331,
        "NUMBER": "P049001",
        "BRAND": "DPT",
        "ZONE": "P49",
        "STATUS": 5,
        "created_user": null,
        "created_date": null,
        "last_edited_user": null,
        "last_edited_date": null,
        "source_id": "miami-beach:arcgis:meters:331",
        "source_name": "City of Miami Beach Parking GIS",
        "name": "Parking Meters 331",
        "facility_type": "parking_zone",
        "city": "Miami Beach",
        "state": "FL",
        "operator": "City of Miami Beach Parking Department",
        "access": "public",
        "fee": "unknown",
        "charge": "unknown",
        "capacity": null,
        "confidence": 0.9,
        "last_verified_source": "City of Miami Beach Parking GIS",
        "source_url": "https://www.miamibeachfl.gov/city-hall/parking/",
        "api_url": "https://gis.miamibeachfl.gov/public/rest/services/mb/Parking/FeatureServer/1/query?where=1%3D1&outFields=*&f=geojson&outSR=4326&resultRecordCount=1000&resultOffset=0",
        "evidence_url": "https://gis.miamibeachfl.gov/public/rest/services/mb/Parking/FeatureServer/1/query?where=1%3D1&outFields=*&f=geojson&outSR=4326&resultRecordCount=1000&resultOffset=0",
        "data_as_of": "2026-06-12",
        "existence_status": "confirmed",
        "price_status": "known_unpriced",
        "rule_status": "partial",
        "enrichment_status": "needs_price",
        "payment_url": "",
        "booking_url": "",
        "raw_properties": {
          "OBJECTID": 331,
          "NUMBER": "P049001",
          "BRAND": "DPT",
          "ZONE": "P49",
          "STATUS": 5,
          "created_user": null,
          "created_date": null,
          "last_edited_user": null,
          "last_edited_date": null
        }
      }
    },
    {
      "type": "Feature",
      "id": 332,
      "geometry": {
        "type": "Point",
        "coordinates": [
          -80.12758610561448,
          25.796749925712955
        ]
      },
      "properties": {
        "OBJECTID": 332,
        "NUMBER": "P049003",
        "BRAND": "DPT",
        "ZONE": "P49",
        "STATUS": 5,
        "created_user": null,
        "created_date": null,
        "last_edited_user": null,
        "last_edited_date": null,
        "source_id": "miami-beach:arcgis:meters:332",
        "source_name": "City of Miami Beach Parking GIS",
        "name": "Parking Meters 332",
        "facility_type": "parking_zone",
        "city": "Miami Beach",
        "state": "FL",
        "operator": "City of Miami Beach Parking Department",
        "access": "public",
        "fee": "unknown",
        "charge": "unknown",
        "capacity": null,
        "confidence": 0.9,
        "last_verified_source": "City of Miami Beach Parking GIS",
        "source_url": "https://www.miamibeachfl.gov/city-hall/parking/",
        "api_url": "https://gis.miamibeachfl.gov/public/rest/services/mb/Parking/FeatureServer/1/query?where=1%3D1&outFields=*&f=geojson&outSR=4326&resultRecordCount=1000&resultOffset=0",
        "evidence_url": "https://gis.miamibeachfl.gov/public/rest/services/mb/Parking/FeatureServer/1/query?where=1%3D1&outFields=*&f=geojson&outSR=4326&resultRecordCount=1000&resultOffset=0",
        "data_as_of": "2026-06-12",
        "existence_status": "confirmed",
        "price_status": "known_unpriced",
        "rule_status": "partial",
        "enrichment_status": "needs_price",
        "payment_url": "",
        "booking_url": "",
        "raw_properties": {
          "OBJECTID": 332,
          "NUMBER": "P049003",
          "BRAND": "DPT",
          "ZONE": "P49",
          "STATUS": 5,
          "created_user": null,
          "created_date": null,
          "last_edited_user": null,
          "last_edited_date": null
        }
      }
    },
    {
      "type": "Feature",
      "id": 333,
      "geometry": {
        "type": "Point",
        "coordinates": [
          -80.12715501426666,
          25.796810122403695
        ]
      },
      "properties": {
        "OBJECTID": 333,
        "NUMBER": "MB21E03",
        "BRAND": "DPT",
        "ZONE": "6X",
        "STATUS": 5,
        "created_user": null,
        "created_date": null,
        "last_edited_user": null,
        "last_edited_date": null,
        "source_id": "miami-beach:arcgis:meters:333",
        "source_name": "City of Miami Beach Parking GIS",
        "name": "Parking Meters 333",
        "facility_type": "parking_zone",
        "city": "Miami Beach",
        "state": "FL",
        "operator": "City of Miami Beach Parking Department",
        "access": "public",
        "fee": "unknown",
        "charge": "unknown",
        "capacity": null,
        "confidence": 0.9,
        "last_verified_source": "City of Miami Beach Parking GIS",
        "source_url": "https://www.miamibeachfl.gov/city-hall/parking/",
        "api_url": "https://gis.miamibeachfl.gov/public/rest/services/mb/Parking/FeatureServer/1/query?where=1%3D1&outFields=*&f=geojson&outSR=4326&resultRecordCount=1000&resultOffset=0",
        "evidence_url": "https://gis.miamibeachfl.gov/public/rest/services/mb/Parking/FeatureServer/1/query?where=1%3D1&outFields=*&f=geojson&outSR=4326&resultRecordCount=1000&resultOffset=0",
        "data_as_of": "2026-06-12",
        "existence_status": "confirmed",
        "price_status": "known_unpriced",
        "rule_status": "partial",
        "enrichment_status": "needs_price",
        "payment_url": "",
        "booking_url": "",
        "raw_properties": {
          "OBJECTID": 333,
          "NUMBER": "MB21E03",
          "BRAND": "DPT",
          "ZONE": "6X",
          "STATUS": 5,
          "created_user": null,
          "created_date": null,
          "last_edited_user": null,
          "last_edited_date": null
        }
      }
    },
    {
      "type": "Feature",
      "id": 334,
      "geometry": {
        "type": "Point",
        "coordinates": [
          -80.12742195528186,
          25.796190190271997
        ]
      },
      "properties": {
        "OBJECTID": 334,
        "NUMBER": "MB21E01",
        "BRAND": "DPT",
        "ZONE": "6X",
        "STATUS": 5,
        "created_user": null,
        "created_date": null,
        "last_edited_user": null,
        "last_edited_date": null,
        "source_id": "miami-beach:arcgis:meters:334",
        "source_name": "City of Miami Beach Parking GIS",
        "name": "Parking Meters 334",
        "facility_type": "parking_zone",
        "city": "Miami Beach",
        "state": "FL",
        "operator": "City of Miami Beach Parking Department",
        "access": "public",
        "fee": "unknown",
        "charge": "unknown",
        "capacity": null,
        "confidence": 0.9,
        "last_verified_source": "City of Miami Beach Parking GIS",
        "source_url": "https://www.miamibeachfl.gov/city-hall/parking/",
        "api_url": "https://gis.miamibeachfl.gov/public/rest/services/mb/Parking/FeatureServer/1/query?where=1%3D1&outFields=*&f=geojson&outSR=4326&resultRecordCount=1000&resultOffset=0",
        "evidence_url": "https://gis.miamibeachfl.gov/public/rest/services/mb/Parking/FeatureServer/1/query?where=1%3D1&outFields=*&f=geojson&outSR=4326&resultRecordCount=1000&resultOffset=0",
        "data_as_of": "2026-06-12",
        "existence_status": "confirmed",
        "price_status": "known_unpriced",
        "rule_status": "partial",
        "enrichment_status": "needs_price",
        "payment_url": "",
        "booking_url": "",
        "raw_properties": {
          "OBJECTID": 334,
          "NUMBER": "MB21E01",
          "BRAND": "DPT",
          "ZONE": "6X",
          "STATUS": 5,
          "created_user": null,
          "created_date": null,
          "last_edited_user": null,
          "last_edited_date": null
        }
      }
    },
    {
      "type": "Feature",
      "id": 335,
      "geometry": {
        "type": "Point",
        "coordinates": [
          -80.12739252834413,
          25.7968221950798
        ]
      },
      "properties": {
        "OBJECTID": 335,
        "NUMBER": "MB21W04",
        "BRAND": "DPT",
        "ZONE": "6X",
        "STATUS": 5,
        "created_user": null,
        "created_date": null,
        "last_edited_user": null,
        "last_edited_date": null,
        "source_id": "miami-beach:arcgis:meters:335",
        "source_name": "City of Miami Beach Parking GIS",
        "name": "Parking Meters 335",
        "facility_type": "parking_zone",
        "city": "Miami Beach",
        "state": "FL",
        "operator": "City of Miami Beach Parking Department",
        "access": "public",
        "fee": "unknown",
        "charge": "unknown",
        "capacity": null,
        "confidence": 0.9,
        "last_verified_source": "City of Miami Beach Parking GIS",
        "source_url": "https://www.miamibeachfl.gov/city-hall/parking/",
        "api_url": "https://gis.miamibeachfl.gov/public/rest/services/mb/Parking/FeatureServer/1/query?where=1%3D1&outFields=*&f=geojson&outSR=4326&resultRecordCount=1000&resultOffset=0",
        "evidence_url": "https://gis.miamibeachfl.gov/public/rest/services/mb/Parking/FeatureServer/1/query?where=1%3D1&outFields=*&f=geojson&outSR=4326&resultRecordCount=1000&resultOffset=0",
        "data_as_of": "2026-06-12",
        "existence_status": "confirmed",
        "price_status": "known_unpriced",
        "rule_status": "partial",
        "enrichment_status": "needs_price",
        "payment_url": "",
        "booking_url": "",
        "raw_properties": {
          "OBJECTID": 335,
          "NUMBER": "MB21W04",
          "BRAND": "DPT",
          "ZONE": "6X",
          "STATUS": 5,
          "created_user": null,
          "created_date": null,
          "last_edited_user": null,
          "last_edited_date": null
        }
      }
    },
    {
      "type": "Feature",
      "id": 336,
      "geometry": {
        "type": "Point",
        "coordinates": [
          -80.12838032402148,
          25.79632301742792
        ]
      },
      "properties": {
        "OBJECTID": 336,
        "NUMBER": "2101N03",
        "BRAND": "DPT",
        "ZONE": "6X",
        "STATUS": 5,
        "created_user": null,
        "created_date": null,
        "last_edited_user": null,
        "last_edited_date": null,
        "source_id": "miami-beach:arcgis:meters:336",
        "source_name": "City of Miami Beach Parking GIS",
        "name": "Parking Meters 336",
        "facility_type": "parking_zone",
        "city": "Miami Beach",
        "state": "FL",
        "operator": "City of Miami Beach Parking Department",
        "access": "public",
        "fee": "unknown",
        "charge": "unknown",
        "capacity": null,
        "confidence": 0.9,
        "last_verified_source": "City of Miami Beach Parking GIS",
        "source_url": "https://www.miamibeachfl.gov/city-hall/parking/",
        "api_url": "https://gis.miamibeachfl.gov/public/rest/services/mb/Parking/FeatureServer/1/query?where=1%3D1&outFields=*&f=geojson&outSR=4326&resultRecordCount=1000&resultOffset=0",
        "evidence_url": "https://gis.miamibeachfl.gov/public/rest/services/mb/Parking/FeatureServer/1/query?where=1%3D1&outFields=*&f=geojson&outSR=4326&resultRecordCount=1000&resultOffset=0",
        "data_as_of": "2026-06-12",
        "existence_status": "confirmed",
        "price_status": "known_unpriced",
        "rule_status": "partial",
        "enrichment_status": "needs_price",
        "payment_url": "",
        "booking_url": "",
        "raw_properties": {
          "OBJECTID": 336,
          "NUMBER": "2101N03",
          "BRAND": "DPT",
          "ZONE": "6X",
          "STATUS": 5,
          "created_user": null,
          "created_date": null,
          "last_edited_user": null,
          "last_edited_date": null
        }
      }
    },
    {
      "type": "Feature",
      "id": 337,
      "geometry": {
        "type": "Point",
        "coordinates": [
          -80.12796332022495,
          25.796186036606166
        ]
      },
      "properties": {
        "OBJECTID": 337,
        "NUMBER": "2101N01",
        "BRAND": "DPT",
        "ZONE": "6X",
        "STATUS": 5,
        "created_user": null,
        "created_date": null,
        "last_edited_user": null,
        "last_edited_date": null,
        "source_id": "miami-beach:arcgis:meters:337",
        "source_name": "City of Miami Beach Parking GIS",
        "name": "Parking Meters 337",
        "facility_type": "parking_zone",
        "city": "Miami Beach",
        "state": "FL",
        "operator": "City of Miami Beach Parking Department",
        "access": "public",
        "fee": "unknown",
        "charge": "unknown",
        "capacity": null,
        "confidence": 0.9,
        "last_verified_source": "City of Miami Beach Parking GIS",
        "source_url": "https://www.miamibeachfl.gov/city-hall/parking/",
        "api_url": "https://gis.miamibeachfl.gov/public/rest/services/mb/Parking/FeatureServer/1/query?where=1%3D1&outFields=*&f=geojson&outSR=4326&resultRecordCount=1000&resultOffset=0",
        "evidence_url": "https://gis.miamibeachfl.gov/public/rest/services/mb/Parking/FeatureServer/1/query?where=1%3D1&outFields=*&f=geojson&outSR=4326&resultRecordCount=1000&resultOffset=0",
        "data_as_of": "2026-06-12",
        "existence_status": "confirmed",
        "price_status": "known_unpriced",
        "rule_status": "partial",
        "enrichment_status": "needs_price",
        "payment_url": "",
        "booking_url": "",
        "raw_properties": {
          "OBJECTID": 337,
          "NUMBER": "2101N01",
          "BRAND": "DPT",
          "ZONE": "6X",
          "STATUS": 5,
          "created_user": null,
          "created_date": null,
          "last_edited_user": null,
          "last_edited_date": null
        }
      }
    },
    {
      "type": "Feature",
      "id": 338,
      "geometry": {
        "type": "Point",
        "coordinates": [
          -80.12756897286565,
          25.797205484328213
        ]
      },
      "properties": {
        "OBJECTID": 338,
        "NUMBER": "2201S02",
        "BRAND": "DPT",
        "ZONE": "6X",
        "STATUS": 5,
        "created_user": null,
        "created_date": null,
        "last_edited_user": null,
        "last_edited_date": null,
        "source_id": "miami-beach:arcgis:meters:338",
        "source_name": "City of Miami Beach Parking GIS",
        "name": "Parking Meters 338",
        "facility_type": "parking_zone",
        "city": "Miami Beach",
        "state": "FL",
        "operator": "City of Miami Beach Parking Department",
        "access": "public",
        "fee": "unknown",
        "charge": "unknown",
        "capacity": null,
        "confidence": 0.9,
        "last_verified_source": "City of Miami Beach Parking GIS",
        "source_url": "https://www.miamibeachfl.gov/city-hall/parking/",
        "api_url": "https://gis.miamibeachfl.gov/public/rest/services/mb/Parking/FeatureServer/1/query?where=1%3D1&outFields=*&f=geojson&outSR=4326&resultRecordCount=1000&resultOffset=0",
        "evidence_url": "https://gis.miamibeachfl.gov/public/rest/services/mb/Parking/FeatureServer/1/query?where=1%3D1&outFields=*&f=geojson&outSR=4326&resultRecordCount=1000&resultOffset=0",
        "data_as_of": "2026-06-12",
        "existence_status": "confirmed",
        "price_status": "known_unpriced",
        "rule_status": "partial",
        "enrichment_status": "needs_price",
        "payment_url": "",
        "booking_url": "",
        "raw_properties": {
          "OBJECTID": 338,
          "NUMBER": "2201S02",
          "BRAND": "DPT",
          "ZONE": "6X",
          "STATUS": 5,
          "created_user": null,
          "created_date": null,
          "last_edited_user": null,
          "last_edited_date": null
        }
      }
    },
    {
      "type": "Feature",
      "id": 339,
      "geometry": {
        "type": "Point",
        "coordinates": [
          -80.12798524851318,
          25.797346863951777
        ]
      },
      "properties": {
        "OBJECTID": 339,
        "NUMBER": "2201S04",
        "BRAND": "DPT",
        "ZONE": "6X",
        "STATUS": 5,
        "created_user": null,
        "created_date": null,
        "last_edited_user": null,
        "last_edited_date": null,
        "source_id": "miami-beach:arcgis:meters:339",
        "source_name": "City of Miami Beach Parking GIS",
        "name": "Parking Meters 339",
        "facility_type": "parking_zone",
        "city": "Miami Beach",
        "state": "FL",
        "operator": "City of Miami Beach Parking Department",
        "access": "public",
        "fee": "unknown",
        "charge": "unknown",
        "capacity": null,
        "confidence": 0.9,
        "last_verified_source": "City of Miami Beach Parking GIS",
        "source_url": "https://www.miamibeachfl.gov/city-hall/parking/",
        "api_url": "https://gis.miamibeachfl.gov/public/rest/services/mb/Parking/FeatureServer/1/query?where=1%3D1&outFields=*&f=geojson&outSR=4326&resultRecordCount=1000&resultOffset=0",
        "evidence_url": "https://gis.miamibeachfl.gov/public/rest/services/mb/Parking/FeatureServer/1/query?where=1%3D1&outFields=*&f=geojson&outSR=4326&resultRecordCount=1000&resultOffset=0",
        "data_as_of": "2026-06-12",
        "existence_status": "confirmed",
        "price_status": "known_unpriced",
        "rule_status": "partial",
        "enrichment_status": "needs_price",
        "payment_url": "",
        "booking_url": "",
        "raw_properties": {
          "OBJECTID": 339,
          "NUMBER": "2201S04",
          "BRAND": "DPT",
          "ZONE": "6X",
          "STATUS": 5,
          "created_user": null,
          "created_date": null,
          "last_edited_user": null,
          "last_edited_date": null
        }
      }
    },
    {
      "type": "Feature",
      "id": 340,
      "geometry": {
        "type": "Point",
        "coordinates": [
          -80.12743156298338,
          25.812788884270198
        ]
      },
      "properties": {
        "OBJECTID": 340,
        "NUMBER": null,
        "BRAND": null,
        "ZONE": null,
        "STATUS": 5,
        "created_user": null,
        "created_date": null,
        "last_edited_user": null,
        "last_edited_date": null,
        "source_id": "miami-beach:arcgis:meters:340",
        "source_name": "City of Miami Beach Parking GIS",
        "name": "Parking Meters 340",
        "facility_type": "parking_zone",
        "city": "Miami Beach",
        "state": "FL",
        "operator": "City of Miami Beach Parking Department",
        "access": "public",
        "fee": "unknown",
        "charge": "unknown",
        "capacity": null,
        "confidence": 0.9,
        "last_verified_source": "City of Miami Beach Parking GIS",
        "source_url": "https://www.miamibeachfl.gov/city-hall/parking/",
        "api_url": "https://gis.miamibeachfl.gov/public/rest/services/mb/Parking/FeatureServer/1/query?where=1%3D1&outFields=*&f=geojson&outSR=4326&resultRecordCount=1000&resultOffset=0",
        "evidence_url": "https://gis.miamibeachfl.gov/public/rest/services/mb/Parking/FeatureServer/1/query?where=1%3D1&outFields=*&f=geojson&outSR=4326&resultRecordCount=1000&resultOffset=0",
        "data_as_of": "2026-06-12",
        "existence_status": "confirmed",
        "price_status": "known_unpriced",
        "rule_status": "partial",
        "enrichment_status": "needs_price",
        "payment_url": "",
        "booking_url": "",
        "raw_properties": {
          "OBJECTID": 340,
          "NUMBER": null,
          "BRAND": null,
          "ZONE": null,
          "STATUS": 5,
          "created_user": null,
          "created_date": null,
          "last_edited_user": null,
          "last_edited_date": null
        }
      }
    },
    {
      "type": "Feature",
      "id": 341,
      "geometry": {
        "type": "Point",
        "coordinates": [
          -80.12735601163745,
          25.812600493515028
        ]
      },
      "properties": {
        "OBJECTID": 341,
        "NUMBER": null,
        "BRAND": null,
        "ZONE": null,
        "STATUS": 5,
        "created_user": null,
        "created_date": null,
        "last_edited_user": null,
        "last_edited_date": null,
        "source_id": "miami-beach:arcgis:meters:341",
        "source_name": "City of Miami Beach Parking GIS",
        "name": "Parking Meters 341",
        "facility_type": "parking_zone",
        "city": "Miami Beach",
        "state": "FL",
        "operator": "City of Miami Beach Parking Department",
        "access": "public",
        "fee": "unknown",
        "charge": "unknown",
        "capacity": null,
        "confidence": 0.9,
        "last_verified_source": "City of Miami Beach Parking GIS",
        "source_url": "https://www.miamibeachfl.gov/city-hall/parking/",
        "api_url": "https://gis.miamibeachfl.gov/public/rest/services/mb/Parking/FeatureServer/1/query?where=1%3D1&outFields=*&f=geojson&outSR=4326&resultRecordCount=1000&resultOffset=0",
        "evidence_url": "https://gis.miamibeachfl.gov/public/rest/services/mb/Parking/FeatureServer/1/query?where=1%3D1&outFields=*&f=geojson&outSR=4326&resultRecordCount=1000&resultOffset=0",
        "data_as_of": "2026-06-12",
        "existence_status": "confirmed",
        "price_status": "known_unpriced",
        "rule_status": "partial",
        "enrichment_status": "needs_price",
        "payment_url": "",
        "booking_url": "",
        "raw_properties": {
          "OBJECTID": 341,
          "NUMBER": null,
          "BRAND": null,
          "ZONE": null,
          "STATUS": 5,
          "created_user": null,
          "created_date": null,
          "last_edited_user": null,
          "last_edited_date": null
        }
      }
    },
    {
      "type": "Feature",
      "id": 342,
      "geometry": {
        "type": "Point",
        "coordinates": [
          -80.12837196171901,
          25.855497098556746
        ]
      },
      "properties": {
        "OBJECTID": 342,
        "NUMBER": null,
        "BRAND": null,
        "ZONE": null,
        "STATUS": 5,
        "created_user": null,
        "created_date": null,
        "last_edited_user": null,
        "last_edited_date": null,
        "source_id": "miami-beach:arcgis:meters:342",
        "source_name": "City of Miami Beach Parking GIS",
        "name": "Parking Meters 342",
        "facility_type": "parking_zone",
        "city": "Miami Beach",
        "state": "FL",
        "operator": "City of Miami Beach Parking Department",
        "access": "public",
        "fee": "unknown",
        "charge": "unknown",
        "capacity": null,
        "confidence": 0.9,
        "last_verified_source": "City of Miami Beach Parking GIS",
        "source_url": "https://www.miamibeachfl.gov/city-hall/parking/",
        "api_url": "https://gis.miamibeachfl.gov/public/rest/services/mb/Parking/FeatureServer/1/query?where=1%3D1&outFields=*&f=geojson&outSR=4326&resultRecordCount=1000&resultOffset=0",
        "evidence_url": "https://gis.miamibeachfl.gov/public/rest/services/mb/Parking/FeatureServer/1/query?where=1%3D1&outFields=*&f=geojson&outSR=4326&resultRecordCount=1000&resultOffset=0",
        "data_as_of": "2026-06-12",
        "existence_status": "confirmed",
        "price_status": "known_unpriced",
        "rule_status": "partial",
        "enrichment_status": "needs_price",
        "payment_url": "",
        "booking_url": "",
        "raw_properties": {
          "OBJECTID": 342,
          "NUMBER": null,
          "BRAND": null,
          "ZONE": null,
          "STATUS": 5,
          "created_user": null,
          "created_date": null,
          "last_edited_user": null,
          "last_edited_date": null
        }
      }
    },
    {
      "type": "Feature",
      "id": 343,
      "geometry": {
        "type": "Point",
        "coordinates": [
          -80.12906086309269,
          25.85501894278349
        ]
      },
      "properties": {
        "OBJECTID": 343,
        "NUMBER": null,
        "BRAND": null,
        "ZONE": null,
        "STATUS": 4,
        "created_user": null,
        "created_date": null,
        "last_edited_user": null,
        "last_edited_date": null,
        "source_id": "miami-beach:arcgis:meters:343",
        "source_name": "City of Miami Beach Parking GIS",
        "name": "Parking Meters 343",
        "facility_type": "parking_zone",
        "city": "Miami Beach",
        "state": "FL",
        "operator": "City of Miami Beach Parking Department",
        "access": "public",
        "fee": "unknown",
        "charge": "unknown",
        "capacity": null,
        "confidence": 0.9,
        "last_verified_source": "City of Miami Beach Parking GIS",
        "source_url": "https://www.miamibeachfl.gov/city-hall/parking/",
        "api_url": "https://gis.miamibeachfl.gov/public/rest/services/mb/Parking/FeatureServer/1/query?where=1%3D1&outFields=*&f=geojson&outSR=4326&resultRecordCount=1000&resultOffset=0",
        "evidence_url": "https://gis.miamibeachfl.gov/public/rest/services/mb/Parking/FeatureServer/1/query?where=1%3D1&outFields=*&f=geojson&outSR=4326&resultRecordCount=1000&resultOffset=0",
        "data_as_of": "2026-06-12",
        "existence_status": "confirmed",
        "price_status": "known_unpriced",
        "rule_status": "partial",
        "enrichment_status": "needs_price",
        "payment_url": "",
        "booking_url": "",
        "raw_properties": {
          "OBJECTID": 343,
          "NUMBER": null,
          "BRAND": null,
          "ZONE": null,
          "STATUS": 4,
          "created_user": null,
          "created_date": null,
          "last_edited_user": null,
          "last_edited_date": null
        }
      }
    },
    {
      "type": "Feature",
      "id": 344,
      "geometry": {
        "type": "Point",
        "coordinates": [
          -80.13164762415872,
          25.854626291807733
        ]
      },
      "properties": {
        "OBJECTID": 344,
        "NUMBER": null,
        "BRAND": null,
        "ZONE": null,
        "STATUS": 5,
        "created_user": null,
        "created_date": null,
        "last_edited_user": null,
        "last_edited_date": null,
        "source_id": "miami-beach:arcgis:meters:344",
        "source_name": "City of Miami Beach Parking GIS",
        "name": "Parking Meters 344",
        "facility_type": "parking_zone",
        "city": "Miami Beach",
        "state": "FL",
        "operator": "City of Miami Beach Parking Department",
        "access": "public",
        "fee": "unknown",
        "charge": "unknown",
        "capacity": null,
        "confidence": 0.9,
        "last_verified_source": "City of Miami Beach Parking GIS",
        "source_url": "https://www.miamibeachfl.gov/city-hall/parking/",
        "api_url": "https://gis.miamibeachfl.gov/public/rest/services/mb/Parking/FeatureServer/1/query?where=1%3D1&outFields=*&f=geojson&outSR=4326&resultRecordCount=1000&resultOffset=0",
        "evidence_url": "https://gis.miamibeachfl.gov/public/rest/services/mb/Parking/FeatureServer/1/query?where=1%3D1&outFields=*&f=geojson&outSR=4326&resultRecordCount=1000&resultOffset=0",
        "data_as_of": "2026-06-12",
        "existence_status": "confirmed",
        "price_status": "known_unpriced",
        "rule_status": "partial",
        "enrichment_status": "needs_price",
        "payment_url": "",
        "booking_url": "",
        "raw_properties": {
          "OBJECTID": 344,
          "NUMBER": null,
          "BRAND": null,
          "ZONE": null,
          "STATUS": 5,
          "created_user": null,
          "created_date": null,
          "last_edited_user": null,
          "last_edited_date": null
        }
      }
    },
    {
      "type": "Feature",
      "id": 345,
      "geometry": {
        "type": "Point",
        "coordinates": [
          -80.1313113006487,
          25.854704945977794
        ]
      },
      "properties": {
        "OBJECTID": 345,
        "NUMBER": null,
        "BRAND": null,
        "ZONE": null,
        "STATUS": 5,
        "created_user": null,
        "created_date": null,
        "last_edited_user": null,
        "last_edited_date": null,
        "source_id": "miami-beach:arcgis:meters:345",
        "source_name": "City of Miami Beach Parking GIS",
        "name": "Parking Meters 345",
        "facility_type": "parking_zone",
        "city": "Miami Beach",
        "state": "FL",
        "operator": "City of Miami Beach Parking Department",
        "access": "public",
        "fee": "unknown",
        "charge": "unknown",
        "capacity": null,
        "confidence": 0.9,
        "last_verified_source": "City of Miami Beach Parking GIS",
        "source_url": "https://www.miamibeachfl.gov/city-hall/parking/",
        "api_url": "https://gis.miamibeachfl.gov/public/rest/services/mb/Parking/FeatureServer/1/query?where=1%3D1&outFields=*&f=geojson&outSR=4326&resultRecordCount=1000&resultOffset=0",
        "evidence_url": "https://gis.miamibeachfl.gov/public/rest/services/mb/Parking/FeatureServer/1/query?where=1%3D1&outFields=*&f=geojson&outSR=4326&resultRecordCount=1000&resultOffset=0",
        "data_as_of": "2026-06-12",
        "existence_status": "confirmed",
        "price_status": "known_unpriced",
        "rule_status": "partial",
        "enrichment_status": "needs_price",
        "payment_url": "",
        "booking_url": "",
        "raw_properties": {
          "OBJECTID": 345,
          "NUMBER": null,
          "BRAND": null,
          "ZONE": null,
          "STATUS": 5,
          "created_user": null,
          "created_date": null,
          "last_edited_user": null,
          "last_edited_date": null
        }
      }
    },
    {
      "type": "Feature",
      "id": 346,
      "geometry": {
        "type": "Point",
        "coordinates": [
          -80.13041804805047,
          25.8548545755647
        ]
      },
      "properties": {
        "OBJECTID": 346,
        "NUMBER": null,
        "BRAND": null,
        "ZONE": null,
        "STATUS": 5,
        "created_user": null,
        "created_date": null,
        "last_edited_user": null,
        "last_edited_date": null,
        "source_id": "miami-beach:arcgis:meters:346",
        "source_name": "City of Miami Beach Parking GIS",
        "name": "Parking Meters 346",
        "facility_type": "parking_zone",
        "city": "Miami Beach",
        "state": "FL",
        "operator": "City of Miami Beach Parking Department",
        "access": "public",
        "fee": "unknown",
        "charge": "unknown",
        "capacity": null,
        "confidence": 0.9,
        "last_verified_source": "City of Miami Beach Parking GIS",
        "source_url": "https://www.miamibeachfl.gov/city-hall/parking/",
        "api_url": "https://gis.miamibeachfl.gov/public/rest/services/mb/Parking/FeatureServer/1/query?where=1%3D1&outFields=*&f=geojson&outSR=4326&resultRecordCount=1000&resultOffset=0",
        "evidence_url": "https://gis.miamibeachfl.gov/public/rest/services/mb/Parking/FeatureServer/1/query?where=1%3D1&outFields=*&f=geojson&outSR=4326&resultRecordCount=1000&resultOffset=0",
        "data_as_of": "2026-06-12",
        "existence_status": "confirmed",
        "price_status": "known_unpriced",
        "rule_status": "partial",
        "enrichment_status": "needs_price",
        "payment_url": "",
        "booking_url": "",
        "raw_properties": {
          "OBJECTID": 346,
          "NUMBER": null,
          "BRAND": null,
          "ZONE": null,
          "STATUS": 5,
          "created_user": null,
          "created_date": null,
          "last_edited_user": null,
          "last_edited_date": null
        }
      }
    },
    {
      "type": "Feature",
      "id": 347,
      "geometry": {
        "type": "Point",
        "coordinates": [
          -80.1294211710779,
          25.854991280338442
        ]
      },
      "properties": {
        "OBJECTID": 347,
        "NUMBER": null,
        "BRAND": null,
        "ZONE": null,
        "STATUS": 5,
        "created_user": null,
        "created_date": null,
        "last_edited_user": null,
        "last_edited_date": null,
        "source_id": "miami-beach:arcgis:meters:347",
        "source_name": "City of Miami Beach Parking GIS",
        "name": "Parking Meters 347",
        "facility_type": "parking_zone",
        "city": "Miami Beach",
        "state": "FL",
        "operator": "City of Miami Beach Parking Department",
        "access": "public",
        "fee": "unknown",
        "charge": "unknown",
        "capacity": null,
        "confidence": 0.9,
        "last_verified_source": "City of Miami Beach Parking GIS",
        "source_url": "https://www.miamibeachfl.gov/city-hall/parking/",
        "api_url": "https://gis.miamibeachfl.gov/public/rest/services/mb/Parking/FeatureServer/1/query?where=1%3D1&outFields=*&f=geojson&outSR=4326&resultRecordCount=1000&resultOffset=0",
        "evidence_url": "https://gis.miamibeachfl.gov/public/rest/services/mb/Parking/FeatureServer/1/query?where=1%3D1&outFields=*&f=geojson&outSR=4326&resultRecordCount=1000&resultOffset=0",
        "data_as_of": "2026-06-12",
        "existence_status": "confirmed",
        "price_status": "known_unpriced",
        "rule_status": "partial",
        "enrichment_status": "needs_price",
        "payment_url": "",
        "booking_url": "",
        "raw_properties": {
          "OBJECTID": 347,
          "NUMBER": null,
          "BRAND": null,
          "ZONE": null,
          "STATUS": 5,
          "created_user": null,
          "created_date": null,
          "last_edited_user": null,
          "last_edited_date": null
        }
      }
    },
    {
      "type": "Feature",
      "id": 348,
      "geometry": {
        "type": "Point",
        "coordinates": [
          -80.12920521651344,
          25.85512919733175
        ]
      },
      "properties": {
        "OBJECTID": 348,
        "NUMBER": null,
        "BRAND": null,
        "ZONE": null,
        "STATUS": 5,
        "created_user": null,
        "created_date": null,
        "last_edited_user": null,
        "last_edited_date": null,
        "source_id": "miami-beach:arcgis:meters:348",
        "source_name": "City of Miami Beach Parking GIS",
        "name": "Parking Meters 348",
        "facility_type": "parking_zone",
        "city": "Miami Beach",
        "state": "FL",
        "operator": "City of Miami Beach Parking Department",
        "access": "public",
        "fee": "unknown",
        "charge": "unknown",
        "capacity": null,
        "confidence": 0.9,
        "last_verified_source": "City of Miami Beach Parking GIS",
        "source_url": "https://www.miamibeachfl.gov/city-hall/parking/",
        "api_url": "https://gis.miamibeachfl.gov/public/rest/services/mb/Parking/FeatureServer/1/query?where=1%3D1&outFields=*&f=geojson&outSR=4326&resultRecordCount=1000&resultOffset=0",
        "evidence_url": "https://gis.miamibeachfl.gov/public/rest/services/mb/Parking/FeatureServer/1/query?where=1%3D1&outFields=*&f=geojson&outSR=4326&resultRecordCount=1000&resultOffset=0",
        "data_as_of": "2026-06-12",
        "existence_status": "confirmed",
        "price_status": "known_unpriced",
        "rule_status": "partial",
        "enrichment_status": "needs_price",
        "payment_url": "",
        "booking_url": "",
        "raw_properties": {
          "OBJECTID": 348,
          "NUMBER": null,
          "BRAND": null,
          "ZONE": null,
          "STATUS": 5,
          "created_user": null,
          "created_date": null,
          "last_edited_user": null,
          "last_edited_date": null
        }
      }
    },
    {
      "type": "Feature",
      "id": 349,
      "geometry": {
        "type": "Point",
        "coordinates": [
          -80.12900077957902,
          25.85549201321226
        ]
      },
      "properties": {
        "OBJECTID": 349,
        "NUMBER": null,
        "BRAND": null,
        "ZONE": null,
        "STATUS": 5,
        "created_user": null,
        "created_date": null,
        "last_edited_user": null,
        "last_edited_date": null,
        "source_id": "miami-beach:arcgis:meters:349",
        "source_name": "City of Miami Beach Parking GIS",
        "name": "Parking Meters 349",
        "facility_type": "parking_zone",
        "city": "Miami Beach",
        "state": "FL",
        "operator": "City of Miami Beach Parking Department",
        "access": "public",
        "fee": "unknown",
        "charge": "unknown",
        "capacity": null,
        "confidence": 0.9,
        "last_verified_source": "City of Miami Beach Parking GIS",
        "source_url": "https://www.miamibeachfl.gov/city-hall/parking/",
        "api_url": "https://gis.miamibeachfl.gov/public/rest/services/mb/Parking/FeatureServer/1/query?where=1%3D1&outFields=*&f=geojson&outSR=4326&resultRecordCount=1000&resultOffset=0",
        "evidence_url": "https://gis.miamibeachfl.gov/public/rest/services/mb/Parking/FeatureServer/1/query?where=1%3D1&outFields=*&f=geojson&outSR=4326&resultRecordCount=1000&resultOffset=0",
        "data_as_of": "2026-06-12",
        "existence_status": "confirmed",
        "price_status": "known_unpriced",
        "rule_status": "partial",
        "enrichment_status": "needs_price",
        "payment_url": "",
        "booking_url": "",
        "raw_properties": {
          "OBJECTID": 349,
          "NUMBER": null,
          "BRAND": null,
          "ZONE": null,
          "STATUS": 5,
          "created_user": null,
          "created_date": null,
          "last_edited_user": null,
          "last_edited_date": null
        }
      }
    },
    {
      "type": "Feature",
      "id": 350,
      "geometry": {
        "type": "Point",
        "coordinates": [
          -80.12815982056597,
          25.79694787941103
        ]
      },
      "properties": {
        "OBJECTID": 350,
        "NUMBER": "P049004",
        "BRAND": "DPT",
        "ZONE": "P49",
        "STATUS": 5,
        "created_user": null,
        "created_date": null,
        "last_edited_user": null,
        "last_edited_date": null,
        "source_id": "miami-beach:arcgis:meters:350",
        "source_name": "City of Miami Beach Parking GIS",
        "name": "Parking Meters 350",
        "facility_type": "parking_zone",
        "city": "Miami Beach",
        "state": "FL",
        "operator": "City of Miami Beach Parking Department",
        "access": "public",
        "fee": "unknown",
        "charge": "unknown",
        "capacity": null,
        "confidence": 0.9,
        "last_verified_source": "City of Miami Beach Parking GIS",
        "source_url": "https://www.miamibeachfl.gov/city-hall/parking/",
        "api_url": "https://gis.miamibeachfl.gov/public/rest/services/mb/Parking/FeatureServer/1/query?where=1%3D1&outFields=*&f=geojson&outSR=4326&resultRecordCount=1000&resultOffset=0",
        "evidence_url": "https://gis.miamibeachfl.gov/public/rest/services/mb/Parking/FeatureServer/1/query?where=1%3D1&outFields=*&f=geojson&outSR=4326&resultRecordCount=1000&resultOffset=0",
        "data_as_of": "2026-06-12",
        "existence_status": "confirmed",
        "price_status": "known_unpriced",
        "rule_status": "partial",
        "enrichment_status": "needs_price",
        "payment_url": "",
        "booking_url": "",
        "raw_properties": {
          "OBJECTID": 350,
          "NUMBER": "P049004",
          "BRAND": "DPT",
          "ZONE": "P49",
          "STATUS": 5,
          "created_user": null,
          "created_date": null,
          "last_edited_user": null,
          "last_edited_date": null
        }
      }
    },
    {
      "type": "Feature",
      "id": 351,
      "geometry": {
        "type": "Point",
        "coordinates": [
          -80.12898707171114,
          25.812821653757982
        ]
      },
      "properties": {
        "OBJECTID": 351,
        "NUMBER": null,
        "BRAND": null,
        "ZONE": null,
        "STATUS": 4,
        "created_user": null,
        "created_date": null,
        "last_edited_user": null,
        "last_edited_date": null,
        "source_id": "miami-beach:arcgis:meters:351",
        "source_name": "City of Miami Beach Parking GIS",
        "name": "Parking Meters 351",
        "facility_type": "parking_zone",
        "city": "Miami Beach",
        "state": "FL",
        "operator": "City of Miami Beach Parking Department",
        "access": "public",
        "fee": "unknown",
        "charge": "unknown",
        "capacity": null,
        "confidence": 0.9,
        "last_verified_source": "City of Miami Beach Parking GIS",
        "source_url": "https://www.miamibeachfl.gov/city-hall/parking/",
        "api_url": "https://gis.miamibeachfl.gov/public/rest/services/mb/Parking/FeatureServer/1/query?where=1%3D1&outFields=*&f=geojson&outSR=4326&resultRecordCount=1000&resultOffset=0",
        "evidence_url": "https://gis.miamibeachfl.gov/public/rest/services/mb/Parking/FeatureServer/1/query?where=1%3D1&outFields=*&f=geojson&outSR=4326&resultRecordCount=1000&resultOffset=0",
        "data_as_of": "2026-06-12",
        "existence_status": "confirmed",
        "price_status": "known_unpriced",
        "rule_status": "partial",
        "enrichment_status": "needs_price",
        "payment_url": "",
        "booking_url": "",
        "raw_properties": {
          "OBJECTID": 351,
          "NUMBER": null,
          "BRAND": null,
          "ZONE": null,
          "STATUS": 4,
          "created_user": null,
          "created_date": null,
          "last_edited_user": null,
          "last_edited_date": null
        }
      }
    },
    {
      "type": "Feature",
      "id": 352,
      "geometry": {
        "type": "Point",
        "coordinates": [
          -80.12902325049997,
          25.812982680571544
        ]
      },
      "properties": {
        "OBJECTID": 352,
        "NUMBER": null,
        "BRAND": null,
        "ZONE": null,
        "STATUS": 4,
        "created_user": null,
        "created_date": null,
        "last_edited_user": null,
        "last_edited_date": null,
        "source_id": "miami-beach:arcgis:meters:352",
        "source_name": "City of Miami Beach Parking GIS",
        "name": "Parking Meters 352",
        "facility_type": "parking_zone",
        "city": "Miami Beach",
        "state": "FL",
        "operator": "City of Miami Beach Parking Department",
        "access": "public",
        "fee": "unknown",
        "charge": "unknown",
        "capacity": null,
        "confidence": 0.9,
        "last_verified_source": "City of Miami Beach Parking GIS",
        "source_url": "https://www.miamibeachfl.gov/city-hall/parking/",
        "api_url": "https://gis.miamibeachfl.gov/public/rest/services/mb/Parking/FeatureServer/1/query?where=1%3D1&outFields=*&f=geojson&outSR=4326&resultRecordCount=1000&resultOffset=0",
        "evidence_url": "https://gis.miamibeachfl.gov/public/rest/services/mb/Parking/FeatureServer/1/query?where=1%3D1&outFields=*&f=geojson&outSR=4326&resultRecordCount=1000&resultOffset=0",
        "data_as_of": "2026-06-12",
        "existence_status": "confirmed",
        "price_status": "known_unpriced",
        "rule_status": "partial",
        "enrichment_status": "needs_price",
        "payment_url": "",
        "booking_url": "",
        "raw_properties": {
          "OBJECTID": 352,
          "NUMBER": null,
          "BRAND": null,
          "ZONE": null,
          "STATUS": 4,
          "created_user": null,
          "created_date": null,
          "last_edited_user": null,
          "last_edited_date": null
        }
      }
    },
    {
      "type": "Feature",
      "id": 353,
      "geometry": {
        "type": "Point",
        "coordinates": [
          -80.12901261627269,
          25.813198204090245
        ]
      },
      "properties": {
        "OBJECTID": 353,
        "NUMBER": null,
        "BRAND": null,
        "ZONE": null,
        "STATUS": 5,
        "created_user": null,
        "created_date": null,
        "last_edited_user": null,
        "last_edited_date": null,
        "source_id": "miami-beach:arcgis:meters:353",
        "source_name": "City of Miami Beach Parking GIS",
        "name": "Parking Meters 353",
        "facility_type": "parking_zone",
        "city": "Miami Beach",
        "state": "FL",
        "operator": "City of Miami Beach Parking Department",
        "access": "public",
        "fee": "unknown",
        "charge": "unknown",
        "capacity": null,
        "confidence": 0.9,
        "last_verified_source": "City of Miami Beach Parking GIS",
        "source_url": "https://www.miamibeachfl.gov/city-hall/parking/",
        "api_url": "https://gis.miamibeachfl.gov/public/rest/services/mb/Parking/FeatureServer/1/query?where=1%3D1&outFields=*&f=geojson&outSR=4326&resultRecordCount=1000&resultOffset=0",
        "evidence_url": "https://gis.miamibeachfl.gov/public/rest/services/mb/Parking/FeatureServer/1/query?where=1%3D1&outFields=*&f=geojson&outSR=4326&resultRecordCount=1000&resultOffset=0",
        "data_as_of": "2026-06-12",
        "existence_status": "confirmed",
        "price_status": "known_unpriced",
        "rule_status": "partial",
        "enrichment_status": "needs_price",
        "payment_url": "",
        "booking_url": "",
        "raw_properties": {
          "OBJECTID": 353,
          "NUMBER": null,
          "BRAND": null,
          "ZONE": null,
          "STATUS": 5,
          "created_user": null,
          "created_date": null,
          "last_edited_user": null,
          "last_edited_date": null
        }
      }
    },
    {
      "type": "Feature",
      "id": 354,
      "geometry": {
        "type": "Point",
        "coordinates": [
          -80.1292701229949,
          25.813240795326706
        ]
      },
      "properties": {
        "OBJECTID": 354,
        "NUMBER": null,
        "BRAND": null,
        "ZONE": null,
        "STATUS": 5,
        "created_user": null,
        "created_date": null,
        "last_edited_user": null,
        "last_edited_date": null,
        "source_id": "miami-beach:arcgis:meters:354",
        "source_name": "City of Miami Beach Parking GIS",
        "name": "Parking Meters 354",
        "facility_type": "parking_zone",
        "city": "Miami Beach",
        "state": "FL",
        "operator": "City of Miami Beach Parking Department",
        "access": "public",
        "fee": "unknown",
        "charge": "unknown",
        "capacity": null,
        "confidence": 0.9,
        "last_verified_source": "City of Miami Beach Parking GIS",
        "source_url": "https://www.miamibeachfl.gov/city-hall/parking/",
        "api_url": "https://gis.miamibeachfl.gov/public/rest/services/mb/Parking/FeatureServer/1/query?where=1%3D1&outFields=*&f=geojson&outSR=4326&resultRecordCount=1000&resultOffset=0",
        "evidence_url": "https://gis.miamibeachfl.gov/public/rest/services/mb/Parking/FeatureServer/1/query?where=1%3D1&outFields=*&f=geojson&outSR=4326&resultRecordCount=1000&resultOffset=0",
        "data_as_of": "2026-06-12",
        "existence_status": "confirmed",
        "price_status": "known_unpriced",
        "rule_status": "partial",
        "enrichment_status": "needs_price",
        "payment_url": "",
        "booking_url": "",
        "raw_properties": {
          "OBJECTID": 354,
          "NUMBER": null,
          "BRAND": null,
          "ZONE": null,
          "STATUS": 5,
          "created_user": null,
          "created_date": null,
          "last_edited_user": null,
          "last_edited_date": null
        }
      }
    },
    {
      "type": "Feature",
      "id": 355,
      "geometry": {
        "type": "Point",
        "coordinates": [
          -80.13006102968761,
          25.8129405556903
        ]
      },
      "properties": {
        "OBJECTID": 355,
        "NUMBER": null,
        "BRAND": null,
        "ZONE": null,
        "STATUS": 5,
        "created_user": null,
        "created_date": null,
        "last_edited_user": null,
        "last_edited_date": null,
        "source_id": "miami-beach:arcgis:meters:355",
        "source_name": "City of Miami Beach Parking GIS",
        "name": "Parking Meters 355",
        "facility_type": "parking_zone",
        "city": "Miami Beach",
        "state": "FL",
        "operator": "City of Miami Beach Parking Department",
        "access": "public",
        "fee": "unknown",
        "charge": "unknown",
        "capacity": null,
        "confidence": 0.9,
        "last_verified_source": "City of Miami Beach Parking GIS",
        "source_url": "https://www.miamibeachfl.gov/city-hall/parking/",
        "api_url": "https://gis.miamibeachfl.gov/public/rest/services/mb/Parking/FeatureServer/1/query?where=1%3D1&outFields=*&f=geojson&outSR=4326&resultRecordCount=1000&resultOffset=0",
        "evidence_url": "https://gis.miamibeachfl.gov/public/rest/services/mb/Parking/FeatureServer/1/query?where=1%3D1&outFields=*&f=geojson&outSR=4326&resultRecordCount=1000&resultOffset=0",
        "data_as_of": "2026-06-12",
        "existence_status": "confirmed",
        "price_status": "known_unpriced",
        "rule_status": "partial",
        "enrichment_status": "needs_price",
        "payment_url": "",
        "booking_url": "",
        "raw_properties": {
          "OBJECTID": 355,
          "NUMBER": null,
          "BRAND": null,
          "ZONE": null,
          "STATUS": 5,
          "created_user": null,
          "created_date": null,
          "last_edited_user": null,
          "last_edited_date": null
        }
      }
    },
    {
      "type": "Feature",
      "id": 356,
      "geometry": {
        "type": "Point",
        "coordinates": [
          -80.12311482442256,
          25.80922877659216
        ]
      },
      "properties": {
        "OBJECTID": 356,
        "NUMBER": null,
        "BRAND": null,
        "ZONE": null,
        "STATUS": 5,
        "created_user": null,
        "created_date": null,
        "last_edited_user": null,
        "last_edited_date": null,
        "source_id": "miami-beach:arcgis:meters:356",
        "source_name": "City of Miami Beach Parking GIS",
        "name": "Parking Meters 356",
        "facility_type": "parking_zone",
        "city": "Miami Beach",
        "state": "FL",
        "operator": "City of Miami Beach Parking Department",
        "access": "public",
        "fee": "unknown",
        "charge": "unknown",
        "capacity": null,
        "confidence": 0.9,
        "last_verified_source": "City of Miami Beach Parking GIS",
        "source_url": "https://www.miamibeachfl.gov/city-hall/parking/",
        "api_url": "https://gis.miamibeachfl.gov/public/rest/services/mb/Parking/FeatureServer/1/query?where=1%3D1&outFields=*&f=geojson&outSR=4326&resultRecordCount=1000&resultOffset=0",
        "evidence_url": "https://gis.miamibeachfl.gov/public/rest/services/mb/Parking/FeatureServer/1/query?where=1%3D1&outFields=*&f=geojson&outSR=4326&resultRecordCount=1000&resultOffset=0",
        "data_as_of": "2026-06-12",
        "existence_status": "confirmed",
        "price_status": "known_unpriced",
        "rule_status": "partial",
        "enrichment_status": "needs_price",
        "payment_url": "",
        "booking_url": "",
        "raw_properties": {
          "OBJECTID": 356,
          "NUMBER": null,
          "BRAND": null,
          "ZONE": null,
          "STATUS": 5,
          "created_user": null,
          "created_date": null,
          "last_edited_user": null,
          "last_edited_date": null
        }
      }
    },
    {
      "type": "Feature",
      "id": 357,
      "geometry": {
        "type": "Point",
        "coordinates": [
          -80.12310923348345,
          25.809373045385556
        ]
      },
      "properties": {
        "OBJECTID": 357,
        "NUMBER": null,
        "BRAND": null,
        "ZONE": null,
        "STATUS": 4,
        "created_user": null,
        "created_date": null,
        "last_edited_user": null,
        "last_edited_date": null,
        "source_id": "miami-beach:arcgis:meters:357",
        "source_name": "City of Miami Beach Parking GIS",
        "name": "Parking Meters 357",
        "facility_type": "parking_zone",
        "city": "Miami Beach",
        "state": "FL",
        "operator": "City of Miami Beach Parking Department",
        "access": "public",
        "fee": "unknown",
        "charge": "unknown",
        "capacity": null,
        "confidence": 0.9,
        "last_verified_source": "City of Miami Beach Parking GIS",
        "source_url": "https://www.miamibeachfl.gov/city-hall/parking/",
        "api_url": "https://gis.miamibeachfl.gov/public/rest/services/mb/Parking/FeatureServer/1/query?where=1%3D1&outFields=*&f=geojson&outSR=4326&resultRecordCount=1000&resultOffset=0",
        "evidence_url": "https://gis.miamibeachfl.gov/public/rest/services/mb/Parking/FeatureServer/1/query?where=1%3D1&outFields=*&f=geojson&outSR=4326&resultRecordCount=1000&resultOffset=0",
        "data_as_of": "2026-06-12",
        "existence_status": "confirmed",
        "price_status": "known_unpriced",
        "rule_status": "partial",
        "enrichment_status": "needs_price",
        "payment_url": "",
        "booking_url": "",
        "raw_properties": {
          "OBJECTID": 357,
          "NUMBER": null,
          "BRAND": null,
          "ZONE": null,
          "STATUS": 4,
          "created_user": null,
          "created_date": null,
          "last_edited_user": null,
          "last_edited_date": null
        }
      }
    },
    {
      "type": "Feature",
      "id": 358,
      "geometry": {
        "type": "Point",
        "coordinates": [
          -80.12305397330053,
          25.80958802405699
        ]
      },
      "properties": {
        "OBJECTID": 358,
        "NUMBER": null,
        "BRAND": null,
        "ZONE": null,
        "STATUS": 4,
        "created_user": null,
        "created_date": null,
        "last_edited_user": null,
        "last_edited_date": null,
        "source_id": "miami-beach:arcgis:meters:358",
        "source_name": "City of Miami Beach Parking GIS",
        "name": "Parking Meters 358",
        "facility_type": "parking_zone",
        "city": "Miami Beach",
        "state": "FL",
        "operator": "City of Miami Beach Parking Department",
        "access": "public",
        "fee": "unknown",
        "charge": "unknown",
        "capacity": null,
        "confidence": 0.9,
        "last_verified_source": "City of Miami Beach Parking GIS",
        "source_url": "https://www.miamibeachfl.gov/city-hall/parking/",
        "api_url": "https://gis.miamibeachfl.gov/public/rest/services/mb/Parking/FeatureServer/1/query?where=1%3D1&outFields=*&f=geojson&outSR=4326&resultRecordCount=1000&resultOffset=0",
        "evidence_url": "https://gis.miamibeachfl.gov/public/rest/services/mb/Parking/FeatureServer/1/query?where=1%3D1&outFields=*&f=geojson&outSR=4326&resultRecordCount=1000&resultOffset=0",
        "data_as_of": "2026-06-12",
        "existence_status": "confirmed",
        "price_status": "known_unpriced",
        "rule_status": "partial",
        "enrichment_status": "needs_price",
        "payment_url": "",
        "booking_url": "",
        "raw_properties": {
          "OBJECTID": 358,
          "NUMBER": null,
          "BRAND": null,
          "ZONE": null,
          "STATUS": 4,
          "created_user": null,
          "created_date": null,
          "last_edited_user": null,
          "last_edited_date": null
        }
      }
    },
    {
      "type": "Feature",
      "id": 359,
      "geometry": {
        "type": "Point",
        "coordinates": [
          -80.12312394321627,
          25.809707657324655
        ]
      },
      "properties": {
        "OBJECTID": 359,
        "NUMBER": null,
        "BRAND": null,
        "ZONE": null,
        "STATUS": 5,
        "created_user": null,
        "created_date": null,
        "last_edited_user": null,
        "last_edited_date": null,
        "source_id": "miami-beach:arcgis:meters:359",
        "source_name": "City of Miami Beach Parking GIS",
        "name": "Parking Meters 359",
        "facility_type": "parking_zone",
        "city": "Miami Beach",
        "state": "FL",
        "operator": "City of Miami Beach Parking Department",
        "access": "public",
        "fee": "unknown",
        "charge": "unknown",
        "capacity": null,
        "confidence": 0.9,
        "last_verified_source": "City of Miami Beach Parking GIS",
        "source_url": "https://www.miamibeachfl.gov/city-hall/parking/",
        "api_url": "https://gis.miamibeachfl.gov/public/rest/services/mb/Parking/FeatureServer/1/query?where=1%3D1&outFields=*&f=geojson&outSR=4326&resultRecordCount=1000&resultOffset=0",
        "evidence_url": "https://gis.miamibeachfl.gov/public/rest/services/mb/Parking/FeatureServer/1/query?where=1%3D1&outFields=*&f=geojson&outSR=4326&resultRecordCount=1000&resultOffset=0",
        "data_as_of": "2026-06-12",
        "existence_status": "confirmed",
        "price_status": "known_unpriced",
        "rule_status": "partial",
        "enrichment_status": "needs_price",
        "payment_url": "",
        "booking_url": "",
        "raw_properties": {
          "OBJECTID": 359,
          "NUMBER": null,
          "BRAND": null,
          "ZONE": null,
          "STATUS": 5,
          "created_user": null,
          "created_date": null,
          "last_edited_user": null,
          "last_edited_date": null
        }
      }
    },
    {
      "type": "Feature",
      "id": 360,
      "geometry": {
        "type": "Point",
        "coordinates": [
          -80.12418331047347,
          25.809710356712127
        ]
      },
      "properties": {
        "OBJECTID": 360,
        "NUMBER": null,
        "BRAND": null,
        "ZONE": null,
        "STATUS": 5,
        "created_user": null,
        "created_date": null,
        "last_edited_user": null,
        "last_edited_date": null,
        "source_id": "miami-beach:arcgis:meters:360",
        "source_name": "City of Miami Beach Parking GIS",
        "name": "Parking Meters 360",
        "facility_type": "parking_zone",
        "city": "Miami Beach",
        "state": "FL",
        "operator": "City of Miami Beach Parking Department",
        "access": "public",
        "fee": "unknown",
        "charge": "unknown",
        "capacity": null,
        "confidence": 0.9,
        "last_verified_source": "City of Miami Beach Parking GIS",
        "source_url": "https://www.miamibeachfl.gov/city-hall/parking/",
        "api_url": "https://gis.miamibeachfl.gov/public/rest/services/mb/Parking/FeatureServer/1/query?where=1%3D1&outFields=*&f=geojson&outSR=4326&resultRecordCount=1000&resultOffset=0",
        "evidence_url": "https://gis.miamibeachfl.gov/public/rest/services/mb/Parking/FeatureServer/1/query?where=1%3D1&outFields=*&f=geojson&outSR=4326&resultRecordCount=1000&resultOffset=0",
        "data_as_of": "2026-06-12",
        "existence_status": "confirmed",
        "price_status": "known_unpriced",
        "rule_status": "partial",
        "enrichment_status": "needs_price",
        "payment_url": "",
        "booking_url": "",
        "raw_properties": {
          "OBJECTID": 360,
          "NUMBER": null,
          "BRAND": null,
          "ZONE": null,
          "STATUS": 5,
          "created_user": null,
          "created_date": null,
          "last_edited_user": null,
          "last_edited_date": null
        }
      }
    },
    {
      "type": "Feature",
      "id": 361,
      "geometry": {
        "type": "Point",
        "coordinates": [
          -80.12412219442433,
          25.80982496281895
        ]
      },
      "properties": {
        "OBJECTID": 361,
        "NUMBER": null,
        "BRAND": null,
        "ZONE": null,
        "STATUS": 5,
        "created_user": null,
        "created_date": null,
        "last_edited_user": null,
        "last_edited_date": null,
        "source_id": "miami-beach:arcgis:meters:361",
        "source_name": "City of Miami Beach Parking GIS",
        "name": "Parking Meters 361",
        "facility_type": "parking_zone",
        "city": "Miami Beach",
        "state": "FL",
        "operator": "City of Miami Beach Parking Department",
        "access": "public",
        "fee": "unknown",
        "charge": "unknown",
        "capacity": null,
        "confidence": 0.9,
        "last_verified_source": "City of Miami Beach Parking GIS",
        "source_url": "https://www.miamibeachfl.gov/city-hall/parking/",
        "api_url": "https://gis.miamibeachfl.gov/public/rest/services/mb/Parking/FeatureServer/1/query?where=1%3D1&outFields=*&f=geojson&outSR=4326&resultRecordCount=1000&resultOffset=0",
        "evidence_url": "https://gis.miamibeachfl.gov/public/rest/services/mb/Parking/FeatureServer/1/query?where=1%3D1&outFields=*&f=geojson&outSR=4326&resultRecordCount=1000&resultOffset=0",
        "data_as_of": "2026-06-12",
        "existence_status": "confirmed",
        "price_status": "known_unpriced",
        "rule_status": "partial",
        "enrichment_status": "needs_price",
        "payment_url": "",
        "booking_url": "",
        "raw_properties": {
          "OBJECTID": 361,
          "NUMBER": null,
          "BRAND": null,
          "ZONE": null,
          "STATUS": 5,
          "created_user": null,
          "created_date": null,
          "last_edited_user": null,
          "last_edited_date": null
        }
      }
    },
    {
      "type": "Feature",
      "id": 362,
      "geometry": {
        "type": "Point",
        "coordinates": [
          -80.1241197698214,
          25.809022136373873
        ]
      },
      "properties": {
        "OBJECTID": 362,
        "NUMBER": null,
        "BRAND": null,
        "ZONE": null,
        "STATUS": 4,
        "created_user": null,
        "created_date": null,
        "last_edited_user": null,
        "last_edited_date": null,
        "source_id": "miami-beach:arcgis:meters:362",
        "source_name": "City of Miami Beach Parking GIS",
        "name": "Parking Meters 362",
        "facility_type": "parking_zone",
        "city": "Miami Beach",
        "state": "FL",
        "operator": "City of Miami Beach Parking Department",
        "access": "public",
        "fee": "unknown",
        "charge": "unknown",
        "capacity": null,
        "confidence": 0.9,
        "last_verified_source": "City of Miami Beach Parking GIS",
        "source_url": "https://www.miamibeachfl.gov/city-hall/parking/",
        "api_url": "https://gis.miamibeachfl.gov/public/rest/services/mb/Parking/FeatureServer/1/query?where=1%3D1&outFields=*&f=geojson&outSR=4326&resultRecordCount=1000&resultOffset=0",
        "evidence_url": "https://gis.miamibeachfl.gov/public/rest/services/mb/Parking/FeatureServer/1/query?where=1%3D1&outFields=*&f=geojson&outSR=4326&resultRecordCount=1000&resultOffset=0",
        "data_as_of": "2026-06-12",
        "existence_status": "confirmed",
        "price_status": "known_unpriced",
        "rule_status": "partial",
        "enrichment_status": "needs_price",
        "payment_url": "",
        "booking_url": "",
        "raw_properties": {
          "OBJECTID": 362,
          "NUMBER": null,
          "BRAND": null,
          "ZONE": null,
          "STATUS": 4,
          "created_user": null,
          "created_date": null,
          "last_edited_user": null,
          "last_edited_date": null
        }
      }
    },
    {
      "type": "Feature",
      "id": 363,
      "geometry": {
        "type": "Point",
        "coordinates": [
          -80.12399896788438,
          25.81107785015849
        ]
      },
      "properties": {
        "OBJECTID": 363,
        "NUMBER": null,
        "BRAND": null,
        "ZONE": null,
        "STATUS": 4,
        "created_user": null,
        "created_date": null,
        "last_edited_user": null,
        "last_edited_date": null,
        "source_id": "miami-beach:arcgis:meters:363",
        "source_name": "City of Miami Beach Parking GIS",
        "name": "Parking Meters 363",
        "facility_type": "parking_zone",
        "city": "Miami Beach",
        "state": "FL",
        "operator": "City of Miami Beach Parking Department",
        "access": "public",
        "fee": "unknown",
        "charge": "unknown",
        "capacity": null,
        "confidence": 0.9,
        "last_verified_source": "City of Miami Beach Parking GIS",
        "source_url": "https://www.miamibeachfl.gov/city-hall/parking/",
        "api_url": "https://gis.miamibeachfl.gov/public/rest/services/mb/Parking/FeatureServer/1/query?where=1%3D1&outFields=*&f=geojson&outSR=4326&resultRecordCount=1000&resultOffset=0",
        "evidence_url": "https://gis.miamibeachfl.gov/public/rest/services/mb/Parking/FeatureServer/1/query?where=1%3D1&outFields=*&f=geojson&outSR=4326&resultRecordCount=1000&resultOffset=0",
        "data_as_of": "2026-06-12",
        "existence_status": "confirmed",
        "price_status": "known_unpriced",
        "rule_status": "partial",
        "enrichment_status": "needs_price",
        "payment_url": "",
        "booking_url": "",
        "raw_properties": {
          "OBJECTID": 363,
          "NUMBER": null,
          "BRAND": null,
          "ZONE": null,
          "STATUS": 4,
          "created_user": null,
          "created_date": null,
          "last_edited_user": null,
          "last_edited_date": null
        }
      }
    },
    {
      "type": "Feature",
      "id": 364,
      "geometry": {
        "type": "Point",
        "coordinates": [
          -80.12284896116236,
          25.812443756175856
        ]
      },
      "properties": {
        "OBJECTID": 364,
        "NUMBER": null,
        "BRAND": null,
        "ZONE": null,
        "STATUS": 4,
        "created_user": null,
        "created_date": null,
        "last_edited_user": null,
        "last_edited_date": null,
        "source_id": "miami-beach:arcgis:meters:364",
        "source_name": "City of Miami Beach Parking GIS",
        "name": "Parking Meters 364",
        "facility_type": "parking_zone",
        "city": "Miami Beach",
        "state": "FL",
        "operator": "City of Miami Beach Parking Department",
        "access": "public",
        "fee": "unknown",
        "charge": "unknown",
        "capacity": null,
        "confidence": 0.9,
        "last_verified_source": "City of Miami Beach Parking GIS",
        "source_url": "https://www.miamibeachfl.gov/city-hall/parking/",
        "api_url": "https://gis.miamibeachfl.gov/public/rest/services/mb/Parking/FeatureServer/1/query?where=1%3D1&outFields=*&f=geojson&outSR=4326&resultRecordCount=1000&resultOffset=0",
        "evidence_url": "https://gis.miamibeachfl.gov/public/rest/services/mb/Parking/FeatureServer/1/query?where=1%3D1&outFields=*&f=geojson&outSR=4326&resultRecordCount=1000&resultOffset=0",
        "data_as_of": "2026-06-12",
        "existence_status": "confirmed",
        "price_status": "known_unpriced",
        "rule_status": "partial",
        "enrichment_status": "needs_price",
        "payment_url": "",
        "booking_url": "",
        "raw_properties": {
          "OBJECTID": 364,
          "NUMBER": null,
          "BRAND": null,
          "ZONE": null,
          "STATUS": 4,
          "created_user": null,
          "created_date": null,
          "last_edited_user": null,
          "last_edited_date": null
        }
      }
    },
    {
      "type": "Feature",
      "id": 365,
      "geometry": {
        "type": "Point",
        "coordinates": [
          -80.12374781704077,
          25.812444500134063
        ]
      },
      "properties": {
        "OBJECTID": 365,
        "NUMBER": null,
        "BRAND": null,
        "ZONE": null,
        "STATUS": 4,
        "created_user": null,
        "created_date": null,
        "last_edited_user": null,
        "last_edited_date": null,
        "source_id": "miami-beach:arcgis:meters:365",
        "source_name": "City of Miami Beach Parking GIS",
        "name": "Parking Meters 365",
        "facility_type": "parking_zone",
        "city": "Miami Beach",
        "state": "FL",
        "operator": "City of Miami Beach Parking Department",
        "access": "public",
        "fee": "unknown",
        "charge": "unknown",
        "capacity": null,
        "confidence": 0.9,
        "last_verified_source": "City of Miami Beach Parking GIS",
        "source_url": "https://www.miamibeachfl.gov/city-hall/parking/",
        "api_url": "https://gis.miamibeachfl.gov/public/rest/services/mb/Parking/FeatureServer/1/query?where=1%3D1&outFields=*&f=geojson&outSR=4326&resultRecordCount=1000&resultOffset=0",
        "evidence_url": "https://gis.miamibeachfl.gov/public/rest/services/mb/Parking/FeatureServer/1/query?where=1%3D1&outFields=*&f=geojson&outSR=4326&resultRecordCount=1000&resultOffset=0",
        "data_as_of": "2026-06-12",
        "existence_status": "confirmed",
        "price_status": "known_unpriced",
        "rule_status": "partial",
        "enrichment_status": "needs_price",
        "payment_url": "",
        "booking_url": "",
        "raw_properties": {
          "OBJECTID": 365,
          "NUMBER": null,
          "BRAND": null,
          "ZONE": null,
          "STATUS": 4,
          "created_user": null,
          "created_date": null,
          "last_edited_user": null,
          "last_edited_date": null
        }
      }
    },
    {
      "type": "Feature",
      "id": 366,
      "geometry": {
        "type": "Point",
        "coordinates": [
          -80.12369608178439,
          25.81255214687185
        ]
      },
      "properties": {
        "OBJECTID": 366,
        "NUMBER": null,
        "BRAND": null,
        "ZONE": null,
        "STATUS": 4,
        "created_user": null,
        "created_date": null,
        "last_edited_user": null,
        "last_edited_date": null,
        "source_id": "miami-beach:arcgis:meters:366",
        "source_name": "City of Miami Beach Parking GIS",
        "name": "Parking Meters 366",
        "facility_type": "parking_zone",
        "city": "Miami Beach",
        "state": "FL",
        "operator": "City of Miami Beach Parking Department",
        "access": "public",
        "fee": "unknown",
        "charge": "unknown",
        "capacity": null,
        "confidence": 0.9,
        "last_verified_source": "City of Miami Beach Parking GIS",
        "source_url": "https://www.miamibeachfl.gov/city-hall/parking/",
        "api_url": "https://gis.miamibeachfl.gov/public/rest/services/mb/Parking/FeatureServer/1/query?where=1%3D1&outFields=*&f=geojson&outSR=4326&resultRecordCount=1000&resultOffset=0",
        "evidence_url": "https://gis.miamibeachfl.gov/public/rest/services/mb/Parking/FeatureServer/1/query?where=1%3D1&outFields=*&f=geojson&outSR=4326&resultRecordCount=1000&resultOffset=0",
        "data_as_of": "2026-06-12",
        "existence_status": "confirmed",
        "price_status": "known_unpriced",
        "rule_status": "partial",
        "enrichment_status": "needs_price",
        "payment_url": "",
        "booking_url": "",
        "raw_properties": {
          "OBJECTID": 366,
          "NUMBER": null,
          "BRAND": null,
          "ZONE": null,
          "STATUS": 4,
          "created_user": null,
          "created_date": null,
          "last_edited_user": null,
          "last_edited_date": null
        }
      }
    },
    {
      "type": "Feature",
      "id": 367,
      "geometry": {
        "type": "Point",
        "coordinates": [
          -80.12332418659526,
          25.8137830920096
        ]
      },
      "properties": {
        "OBJECTID": 367,
        "NUMBER": null,
        "BRAND": null,
        "ZONE": null,
        "STATUS": 4,
        "created_user": null,
        "created_date": null,
        "last_edited_user": null,
        "last_edited_date": null,
        "source_id": "miami-beach:arcgis:meters:367",
        "source_name": "City of Miami Beach Parking GIS",
        "name": "Parking Meters 367",
        "facility_type": "parking_zone",
        "city": "Miami Beach",
        "state": "FL",
        "operator": "City of Miami Beach Parking Department",
        "access": "public",
        "fee": "unknown",
        "charge": "unknown",
        "capacity": null,
        "confidence": 0.9,
        "last_verified_source": "City of Miami Beach Parking GIS",
        "source_url": "https://www.miamibeachfl.gov/city-hall/parking/",
        "api_url": "https://gis.miamibeachfl.gov/public/rest/services/mb/Parking/FeatureServer/1/query?where=1%3D1&outFields=*&f=geojson&outSR=4326&resultRecordCount=1000&resultOffset=0",
        "evidence_url": "https://gis.miamibeachfl.gov/public/rest/services/mb/Parking/FeatureServer/1/query?where=1%3D1&outFields=*&f=geojson&outSR=4326&resultRecordCount=1000&resultOffset=0",
        "data_as_of": "2026-06-12",
        "existence_status": "confirmed",
        "price_status": "known_unpriced",
        "rule_status": "partial",
        "enrichment_status": "needs_price",
        "payment_url": "",
        "booking_url": "",
        "raw_properties": {
          "OBJECTID": 367,
          "NUMBER": null,
          "BRAND": null,
          "ZONE": null,
          "STATUS": 4,
          "created_user": null,
          "created_date": null,
          "last_edited_user": null,
          "last_edited_date": null
        }
      }
    },
    {
      "type": "Feature",
      "id": 368,
      "geometry": {
        "type": "Point",
        "coordinates": [
          -80.12330274758818,
          25.81389177417019
        ]
      },
      "properties": {
        "OBJECTID": 368,
        "NUMBER": null,
        "BRAND": null,
        "ZONE": null,
        "STATUS": 4,
        "created_user": null,
        "created_date": null,
        "last_edited_user": null,
        "last_edited_date": null,
        "source_id": "miami-beach:arcgis:meters:368",
        "source_name": "City of Miami Beach Parking GIS",
        "name": "Parking Meters 368",
        "facility_type": "parking_zone",
        "city": "Miami Beach",
        "state": "FL",
        "operator": "City of Miami Beach Parking Department",
        "access": "public",
        "fee": "unknown",
        "charge": "unknown",
        "capacity": null,
        "confidence": 0.9,
        "last_verified_source": "City of Miami Beach Parking GIS",
        "source_url": "https://www.miamibeachfl.gov/city-hall/parking/",
        "api_url": "https://gis.miamibeachfl.gov/public/rest/services/mb/Parking/FeatureServer/1/query?where=1%3D1&outFields=*&f=geojson&outSR=4326&resultRecordCount=1000&resultOffset=0",
        "evidence_url": "https://gis.miamibeachfl.gov/public/rest/services/mb/Parking/FeatureServer/1/query?where=1%3D1&outFields=*&f=geojson&outSR=4326&resultRecordCount=1000&resultOffset=0",
        "data_as_of": "2026-06-12",
        "existence_status": "confirmed",
        "price_status": "known_unpriced",
        "rule_status": "partial",
        "enrichment_status": "needs_price",
        "payment_url": "",
        "booking_url": "",
        "raw_properties": {
          "OBJECTID": 368,
          "NUMBER": null,
          "BRAND": null,
          "ZONE": null,
          "STATUS": 4,
          "created_user": null,
          "created_date": null,
          "last_edited_user": null,
          "last_edited_date": null
        }
      }
    },
    {
      "type": "Feature",
      "id": 369,
      "geometry": {
        "type": "Point",
        "coordinates": [
          -80.12325190863979,
          25.814575260190143
        ]
      },
      "properties": {
        "OBJECTID": 369,
        "NUMBER": null,
        "BRAND": null,
        "ZONE": null,
        "STATUS": 4,
        "created_user": null,
        "created_date": null,
        "last_edited_user": null,
        "last_edited_date": null,
        "source_id": "miami-beach:arcgis:meters:369",
        "source_name": "City of Miami Beach Parking GIS",
        "name": "Parking Meters 369",
        "facility_type": "parking_zone",
        "city": "Miami Beach",
        "state": "FL",
        "operator": "City of Miami Beach Parking Department",
        "access": "public",
        "fee": "unknown",
        "charge": "unknown",
        "capacity": null,
        "confidence": 0.9,
        "last_verified_source": "City of Miami Beach Parking GIS",
        "source_url": "https://www.miamibeachfl.gov/city-hall/parking/",
        "api_url": "https://gis.miamibeachfl.gov/public/rest/services/mb/Parking/FeatureServer/1/query?where=1%3D1&outFields=*&f=geojson&outSR=4326&resultRecordCount=1000&resultOffset=0",
        "evidence_url": "https://gis.miamibeachfl.gov/public/rest/services/mb/Parking/FeatureServer/1/query?where=1%3D1&outFields=*&f=geojson&outSR=4326&resultRecordCount=1000&resultOffset=0",
        "data_as_of": "2026-06-12",
        "existence_status": "confirmed",
        "price_status": "known_unpriced",
        "rule_status": "partial",
        "enrichment_status": "needs_price",
        "payment_url": "",
        "booking_url": "",
        "raw_properties": {
          "OBJECTID": 369,
          "NUMBER": null,
          "BRAND": null,
          "ZONE": null,
          "STATUS": 4,
          "created_user": null,
          "created_date": null,
          "last_edited_user": null,
          "last_edited_date": null
        }
      }
    },
    {
      "type": "Feature",
      "id": 370,
      "geometry": {
        "type": "Point",
        "coordinates": [
          -80.12594543156295,
          25.801118404964285
        ]
      },
      "properties": {
        "OBJECTID": 370,
        "NUMBER": null,
        "BRAND": null,
        "ZONE": null,
        "STATUS": 5,
        "created_user": null,
        "created_date": null,
        "last_edited_user": null,
        "last_edited_date": null,
        "source_id": "miami-beach:arcgis:meters:370",
        "source_name": "City of Miami Beach Parking GIS",
        "name": "Parking Meters 370",
        "facility_type": "parking_zone",
        "city": "Miami Beach",
        "state": "FL",
        "operator": "City of Miami Beach Parking Department",
        "access": "public",
        "fee": "unknown",
        "charge": "unknown",
        "capacity": null,
        "confidence": 0.9,
        "last_verified_source": "City of Miami Beach Parking GIS",
        "source_url": "https://www.miamibeachfl.gov/city-hall/parking/",
        "api_url": "https://gis.miamibeachfl.gov/public/rest/services/mb/Parking/FeatureServer/1/query?where=1%3D1&outFields=*&f=geojson&outSR=4326&resultRecordCount=1000&resultOffset=0",
        "evidence_url": "https://gis.miamibeachfl.gov/public/rest/services/mb/Parking/FeatureServer/1/query?where=1%3D1&outFields=*&f=geojson&outSR=4326&resultRecordCount=1000&resultOffset=0",
        "data_as_of": "2026-06-12",
        "existence_status": "confirmed",
        "price_status": "known_unpriced",
        "rule_status": "partial",
        "enrichment_status": "needs_price",
        "payment_url": "",
        "booking_url": "",
        "raw_properties": {
          "OBJECTID": 370,
          "NUMBER": null,
          "BRAND": null,
          "ZONE": null,
          "STATUS": 5,
          "created_user": null,
          "created_date": null,
          "last_edited_user": null,
          "last_edited_date": null
        }
      }
    },
    {
      "type": "Feature",
      "id": 371,
      "geometry": {
        "type": "Point",
        "coordinates": [
          -80.12367736889607,
          25.807101580675436
        ]
      },
      "properties": {
        "OBJECTID": 371,
        "NUMBER": null,
        "BRAND": null,
        "ZONE": null,
        "STATUS": 4,
        "created_user": null,
        "created_date": null,
        "last_edited_user": null,
        "last_edited_date": null,
        "source_id": "miami-beach:arcgis:meters:371",
        "source_name": "City of Miami Beach Parking GIS",
        "name": "Parking Meters 371",
        "facility_type": "parking_zone",
        "city": "Miami Beach",
        "state": "FL",
        "operator": "City of Miami Beach Parking Department",
        "access": "public",
        "fee": "unknown",
        "charge": "unknown",
        "capacity": null,
        "confidence": 0.9,
        "last_verified_source": "City of Miami Beach Parking GIS",
        "source_url": "https://www.miamibeachfl.gov/city-hall/parking/",
        "api_url": "https://gis.miamibeachfl.gov/public/rest/services/mb/Parking/FeatureServer/1/query?where=1%3D1&outFields=*&f=geojson&outSR=4326&resultRecordCount=1000&resultOffset=0",
        "evidence_url": "https://gis.miamibeachfl.gov/public/rest/services/mb/Parking/FeatureServer/1/query?where=1%3D1&outFields=*&f=geojson&outSR=4326&resultRecordCount=1000&resultOffset=0",
        "data_as_of": "2026-06-12",
        "existence_status": "confirmed",
        "price_status": "known_unpriced",
        "rule_status": "partial",
        "enrichment_status": "needs_price",
        "payment_url": "",
        "booking_url": "",
        "raw_properties": {
          "OBJECTID": 371,
          "NUMBER": null,
          "BRAND": null,
          "ZONE": null,
          "STATUS": 4,
          "created_user": null,
          "created_date": null,
          "last_edited_user": null,
          "last_edited_date": null
        }
      }
    },
    {
      "type": "Feature",
      "id": 372,
      "geometry": {
        "type": "Point",
        "coordinates": [
          -80.1241192104444,
          25.810524199932612
        ]
      },
      "properties": {
        "OBJECTID": 372,
        "NUMBER": null,
        "BRAND": null,
        "ZONE": null,
        "STATUS": 4,
        "created_user": null,
        "created_date": null,
        "last_edited_user": null,
        "last_edited_date": null,
        "source_id": "miami-beach:arcgis:meters:372",
        "source_name": "City of Miami Beach Parking GIS",
        "name": "Parking Meters 372",
        "facility_type": "parking_zone",
        "city": "Miami Beach",
        "state": "FL",
        "operator": "City of Miami Beach Parking Department",
        "access": "public",
        "fee": "unknown",
        "charge": "unknown",
        "capacity": null,
        "confidence": 0.9,
        "last_verified_source": "City of Miami Beach Parking GIS",
        "source_url": "https://www.miamibeachfl.gov/city-hall/parking/",
        "api_url": "https://gis.miamibeachfl.gov/public/rest/services/mb/Parking/FeatureServer/1/query?where=1%3D1&outFields=*&f=geojson&outSR=4326&resultRecordCount=1000&resultOffset=0",
        "evidence_url": "https://gis.miamibeachfl.gov/public/rest/services/mb/Parking/FeatureServer/1/query?where=1%3D1&outFields=*&f=geojson&outSR=4326&resultRecordCount=1000&resultOffset=0",
        "data_as_of": "2026-06-12",
        "existence_status": "confirmed",
        "price_status": "known_unpriced",
        "rule_status": "partial",
        "enrichment_status": "needs_price",
        "payment_url": "",
        "booking_url": "",
        "raw_properties": {
          "OBJECTID": 372,
          "NUMBER": null,
          "BRAND": null,
          "ZONE": null,
          "STATUS": 4,
          "created_user": null,
          "created_date": null,
          "last_edited_user": null,
          "last_edited_date": null
        }
      }
    },
    {
      "type": "Feature",
      "id": 373,
      "geometry": {
        "type": "Point",
        "coordinates": [
          -80.12386435294992,
          25.810374592455062
        ]
      },
      "properties": {
        "OBJECTID": 373,
        "NUMBER": null,
        "BRAND": null,
        "ZONE": null,
        "STATUS": 4,
        "created_user": null,
        "created_date": null,
        "last_edited_user": null,
        "last_edited_date": null,
        "source_id": "miami-beach:arcgis:meters:373",
        "source_name": "City of Miami Beach Parking GIS",
        "name": "Parking Meters 373",
        "facility_type": "parking_zone",
        "city": "Miami Beach",
        "state": "FL",
        "operator": "City of Miami Beach Parking Department",
        "access": "public",
        "fee": "unknown",
        "charge": "unknown",
        "capacity": null,
        "confidence": 0.9,
        "last_verified_source": "City of Miami Beach Parking GIS",
        "source_url": "https://www.miamibeachfl.gov/city-hall/parking/",
        "api_url": "https://gis.miamibeachfl.gov/public/rest/services/mb/Parking/FeatureServer/1/query?where=1%3D1&outFields=*&f=geojson&outSR=4326&resultRecordCount=1000&resultOffset=0",
        "evidence_url": "https://gis.miamibeachfl.gov/public/rest/services/mb/Parking/FeatureServer/1/query?where=1%3D1&outFields=*&f=geojson&outSR=4326&resultRecordCount=1000&resultOffset=0",
        "data_as_of": "2026-06-12",
        "existence_status": "confirmed",
        "price_status": "known_unpriced",
        "rule_status": "partial",
        "enrichment_status": "needs_price",
        "payment_url": "",
        "booking_url": "",
        "raw_properties": {
          "OBJECTID": 373,
          "NUMBER": null,
          "BRAND": null,
          "ZONE": null,
          "STATUS": 4,
          "created_user": null,
          "created_date": null,
          "last_edited_user": null,
          "last_edited_date": null
        }
      }
    },
    {
      "type": "Feature",
      "id": 374,
      "geometry": {
        "type": "Point",
        "coordinates": [
          -80.12307796758463,
          25.810391338092575
        ]
      },
      "properties": {
        "OBJECTID": 374,
        "NUMBER": null,
        "BRAND": null,
        "ZONE": null,
        "STATUS": 4,
        "created_user": null,
        "created_date": null,
        "last_edited_user": null,
        "last_edited_date": null,
        "source_id": "miami-beach:arcgis:meters:374",
        "source_name": "City of Miami Beach Parking GIS",
        "name": "Parking Meters 374",
        "facility_type": "parking_zone",
        "city": "Miami Beach",
        "state": "FL",
        "operator": "City of Miami Beach Parking Department",
        "access": "public",
        "fee": "unknown",
        "charge": "unknown",
        "capacity": null,
        "confidence": 0.9,
        "last_verified_source": "City of Miami Beach Parking GIS",
        "source_url": "https://www.miamibeachfl.gov/city-hall/parking/",
        "api_url": "https://gis.miamibeachfl.gov/public/rest/services/mb/Parking/FeatureServer/1/query?where=1%3D1&outFields=*&f=geojson&outSR=4326&resultRecordCount=1000&resultOffset=0",
        "evidence_url": "https://gis.miamibeachfl.gov/public/rest/services/mb/Parking/FeatureServer/1/query?where=1%3D1&outFields=*&f=geojson&outSR=4326&resultRecordCount=1000&resultOffset=0",
        "data_as_of": "2026-06-12",
        "existence_status": "confirmed",
        "price_status": "known_unpriced",
        "rule_status": "partial",
        "enrichment_status": "needs_price",
        "payment_url": "",
        "booking_url": "",
        "raw_properties": {
          "OBJECTID": 374,
          "NUMBER": null,
          "BRAND": null,
          "ZONE": null,
          "STATUS": 4,
          "created_user": null,
          "created_date": null,
          "last_edited_user": null,
          "last_edited_date": null
        }
      }
    },
    {
      "type": "Feature",
      "id": 375,
      "geometry": {
        "type": "Point",
        "coordinates": [
          -80.12285932648969,
          25.81106112874986
        ]
      },
      "properties": {
        "OBJECTID": 375,
        "NUMBER": null,
        "BRAND": null,
        "ZONE": null,
        "STATUS": 4,
        "created_user": null,
        "created_date": null,
        "last_edited_user": null,
        "last_edited_date": null,
        "source_id": "miami-beach:arcgis:meters:375",
        "source_name": "City of Miami Beach Parking GIS",
        "name": "Parking Meters 375",
        "facility_type": "parking_zone",
        "city": "Miami Beach",
        "state": "FL",
        "operator": "City of Miami Beach Parking Department",
        "access": "public",
        "fee": "unknown",
        "charge": "unknown",
        "capacity": null,
        "confidence": 0.9,
        "last_verified_source": "City of Miami Beach Parking GIS",
        "source_url": "https://www.miamibeachfl.gov/city-hall/parking/",
        "api_url": "https://gis.miamibeachfl.gov/public/rest/services/mb/Parking/FeatureServer/1/query?where=1%3D1&outFields=*&f=geojson&outSR=4326&resultRecordCount=1000&resultOffset=0",
        "evidence_url": "https://gis.miamibeachfl.gov/public/rest/services/mb/Parking/FeatureServer/1/query?where=1%3D1&outFields=*&f=geojson&outSR=4326&resultRecordCount=1000&resultOffset=0",
        "data_as_of": "2026-06-12",
        "existence_status": "confirmed",
        "price_status": "known_unpriced",
        "rule_status": "partial",
        "enrichment_status": "needs_price",
        "payment_url": "",
        "booking_url": "",
        "raw_properties": {
          "OBJECTID": 375,
          "NUMBER": null,
          "BRAND": null,
          "ZONE": null,
          "STATUS": 4,
          "created_user": null,
          "created_date": null,
          "last_edited_user": null,
          "last_edited_date": null
        }
      }
    },
    {
      "type": "Feature",
      "id": 376,
      "geometry": {
        "type": "Point",
        "coordinates": [
          -80.12259855351176,
          25.811718696789555
        ]
      },
      "properties": {
        "OBJECTID": 376,
        "NUMBER": null,
        "BRAND": null,
        "ZONE": null,
        "STATUS": 4,
        "created_user": null,
        "created_date": null,
        "last_edited_user": null,
        "last_edited_date": null,
        "source_id": "miami-beach:arcgis:meters:376",
        "source_name": "City of Miami Beach Parking GIS",
        "name": "Parking Meters 376",
        "facility_type": "parking_zone",
        "city": "Miami Beach",
        "state": "FL",
        "operator": "City of Miami Beach Parking Department",
        "access": "public",
        "fee": "unknown",
        "charge": "unknown",
        "capacity": null,
        "confidence": 0.9,
        "last_verified_source": "City of Miami Beach Parking GIS",
        "source_url": "https://www.miamibeachfl.gov/city-hall/parking/",
        "api_url": "https://gis.miamibeachfl.gov/public/rest/services/mb/Parking/FeatureServer/1/query?where=1%3D1&outFields=*&f=geojson&outSR=4326&resultRecordCount=1000&resultOffset=0",
        "evidence_url": "https://gis.miamibeachfl.gov/public/rest/services/mb/Parking/FeatureServer/1/query?where=1%3D1&outFields=*&f=geojson&outSR=4326&resultRecordCount=1000&resultOffset=0",
        "data_as_of": "2026-06-12",
        "existence_status": "confirmed",
        "price_status": "known_unpriced",
        "rule_status": "partial",
        "enrichment_status": "needs_price",
        "payment_url": "",
        "booking_url": "",
        "raw_properties": {
          "OBJECTID": 376,
          "NUMBER": null,
          "BRAND": null,
          "ZONE": null,
          "STATUS": 4,
          "created_user": null,
          "created_date": null,
          "last_edited_user": null,
          "last_edited_date": null
        }
      }
    },
    {
      "type": "Feature",
      "id": 377,
      "geometry": {
        "type": "Point",
        "coordinates": [
          -80.12243938678455,
          25.813090356231378
        ]
      },
      "properties": {
        "OBJECTID": 377,
        "NUMBER": null,
        "BRAND": null,
        "ZONE": null,
        "STATUS": 4,
        "created_user": null,
        "created_date": null,
        "last_edited_user": null,
        "last_edited_date": null,
        "source_id": "miami-beach:arcgis:meters:377",
        "source_name": "City of Miami Beach Parking GIS",
        "name": "Parking Meters 377",
        "facility_type": "parking_zone",
        "city": "Miami Beach",
        "state": "FL",
        "operator": "City of Miami Beach Parking Department",
        "access": "public",
        "fee": "unknown",
        "charge": "unknown",
        "capacity": null,
        "confidence": 0.9,
        "last_verified_source": "City of Miami Beach Parking GIS",
        "source_url": "https://www.miamibeachfl.gov/city-hall/parking/",
        "api_url": "https://gis.miamibeachfl.gov/public/rest/services/mb/Parking/FeatureServer/1/query?where=1%3D1&outFields=*&f=geojson&outSR=4326&resultRecordCount=1000&resultOffset=0",
        "evidence_url": "https://gis.miamibeachfl.gov/public/rest/services/mb/Parking/FeatureServer/1/query?where=1%3D1&outFields=*&f=geojson&outSR=4326&resultRecordCount=1000&resultOffset=0",
        "data_as_of": "2026-06-12",
        "existence_status": "confirmed",
        "price_status": "known_unpriced",
        "rule_status": "partial",
        "enrichment_status": "needs_price",
        "payment_url": "",
        "booking_url": "",
        "raw_properties": {
          "OBJECTID": 377,
          "NUMBER": null,
          "BRAND": null,
          "ZONE": null,
          "STATUS": 4,
          "created_user": null,
          "created_date": null,
          "last_edited_user": null,
          "last_edited_date": null
        }
      }
    },
    {
      "type": "Feature",
      "id": 378,
      "geometry": {
        "type": "Point",
        "coordinates": [
          -80.12219462718403,
          25.81363222031875
        ]
      },
      "properties": {
        "OBJECTID": 378,
        "NUMBER": null,
        "BRAND": null,
        "ZONE": null,
        "STATUS": 4,
        "created_user": null,
        "created_date": null,
        "last_edited_user": null,
        "last_edited_date": null,
        "source_id": "miami-beach:arcgis:meters:378",
        "source_name": "City of Miami Beach Parking GIS",
        "name": "Parking Meters 378",
        "facility_type": "parking_zone",
        "city": "Miami Beach",
        "state": "FL",
        "operator": "City of Miami Beach Parking Department",
        "access": "public",
        "fee": "unknown",
        "charge": "unknown",
        "capacity": null,
        "confidence": 0.9,
        "last_verified_source": "City of Miami Beach Parking GIS",
        "source_url": "https://www.miamibeachfl.gov/city-hall/parking/",
        "api_url": "https://gis.miamibeachfl.gov/public/rest/services/mb/Parking/FeatureServer/1/query?where=1%3D1&outFields=*&f=geojson&outSR=4326&resultRecordCount=1000&resultOffset=0",
        "evidence_url": "https://gis.miamibeachfl.gov/public/rest/services/mb/Parking/FeatureServer/1/query?where=1%3D1&outFields=*&f=geojson&outSR=4326&resultRecordCount=1000&resultOffset=0",
        "data_as_of": "2026-06-12",
        "existence_status": "confirmed",
        "price_status": "known_unpriced",
        "rule_status": "partial",
        "enrichment_status": "needs_price",
        "payment_url": "",
        "booking_url": "",
        "raw_properties": {
          "OBJECTID": 378,
          "NUMBER": null,
          "BRAND": null,
          "ZONE": null,
          "STATUS": 4,
          "created_user": null,
          "created_date": null,
          "last_edited_user": null,
          "last_edited_date": null
        }
      }
    },
    {
      "type": "Feature",
      "id": 379,
      "geometry": {
        "type": "Point",
        "coordinates": [
          -80.12260557200787,
          25.813810835616952
        ]
      },
      "properties": {
        "OBJECTID": 379,
        "NUMBER": null,
        "BRAND": null,
        "ZONE": null,
        "STATUS": 4,
        "created_user": null,
        "created_date": null,
        "last_edited_user": null,
        "last_edited_date": null,
        "source_id": "miami-beach:arcgis:meters:379",
        "source_name": "City of Miami Beach Parking GIS",
        "name": "Parking Meters 379",
        "facility_type": "parking_zone",
        "city": "Miami Beach",
        "state": "FL",
        "operator": "City of Miami Beach Parking Department",
        "access": "public",
        "fee": "unknown",
        "charge": "unknown",
        "capacity": null,
        "confidence": 0.9,
        "last_verified_source": "City of Miami Beach Parking GIS",
        "source_url": "https://www.miamibeachfl.gov/city-hall/parking/",
        "api_url": "https://gis.miamibeachfl.gov/public/rest/services/mb/Parking/FeatureServer/1/query?where=1%3D1&outFields=*&f=geojson&outSR=4326&resultRecordCount=1000&resultOffset=0",
        "evidence_url": "https://gis.miamibeachfl.gov/public/rest/services/mb/Parking/FeatureServer/1/query?where=1%3D1&outFields=*&f=geojson&outSR=4326&resultRecordCount=1000&resultOffset=0",
        "data_as_of": "2026-06-12",
        "existence_status": "confirmed",
        "price_status": "known_unpriced",
        "rule_status": "partial",
        "enrichment_status": "needs_price",
        "payment_url": "",
        "booking_url": "",
        "raw_properties": {
          "OBJECTID": 379,
          "NUMBER": null,
          "BRAND": null,
          "ZONE": null,
          "STATUS": 4,
          "created_user": null,
          "created_date": null,
          "last_edited_user": null,
          "last_edited_date": null
        }
      }
    },
    {
      "type": "Feature",
      "id": 380,
      "geometry": {
        "type": "Point",
        "coordinates": [
          -80.12213674844683,
          25.814321468445463
        ]
      },
      "properties": {
        "OBJECTID": 380,
        "NUMBER": null,
        "BRAND": null,
        "ZONE": null,
        "STATUS": 4,
        "created_user": null,
        "created_date": null,
        "last_edited_user": null,
        "last_edited_date": null,
        "source_id": "miami-beach:arcgis:meters:380",
        "source_name": "City of Miami Beach Parking GIS",
        "name": "Parking Meters 380",
        "facility_type": "parking_zone",
        "city": "Miami Beach",
        "state": "FL",
        "operator": "City of Miami Beach Parking Department",
        "access": "public",
        "fee": "unknown",
        "charge": "unknown",
        "capacity": null,
        "confidence": 0.9,
        "last_verified_source": "City of Miami Beach Parking GIS",
        "source_url": "https://www.miamibeachfl.gov/city-hall/parking/",
        "api_url": "https://gis.miamibeachfl.gov/public/rest/services/mb/Parking/FeatureServer/1/query?where=1%3D1&outFields=*&f=geojson&outSR=4326&resultRecordCount=1000&resultOffset=0",
        "evidence_url": "https://gis.miamibeachfl.gov/public/rest/services/mb/Parking/FeatureServer/1/query?where=1%3D1&outFields=*&f=geojson&outSR=4326&resultRecordCount=1000&resultOffset=0",
        "data_as_of": "2026-06-12",
        "existence_status": "confirmed",
        "price_status": "known_unpriced",
        "rule_status": "partial",
        "enrichment_status": "needs_price",
        "payment_url": "",
        "booking_url": "",
        "raw_properties": {
          "OBJECTID": 380,
          "NUMBER": null,
          "BRAND": null,
          "ZONE": null,
          "STATUS": 4,
          "created_user": null,
          "created_date": null,
          "last_edited_user": null,
          "last_edited_date": null
        }
      }
    },
    {
      "type": "Feature",
      "id": 381,
      "geometry": {
        "type": "Point",
        "coordinates": [
          -80.1223829354074,
          25.814481178714242
        ]
      },
      "properties": {
        "OBJECTID": 381,
        "NUMBER": null,
        "BRAND": null,
        "ZONE": null,
        "STATUS": 4,
        "created_user": null,
        "created_date": null,
        "last_edited_user": null,
        "last_edited_date": null,
        "source_id": "miami-beach:arcgis:meters:381",
        "source_name": "City of Miami Beach Parking GIS",
        "name": "Parking Meters 381",
        "facility_type": "parking_zone",
        "city": "Miami Beach",
        "state": "FL",
        "operator": "City of Miami Beach Parking Department",
        "access": "public",
        "fee": "unknown",
        "charge": "unknown",
        "capacity": null,
        "confidence": 0.9,
        "last_verified_source": "City of Miami Beach Parking GIS",
        "source_url": "https://www.miamibeachfl.gov/city-hall/parking/",
        "api_url": "https://gis.miamibeachfl.gov/public/rest/services/mb/Parking/FeatureServer/1/query?where=1%3D1&outFields=*&f=geojson&outSR=4326&resultRecordCount=1000&resultOffset=0",
        "evidence_url": "https://gis.miamibeachfl.gov/public/rest/services/mb/Parking/FeatureServer/1/query?where=1%3D1&outFields=*&f=geojson&outSR=4326&resultRecordCount=1000&resultOffset=0",
        "data_as_of": "2026-06-12",
        "existence_status": "confirmed",
        "price_status": "known_unpriced",
        "rule_status": "partial",
        "enrichment_status": "needs_price",
        "payment_url": "",
        "booking_url": "",
        "raw_properties": {
          "OBJECTID": 381,
          "NUMBER": null,
          "BRAND": null,
          "ZONE": null,
          "STATUS": 4,
          "created_user": null,
          "created_date": null,
          "last_edited_user": null,
          "last_edited_date": null
        }
      }
    },
    {
      "type": "Feature",
      "id": 382,
      "geometry": {
        "type": "Point",
        "coordinates": [
          -80.1222830145402,
          25.820679963333856
        ]
      },
      "properties": {
        "OBJECTID": 382,
        "NUMBER": null,
        "BRAND": null,
        "ZONE": null,
        "STATUS": 4,
        "created_user": null,
        "created_date": null,
        "last_edited_user": null,
        "last_edited_date": null,
        "source_id": "miami-beach:arcgis:meters:382",
        "source_name": "City of Miami Beach Parking GIS",
        "name": "Parking Meters 382",
        "facility_type": "parking_zone",
        "city": "Miami Beach",
        "state": "FL",
        "operator": "City of Miami Beach Parking Department",
        "access": "public",
        "fee": "unknown",
        "charge": "unknown",
        "capacity": null,
        "confidence": 0.9,
        "last_verified_source": "City of Miami Beach Parking GIS",
        "source_url": "https://www.miamibeachfl.gov/city-hall/parking/",
        "api_url": "https://gis.miamibeachfl.gov/public/rest/services/mb/Parking/FeatureServer/1/query?where=1%3D1&outFields=*&f=geojson&outSR=4326&resultRecordCount=1000&resultOffset=0",
        "evidence_url": "https://gis.miamibeachfl.gov/public/rest/services/mb/Parking/FeatureServer/1/query?where=1%3D1&outFields=*&f=geojson&outSR=4326&resultRecordCount=1000&resultOffset=0",
        "data_as_of": "2026-06-12",
        "existence_status": "confirmed",
        "price_status": "known_unpriced",
        "rule_status": "partial",
        "enrichment_status": "needs_price",
        "payment_url": "",
        "booking_url": "",
        "raw_properties": {
          "OBJECTID": 382,
          "NUMBER": null,
          "BRAND": null,
          "ZONE": null,
          "STATUS": 4,
          "created_user": null,
          "created_date": null,
          "last_edited_user": null,
          "last_edited_date": null
        }
      }
    },
    {
      "type": "Feature",
      "id": 383,
      "geometry": {
        "type": "Point",
        "coordinates": [
          -80.1222543903033,
          25.82086819502743
        ]
      },
      "properties": {
        "OBJECTID": 383,
        "NUMBER": null,
        "BRAND": null,
        "ZONE": null,
        "STATUS": 4,
        "created_user": null,
        "created_date": null,
        "last_edited_user": null,
        "last_edited_date": null,
        "source_id": "miami-beach:arcgis:meters:383",
        "source_name": "City of Miami Beach Parking GIS",
        "name": "Parking Meters 383",
        "facility_type": "parking_zone",
        "city": "Miami Beach",
        "state": "FL",
        "operator": "City of Miami Beach Parking Department",
        "access": "public",
        "fee": "unknown",
        "charge": "unknown",
        "capacity": null,
        "confidence": 0.9,
        "last_verified_source": "City of Miami Beach Parking GIS",
        "source_url": "https://www.miamibeachfl.gov/city-hall/parking/",
        "api_url": "https://gis.miamibeachfl.gov/public/rest/services/mb/Parking/FeatureServer/1/query?where=1%3D1&outFields=*&f=geojson&outSR=4326&resultRecordCount=1000&resultOffset=0",
        "evidence_url": "https://gis.miamibeachfl.gov/public/rest/services/mb/Parking/FeatureServer/1/query?where=1%3D1&outFields=*&f=geojson&outSR=4326&resultRecordCount=1000&resultOffset=0",
        "data_as_of": "2026-06-12",
        "existence_status": "confirmed",
        "price_status": "known_unpriced",
        "rule_status": "partial",
        "enrichment_status": "needs_price",
        "payment_url": "",
        "booking_url": "",
        "raw_properties": {
          "OBJECTID": 383,
          "NUMBER": null,
          "BRAND": null,
          "ZONE": null,
          "STATUS": 4,
          "created_user": null,
          "created_date": null,
          "last_edited_user": null,
          "last_edited_date": null
        }
      }
    },
    {
      "type": "Feature",
      "id": 384,
      "geometry": {
        "type": "Point",
        "coordinates": [
          -80.1220541033653,
          25.82117261989719
        ]
      },
      "properties": {
        "OBJECTID": 384,
        "NUMBER": null,
        "BRAND": null,
        "ZONE": null,
        "STATUS": 4,
        "created_user": null,
        "created_date": null,
        "last_edited_user": null,
        "last_edited_date": null,
        "source_id": "miami-beach:arcgis:meters:384",
        "source_name": "City of Miami Beach Parking GIS",
        "name": "Parking Meters 384",
        "facility_type": "parking_zone",
        "city": "Miami Beach",
        "state": "FL",
        "operator": "City of Miami Beach Parking Department",
        "access": "public",
        "fee": "unknown",
        "charge": "unknown",
        "capacity": null,
        "confidence": 0.9,
        "last_verified_source": "City of Miami Beach Parking GIS",
        "source_url": "https://www.miamibeachfl.gov/city-hall/parking/",
        "api_url": "https://gis.miamibeachfl.gov/public/rest/services/mb/Parking/FeatureServer/1/query?where=1%3D1&outFields=*&f=geojson&outSR=4326&resultRecordCount=1000&resultOffset=0",
        "evidence_url": "https://gis.miamibeachfl.gov/public/rest/services/mb/Parking/FeatureServer/1/query?where=1%3D1&outFields=*&f=geojson&outSR=4326&resultRecordCount=1000&resultOffset=0",
        "data_as_of": "2026-06-12",
        "existence_status": "confirmed",
        "price_status": "known_unpriced",
        "rule_status": "partial",
        "enrichment_status": "needs_price",
        "payment_url": "",
        "booking_url": "",
        "raw_properties": {
          "OBJECTID": 384,
          "NUMBER": null,
          "BRAND": null,
          "ZONE": null,
          "STATUS": 4,
          "created_user": null,
          "created_date": null,
          "last_edited_user": null,
          "last_edited_date": null
        }
      }
    },
    {
      "type": "Feature",
      "id": 385,
      "geometry": {
        "type": "Point",
        "coordinates": [
          -80.12185023116803,
          25.8214437053439
        ]
      },
      "properties": {
        "OBJECTID": 385,
        "NUMBER": null,
        "BRAND": null,
        "ZONE": null,
        "STATUS": 4,
        "created_user": null,
        "created_date": null,
        "last_edited_user": null,
        "last_edited_date": null,
        "source_id": "miami-beach:arcgis:meters:385",
        "source_name": "City of Miami Beach Parking GIS",
        "name": "Parking Meters 385",
        "facility_type": "parking_zone",
        "city": "Miami Beach",
        "state": "FL",
        "operator": "City of Miami Beach Parking Department",
        "access": "public",
        "fee": "unknown",
        "charge": "unknown",
        "capacity": null,
        "confidence": 0.9,
        "last_verified_source": "City of Miami Beach Parking GIS",
        "source_url": "https://www.miamibeachfl.gov/city-hall/parking/",
        "api_url": "https://gis.miamibeachfl.gov/public/rest/services/mb/Parking/FeatureServer/1/query?where=1%3D1&outFields=*&f=geojson&outSR=4326&resultRecordCount=1000&resultOffset=0",
        "evidence_url": "https://gis.miamibeachfl.gov/public/rest/services/mb/Parking/FeatureServer/1/query?where=1%3D1&outFields=*&f=geojson&outSR=4326&resultRecordCount=1000&resultOffset=0",
        "data_as_of": "2026-06-12",
        "existence_status": "confirmed",
        "price_status": "known_unpriced",
        "rule_status": "partial",
        "enrichment_status": "needs_price",
        "payment_url": "",
        "booking_url": "",
        "raw_properties": {
          "OBJECTID": 385,
          "NUMBER": null,
          "BRAND": null,
          "ZONE": null,
          "STATUS": 4,
          "created_user": null,
          "created_date": null,
          "last_edited_user": null,
          "last_edited_date": null
        }
      }
    },
    {
      "type": "Feature",
      "id": 386,
      "geometry": {
        "type": "Point",
        "coordinates": [
          -80.12131071524895,
          25.820522880097442
        ]
      },
      "properties": {
        "OBJECTID": 386,
        "NUMBER": null,
        "BRAND": null,
        "ZONE": null,
        "STATUS": 5,
        "created_user": null,
        "created_date": null,
        "last_edited_user": null,
        "last_edited_date": null,
        "source_id": "miami-beach:arcgis:meters:386",
        "source_name": "City of Miami Beach Parking GIS",
        "name": "Parking Meters 386",
        "facility_type": "parking_zone",
        "city": "Miami Beach",
        "state": "FL",
        "operator": "City of Miami Beach Parking Department",
        "access": "public",
        "fee": "unknown",
        "charge": "unknown",
        "capacity": null,
        "confidence": 0.9,
        "last_verified_source": "City of Miami Beach Parking GIS",
        "source_url": "https://www.miamibeachfl.gov/city-hall/parking/",
        "api_url": "https://gis.miamibeachfl.gov/public/rest/services/mb/Parking/FeatureServer/1/query?where=1%3D1&outFields=*&f=geojson&outSR=4326&resultRecordCount=1000&resultOffset=0",
        "evidence_url": "https://gis.miamibeachfl.gov/public/rest/services/mb/Parking/FeatureServer/1/query?where=1%3D1&outFields=*&f=geojson&outSR=4326&resultRecordCount=1000&resultOffset=0",
        "data_as_of": "2026-06-12",
        "existence_status": "confirmed",
        "price_status": "known_unpriced",
        "rule_status": "partial",
        "enrichment_status": "needs_price",
        "payment_url": "",
        "booking_url": "",
        "raw_properties": {
          "OBJECTID": 386,
          "NUMBER": null,
          "BRAND": null,
          "ZONE": null,
          "STATUS": 5,
          "created_user": null,
          "created_date": null,
          "last_edited_user": null,
          "last_edited_date": null
        }
      }
    },
    {
      "type": "Feature",
      "id": 387,
      "geometry": {
        "type": "Point",
        "coordinates": [
          -80.1214693492086,
          25.820339121226652
        ]
      },
      "properties": {
        "OBJECTID": 387,
        "NUMBER": null,
        "BRAND": null,
        "ZONE": null,
        "STATUS": 4,
        "created_user": null,
        "created_date": null,
        "last_edited_user": null,
        "last_edited_date": null,
        "source_id": "miami-beach:arcgis:meters:387",
        "source_name": "City of Miami Beach Parking GIS",
        "name": "Parking Meters 387",
        "facility_type": "parking_zone",
        "city": "Miami Beach",
        "state": "FL",
        "operator": "City of Miami Beach Parking Department",
        "access": "public",
        "fee": "unknown",
        "charge": "unknown",
        "capacity": null,
        "confidence": 0.9,
        "last_verified_source": "City of Miami Beach Parking GIS",
        "source_url": "https://www.miamibeachfl.gov/city-hall/parking/",
        "api_url": "https://gis.miamibeachfl.gov/public/rest/services/mb/Parking/FeatureServer/1/query?where=1%3D1&outFields=*&f=geojson&outSR=4326&resultRecordCount=1000&resultOffset=0",
        "evidence_url": "https://gis.miamibeachfl.gov/public/rest/services/mb/Parking/FeatureServer/1/query?where=1%3D1&outFields=*&f=geojson&outSR=4326&resultRecordCount=1000&resultOffset=0",
        "data_as_of": "2026-06-12",
        "existence_status": "confirmed",
        "price_status": "known_unpriced",
        "rule_status": "partial",
        "enrichment_status": "needs_price",
        "payment_url": "",
        "booking_url": "",
        "raw_properties": {
          "OBJECTID": 387,
          "NUMBER": null,
          "BRAND": null,
          "ZONE": null,
          "STATUS": 4,
          "created_user": null,
          "created_date": null,
          "last_edited_user": null,
          "last_edited_date": null
        }
      }
    },
    {
      "type": "Feature",
      "id": 388,
      "geometry": {
        "type": "Point",
        "coordinates": [
          -80.12164699242948,
          25.820129120225683
        ]
      },
      "properties": {
        "OBJECTID": 388,
        "NUMBER": null,
        "BRAND": null,
        "ZONE": null,
        "STATUS": 4,
        "created_user": null,
        "created_date": null,
        "last_edited_user": null,
        "last_edited_date": null,
        "source_id": "miami-beach:arcgis:meters:388",
        "source_name": "City of Miami Beach Parking GIS",
        "name": "Parking Meters 388",
        "facility_type": "parking_zone",
        "city": "Miami Beach",
        "state": "FL",
        "operator": "City of Miami Beach Parking Department",
        "access": "public",
        "fee": "unknown",
        "charge": "unknown",
        "capacity": null,
        "confidence": 0.9,
        "last_verified_source": "City of Miami Beach Parking GIS",
        "source_url": "https://www.miamibeachfl.gov/city-hall/parking/",
        "api_url": "https://gis.miamibeachfl.gov/public/rest/services/mb/Parking/FeatureServer/1/query?where=1%3D1&outFields=*&f=geojson&outSR=4326&resultRecordCount=1000&resultOffset=0",
        "evidence_url": "https://gis.miamibeachfl.gov/public/rest/services/mb/Parking/FeatureServer/1/query?where=1%3D1&outFields=*&f=geojson&outSR=4326&resultRecordCount=1000&resultOffset=0",
        "data_as_of": "2026-06-12",
        "existence_status": "confirmed",
        "price_status": "known_unpriced",
        "rule_status": "partial",
        "enrichment_status": "needs_price",
        "payment_url": "",
        "booking_url": "",
        "raw_properties": {
          "OBJECTID": 388,
          "NUMBER": null,
          "BRAND": null,
          "ZONE": null,
          "STATUS": 4,
          "created_user": null,
          "created_date": null,
          "last_edited_user": null,
          "last_edited_date": null
        }
      }
    },
    {
      "type": "Feature",
      "id": 389,
      "geometry": {
        "type": "Point",
        "coordinates": [
          -80.12180223061209,
          25.820368480378512
        ]
      },
      "properties": {
        "OBJECTID": 389,
        "NUMBER": null,
        "BRAND": null,
        "ZONE": null,
        "STATUS": 4,
        "created_user": null,
        "created_date": null,
        "last_edited_user": null,
        "last_edited_date": null,
        "source_id": "miami-beach:arcgis:meters:389",
        "source_name": "City of Miami Beach Parking GIS",
        "name": "Parking Meters 389",
        "facility_type": "parking_zone",
        "city": "Miami Beach",
        "state": "FL",
        "operator": "City of Miami Beach Parking Department",
        "access": "public",
        "fee": "unknown",
        "charge": "unknown",
        "capacity": null,
        "confidence": 0.9,
        "last_verified_source": "City of Miami Beach Parking GIS",
        "source_url": "https://www.miamibeachfl.gov/city-hall/parking/",
        "api_url": "https://gis.miamibeachfl.gov/public/rest/services/mb/Parking/FeatureServer/1/query?where=1%3D1&outFields=*&f=geojson&outSR=4326&resultRecordCount=1000&resultOffset=0",
        "evidence_url": "https://gis.miamibeachfl.gov/public/rest/services/mb/Parking/FeatureServer/1/query?where=1%3D1&outFields=*&f=geojson&outSR=4326&resultRecordCount=1000&resultOffset=0",
        "data_as_of": "2026-06-12",
        "existence_status": "confirmed",
        "price_status": "known_unpriced",
        "rule_status": "partial",
        "enrichment_status": "needs_price",
        "payment_url": "",
        "booking_url": "",
        "raw_properties": {
          "OBJECTID": 389,
          "NUMBER": null,
          "BRAND": null,
          "ZONE": null,
          "STATUS": 4,
          "created_user": null,
          "created_date": null,
          "last_edited_user": null,
          "last_edited_date": null
        }
      }
    },
    {
      "type": "Feature",
      "id": 390,
      "geometry": {
        "type": "Point",
        "coordinates": [
          -80.1219318986801,
          25.820612803178957
        ]
      },
      "properties": {
        "OBJECTID": 390,
        "NUMBER": null,
        "BRAND": null,
        "ZONE": null,
        "STATUS": 4,
        "created_user": null,
        "created_date": null,
        "last_edited_user": null,
        "last_edited_date": null,
        "source_id": "miami-beach:arcgis:meters:390",
        "source_name": "City of Miami Beach Parking GIS",
        "name": "Parking Meters 390",
        "facility_type": "parking_zone",
        "city": "Miami Beach",
        "state": "FL",
        "operator": "City of Miami Beach Parking Department",
        "access": "public",
        "fee": "unknown",
        "charge": "unknown",
        "capacity": null,
        "confidence": 0.9,
        "last_verified_source": "City of Miami Beach Parking GIS",
        "source_url": "https://www.miamibeachfl.gov/city-hall/parking/",
        "api_url": "https://gis.miamibeachfl.gov/public/rest/services/mb/Parking/FeatureServer/1/query?where=1%3D1&outFields=*&f=geojson&outSR=4326&resultRecordCount=1000&resultOffset=0",
        "evidence_url": "https://gis.miamibeachfl.gov/public/rest/services/mb/Parking/FeatureServer/1/query?where=1%3D1&outFields=*&f=geojson&outSR=4326&resultRecordCount=1000&resultOffset=0",
        "data_as_of": "2026-06-12",
        "existence_status": "confirmed",
        "price_status": "known_unpriced",
        "rule_status": "partial",
        "enrichment_status": "needs_price",
        "payment_url": "",
        "booking_url": "",
        "raw_properties": {
          "OBJECTID": 390,
          "NUMBER": null,
          "BRAND": null,
          "ZONE": null,
          "STATUS": 4,
          "created_user": null,
          "created_date": null,
          "last_edited_user": null,
          "last_edited_date": null
        }
      }
    },
    {
      "type": "Feature",
      "id": 391,
      "geometry": {
        "type": "Point",
        "coordinates": [
          -80.1221445480514,
          25.82037140137429
        ]
      },
      "properties": {
        "OBJECTID": 391,
        "NUMBER": null,
        "BRAND": null,
        "ZONE": null,
        "STATUS": 4,
        "created_user": null,
        "created_date": null,
        "last_edited_user": null,
        "last_edited_date": null,
        "source_id": "miami-beach:arcgis:meters:391",
        "source_name": "City of Miami Beach Parking GIS",
        "name": "Parking Meters 391",
        "facility_type": "parking_zone",
        "city": "Miami Beach",
        "state": "FL",
        "operator": "City of Miami Beach Parking Department",
        "access": "public",
        "fee": "unknown",
        "charge": "unknown",
        "capacity": null,
        "confidence": 0.9,
        "last_verified_source": "City of Miami Beach Parking GIS",
        "source_url": "https://www.miamibeachfl.gov/city-hall/parking/",
        "api_url": "https://gis.miamibeachfl.gov/public/rest/services/mb/Parking/FeatureServer/1/query?where=1%3D1&outFields=*&f=geojson&outSR=4326&resultRecordCount=1000&resultOffset=0",
        "evidence_url": "https://gis.miamibeachfl.gov/public/rest/services/mb/Parking/FeatureServer/1/query?where=1%3D1&outFields=*&f=geojson&outSR=4326&resultRecordCount=1000&resultOffset=0",
        "data_as_of": "2026-06-12",
        "existence_status": "confirmed",
        "price_status": "known_unpriced",
        "rule_status": "partial",
        "enrichment_status": "needs_price",
        "payment_url": "",
        "booking_url": "",
        "raw_properties": {
          "OBJECTID": 391,
          "NUMBER": null,
          "BRAND": null,
          "ZONE": null,
          "STATUS": 4,
          "created_user": null,
          "created_date": null,
          "last_edited_user": null,
          "last_edited_date": null
        }
      }
    },
    {
      "type": "Feature",
      "id": 392,
      "geometry": {
        "type": "Point",
        "coordinates": [
          -80.12233101531606,
          25.820242531716353
        ]
      },
      "properties": {
        "OBJECTID": 392,
        "NUMBER": null,
        "BRAND": null,
        "ZONE": null,
        "STATUS": 4,
        "created_user": null,
        "created_date": null,
        "last_edited_user": null,
        "last_edited_date": null,
        "source_id": "miami-beach:arcgis:meters:392",
        "source_name": "City of Miami Beach Parking GIS",
        "name": "Parking Meters 392",
        "facility_type": "parking_zone",
        "city": "Miami Beach",
        "state": "FL",
        "operator": "City of Miami Beach Parking Department",
        "access": "public",
        "fee": "unknown",
        "charge": "unknown",
        "capacity": null,
        "confidence": 0.9,
        "last_verified_source": "City of Miami Beach Parking GIS",
        "source_url": "https://www.miamibeachfl.gov/city-hall/parking/",
        "api_url": "https://gis.miamibeachfl.gov/public/rest/services/mb/Parking/FeatureServer/1/query?where=1%3D1&outFields=*&f=geojson&outSR=4326&resultRecordCount=1000&resultOffset=0",
        "evidence_url": "https://gis.miamibeachfl.gov/public/rest/services/mb/Parking/FeatureServer/1/query?where=1%3D1&outFields=*&f=geojson&outSR=4326&resultRecordCount=1000&resultOffset=0",
        "data_as_of": "2026-06-12",
        "existence_status": "confirmed",
        "price_status": "known_unpriced",
        "rule_status": "partial",
        "enrichment_status": "needs_price",
        "payment_url": "",
        "booking_url": "",
        "raw_properties": {
          "OBJECTID": 392,
          "NUMBER": null,
          "BRAND": null,
          "ZONE": null,
          "STATUS": 4,
          "created_user": null,
          "created_date": null,
          "last_edited_user": null,
          "last_edited_date": null
        }
      }
    },
    {
      "type": "Feature",
      "id": 393,
      "geometry": {
        "type": "Point",
        "coordinates": [
          -80.12999942563309,
          25.81310168486897
        ]
      },
      "properties": {
        "OBJECTID": 393,
        "NUMBER": null,
        "BRAND": null,
        "ZONE": null,
        "STATUS": 5,
        "created_user": null,
        "created_date": null,
        "last_edited_user": null,
        "last_edited_date": null,
        "source_id": "miami-beach:arcgis:meters:393",
        "source_name": "City of Miami Beach Parking GIS",
        "name": "Parking Meters 393",
        "facility_type": "parking_zone",
        "city": "Miami Beach",
        "state": "FL",
        "operator": "City of Miami Beach Parking Department",
        "access": "public",
        "fee": "unknown",
        "charge": "unknown",
        "capacity": null,
        "confidence": 0.9,
        "last_verified_source": "City of Miami Beach Parking GIS",
        "source_url": "https://www.miamibeachfl.gov/city-hall/parking/",
        "api_url": "https://gis.miamibeachfl.gov/public/rest/services/mb/Parking/FeatureServer/1/query?where=1%3D1&outFields=*&f=geojson&outSR=4326&resultRecordCount=1000&resultOffset=0",
        "evidence_url": "https://gis.miamibeachfl.gov/public/rest/services/mb/Parking/FeatureServer/1/query?where=1%3D1&outFields=*&f=geojson&outSR=4326&resultRecordCount=1000&resultOffset=0",
        "data_as_of": "2026-06-12",
        "existence_status": "confirmed",
        "price_status": "known_unpriced",
        "rule_status": "partial",
        "enrichment_status": "needs_price",
        "payment_url": "",
        "booking_url": "",
        "raw_properties": {
          "OBJECTID": 393,
          "NUMBER": null,
          "BRAND": null,
          "ZONE": null,
          "STATUS": 5,
          "created_user": null,
          "created_date": null,
          "last_edited_user": null,
          "last_edited_date": null
        }
      }
    },
    {
      "type": "Feature",
      "id": 394,
      "geometry": {
        "type": "Point",
        "coordinates": [
          -80.13056971216945,
          25.81318928495001
        ]
      },
      "properties": {
        "OBJECTID": 394,
        "NUMBER": null,
        "BRAND": null,
        "ZONE": null,
        "STATUS": 5,
        "created_user": null,
        "created_date": null,
        "last_edited_user": null,
        "last_edited_date": null,
        "source_id": "miami-beach:arcgis:meters:394",
        "source_name": "City of Miami Beach Parking GIS",
        "name": "Parking Meters 394",
        "facility_type": "parking_zone",
        "city": "Miami Beach",
        "state": "FL",
        "operator": "City of Miami Beach Parking Department",
        "access": "public",
        "fee": "unknown",
        "charge": "unknown",
        "capacity": null,
        "confidence": 0.9,
        "last_verified_source": "City of Miami Beach Parking GIS",
        "source_url": "https://www.miamibeachfl.gov/city-hall/parking/",
        "api_url": "https://gis.miamibeachfl.gov/public/rest/services/mb/Parking/FeatureServer/1/query?where=1%3D1&outFields=*&f=geojson&outSR=4326&resultRecordCount=1000&resultOffset=0",
        "evidence_url": "https://gis.miamibeachfl.gov/public/rest/services/mb/Parking/FeatureServer/1/query?where=1%3D1&outFields=*&f=geojson&outSR=4326&resultRecordCount=1000&resultOffset=0",
        "data_as_of": "2026-06-12",
        "existence_status": "confirmed",
        "price_status": "known_unpriced",
        "rule_status": "partial",
        "enrichment_status": "needs_price",
        "payment_url": "",
        "booking_url": "",
        "raw_properties": {
          "OBJECTID": 394,
          "NUMBER": null,
          "BRAND": null,
          "ZONE": null,
          "STATUS": 5,
          "created_user": null,
          "created_date": null,
          "last_edited_user": null,
          "last_edited_date": null
        }
      }
    },
    {
      "type": "Feature",
      "id": 395,
      "geometry": {
        "type": "Point",
        "coordinates": [
          -80.13100484435682,
          25.813170619797067
        ]
      },
      "properties": {
        "OBJECTID": 395,
        "NUMBER": null,
        "BRAND": null,
        "ZONE": null,
        "STATUS": 5,
        "created_user": null,
        "created_date": null,
        "last_edited_user": null,
        "last_edited_date": null,
        "source_id": "miami-beach:arcgis:meters:395",
        "source_name": "City of Miami Beach Parking GIS",
        "name": "Parking Meters 395",
        "facility_type": "parking_zone",
        "city": "Miami Beach",
        "state": "FL",
        "operator": "City of Miami Beach Parking Department",
        "access": "public",
        "fee": "unknown",
        "charge": "unknown",
        "capacity": null,
        "confidence": 0.9,
        "last_verified_source": "City of Miami Beach Parking GIS",
        "source_url": "https://www.miamibeachfl.gov/city-hall/parking/",
        "api_url": "https://gis.miamibeachfl.gov/public/rest/services/mb/Parking/FeatureServer/1/query?where=1%3D1&outFields=*&f=geojson&outSR=4326&resultRecordCount=1000&resultOffset=0",
        "evidence_url": "https://gis.miamibeachfl.gov/public/rest/services/mb/Parking/FeatureServer/1/query?where=1%3D1&outFields=*&f=geojson&outSR=4326&resultRecordCount=1000&resultOffset=0",
        "data_as_of": "2026-06-12",
        "existence_status": "confirmed",
        "price_status": "known_unpriced",
        "rule_status": "partial",
        "enrichment_status": "needs_price",
        "payment_url": "",
        "booking_url": "",
        "raw_properties": {
          "OBJECTID": 395,
          "NUMBER": null,
          "BRAND": null,
          "ZONE": null,
          "STATUS": 5,
          "created_user": null,
          "created_date": null,
          "last_edited_user": null,
          "last_edited_date": null
        }
      }
    },
    {
      "type": "Feature",
      "id": 396,
      "geometry": {
        "type": "Point",
        "coordinates": [
          -80.13143705321878,
          25.81319017813445
        ]
      },
      "properties": {
        "OBJECTID": 396,
        "NUMBER": null,
        "BRAND": null,
        "ZONE": null,
        "STATUS": 5,
        "created_user": null,
        "created_date": null,
        "last_edited_user": null,
        "last_edited_date": null,
        "source_id": "miami-beach:arcgis:meters:396",
        "source_name": "City of Miami Beach Parking GIS",
        "name": "Parking Meters 396",
        "facility_type": "parking_zone",
        "city": "Miami Beach",
        "state": "FL",
        "operator": "City of Miami Beach Parking Department",
        "access": "public",
        "fee": "unknown",
        "charge": "unknown",
        "capacity": null,
        "confidence": 0.9,
        "last_verified_source": "City of Miami Beach Parking GIS",
        "source_url": "https://www.miamibeachfl.gov/city-hall/parking/",
        "api_url": "https://gis.miamibeachfl.gov/public/rest/services/mb/Parking/FeatureServer/1/query?where=1%3D1&outFields=*&f=geojson&outSR=4326&resultRecordCount=1000&resultOffset=0",
        "evidence_url": "https://gis.miamibeachfl.gov/public/rest/services/mb/Parking/FeatureServer/1/query?where=1%3D1&outFields=*&f=geojson&outSR=4326&resultRecordCount=1000&resultOffset=0",
        "data_as_of": "2026-06-12",
        "existence_status": "confirmed",
        "price_status": "known_unpriced",
        "rule_status": "partial",
        "enrichment_status": "needs_price",
        "payment_url": "",
        "booking_url": "",
        "raw_properties": {
          "OBJECTID": 396,
          "NUMBER": null,
          "BRAND": null,
          "ZONE": null,
          "STATUS": 5,
          "created_user": null,
          "created_date": null,
          "last_edited_user": null,
          "last_edited_date": null
        }
      }
    },
    {
      "type": "Feature",
      "id": 397,
      "geometry": {
        "type": "Point",
        "coordinates": [
          -80.12164775557581,
          25.848444258056965
        ]
      },
      "properties": {
        "OBJECTID": 397,
        "NUMBER": null,
        "BRAND": null,
        "ZONE": null,
        "STATUS": 5,
        "created_user": null,
        "created_date": null,
        "last_edited_user": null,
        "last_edited_date": null,
        "source_id": "miami-beach:arcgis:meters:397",
        "source_name": "City of Miami Beach Parking GIS",
        "name": "Parking Meters 397",
        "facility_type": "parking_zone",
        "city": "Miami Beach",
        "state": "FL",
        "operator": "City of Miami Beach Parking Department",
        "access": "public",
        "fee": "unknown",
        "charge": "unknown",
        "capacity": null,
        "confidence": 0.9,
        "last_verified_source": "City of Miami Beach Parking GIS",
        "source_url": "https://www.miamibeachfl.gov/city-hall/parking/",
        "api_url": "https://gis.miamibeachfl.gov/public/rest/services/mb/Parking/FeatureServer/1/query?where=1%3D1&outFields=*&f=geojson&outSR=4326&resultRecordCount=1000&resultOffset=0",
        "evidence_url": "https://gis.miamibeachfl.gov/public/rest/services/mb/Parking/FeatureServer/1/query?where=1%3D1&outFields=*&f=geojson&outSR=4326&resultRecordCount=1000&resultOffset=0",
        "data_as_of": "2026-06-12",
        "existence_status": "confirmed",
        "price_status": "known_unpriced",
        "rule_status": "partial",
        "enrichment_status": "needs_price",
        "payment_url": "",
        "booking_url": "",
        "raw_properties": {
          "OBJECTID": 397,
          "NUMBER": null,
          "BRAND": null,
          "ZONE": null,
          "STATUS": 5,
          "created_user": null,
          "created_date": null,
          "last_edited_user": null,
          "last_edited_date": null
        }
      }
    },
    {
      "type": "Feature",
      "id": 398,
      "geometry": {
        "type": "Point",
        "coordinates": [
          -80.12756110860558,
          25.796382484367204
        ]
      },
      "properties": {
        "OBJECTID": 398,
        "NUMBER": "MB21W02",
        "BRAND": "DPT",
        "ZONE": "6X",
        "STATUS": 5,
        "created_user": null,
        "created_date": null,
        "last_edited_user": null,
        "last_edited_date": null,
        "source_id": "miami-beach:arcgis:meters:398",
        "source_name": "City of Miami Beach Parking GIS",
        "name": "Parking Meters 398",
        "facility_type": "parking_zone",
        "city": "Miami Beach",
        "state": "FL",
        "operator": "City of Miami Beach Parking Department",
        "access": "public",
        "fee": "unknown",
        "charge": "unknown",
        "capacity": null,
        "confidence": 0.9,
        "last_verified_source": "City of Miami Beach Parking GIS",
        "source_url": "https://www.miamibeachfl.gov/city-hall/parking/",
        "api_url": "https://gis.miamibeachfl.gov/public/rest/services/mb/Parking/FeatureServer/1/query?where=1%3D1&outFields=*&f=geojson&outSR=4326&resultRecordCount=1000&resultOffset=0",
        "evidence_url": "https://gis.miamibeachfl.gov/public/rest/services/mb/Parking/FeatureServer/1/query?where=1%3D1&outFields=*&f=geojson&outSR=4326&resultRecordCount=1000&resultOffset=0",
        "data_as_of": "2026-06-12",
        "existence_status": "confirmed",
        "price_status": "known_unpriced",
        "rule_status": "partial",
        "enrichment_status": "needs_price",
        "payment_url": "",
        "booking_url": "",
        "raw_properties": {
          "OBJECTID": 398,
          "NUMBER": "MB21W02",
          "BRAND": "DPT",
          "ZONE": "6X",
          "STATUS": 5,
          "created_user": null,
          "created_date": null,
          "last_edited_user": null,
          "last_edited_date": null
        }
      }
    },
    {
      "type": "Feature",
      "id": 399,
      "geometry": {
        "type": "Point",
        "coordinates": [
          -80.12123332905462,
          25.865574760097463
        ]
      },
      "properties": {
        "OBJECTID": 399,
        "NUMBER": null,
        "BRAND": null,
        "ZONE": null,
        "STATUS": 4,
        "created_user": null,
        "created_date": null,
        "last_edited_user": null,
        "last_edited_date": null,
        "source_id": "miami-beach:arcgis:meters:399",
        "source_name": "City of Miami Beach Parking GIS",
        "name": "Parking Meters 399",
        "facility_type": "parking_zone",
        "city": "Miami Beach",
        "state": "FL",
        "operator": "City of Miami Beach Parking Department",
        "access": "public",
        "fee": "unknown",
        "charge": "unknown",
        "capacity": null,
        "confidence": 0.9,
        "last_verified_source": "City of Miami Beach Parking GIS",
        "source_url": "https://www.miamibeachfl.gov/city-hall/parking/",
        "api_url": "https://gis.miamibeachfl.gov/public/rest/services/mb/Parking/FeatureServer/1/query?where=1%3D1&outFields=*&f=geojson&outSR=4326&resultRecordCount=1000&resultOffset=0",
        "evidence_url": "https://gis.miamibeachfl.gov/public/rest/services/mb/Parking/FeatureServer/1/query?where=1%3D1&outFields=*&f=geojson&outSR=4326&resultRecordCount=1000&resultOffset=0",
        "data_as_of": "2026-06-12",
        "existence_status": "confirmed",
        "price_status": "known_unpriced",
        "rule_status": "partial",
        "enrichment_status": "needs_price",
        "payment_url": "",
        "booking_url": "",
        "raw_properties": {
          "OBJECTID": 399,
          "NUMBER": null,
          "BRAND": null,
          "ZONE": null,
          "STATUS": 4,
          "created_user": null,
          "created_date": null,
          "last_edited_user": null,
          "last_edited_date": null
        }
      }
    },
    {
      "type": "Feature",
      "id": 400,
      "geometry": {
        "type": "Point",
        "coordinates": [
          -80.12145745391669,
          25.869496628966093
        ]
      },
      "properties": {
        "OBJECTID": 400,
        "NUMBER": null,
        "BRAND": null,
        "ZONE": null,
        "STATUS": 4,
        "created_user": null,
        "created_date": null,
        "last_edited_user": null,
        "last_edited_date": null,
        "source_id": "miami-beach:arcgis:meters:400",
        "source_name": "City of Miami Beach Parking GIS",
        "name": "Parking Meters 400",
        "facility_type": "parking_zone",
        "city": "Miami Beach",
        "state": "FL",
        "operator": "City of Miami Beach Parking Department",
        "access": "public",
        "fee": "unknown",
        "charge": "unknown",
        "capacity": null,
        "confidence": 0.9,
        "last_verified_source": "City of Miami Beach Parking GIS",
        "source_url": "https://www.miamibeachfl.gov/city-hall/parking/",
        "api_url": "https://gis.miamibeachfl.gov/public/rest/services/mb/Parking/FeatureServer/1/query?where=1%3D1&outFields=*&f=geojson&outSR=4326&resultRecordCount=1000&resultOffset=0",
        "evidence_url": "https://gis.miamibeachfl.gov/public/rest/services/mb/Parking/FeatureServer/1/query?where=1%3D1&outFields=*&f=geojson&outSR=4326&resultRecordCount=1000&resultOffset=0",
        "data_as_of": "2026-06-12",
        "existence_status": "confirmed",
        "price_status": "known_unpriced",
        "rule_status": "partial",
        "enrichment_status": "needs_price",
        "payment_url": "",
        "booking_url": "",
        "raw_properties": {
          "OBJECTID": 400,
          "NUMBER": null,
          "BRAND": null,
          "ZONE": null,
          "STATUS": 4,
          "created_user": null,
          "created_date": null,
          "last_edited_user": null,
          "last_edited_date": null
        }
      }
    },
    {
      "type": "Feature",
      "id": 401,
      "geometry": {
        "type": "Point",
        "coordinates": [
          -80.13612050623226,
          25.769180361080473
        ]
      },
      "properties": {
        "OBJECTID": 401,
        "NUMBER": "CM08N01",
        "BRAND": "DPT",
        "ZONE": "7X",
        "STATUS": 5,
        "created_user": null,
        "created_date": null,
        "last_edited_user": null,
        "last_edited_date": null,
        "source_id": "miami-beach:arcgis:meters:401",
        "source_name": "City of Miami Beach Parking GIS",
        "name": "Parking Meters 401",
        "facility_type": "parking_zone",
        "city": "Miami Beach",
        "state": "FL",
        "operator": "City of Miami Beach Parking Department",
        "access": "public",
        "fee": "unknown",
        "charge": "unknown",
        "capacity": null,
        "confidence": 0.9,
        "last_verified_source": "City of Miami Beach Parking GIS",
        "source_url": "https://www.miamibeachfl.gov/city-hall/parking/",
        "api_url": "https://gis.miamibeachfl.gov/public/rest/services/mb/Parking/FeatureServer/1/query?where=1%3D1&outFields=*&f=geojson&outSR=4326&resultRecordCount=1000&resultOffset=0",
        "evidence_url": "https://gis.miamibeachfl.gov/public/rest/services/mb/Parking/FeatureServer/1/query?where=1%3D1&outFields=*&f=geojson&outSR=4326&resultRecordCount=1000&resultOffset=0",
        "data_as_of": "2026-06-12",
        "existence_status": "confirmed",
        "price_status": "known_unpriced",
        "rule_status": "partial",
        "enrichment_status": "needs_price",
        "payment_url": "",
        "booking_url": "",
        "raw_properties": {
          "OBJECTID": 401,
          "NUMBER": "CM08N01",
          "BRAND": "DPT",
          "ZONE": "7X",
          "STATUS": 5,
          "created_user": null,
          "created_date": null,
          "last_edited_user": null,
          "last_edited_date": null
        }
      }
    },
    {
      "type": "Feature",
      "id": 402,
      "geometry": {
        "type": "Point",
        "coordinates": [
          -80.13157400507983,
          25.778043246195566
        ]
      },
      "properties": {
        "OBJECTID": 402,
        "NUMBER": "0801N01",
        "BRAND": "DPT",
        "ZONE": "7A",
        "STATUS": 5,
        "created_user": null,
        "created_date": null,
        "last_edited_user": null,
        "last_edited_date": null,
        "source_id": "miami-beach:arcgis:meters:402",
        "source_name": "City of Miami Beach Parking GIS",
        "name": "Parking Meters 402",
        "facility_type": "parking_zone",
        "city": "Miami Beach",
        "state": "FL",
        "operator": "City of Miami Beach Parking Department",
        "access": "public",
        "fee": "unknown",
        "charge": "unknown",
        "capacity": null,
        "confidence": 0.9,
        "last_verified_source": "City of Miami Beach Parking GIS",
        "source_url": "https://www.miamibeachfl.gov/city-hall/parking/",
        "api_url": "https://gis.miamibeachfl.gov/public/rest/services/mb/Parking/FeatureServer/1/query?where=1%3D1&outFields=*&f=geojson&outSR=4326&resultRecordCount=1000&resultOffset=0",
        "evidence_url": "https://gis.miamibeachfl.gov/public/rest/services/mb/Parking/FeatureServer/1/query?where=1%3D1&outFields=*&f=geojson&outSR=4326&resultRecordCount=1000&resultOffset=0",
        "data_as_of": "2026-06-12",
        "existence_status": "confirmed",
        "price_status": "known_unpriced",
        "rule_status": "partial",
        "enrichment_status": "needs_price",
        "payment_url": "",
        "booking_url": "",
        "raw_properties": {
          "OBJECTID": 402,
          "NUMBER": "0801N01",
          "BRAND": "DPT",
          "ZONE": "7A",
          "STATUS": 5,
          "created_user": null,
          "created_date": null,
          "last_edited_user": null,
          "last_edited_date": null
        }
      }
    },
    {
      "type": "Feature",
      "id": 403,
      "geometry": {
        "type": "Point",
        "coordinates": [
          -80.13290516530894,
          25.769251453848145
        ]
      },
      "properties": {
        "OBJECTID": 403,
        "NUMBER": null,
        "BRAND": null,
        "ZONE": null,
        "STATUS": 4,
        "created_user": null,
        "created_date": null,
        "last_edited_user": null,
        "last_edited_date": null,
        "source_id": "miami-beach:arcgis:meters:403",
        "source_name": "City of Miami Beach Parking GIS",
        "name": "Parking Meters 403",
        "facility_type": "parking_zone",
        "city": "Miami Beach",
        "state": "FL",
        "operator": "City of Miami Beach Parking Department",
        "access": "public",
        "fee": "unknown",
        "charge": "unknown",
        "capacity": null,
        "confidence": 0.9,
        "last_verified_source": "City of Miami Beach Parking GIS",
        "source_url": "https://www.miamibeachfl.gov/city-hall/parking/",
        "api_url": "https://gis.miamibeachfl.gov/public/rest/services/mb/Parking/FeatureServer/1/query?where=1%3D1&outFields=*&f=geojson&outSR=4326&resultRecordCount=1000&resultOffset=0",
        "evidence_url": "https://gis.miamibeachfl.gov/public/rest/services/mb/Parking/FeatureServer/1/query?where=1%3D1&outFields=*&f=geojson&outSR=4326&resultRecordCount=1000&resultOffset=0",
        "data_as_of": "2026-06-12",
        "existence_status": "confirmed",
        "price_status": "known_unpriced",
        "rule_status": "partial",
        "enrichment_status": "needs_price",
        "payment_url": "",
        "booking_url": "",
        "raw_properties": {
          "OBJECTID": 403,
          "NUMBER": null,
          "BRAND": null,
          "ZONE": null,
          "STATUS": 4,
          "created_user": null,
          "created_date": null,
          "last_edited_user": null,
          "last_edited_date": null
        }
      }
    },
    {
      "type": "Feature",
      "id": 404,
      "geometry": {
        "type": "Point",
        "coordinates": [
          -80.13289595825884,
          25.768720488549924
        ]
      },
      "properties": {
        "OBJECTID": 404,
        "NUMBER": "P002001",
        "BRAND": "DPT",
        "ZONE": "P2",
        "STATUS": 5,
        "created_user": null,
        "created_date": null,
        "last_edited_user": null,
        "last_edited_date": null,
        "source_id": "miami-beach:arcgis:meters:404",
        "source_name": "City of Miami Beach Parking GIS",
        "name": "Parking Meters 404",
        "facility_type": "parking_zone",
        "city": "Miami Beach",
        "state": "FL",
        "operator": "City of Miami Beach Parking Department",
        "access": "public",
        "fee": "unknown",
        "charge": "unknown",
        "capacity": null,
        "confidence": 0.9,
        "last_verified_source": "City of Miami Beach Parking GIS",
        "source_url": "https://www.miamibeachfl.gov/city-hall/parking/",
        "api_url": "https://gis.miamibeachfl.gov/public/rest/services/mb/Parking/FeatureServer/1/query?where=1%3D1&outFields=*&f=geojson&outSR=4326&resultRecordCount=1000&resultOffset=0",
        "evidence_url": "https://gis.miamibeachfl.gov/public/rest/services/mb/Parking/FeatureServer/1/query?where=1%3D1&outFields=*&f=geojson&outSR=4326&resultRecordCount=1000&resultOffset=0",
        "data_as_of": "2026-06-12",
        "existence_status": "confirmed",
        "price_status": "known_unpriced",
        "rule_status": "partial",
        "enrichment_status": "needs_price",
        "payment_url": "",
        "booking_url": "",
        "raw_properties": {
          "OBJECTID": 404,
          "NUMBER": "P002001",
          "BRAND": "DPT",
          "ZONE": "P2",
          "STATUS": 5,
          "created_user": null,
          "created_date": null,
          "last_edited_user": null,
          "last_edited_date": null
        }
      }
    },
    {
      "type": "Feature",
      "id": 405,
      "geometry": {
        "type": "Point",
        "coordinates": [
          -80.135404212274,
          25.76734839027423
        ]
      },
      "properties": {
        "OBJECTID": 405,
        "NUMBER": "P001005",
        "BRAND": "DPT",
        "ZONE": "P1",
        "STATUS": 5,
        "created_user": null,
        "created_date": null,
        "last_edited_user": null,
        "last_edited_date": null,
        "source_id": "miami-beach:arcgis:meters:405",
        "source_name": "City of Miami Beach Parking GIS",
        "name": "Parking Meters 405",
        "facility_type": "parking_zone",
        "city": "Miami Beach",
        "state": "FL",
        "operator": "City of Miami Beach Parking Department",
        "access": "public",
        "fee": "unknown",
        "charge": "unknown",
        "capacity": null,
        "confidence": 0.9,
        "last_verified_source": "City of Miami Beach Parking GIS",
        "source_url": "https://www.miamibeachfl.gov/city-hall/parking/",
        "api_url": "https://gis.miamibeachfl.gov/public/rest/services/mb/Parking/FeatureServer/1/query?where=1%3D1&outFields=*&f=geojson&outSR=4326&resultRecordCount=1000&resultOffset=0",
        "evidence_url": "https://gis.miamibeachfl.gov/public/rest/services/mb/Parking/FeatureServer/1/query?where=1%3D1&outFields=*&f=geojson&outSR=4326&resultRecordCount=1000&resultOffset=0",
        "data_as_of": "2026-06-12",
        "existence_status": "confirmed",
        "price_status": "known_unpriced",
        "rule_status": "partial",
        "enrichment_status": "needs_price",
        "payment_url": "",
        "booking_url": "",
        "raw_properties": {
          "OBJECTID": 405,
          "NUMBER": "P001005",
          "BRAND": "DPT",
          "ZONE": "P1",
          "STATUS": 5,
          "created_user": null,
          "created_date": null,
          "last_edited_user": null,
          "last_edited_date": null
        }
      }
    },
    {
      "type": "Feature",
      "id": 406,
      "geometry": {
        "type": "Point",
        "coordinates": [
          -80.13428085715708,
          25.766525909059066
        ]
      },
      "properties": {
        "OBJECTID": 406,
        "NUMBER": "P001001",
        "BRAND": "DPT",
        "ZONE": "P1",
        "STATUS": 5,
        "created_user": null,
        "created_date": null,
        "last_edited_user": null,
        "last_edited_date": null,
        "source_id": "miami-beach:arcgis:meters:406",
        "source_name": "City of Miami Beach Parking GIS",
        "name": "Parking Meters 406",
        "facility_type": "parking_zone",
        "city": "Miami Beach",
        "state": "FL",
        "operator": "City of Miami Beach Parking Department",
        "access": "public",
        "fee": "unknown",
        "charge": "unknown",
        "capacity": null,
        "confidence": 0.9,
        "last_verified_source": "City of Miami Beach Parking GIS",
        "source_url": "https://www.miamibeachfl.gov/city-hall/parking/",
        "api_url": "https://gis.miamibeachfl.gov/public/rest/services/mb/Parking/FeatureServer/1/query?where=1%3D1&outFields=*&f=geojson&outSR=4326&resultRecordCount=1000&resultOffset=0",
        "evidence_url": "https://gis.miamibeachfl.gov/public/rest/services/mb/Parking/FeatureServer/1/query?where=1%3D1&outFields=*&f=geojson&outSR=4326&resultRecordCount=1000&resultOffset=0",
        "data_as_of": "2026-06-12",
        "existence_status": "confirmed",
        "price_status": "known_unpriced",
        "rule_status": "partial",
        "enrichment_status": "needs_price",
        "payment_url": "",
        "booking_url": "",
        "raw_properties": {
          "OBJECTID": 406,
          "NUMBER": "P001001",
          "BRAND": "DPT",
          "ZONE": "P1",
          "STATUS": 5,
          "created_user": null,
          "created_date": null,
          "last_edited_user": null,
          "last_edited_date": null
        }
      }
    },
    {
      "type": "Feature",
      "id": 407,
      "geometry": {
        "type": "Point",
        "coordinates": [
          -80.13489547044006,
          25.76678928247418
        ]
      },
      "properties": {
        "OBJECTID": 407,
        "NUMBER": "P001002",
        "BRAND": "DPT",
        "ZONE": "P1",
        "STATUS": 5,
        "created_user": null,
        "created_date": null,
        "last_edited_user": null,
        "last_edited_date": null,
        "source_id": "miami-beach:arcgis:meters:407",
        "source_name": "City of Miami Beach Parking GIS",
        "name": "Parking Meters 407",
        "facility_type": "parking_zone",
        "city": "Miami Beach",
        "state": "FL",
        "operator": "City of Miami Beach Parking Department",
        "access": "public",
        "fee": "unknown",
        "charge": "unknown",
        "capacity": null,
        "confidence": 0.9,
        "last_verified_source": "City of Miami Beach Parking GIS",
        "source_url": "https://www.miamibeachfl.gov/city-hall/parking/",
        "api_url": "https://gis.miamibeachfl.gov/public/rest/services/mb/Parking/FeatureServer/1/query?where=1%3D1&outFields=*&f=geojson&outSR=4326&resultRecordCount=1000&resultOffset=0",
        "evidence_url": "https://gis.miamibeachfl.gov/public/rest/services/mb/Parking/FeatureServer/1/query?where=1%3D1&outFields=*&f=geojson&outSR=4326&resultRecordCount=1000&resultOffset=0",
        "data_as_of": "2026-06-12",
        "existence_status": "confirmed",
        "price_status": "known_unpriced",
        "rule_status": "partial",
        "enrichment_status": "needs_price",
        "payment_url": "",
        "booking_url": "",
        "raw_properties": {
          "OBJECTID": 407,
          "NUMBER": "P001002",
          "BRAND": "DPT",
          "ZONE": "P1",
          "STATUS": 5,
          "created_user": null,
          "created_date": null,
          "last_edited_user": null,
          "last_edited_date": null
        }
      }
    },
    {
      "type": "Feature",
      "id": 408,
      "geometry": {
        "type": "Point",
        "coordinates": [
          -80.13551603042677,
          25.76785113203411
        ]
      },
      "properties": {
        "OBJECTID": 408,
        "NUMBER": "WASPE01",
        "BRAND": "DPT",
        "ZONE": "7X",
        "STATUS": 5,
        "created_user": null,
        "created_date": null,
        "last_edited_user": null,
        "last_edited_date": null,
        "source_id": "miami-beach:arcgis:meters:408",
        "source_name": "City of Miami Beach Parking GIS",
        "name": "Parking Meters 408",
        "facility_type": "parking_zone",
        "city": "Miami Beach",
        "state": "FL",
        "operator": "City of Miami Beach Parking Department",
        "access": "public",
        "fee": "unknown",
        "charge": "unknown",
        "capacity": null,
        "confidence": 0.9,
        "last_verified_source": "City of Miami Beach Parking GIS",
        "source_url": "https://www.miamibeachfl.gov/city-hall/parking/",
        "api_url": "https://gis.miamibeachfl.gov/public/rest/services/mb/Parking/FeatureServer/1/query?where=1%3D1&outFields=*&f=geojson&outSR=4326&resultRecordCount=1000&resultOffset=0",
        "evidence_url": "https://gis.miamibeachfl.gov/public/rest/services/mb/Parking/FeatureServer/1/query?where=1%3D1&outFields=*&f=geojson&outSR=4326&resultRecordCount=1000&resultOffset=0",
        "data_as_of": "2026-06-12",
        "existence_status": "confirmed",
        "price_status": "known_unpriced",
        "rule_status": "partial",
        "enrichment_status": "needs_price",
        "payment_url": "",
        "booking_url": "",
        "raw_properties": {
          "OBJECTID": 408,
          "NUMBER": "WASPE01",
          "BRAND": "DPT",
          "ZONE": "7X",
          "STATUS": 5,
          "created_user": null,
          "created_date": null,
          "last_edited_user": null,
          "last_edited_date": null
        }
      }
    },
    {
      "type": "Feature",
      "id": 409,
      "geometry": {
        "type": "Point",
        "coordinates": [
          -80.13275207512095,
          25.768504757914243
        ]
      },
      "properties": {
        "OBJECTID": 409,
        "NUMBER": "SP00N03",
        "BRAND": "DPT",
        "ZONE": "7X",
        "STATUS": 5,
        "created_user": null,
        "created_date": null,
        "last_edited_user": null,
        "last_edited_date": null,
        "source_id": "miami-beach:arcgis:meters:409",
        "source_name": "City of Miami Beach Parking GIS",
        "name": "Parking Meters 409",
        "facility_type": "parking_zone",
        "city": "Miami Beach",
        "state": "FL",
        "operator": "City of Miami Beach Parking Department",
        "access": "public",
        "fee": "unknown",
        "charge": "unknown",
        "capacity": null,
        "confidence": 0.9,
        "last_verified_source": "City of Miami Beach Parking GIS",
        "source_url": "https://www.miamibeachfl.gov/city-hall/parking/",
        "api_url": "https://gis.miamibeachfl.gov/public/rest/services/mb/Parking/FeatureServer/1/query?where=1%3D1&outFields=*&f=geojson&outSR=4326&resultRecordCount=1000&resultOffset=0",
        "evidence_url": "https://gis.miamibeachfl.gov/public/rest/services/mb/Parking/FeatureServer/1/query?where=1%3D1&outFields=*&f=geojson&outSR=4326&resultRecordCount=1000&resultOffset=0",
        "data_as_of": "2026-06-12",
        "existence_status": "confirmed",
        "price_status": "known_unpriced",
        "rule_status": "partial",
        "enrichment_status": "needs_price",
        "payment_url": "",
        "booking_url": "",
        "raw_properties": {
          "OBJECTID": 409,
          "NUMBER": "SP00N03",
          "BRAND": "DPT",
          "ZONE": "7X",
          "STATUS": 5,
          "created_user": null,
          "created_date": null,
          "last_edited_user": null,
          "last_edited_date": null
        }
      }
    },
    {
      "type": "Feature",
      "id": 410,
      "geometry": {
        "type": "Point",
        "coordinates": [
          -80.13244871607088,
          25.76850892017491
        ]
      },
      "properties": {
        "OBJECTID": 410,
        "NUMBER": "SP00N01",
        "BRAND": "DPT",
        "ZONE": "7X",
        "STATUS": 5,
        "created_user": null,
        "created_date": null,
        "last_edited_user": null,
        "last_edited_date": null,
        "source_id": "miami-beach:arcgis:meters:410",
        "source_name": "City of Miami Beach Parking GIS",
        "name": "Parking Meters 410",
        "facility_type": "parking_zone",
        "city": "Miami Beach",
        "state": "FL",
        "operator": "City of Miami Beach Parking Department",
        "access": "public",
        "fee": "unknown",
        "charge": "unknown",
        "capacity": null,
        "confidence": 0.9,
        "last_verified_source": "City of Miami Beach Parking GIS",
        "source_url": "https://www.miamibeachfl.gov/city-hall/parking/",
        "api_url": "https://gis.miamibeachfl.gov/public/rest/services/mb/Parking/FeatureServer/1/query?where=1%3D1&outFields=*&f=geojson&outSR=4326&resultRecordCount=1000&resultOffset=0",
        "evidence_url": "https://gis.miamibeachfl.gov/public/rest/services/mb/Parking/FeatureServer/1/query?where=1%3D1&outFields=*&f=geojson&outSR=4326&resultRecordCount=1000&resultOffset=0",
        "data_as_of": "2026-06-12",
        "existence_status": "confirmed",
        "price_status": "known_unpriced",
        "rule_status": "partial",
        "enrichment_status": "needs_price",
        "payment_url": "",
        "booking_url": "",
        "raw_properties": {
          "OBJECTID": 410,
          "NUMBER": "SP00N01",
          "BRAND": "DPT",
          "ZONE": "7X",
          "STATUS": 5,
          "created_user": null,
          "created_date": null,
          "last_edited_user": null,
          "last_edited_date": null
        }
      }
    },
    {
      "type": "Feature",
      "id": 411,
      "geometry": {
        "type": "Point",
        "coordinates": [
          -80.13390146902496,
          25.76821903342897
        ]
      },
      "properties": {
        "OBJECTID": 411,
        "NUMBER": "SP01S02",
        "BRAND": "DPT",
        "ZONE": "7X",
        "STATUS": 5,
        "created_user": null,
        "created_date": null,
        "last_edited_user": null,
        "last_edited_date": null,
        "source_id": "miami-beach:arcgis:meters:411",
        "source_name": "City of Miami Beach Parking GIS",
        "name": "Parking Meters 411",
        "facility_type": "parking_zone",
        "city": "Miami Beach",
        "state": "FL",
        "operator": "City of Miami Beach Parking Department",
        "access": "public",
        "fee": "unknown",
        "charge": "unknown",
        "capacity": null,
        "confidence": 0.9,
        "last_verified_source": "City of Miami Beach Parking GIS",
        "source_url": "https://www.miamibeachfl.gov/city-hall/parking/",
        "api_url": "https://gis.miamibeachfl.gov/public/rest/services/mb/Parking/FeatureServer/1/query?where=1%3D1&outFields=*&f=geojson&outSR=4326&resultRecordCount=1000&resultOffset=0",
        "evidence_url": "https://gis.miamibeachfl.gov/public/rest/services/mb/Parking/FeatureServer/1/query?where=1%3D1&outFields=*&f=geojson&outSR=4326&resultRecordCount=1000&resultOffset=0",
        "data_as_of": "2026-06-12",
        "existence_status": "confirmed",
        "price_status": "known_unpriced",
        "rule_status": "partial",
        "enrichment_status": "needs_price",
        "payment_url": "",
        "booking_url": "",
        "raw_properties": {
          "OBJECTID": 411,
          "NUMBER": "SP01S02",
          "BRAND": "DPT",
          "ZONE": "7X",
          "STATUS": 5,
          "created_user": null,
          "created_date": null,
          "last_edited_user": null,
          "last_edited_date": null
        }
      }
    },
    {
      "type": "Feature",
      "id": 412,
      "geometry": {
        "type": "Point",
        "coordinates": [
          -80.13261697312818,
          25.771160678093782
        ]
      },
      "properties": {
        "OBJECTID": 412,
        "NUMBER": "OD02E01",
        "BRAND": "DPT",
        "ZONE": "7X",
        "STATUS": 5,
        "created_user": null,
        "created_date": null,
        "last_edited_user": null,
        "last_edited_date": null,
        "source_id": "miami-beach:arcgis:meters:412",
        "source_name": "City of Miami Beach Parking GIS",
        "name": "Parking Meters 412",
        "facility_type": "parking_zone",
        "city": "Miami Beach",
        "state": "FL",
        "operator": "City of Miami Beach Parking Department",
        "access": "public",
        "fee": "unknown",
        "charge": "unknown",
        "capacity": null,
        "confidence": 0.9,
        "last_verified_source": "City of Miami Beach Parking GIS",
        "source_url": "https://www.miamibeachfl.gov/city-hall/parking/",
        "api_url": "https://gis.miamibeachfl.gov/public/rest/services/mb/Parking/FeatureServer/1/query?where=1%3D1&outFields=*&f=geojson&outSR=4326&resultRecordCount=1000&resultOffset=0",
        "evidence_url": "https://gis.miamibeachfl.gov/public/rest/services/mb/Parking/FeatureServer/1/query?where=1%3D1&outFields=*&f=geojson&outSR=4326&resultRecordCount=1000&resultOffset=0",
        "data_as_of": "2026-06-12",
        "existence_status": "confirmed",
        "price_status": "known_unpriced",
        "rule_status": "partial",
        "enrichment_status": "needs_price",
        "payment_url": "",
        "booking_url": "",
        "raw_properties": {
          "OBJECTID": 412,
          "NUMBER": "OD02E01",
          "BRAND": "DPT",
          "ZONE": "7X",
          "STATUS": 5,
          "created_user": null,
          "created_date": null,
          "last_edited_user": null,
          "last_edited_date": null
        }
      }
    },
    {
      "type": "Feature",
      "id": 413,
      "geometry": {
        "type": "Point",
        "coordinates": [
          -80.1339258346466,
          25.770735342577005
        ]
      },
      "properties": {
        "OBJECTID": 413,
        "NUMBER": "CL01W04",
        "BRAND": "DPT",
        "ZONE": "7X",
        "STATUS": 5,
        "created_user": null,
        "created_date": null,
        "last_edited_user": null,
        "last_edited_date": null,
        "source_id": "miami-beach:arcgis:meters:413",
        "source_name": "City of Miami Beach Parking GIS",
        "name": "Parking Meters 413",
        "facility_type": "parking_zone",
        "city": "Miami Beach",
        "state": "FL",
        "operator": "City of Miami Beach Parking Department",
        "access": "public",
        "fee": "unknown",
        "charge": "unknown",
        "capacity": null,
        "confidence": 0.9,
        "last_verified_source": "City of Miami Beach Parking GIS",
        "source_url": "https://www.miamibeachfl.gov/city-hall/parking/",
        "api_url": "https://gis.miamibeachfl.gov/public/rest/services/mb/Parking/FeatureServer/1/query?where=1%3D1&outFields=*&f=geojson&outSR=4326&resultRecordCount=1000&resultOffset=0",
        "evidence_url": "https://gis.miamibeachfl.gov/public/rest/services/mb/Parking/FeatureServer/1/query?where=1%3D1&outFields=*&f=geojson&outSR=4326&resultRecordCount=1000&resultOffset=0",
        "data_as_of": "2026-06-12",
        "existence_status": "confirmed",
        "price_status": "known_unpriced",
        "rule_status": "partial",
        "enrichment_status": "needs_price",
        "payment_url": "",
        "booking_url": "",
        "raw_properties": {
          "OBJECTID": 413,
          "NUMBER": "CL01W04",
          "BRAND": "DPT",
          "ZONE": "7X",
          "STATUS": 5,
          "created_user": null,
          "created_date": null,
          "last_edited_user": null,
          "last_edited_date": null
        }
      }
    },
    {
      "type": "Feature",
      "id": 414,
      "geometry": {
        "type": "Point",
        "coordinates": [
          -80.13461420399133,
          25.773094597460833
        ]
      },
      "properties": {
        "OBJECTID": 414,
        "NUMBER": "WA03W02",
        "BRAND": "DPT",
        "ZONE": "7X",
        "STATUS": 5,
        "created_user": null,
        "created_date": null,
        "last_edited_user": null,
        "last_edited_date": null,
        "source_id": "miami-beach:arcgis:meters:414",
        "source_name": "City of Miami Beach Parking GIS",
        "name": "Parking Meters 414",
        "facility_type": "parking_zone",
        "city": "Miami Beach",
        "state": "FL",
        "operator": "City of Miami Beach Parking Department",
        "access": "public",
        "fee": "unknown",
        "charge": "unknown",
        "capacity": null,
        "confidence": 0.9,
        "last_verified_source": "City of Miami Beach Parking GIS",
        "source_url": "https://www.miamibeachfl.gov/city-hall/parking/",
        "api_url": "https://gis.miamibeachfl.gov/public/rest/services/mb/Parking/FeatureServer/1/query?where=1%3D1&outFields=*&f=geojson&outSR=4326&resultRecordCount=1000&resultOffset=0",
        "evidence_url": "https://gis.miamibeachfl.gov/public/rest/services/mb/Parking/FeatureServer/1/query?where=1%3D1&outFields=*&f=geojson&outSR=4326&resultRecordCount=1000&resultOffset=0",
        "data_as_of": "2026-06-12",
        "existence_status": "confirmed",
        "price_status": "known_unpriced",
        "rule_status": "partial",
        "enrichment_status": "needs_price",
        "payment_url": "",
        "booking_url": "",
        "raw_properties": {
          "OBJECTID": 414,
          "NUMBER": "WA03W02",
          "BRAND": "DPT",
          "ZONE": "7X",
          "STATUS": 5,
          "created_user": null,
          "created_date": null,
          "last_edited_user": null,
          "last_edited_date": null
        }
      }
    },
    {
      "type": "Feature",
      "id": 415,
      "geometry": {
        "type": "Point",
        "coordinates": [
          -80.13434997948805,
          25.773156084778282
        ]
      },
      "properties": {
        "OBJECTID": 415,
        "NUMBER": "WA03E01",
        "BRAND": "DPT",
        "ZONE": "7X",
        "STATUS": 5,
        "created_user": null,
        "created_date": null,
        "last_edited_user": null,
        "last_edited_date": null,
        "source_id": "miami-beach:arcgis:meters:415",
        "source_name": "City of Miami Beach Parking GIS",
        "name": "Parking Meters 415",
        "facility_type": "parking_zone",
        "city": "Miami Beach",
        "state": "FL",
        "operator": "City of Miami Beach Parking Department",
        "access": "public",
        "fee": "unknown",
        "charge": "unknown",
        "capacity": null,
        "confidence": 0.9,
        "last_verified_source": "City of Miami Beach Parking GIS",
        "source_url": "https://www.miamibeachfl.gov/city-hall/parking/",
        "api_url": "https://gis.miamibeachfl.gov/public/rest/services/mb/Parking/FeatureServer/1/query?where=1%3D1&outFields=*&f=geojson&outSR=4326&resultRecordCount=1000&resultOffset=0",
        "evidence_url": "https://gis.miamibeachfl.gov/public/rest/services/mb/Parking/FeatureServer/1/query?where=1%3D1&outFields=*&f=geojson&outSR=4326&resultRecordCount=1000&resultOffset=0",
        "data_as_of": "2026-06-12",
        "existence_status": "confirmed",
        "price_status": "known_unpriced",
        "rule_status": "partial",
        "enrichment_status": "needs_price",
        "payment_url": "",
        "booking_url": "",
        "raw_properties": {
          "OBJECTID": 415,
          "NUMBER": "WA03E01",
          "BRAND": "DPT",
          "ZONE": "7X",
          "STATUS": 5,
          "created_user": null,
          "created_date": null,
          "last_edited_user": null,
          "last_edited_date": null
        }
      }
    },
    {
      "type": "Feature",
      "id": 416,
      "geometry": {
        "type": "Point",
        "coordinates": [
          -80.1352064632424,
          25.770317860991113
        ]
      },
      "properties": {
        "OBJECTID": 416,
        "NUMBER": "WA01W02",
        "BRAND": "DPT",
        "ZONE": "7X",
        "STATUS": 5,
        "created_user": null,
        "created_date": null,
        "last_edited_user": null,
        "last_edited_date": null,
        "source_id": "miami-beach:arcgis:meters:416",
        "source_name": "City of Miami Beach Parking GIS",
        "name": "Parking Meters 416",
        "facility_type": "parking_zone",
        "city": "Miami Beach",
        "state": "FL",
        "operator": "City of Miami Beach Parking Department",
        "access": "public",
        "fee": "unknown",
        "charge": "unknown",
        "capacity": null,
        "confidence": 0.9,
        "last_verified_source": "City of Miami Beach Parking GIS",
        "source_url": "https://www.miamibeachfl.gov/city-hall/parking/",
        "api_url": "https://gis.miamibeachfl.gov/public/rest/services/mb/Parking/FeatureServer/1/query?where=1%3D1&outFields=*&f=geojson&outSR=4326&resultRecordCount=1000&resultOffset=0",
        "evidence_url": "https://gis.miamibeachfl.gov/public/rest/services/mb/Parking/FeatureServer/1/query?where=1%3D1&outFields=*&f=geojson&outSR=4326&resultRecordCount=1000&resultOffset=0",
        "data_as_of": "2026-06-12",
        "existence_status": "confirmed",
        "price_status": "known_unpriced",
        "rule_status": "partial",
        "enrichment_status": "needs_price",
        "payment_url": "",
        "booking_url": "",
        "raw_properties": {
          "OBJECTID": 416,
          "NUMBER": "WA01W02",
          "BRAND": "DPT",
          "ZONE": "7X",
          "STATUS": 5,
          "created_user": null,
          "created_date": null,
          "last_edited_user": null,
          "last_edited_date": null
        }
      }
    },
    {
      "type": "Feature",
      "id": 417,
      "geometry": {
        "type": "Point",
        "coordinates": [
          -80.13479561473841,
          25.770814084794715
        ]
      },
      "properties": {
        "OBJECTID": 417,
        "NUMBER": "P004002",
        "BRAND": "DPT",
        "ZONE": "7X",
        "STATUS": 5,
        "created_user": null,
        "created_date": null,
        "last_edited_user": null,
        "last_edited_date": null,
        "source_id": "miami-beach:arcgis:meters:417",
        "source_name": "City of Miami Beach Parking GIS",
        "name": "Parking Meters 417",
        "facility_type": "parking_zone",
        "city": "Miami Beach",
        "state": "FL",
        "operator": "City of Miami Beach Parking Department",
        "access": "public",
        "fee": "unknown",
        "charge": "unknown",
        "capacity": null,
        "confidence": 0.9,
        "last_verified_source": "City of Miami Beach Parking GIS",
        "source_url": "https://www.miamibeachfl.gov/city-hall/parking/",
        "api_url": "https://gis.miamibeachfl.gov/public/rest/services/mb/Parking/FeatureServer/1/query?where=1%3D1&outFields=*&f=geojson&outSR=4326&resultRecordCount=1000&resultOffset=0",
        "evidence_url": "https://gis.miamibeachfl.gov/public/rest/services/mb/Parking/FeatureServer/1/query?where=1%3D1&outFields=*&f=geojson&outSR=4326&resultRecordCount=1000&resultOffset=0",
        "data_as_of": "2026-06-12",
        "existence_status": "confirmed",
        "price_status": "known_unpriced",
        "rule_status": "partial",
        "enrichment_status": "needs_price",
        "payment_url": "",
        "booking_url": "",
        "raw_properties": {
          "OBJECTID": 417,
          "NUMBER": "P004002",
          "BRAND": "DPT",
          "ZONE": "7X",
          "STATUS": 5,
          "created_user": null,
          "created_date": null,
          "last_edited_user": null,
          "last_edited_date": null
        }
      }
    },
    {
      "type": "Feature",
      "id": 418,
      "geometry": {
        "type": "Point",
        "coordinates": [
          -80.13444087723458,
          25.770846366137963
        ]
      },
      "properties": {
        "OBJECTID": 418,
        "NUMBER": "P004001",
        "BRAND": "DPT",
        "ZONE": "7X",
        "STATUS": 5,
        "created_user": null,
        "created_date": null,
        "last_edited_user": null,
        "last_edited_date": null,
        "source_id": "miami-beach:arcgis:meters:418",
        "source_name": "City of Miami Beach Parking GIS",
        "name": "Parking Meters 418",
        "facility_type": "parking_zone",
        "city": "Miami Beach",
        "state": "FL",
        "operator": "City of Miami Beach Parking Department",
        "access": "public",
        "fee": "unknown",
        "charge": "unknown",
        "capacity": null,
        "confidence": 0.9,
        "last_verified_source": "City of Miami Beach Parking GIS",
        "source_url": "https://www.miamibeachfl.gov/city-hall/parking/",
        "api_url": "https://gis.miamibeachfl.gov/public/rest/services/mb/Parking/FeatureServer/1/query?where=1%3D1&outFields=*&f=geojson&outSR=4326&resultRecordCount=1000&resultOffset=0",
        "evidence_url": "https://gis.miamibeachfl.gov/public/rest/services/mb/Parking/FeatureServer/1/query?where=1%3D1&outFields=*&f=geojson&outSR=4326&resultRecordCount=1000&resultOffset=0",
        "data_as_of": "2026-06-12",
        "existence_status": "confirmed",
        "price_status": "known_unpriced",
        "rule_status": "partial",
        "enrichment_status": "needs_price",
        "payment_url": "",
        "booking_url": "",
        "raw_properties": {
          "OBJECTID": 418,
          "NUMBER": "P004001",
          "BRAND": "DPT",
          "ZONE": "7X",
          "STATUS": 5,
          "created_user": null,
          "created_date": null,
          "last_edited_user": null,
          "last_edited_date": null
        }
      }
    },
    {
      "type": "Feature",
      "id": 419,
      "geometry": {
        "type": "Point",
        "coordinates": [
          -80.13173405719388,
          25.77510795130672
        ]
      },
      "properties": {
        "OBJECTID": 419,
        "NUMBER": "OD05E01",
        "BRAND": "DPT",
        "ZONE": "7A",
        "STATUS": 5,
        "created_user": null,
        "created_date": null,
        "last_edited_user": null,
        "last_edited_date": null,
        "source_id": "miami-beach:arcgis:meters:419",
        "source_name": "City of Miami Beach Parking GIS",
        "name": "Parking Meters 419",
        "facility_type": "parking_zone",
        "city": "Miami Beach",
        "state": "FL",
        "operator": "City of Miami Beach Parking Department",
        "access": "public",
        "fee": "unknown",
        "charge": "unknown",
        "capacity": null,
        "confidence": 0.9,
        "last_verified_source": "City of Miami Beach Parking GIS",
        "source_url": "https://www.miamibeachfl.gov/city-hall/parking/",
        "api_url": "https://gis.miamibeachfl.gov/public/rest/services/mb/Parking/FeatureServer/1/query?where=1%3D1&outFields=*&f=geojson&outSR=4326&resultRecordCount=1000&resultOffset=0",
        "evidence_url": "https://gis.miamibeachfl.gov/public/rest/services/mb/Parking/FeatureServer/1/query?where=1%3D1&outFields=*&f=geojson&outSR=4326&resultRecordCount=1000&resultOffset=0",
        "data_as_of": "2026-06-12",
        "existence_status": "confirmed",
        "price_status": "known_unpriced",
        "rule_status": "partial",
        "enrichment_status": "needs_price",
        "payment_url": "",
        "booking_url": "",
        "raw_properties": {
          "OBJECTID": 419,
          "NUMBER": "OD05E01",
          "BRAND": "DPT",
          "ZONE": "7A",
          "STATUS": 5,
          "created_user": null,
          "created_date": null,
          "last_edited_user": null,
          "last_edited_date": null
        }
      }
    },
    {
      "type": "Feature",
      "id": 420,
      "geometry": {
        "type": "Point",
        "coordinates": [
          -80.13208997661461,
          25.776823666902832
        ]
      },
      "properties": {
        "OBJECTID": 420,
        "NUMBER": "0701S02",
        "BRAND": "DPT",
        "ZONE": "7A",
        "STATUS": 5,
        "created_user": null,
        "created_date": null,
        "last_edited_user": null,
        "last_edited_date": null,
        "source_id": "miami-beach:arcgis:meters:420",
        "source_name": "City of Miami Beach Parking GIS",
        "name": "Parking Meters 420",
        "facility_type": "parking_zone",
        "city": "Miami Beach",
        "state": "FL",
        "operator": "City of Miami Beach Parking Department",
        "access": "public",
        "fee": "unknown",
        "charge": "unknown",
        "capacity": null,
        "confidence": 0.9,
        "last_verified_source": "City of Miami Beach Parking GIS",
        "source_url": "https://www.miamibeachfl.gov/city-hall/parking/",
        "api_url": "https://gis.miamibeachfl.gov/public/rest/services/mb/Parking/FeatureServer/1/query?where=1%3D1&outFields=*&f=geojson&outSR=4326&resultRecordCount=1000&resultOffset=0",
        "evidence_url": "https://gis.miamibeachfl.gov/public/rest/services/mb/Parking/FeatureServer/1/query?where=1%3D1&outFields=*&f=geojson&outSR=4326&resultRecordCount=1000&resultOffset=0",
        "data_as_of": "2026-06-12",
        "existence_status": "confirmed",
        "price_status": "known_unpriced",
        "rule_status": "partial",
        "enrichment_status": "needs_price",
        "payment_url": "",
        "booking_url": "",
        "raw_properties": {
          "OBJECTID": 420,
          "NUMBER": "0701S02",
          "BRAND": "DPT",
          "ZONE": "7A",
          "STATUS": 5,
          "created_user": null,
          "created_date": null,
          "last_edited_user": null,
          "last_edited_date": null
        }
      }
    },
    {
      "type": "Feature",
      "id": 421,
      "geometry": {
        "type": "Point",
        "coordinates": [
          -80.13191050770084,
          25.77683693035249
        ]
      },
      "properties": {
        "OBJECTID": 421,
        "NUMBER": "0701N01",
        "BRAND": "DPT",
        "ZONE": "7A",
        "STATUS": 5,
        "created_user": null,
        "created_date": null,
        "last_edited_user": null,
        "last_edited_date": null,
        "source_id": "miami-beach:arcgis:meters:421",
        "source_name": "City of Miami Beach Parking GIS",
        "name": "Parking Meters 421",
        "facility_type": "parking_zone",
        "city": "Miami Beach",
        "state": "FL",
        "operator": "City of Miami Beach Parking Department",
        "access": "public",
        "fee": "unknown",
        "charge": "unknown",
        "capacity": null,
        "confidence": 0.9,
        "last_verified_source": "City of Miami Beach Parking GIS",
        "source_url": "https://www.miamibeachfl.gov/city-hall/parking/",
        "api_url": "https://gis.miamibeachfl.gov/public/rest/services/mb/Parking/FeatureServer/1/query?where=1%3D1&outFields=*&f=geojson&outSR=4326&resultRecordCount=1000&resultOffset=0",
        "evidence_url": "https://gis.miamibeachfl.gov/public/rest/services/mb/Parking/FeatureServer/1/query?where=1%3D1&outFields=*&f=geojson&outSR=4326&resultRecordCount=1000&resultOffset=0",
        "data_as_of": "2026-06-12",
        "existence_status": "confirmed",
        "price_status": "known_unpriced",
        "rule_status": "partial",
        "enrichment_status": "needs_price",
        "payment_url": "",
        "booking_url": "",
        "raw_properties": {
          "OBJECTID": 421,
          "NUMBER": "0701N01",
          "BRAND": "DPT",
          "ZONE": "7A",
          "STATUS": 5,
          "created_user": null,
          "created_date": null,
          "last_edited_user": null,
          "last_edited_date": null
        }
      }
    },
    {
      "type": "Feature",
      "id": 422,
      "geometry": {
        "type": "Point",
        "coordinates": [
          -80.12949298029034,
          25.787114950986098
        ]
      },
      "properties": {
        "OBJECTID": 422,
        "NUMBER": "OD14E05",
        "BRAND": "DPT",
        "ZONE": "7A",
        "STATUS": 4,
        "created_user": null,
        "created_date": null,
        "last_edited_user": null,
        "last_edited_date": null,
        "source_id": "miami-beach:arcgis:meters:422",
        "source_name": "City of Miami Beach Parking GIS",
        "name": "Parking Meters 422",
        "facility_type": "parking_zone",
        "city": "Miami Beach",
        "state": "FL",
        "operator": "City of Miami Beach Parking Department",
        "access": "public",
        "fee": "unknown",
        "charge": "unknown",
        "capacity": null,
        "confidence": 0.9,
        "last_verified_source": "City of Miami Beach Parking GIS",
        "source_url": "https://www.miamibeachfl.gov/city-hall/parking/",
        "api_url": "https://gis.miamibeachfl.gov/public/rest/services/mb/Parking/FeatureServer/1/query?where=1%3D1&outFields=*&f=geojson&outSR=4326&resultRecordCount=1000&resultOffset=0",
        "evidence_url": "https://gis.miamibeachfl.gov/public/rest/services/mb/Parking/FeatureServer/1/query?where=1%3D1&outFields=*&f=geojson&outSR=4326&resultRecordCount=1000&resultOffset=0",
        "data_as_of": "2026-06-12",
        "existence_status": "confirmed",
        "price_status": "known_unpriced",
        "rule_status": "partial",
        "enrichment_status": "needs_price",
        "payment_url": "",
        "booking_url": "",
        "raw_properties": {
          "OBJECTID": 422,
          "NUMBER": "OD14E05",
          "BRAND": "DPT",
          "ZONE": "7A",
          "STATUS": 4,
          "created_user": null,
          "created_date": null,
          "last_edited_user": null,
          "last_edited_date": null
        }
      }
    },
    {
      "type": "Feature",
      "id": 423,
      "geometry": {
        "type": "Point",
        "coordinates": [
          -80.12962869396883,
          25.787315421336547
        ]
      },
      "properties": {
        "OBJECTID": 423,
        "NUMBER": "OD14W04",
        "BRAND": "DPT",
        "ZONE": "7A",
        "STATUS": 4,
        "created_user": null,
        "created_date": null,
        "last_edited_user": null,
        "last_edited_date": null,
        "source_id": "miami-beach:arcgis:meters:423",
        "source_name": "City of Miami Beach Parking GIS",
        "name": "Parking Meters 423",
        "facility_type": "parking_zone",
        "city": "Miami Beach",
        "state": "FL",
        "operator": "City of Miami Beach Parking Department",
        "access": "public",
        "fee": "unknown",
        "charge": "unknown",
        "capacity": null,
        "confidence": 0.9,
        "last_verified_source": "City of Miami Beach Parking GIS",
        "source_url": "https://www.miamibeachfl.gov/city-hall/parking/",
        "api_url": "https://gis.miamibeachfl.gov/public/rest/services/mb/Parking/FeatureServer/1/query?where=1%3D1&outFields=*&f=geojson&outSR=4326&resultRecordCount=1000&resultOffset=0",
        "evidence_url": "https://gis.miamibeachfl.gov/public/rest/services/mb/Parking/FeatureServer/1/query?where=1%3D1&outFields=*&f=geojson&outSR=4326&resultRecordCount=1000&resultOffset=0",
        "data_as_of": "2026-06-12",
        "existence_status": "confirmed",
        "price_status": "known_unpriced",
        "rule_status": "partial",
        "enrichment_status": "needs_price",
        "payment_url": "",
        "booking_url": "",
        "raw_properties": {
          "OBJECTID": 423,
          "NUMBER": "OD14W04",
          "BRAND": "DPT",
          "ZONE": "7A",
          "STATUS": 4,
          "created_user": null,
          "created_date": null,
          "last_edited_user": null,
          "last_edited_date": null
        }
      }
    },
    {
      "type": "Feature",
      "id": 424,
      "geometry": {
        "type": "Point",
        "coordinates": [
          -80.12965692793183,
          25.78628266062532
        ]
      },
      "properties": {
        "OBJECTID": 424,
        "NUMBER": "OD14W02",
        "BRAND": "DPT",
        "ZONE": "7A",
        "STATUS": 4,
        "created_user": null,
        "created_date": null,
        "last_edited_user": null,
        "last_edited_date": null,
        "source_id": "miami-beach:arcgis:meters:424",
        "source_name": "City of Miami Beach Parking GIS",
        "name": "Parking Meters 424",
        "facility_type": "parking_zone",
        "city": "Miami Beach",
        "state": "FL",
        "operator": "City of Miami Beach Parking Department",
        "access": "public",
        "fee": "unknown",
        "charge": "unknown",
        "capacity": null,
        "confidence": 0.9,
        "last_verified_source": "City of Miami Beach Parking GIS",
        "source_url": "https://www.miamibeachfl.gov/city-hall/parking/",
        "api_url": "https://gis.miamibeachfl.gov/public/rest/services/mb/Parking/FeatureServer/1/query?where=1%3D1&outFields=*&f=geojson&outSR=4326&resultRecordCount=1000&resultOffset=0",
        "evidence_url": "https://gis.miamibeachfl.gov/public/rest/services/mb/Parking/FeatureServer/1/query?where=1%3D1&outFields=*&f=geojson&outSR=4326&resultRecordCount=1000&resultOffset=0",
        "data_as_of": "2026-06-12",
        "existence_status": "confirmed",
        "price_status": "known_unpriced",
        "rule_status": "partial",
        "enrichment_status": "needs_price",
        "payment_url": "",
        "booking_url": "",
        "raw_properties": {
          "OBJECTID": 424,
          "NUMBER": "OD14W02",
          "BRAND": "DPT",
          "ZONE": "7A",
          "STATUS": 4,
          "created_user": null,
          "created_date": null,
          "last_edited_user": null,
          "last_edited_date": null
        }
      }
    },
    {
      "type": "Feature",
      "id": 425,
      "geometry": {
        "type": "Point",
        "coordinates": [
          -80.13316619969636,
          25.776988307032077
        ]
      },
      "properties": {
        "OBJECTID": 425,
        "NUMBER": "0702S02",
        "BRAND": "DPT",
        "ZONE": "1X",
        "STATUS": 5,
        "created_user": null,
        "created_date": null,
        "last_edited_user": null,
        "last_edited_date": null,
        "source_id": "miami-beach:arcgis:meters:425",
        "source_name": "City of Miami Beach Parking GIS",
        "name": "Parking Meters 425",
        "facility_type": "parking_zone",
        "city": "Miami Beach",
        "state": "FL",
        "operator": "City of Miami Beach Parking Department",
        "access": "public",
        "fee": "unknown",
        "charge": "unknown",
        "capacity": null,
        "confidence": 0.9,
        "last_verified_source": "City of Miami Beach Parking GIS",
        "source_url": "https://www.miamibeachfl.gov/city-hall/parking/",
        "api_url": "https://gis.miamibeachfl.gov/public/rest/services/mb/Parking/FeatureServer/1/query?where=1%3D1&outFields=*&f=geojson&outSR=4326&resultRecordCount=1000&resultOffset=0",
        "evidence_url": "https://gis.miamibeachfl.gov/public/rest/services/mb/Parking/FeatureServer/1/query?where=1%3D1&outFields=*&f=geojson&outSR=4326&resultRecordCount=1000&resultOffset=0",
        "data_as_of": "2026-06-12",
        "existence_status": "confirmed",
        "price_status": "known_unpriced",
        "rule_status": "partial",
        "enrichment_status": "needs_price",
        "payment_url": "",
        "booking_url": "",
        "raw_properties": {
          "OBJECTID": 425,
          "NUMBER": "0702S02",
          "BRAND": "DPT",
          "ZONE": "1X",
          "STATUS": 5,
          "created_user": null,
          "created_date": null,
          "last_edited_user": null,
          "last_edited_date": null
        }
      }
    },
    {
      "type": "Feature",
      "id": 426,
      "geometry": {
        "type": "Point",
        "coordinates": [
          -80.13146311688982,
          25.781232141039556
        ]
      },
      "properties": {
        "OBJECTID": 426,
        "NUMBER": "CL10E01",
        "BRAND": "DPT",
        "ZONE": "7A",
        "STATUS": 5,
        "created_user": null,
        "created_date": null,
        "last_edited_user": null,
        "last_edited_date": null,
        "source_id": "miami-beach:arcgis:meters:426",
        "source_name": "City of Miami Beach Parking GIS",
        "name": "Parking Meters 426",
        "facility_type": "parking_zone",
        "city": "Miami Beach",
        "state": "FL",
        "operator": "City of Miami Beach Parking Department",
        "access": "public",
        "fee": "unknown",
        "charge": "unknown",
        "capacity": null,
        "confidence": 0.9,
        "last_verified_source": "City of Miami Beach Parking GIS",
        "source_url": "https://www.miamibeachfl.gov/city-hall/parking/",
        "api_url": "https://gis.miamibeachfl.gov/public/rest/services/mb/Parking/FeatureServer/1/query?where=1%3D1&outFields=*&f=geojson&outSR=4326&resultRecordCount=1000&resultOffset=0",
        "evidence_url": "https://gis.miamibeachfl.gov/public/rest/services/mb/Parking/FeatureServer/1/query?where=1%3D1&outFields=*&f=geojson&outSR=4326&resultRecordCount=1000&resultOffset=0",
        "data_as_of": "2026-06-12",
        "existence_status": "confirmed",
        "price_status": "known_unpriced",
        "rule_status": "partial",
        "enrichment_status": "needs_price",
        "payment_url": "",
        "booking_url": "",
        "raw_properties": {
          "OBJECTID": 426,
          "NUMBER": "CL10E01",
          "BRAND": "DPT",
          "ZONE": "7A",
          "STATUS": 5,
          "created_user": null,
          "created_date": null,
          "last_edited_user": null,
          "last_edited_date": null
        }
      }
    },
    {
      "type": "Feature",
      "id": 427,
      "geometry": {
        "type": "Point",
        "coordinates": [
          -80.1315877243792,
          25.781505148938205
        ]
      },
      "properties": {
        "OBJECTID": 427,
        "NUMBER": "CL10W04",
        "BRAND": "DPT",
        "ZONE": "7A",
        "STATUS": 5,
        "created_user": null,
        "created_date": null,
        "last_edited_user": null,
        "last_edited_date": null,
        "source_id": "miami-beach:arcgis:meters:427",
        "source_name": "City of Miami Beach Parking GIS",
        "name": "Parking Meters 427",
        "facility_type": "parking_zone",
        "city": "Miami Beach",
        "state": "FL",
        "operator": "City of Miami Beach Parking Department",
        "access": "public",
        "fee": "unknown",
        "charge": "unknown",
        "capacity": null,
        "confidence": 0.9,
        "last_verified_source": "City of Miami Beach Parking GIS",
        "source_url": "https://www.miamibeachfl.gov/city-hall/parking/",
        "api_url": "https://gis.miamibeachfl.gov/public/rest/services/mb/Parking/FeatureServer/1/query?where=1%3D1&outFields=*&f=geojson&outSR=4326&resultRecordCount=1000&resultOffset=0",
        "evidence_url": "https://gis.miamibeachfl.gov/public/rest/services/mb/Parking/FeatureServer/1/query?where=1%3D1&outFields=*&f=geojson&outSR=4326&resultRecordCount=1000&resultOffset=0",
        "data_as_of": "2026-06-12",
        "existence_status": "confirmed",
        "price_status": "known_unpriced",
        "rule_status": "partial",
        "enrichment_status": "needs_price",
        "payment_url": "",
        "booking_url": "",
        "raw_properties": {
          "OBJECTID": 427,
          "NUMBER": "CL10W04",
          "BRAND": "DPT",
          "ZONE": "7A",
          "STATUS": 5,
          "created_user": null,
          "created_date": null,
          "last_edited_user": null,
          "last_edited_date": null
        }
      }
    },
    {
      "type": "Feature",
      "id": 428,
      "geometry": {
        "type": "Point",
        "coordinates": [
          -80.13361688263183,
          25.777663590816346
        ]
      },
      "properties": {
        "OBJECTID": 428,
        "NUMBER": "WA07W02",
        "BRAND": "DPT",
        "ZONE": "2X",
        "STATUS": 5,
        "created_user": null,
        "created_date": null,
        "last_edited_user": null,
        "last_edited_date": null,
        "source_id": "miami-beach:arcgis:meters:428",
        "source_name": "City of Miami Beach Parking GIS",
        "name": "Parking Meters 428",
        "facility_type": "parking_zone",
        "city": "Miami Beach",
        "state": "FL",
        "operator": "City of Miami Beach Parking Department",
        "access": "public",
        "fee": "unknown",
        "charge": "unknown",
        "capacity": null,
        "confidence": 0.9,
        "last_verified_source": "City of Miami Beach Parking GIS",
        "source_url": "https://www.miamibeachfl.gov/city-hall/parking/",
        "api_url": "https://gis.miamibeachfl.gov/public/rest/services/mb/Parking/FeatureServer/1/query?where=1%3D1&outFields=*&f=geojson&outSR=4326&resultRecordCount=1000&resultOffset=0",
        "evidence_url": "https://gis.miamibeachfl.gov/public/rest/services/mb/Parking/FeatureServer/1/query?where=1%3D1&outFields=*&f=geojson&outSR=4326&resultRecordCount=1000&resultOffset=0",
        "data_as_of": "2026-06-12",
        "existence_status": "confirmed",
        "price_status": "known_unpriced",
        "rule_status": "partial",
        "enrichment_status": "needs_price",
        "payment_url": "",
        "booking_url": "",
        "raw_properties": {
          "OBJECTID": 428,
          "NUMBER": "WA07W02",
          "BRAND": "DPT",
          "ZONE": "2X",
          "STATUS": 5,
          "created_user": null,
          "created_date": null,
          "last_edited_user": null,
          "last_edited_date": null
        }
      }
    },
    {
      "type": "Feature",
      "id": 429,
      "geometry": {
        "type": "Point",
        "coordinates": [
          -80.13306643394718,
          25.779037755828167
        ]
      },
      "properties": {
        "OBJECTID": 429,
        "NUMBER": "WA08E01",
        "BRAND": "DPT",
        "ZONE": "1X",
        "STATUS": 5,
        "created_user": null,
        "created_date": null,
        "last_edited_user": null,
        "last_edited_date": null,
        "source_id": "miami-beach:arcgis:meters:429",
        "source_name": "City of Miami Beach Parking GIS",
        "name": "Parking Meters 429",
        "facility_type": "parking_zone",
        "city": "Miami Beach",
        "state": "FL",
        "operator": "City of Miami Beach Parking Department",
        "access": "public",
        "fee": "unknown",
        "charge": "unknown",
        "capacity": null,
        "confidence": 0.9,
        "last_verified_source": "City of Miami Beach Parking GIS",
        "source_url": "https://www.miamibeachfl.gov/city-hall/parking/",
        "api_url": "https://gis.miamibeachfl.gov/public/rest/services/mb/Parking/FeatureServer/1/query?where=1%3D1&outFields=*&f=geojson&outSR=4326&resultRecordCount=1000&resultOffset=0",
        "evidence_url": "https://gis.miamibeachfl.gov/public/rest/services/mb/Parking/FeatureServer/1/query?where=1%3D1&outFields=*&f=geojson&outSR=4326&resultRecordCount=1000&resultOffset=0",
        "data_as_of": "2026-06-12",
        "existence_status": "confirmed",
        "price_status": "known_unpriced",
        "rule_status": "partial",
        "enrichment_status": "needs_price",
        "payment_url": "",
        "booking_url": "",
        "raw_properties": {
          "OBJECTID": 429,
          "NUMBER": "WA08E01",
          "BRAND": "DPT",
          "ZONE": "1X",
          "STATUS": 5,
          "created_user": null,
          "created_date": null,
          "last_edited_user": null,
          "last_edited_date": null
        }
      }
    },
    {
      "type": "Feature",
      "id": 430,
      "geometry": {
        "type": "Point",
        "coordinates": [
          -80.13325655572075,
          25.77966232297215
        ]
      },
      "properties": {
        "OBJECTID": 430,
        "NUMBER": "P012001",
        "BRAND": "DPT",
        "ZONE": "P12",
        "STATUS": 5,
        "created_user": null,
        "created_date": null,
        "last_edited_user": null,
        "last_edited_date": null,
        "source_id": "miami-beach:arcgis:meters:430",
        "source_name": "City of Miami Beach Parking GIS",
        "name": "Parking Meters 430",
        "facility_type": "parking_zone",
        "city": "Miami Beach",
        "state": "FL",
        "operator": "City of Miami Beach Parking Department",
        "access": "public",
        "fee": "unknown",
        "charge": "unknown",
        "capacity": null,
        "confidence": 0.9,
        "last_verified_source": "City of Miami Beach Parking GIS",
        "source_url": "https://www.miamibeachfl.gov/city-hall/parking/",
        "api_url": "https://gis.miamibeachfl.gov/public/rest/services/mb/Parking/FeatureServer/1/query?where=1%3D1&outFields=*&f=geojson&outSR=4326&resultRecordCount=1000&resultOffset=0",
        "evidence_url": "https://gis.miamibeachfl.gov/public/rest/services/mb/Parking/FeatureServer/1/query?where=1%3D1&outFields=*&f=geojson&outSR=4326&resultRecordCount=1000&resultOffset=0",
        "data_as_of": "2026-06-12",
        "existence_status": "confirmed",
        "price_status": "known_unpriced",
        "rule_status": "partial",
        "enrichment_status": "needs_price",
        "payment_url": "",
        "booking_url": "",
        "raw_properties": {
          "OBJECTID": 430,
          "NUMBER": "P012001",
          "BRAND": "DPT",
          "ZONE": "P12",
          "STATUS": 5,
          "created_user": null,
          "created_date": null,
          "last_edited_user": null,
          "last_edited_date": null
        }
      }
    },
    {
      "type": "Feature",
      "id": 431,
      "geometry": {
        "type": "Point",
        "coordinates": [
          -80.13296591895802,
          25.78093048799937
        ]
      },
      "properties": {
        "OBJECTID": 431,
        "NUMBER": "P013001",
        "BRAND": "DPT",
        "ZONE": "P13",
        "STATUS": 5,
        "created_user": null,
        "created_date": null,
        "last_edited_user": null,
        "last_edited_date": null,
        "source_id": "miami-beach:arcgis:meters:431",
        "source_name": "City of Miami Beach Parking GIS",
        "name": "Parking Meters 431",
        "facility_type": "parking_zone",
        "city": "Miami Beach",
        "state": "FL",
        "operator": "City of Miami Beach Parking Department",
        "access": "public",
        "fee": "unknown",
        "charge": "unknown",
        "capacity": null,
        "confidence": 0.9,
        "last_verified_source": "City of Miami Beach Parking GIS",
        "source_url": "https://www.miamibeachfl.gov/city-hall/parking/",
        "api_url": "https://gis.miamibeachfl.gov/public/rest/services/mb/Parking/FeatureServer/1/query?where=1%3D1&outFields=*&f=geojson&outSR=4326&resultRecordCount=1000&resultOffset=0",
        "evidence_url": "https://gis.miamibeachfl.gov/public/rest/services/mb/Parking/FeatureServer/1/query?where=1%3D1&outFields=*&f=geojson&outSR=4326&resultRecordCount=1000&resultOffset=0",
        "data_as_of": "2026-06-12",
        "existence_status": "confirmed",
        "price_status": "known_unpriced",
        "rule_status": "partial",
        "enrichment_status": "needs_price",
        "payment_url": "",
        "booking_url": "",
        "raw_properties": {
          "OBJECTID": 431,
          "NUMBER": "P013001",
          "BRAND": "DPT",
          "ZONE": "P13",
          "STATUS": 5,
          "created_user": null,
          "created_date": null,
          "last_edited_user": null,
          "last_edited_date": null
        }
      }
    },
    {
      "type": "Feature",
      "id": 432,
      "geometry": {
        "type": "Point",
        "coordinates": [
          -80.13188811455869,
          25.7848896625488
        ]
      },
      "properties": {
        "OBJECTID": 432,
        "NUMBER": "WA13E01",
        "BRAND": "DPT",
        "ZONE": "1X",
        "STATUS": 5,
        "created_user": null,
        "created_date": null,
        "last_edited_user": null,
        "last_edited_date": null,
        "source_id": "miami-beach:arcgis:meters:432",
        "source_name": "City of Miami Beach Parking GIS",
        "name": "Parking Meters 432",
        "facility_type": "parking_zone",
        "city": "Miami Beach",
        "state": "FL",
        "operator": "City of Miami Beach Parking Department",
        "access": "public",
        "fee": "unknown",
        "charge": "unknown",
        "capacity": null,
        "confidence": 0.9,
        "last_verified_source": "City of Miami Beach Parking GIS",
        "source_url": "https://www.miamibeachfl.gov/city-hall/parking/",
        "api_url": "https://gis.miamibeachfl.gov/public/rest/services/mb/Parking/FeatureServer/1/query?where=1%3D1&outFields=*&f=geojson&outSR=4326&resultRecordCount=1000&resultOffset=0",
        "evidence_url": "https://gis.miamibeachfl.gov/public/rest/services/mb/Parking/FeatureServer/1/query?where=1%3D1&outFields=*&f=geojson&outSR=4326&resultRecordCount=1000&resultOffset=0",
        "data_as_of": "2026-06-12",
        "existence_status": "confirmed",
        "price_status": "known_unpriced",
        "rule_status": "partial",
        "enrichment_status": "needs_price",
        "payment_url": "",
        "booking_url": "",
        "raw_properties": {
          "OBJECTID": 432,
          "NUMBER": "WA13E01",
          "BRAND": "DPT",
          "ZONE": "1X",
          "STATUS": 5,
          "created_user": null,
          "created_date": null,
          "last_edited_user": null,
          "last_edited_date": null
        }
      }
    },
    {
      "type": "Feature",
      "id": 433,
      "geometry": {
        "type": "Point",
        "coordinates": [
          -80.13168050082066,
          25.788127527417018
        ]
      },
      "properties": {
        "OBJECTID": 433,
        "NUMBER": "WA15E01",
        "BRAND": "DPT",
        "ZONE": "1X",
        "STATUS": 5,
        "created_user": null,
        "created_date": null,
        "last_edited_user": null,
        "last_edited_date": null,
        "source_id": "miami-beach:arcgis:meters:433",
        "source_name": "City of Miami Beach Parking GIS",
        "name": "Parking Meters 433",
        "facility_type": "parking_zone",
        "city": "Miami Beach",
        "state": "FL",
        "operator": "City of Miami Beach Parking Department",
        "access": "public",
        "fee": "unknown",
        "charge": "unknown",
        "capacity": null,
        "confidence": 0.9,
        "last_verified_source": "City of Miami Beach Parking GIS",
        "source_url": "https://www.miamibeachfl.gov/city-hall/parking/",
        "api_url": "https://gis.miamibeachfl.gov/public/rest/services/mb/Parking/FeatureServer/1/query?where=1%3D1&outFields=*&f=geojson&outSR=4326&resultRecordCount=1000&resultOffset=0",
        "evidence_url": "https://gis.miamibeachfl.gov/public/rest/services/mb/Parking/FeatureServer/1/query?where=1%3D1&outFields=*&f=geojson&outSR=4326&resultRecordCount=1000&resultOffset=0",
        "data_as_of": "2026-06-12",
        "existence_status": "confirmed",
        "price_status": "known_unpriced",
        "rule_status": "partial",
        "enrichment_status": "needs_price",
        "payment_url": "",
        "booking_url": "",
        "raw_properties": {
          "OBJECTID": 433,
          "NUMBER": "WA15E01",
          "BRAND": "DPT",
          "ZONE": "1X",
          "STATUS": 5,
          "created_user": null,
          "created_date": null,
          "last_edited_user": null,
          "last_edited_date": null
        }
      }
    },
    {
      "type": "Feature",
      "id": 434,
      "geometry": {
        "type": "Point",
        "coordinates": [
          -80.1320821454981,
          25.792716837083006
        ]
      },
      "properties": {
        "OBJECTID": 434,
        "NUMBER": "WA17W02",
        "BRAND": "DPT",
        "ZONE": "15A",
        "STATUS": 5,
        "created_user": null,
        "created_date": null,
        "last_edited_user": null,
        "last_edited_date": null,
        "source_id": "miami-beach:arcgis:meters:434",
        "source_name": "City of Miami Beach Parking GIS",
        "name": "Parking Meters 434",
        "facility_type": "parking_zone",
        "city": "Miami Beach",
        "state": "FL",
        "operator": "City of Miami Beach Parking Department",
        "access": "public",
        "fee": "unknown",
        "charge": "unknown",
        "capacity": null,
        "confidence": 0.9,
        "last_verified_source": "City of Miami Beach Parking GIS",
        "source_url": "https://www.miamibeachfl.gov/city-hall/parking/",
        "api_url": "https://gis.miamibeachfl.gov/public/rest/services/mb/Parking/FeatureServer/1/query?where=1%3D1&outFields=*&f=geojson&outSR=4326&resultRecordCount=1000&resultOffset=0",
        "evidence_url": "https://gis.miamibeachfl.gov/public/rest/services/mb/Parking/FeatureServer/1/query?where=1%3D1&outFields=*&f=geojson&outSR=4326&resultRecordCount=1000&resultOffset=0",
        "data_as_of": "2026-06-12",
        "existence_status": "confirmed",
        "price_status": "known_unpriced",
        "rule_status": "partial",
        "enrichment_status": "needs_price",
        "payment_url": "",
        "booking_url": "",
        "raw_properties": {
          "OBJECTID": 434,
          "NUMBER": "WA17W02",
          "BRAND": "DPT",
          "ZONE": "15A",
          "STATUS": 5,
          "created_user": null,
          "created_date": null,
          "last_edited_user": null,
          "last_edited_date": null
        }
      }
    },
    {
      "type": "Feature",
      "id": 435,
      "geometry": {
        "type": "Point",
        "coordinates": [
          -80.13022107054428,
          25.79396757965806
        ]
      },
      "properties": {
        "OBJECTID": 435,
        "NUMBER": "1802N01",
        "BRAND": "DPT",
        "ZONE": "15A",
        "STATUS": 3,
        "created_user": null,
        "created_date": null,
        "last_edited_user": null,
        "last_edited_date": null,
        "source_id": "miami-beach:arcgis:meters:435",
        "source_name": "City of Miami Beach Parking GIS",
        "name": "Parking Meters 435",
        "facility_type": "parking_zone",
        "city": "Miami Beach",
        "state": "FL",
        "operator": "City of Miami Beach Parking Department",
        "access": "public",
        "fee": "unknown",
        "charge": "unknown",
        "capacity": null,
        "confidence": 0.9,
        "last_verified_source": "City of Miami Beach Parking GIS",
        "source_url": "https://www.miamibeachfl.gov/city-hall/parking/",
        "api_url": "https://gis.miamibeachfl.gov/public/rest/services/mb/Parking/FeatureServer/1/query?where=1%3D1&outFields=*&f=geojson&outSR=4326&resultRecordCount=1000&resultOffset=0",
        "evidence_url": "https://gis.miamibeachfl.gov/public/rest/services/mb/Parking/FeatureServer/1/query?where=1%3D1&outFields=*&f=geojson&outSR=4326&resultRecordCount=1000&resultOffset=0",
        "data_as_of": "2026-06-12",
        "existence_status": "confirmed",
        "price_status": "known_unpriced",
        "rule_status": "partial",
        "enrichment_status": "needs_price",
        "payment_url": "",
        "booking_url": "",
        "raw_properties": {
          "OBJECTID": 435,
          "NUMBER": "1802N01",
          "BRAND": "DPT",
          "ZONE": "15A",
          "STATUS": 3,
          "created_user": null,
          "created_date": null,
          "last_edited_user": null,
          "last_edited_date": null
        }
      }
    },
    {
      "type": "Feature",
      "id": 436,
      "geometry": {
        "type": "Point",
        "coordinates": [
          -80.13017572787163,
          25.793850875646523
        ]
      },
      "properties": {
        "OBJECTID": 436,
        "NUMBER": "1802S02",
        "BRAND": "DPT",
        "ZONE": "15A",
        "STATUS": 3,
        "created_user": null,
        "created_date": null,
        "last_edited_user": null,
        "last_edited_date": null,
        "source_id": "miami-beach:arcgis:meters:436",
        "source_name": "City of Miami Beach Parking GIS",
        "name": "Parking Meters 436",
        "facility_type": "parking_zone",
        "city": "Miami Beach",
        "state": "FL",
        "operator": "City of Miami Beach Parking Department",
        "access": "public",
        "fee": "unknown",
        "charge": "unknown",
        "capacity": null,
        "confidence": 0.9,
        "last_verified_source": "City of Miami Beach Parking GIS",
        "source_url": "https://www.miamibeachfl.gov/city-hall/parking/",
        "api_url": "https://gis.miamibeachfl.gov/public/rest/services/mb/Parking/FeatureServer/1/query?where=1%3D1&outFields=*&f=geojson&outSR=4326&resultRecordCount=1000&resultOffset=0",
        "evidence_url": "https://gis.miamibeachfl.gov/public/rest/services/mb/Parking/FeatureServer/1/query?where=1%3D1&outFields=*&f=geojson&outSR=4326&resultRecordCount=1000&resultOffset=0",
        "data_as_of": "2026-06-12",
        "existence_status": "confirmed",
        "price_status": "known_unpriced",
        "rule_status": "partial",
        "enrichment_status": "needs_price",
        "payment_url": "",
        "booking_url": "",
        "raw_properties": {
          "OBJECTID": 436,
          "NUMBER": "1802S02",
          "BRAND": "DPT",
          "ZONE": "15A",
          "STATUS": 3,
          "created_user": null,
          "created_date": null,
          "last_edited_user": null,
          "last_edited_date": null
        }
      }
    },
    {
      "type": "Feature",
      "id": 437,
      "geometry": {
        "type": "Point",
        "coordinates": [
          -80.12805998495475,
          25.79388192398674
        ]
      },
      "properties": {
        "OBJECTID": 437,
        "NUMBER": "1801S02",
        "BRAND": "DPT",
        "ZONE": "15X",
        "STATUS": 3,
        "created_user": null,
        "created_date": null,
        "last_edited_user": null,
        "last_edited_date": null,
        "source_id": "miami-beach:arcgis:meters:437",
        "source_name": "City of Miami Beach Parking GIS",
        "name": "Parking Meters 437",
        "facility_type": "parking_zone",
        "city": "Miami Beach",
        "state": "FL",
        "operator": "City of Miami Beach Parking Department",
        "access": "public",
        "fee": "unknown",
        "charge": "unknown",
        "capacity": null,
        "confidence": 0.9,
        "last_verified_source": "City of Miami Beach Parking GIS",
        "source_url": "https://www.miamibeachfl.gov/city-hall/parking/",
        "api_url": "https://gis.miamibeachfl.gov/public/rest/services/mb/Parking/FeatureServer/1/query?where=1%3D1&outFields=*&f=geojson&outSR=4326&resultRecordCount=1000&resultOffset=0",
        "evidence_url": "https://gis.miamibeachfl.gov/public/rest/services/mb/Parking/FeatureServer/1/query?where=1%3D1&outFields=*&f=geojson&outSR=4326&resultRecordCount=1000&resultOffset=0",
        "data_as_of": "2026-06-12",
        "existence_status": "confirmed",
        "price_status": "known_unpriced",
        "rule_status": "partial",
        "enrichment_status": "needs_price",
        "payment_url": "",
        "booking_url": "",
        "raw_properties": {
          "OBJECTID": 437,
          "NUMBER": "1801S02",
          "BRAND": "DPT",
          "ZONE": "15X",
          "STATUS": 3,
          "created_user": null,
          "created_date": null,
          "last_edited_user": null,
          "last_edited_date": null
        }
      }
    },
    {
      "type": "Feature",
      "id": 438,
      "geometry": {
        "type": "Point",
        "coordinates": [
          -80.12871277803492,
          25.79386599967633
        ]
      },
      "properties": {
        "OBJECTID": 438,
        "NUMBER": "1801S04",
        "BRAND": "DPT",
        "ZONE": "15X",
        "STATUS": 3,
        "created_user": null,
        "created_date": null,
        "last_edited_user": null,
        "last_edited_date": null,
        "source_id": "miami-beach:arcgis:meters:438",
        "source_name": "City of Miami Beach Parking GIS",
        "name": "Parking Meters 438",
        "facility_type": "parking_zone",
        "city": "Miami Beach",
        "state": "FL",
        "operator": "City of Miami Beach Parking Department",
        "access": "public",
        "fee": "unknown",
        "charge": "unknown",
        "capacity": null,
        "confidence": 0.9,
        "last_verified_source": "City of Miami Beach Parking GIS",
        "source_url": "https://www.miamibeachfl.gov/city-hall/parking/",
        "api_url": "https://gis.miamibeachfl.gov/public/rest/services/mb/Parking/FeatureServer/1/query?where=1%3D1&outFields=*&f=geojson&outSR=4326&resultRecordCount=1000&resultOffset=0",
        "evidence_url": "https://gis.miamibeachfl.gov/public/rest/services/mb/Parking/FeatureServer/1/query?where=1%3D1&outFields=*&f=geojson&outSR=4326&resultRecordCount=1000&resultOffset=0",
        "data_as_of": "2026-06-12",
        "existence_status": "confirmed",
        "price_status": "known_unpriced",
        "rule_status": "partial",
        "enrichment_status": "needs_price",
        "payment_url": "",
        "booking_url": "",
        "raw_properties": {
          "OBJECTID": 438,
          "NUMBER": "1801S04",
          "BRAND": "DPT",
          "ZONE": "15X",
          "STATUS": 3,
          "created_user": null,
          "created_date": null,
          "last_edited_user": null,
          "last_edited_date": null
        }
      }
    },
    {
      "type": "Feature",
      "id": 439,
      "geometry": {
        "type": "Point",
        "coordinates": [
          -80.12854258134045,
          25.794016628747844
        ]
      },
      "properties": {
        "OBJECTID": 439,
        "NUMBER": "1801N01",
        "BRAND": "DPT",
        "ZONE": "15X",
        "STATUS": 3,
        "created_user": null,
        "created_date": null,
        "last_edited_user": null,
        "last_edited_date": null,
        "source_id": "miami-beach:arcgis:meters:439",
        "source_name": "City of Miami Beach Parking GIS",
        "name": "Parking Meters 439",
        "facility_type": "parking_zone",
        "city": "Miami Beach",
        "state": "FL",
        "operator": "City of Miami Beach Parking Department",
        "access": "public",
        "fee": "unknown",
        "charge": "unknown",
        "capacity": null,
        "confidence": 0.9,
        "last_verified_source": "City of Miami Beach Parking GIS",
        "source_url": "https://www.miamibeachfl.gov/city-hall/parking/",
        "api_url": "https://gis.miamibeachfl.gov/public/rest/services/mb/Parking/FeatureServer/1/query?where=1%3D1&outFields=*&f=geojson&outSR=4326&resultRecordCount=1000&resultOffset=0",
        "evidence_url": "https://gis.miamibeachfl.gov/public/rest/services/mb/Parking/FeatureServer/1/query?where=1%3D1&outFields=*&f=geojson&outSR=4326&resultRecordCount=1000&resultOffset=0",
        "data_as_of": "2026-06-12",
        "existence_status": "confirmed",
        "price_status": "known_unpriced",
        "rule_status": "partial",
        "enrichment_status": "needs_price",
        "payment_url": "",
        "booking_url": "",
        "raw_properties": {
          "OBJECTID": 439,
          "NUMBER": "1801N01",
          "BRAND": "DPT",
          "ZONE": "15X",
          "STATUS": 3,
          "created_user": null,
          "created_date": null,
          "last_edited_user": null,
          "last_edited_date": null
        }
      }
    },
    {
      "type": "Feature",
      "id": 440,
      "geometry": {
        "type": "Point",
        "coordinates": [
          -80.12824843968086,
          25.796732272731415
        ]
      },
      "properties": {
        "OBJECTID": 440,
        "NUMBER": "P049002",
        "BRAND": "DPT",
        "ZONE": "P49",
        "STATUS": 5,
        "created_user": null,
        "created_date": null,
        "last_edited_user": null,
        "last_edited_date": null,
        "source_id": "miami-beach:arcgis:meters:440",
        "source_name": "City of Miami Beach Parking GIS",
        "name": "Parking Meters 440",
        "facility_type": "parking_zone",
        "city": "Miami Beach",
        "state": "FL",
        "operator": "City of Miami Beach Parking Department",
        "access": "public",
        "fee": "unknown",
        "charge": "unknown",
        "capacity": null,
        "confidence": 0.9,
        "last_verified_source": "City of Miami Beach Parking GIS",
        "source_url": "https://www.miamibeachfl.gov/city-hall/parking/",
        "api_url": "https://gis.miamibeachfl.gov/public/rest/services/mb/Parking/FeatureServer/1/query?where=1%3D1&outFields=*&f=geojson&outSR=4326&resultRecordCount=1000&resultOffset=0",
        "evidence_url": "https://gis.miamibeachfl.gov/public/rest/services/mb/Parking/FeatureServer/1/query?where=1%3D1&outFields=*&f=geojson&outSR=4326&resultRecordCount=1000&resultOffset=0",
        "data_as_of": "2026-06-12",
        "existence_status": "confirmed",
        "price_status": "known_unpriced",
        "rule_status": "partial",
        "enrichment_status": "needs_price",
        "payment_url": "",
        "booking_url": "",
        "raw_properties": {
          "OBJECTID": 440,
          "NUMBER": "P049002",
          "BRAND": "DPT",
          "ZONE": "P49",
          "STATUS": 5,
          "created_user": null,
          "created_date": null,
          "last_edited_user": null,
          "last_edited_date": null
        }
      }
    },
    {
      "type": "Feature",
      "id": 441,
      "geometry": {
        "type": "Point",
        "coordinates": [
          -80.12974221793496,
          25.79885128818848
        ]
      },
      "properties": {
        "OBJECTID": 441,
        "NUMBER": "2303S04",
        "BRAND": "DPT",
        "ZONE": "6x",
        "STATUS": 5,
        "created_user": null,
        "created_date": null,
        "last_edited_user": null,
        "last_edited_date": null,
        "source_id": "miami-beach:arcgis:meters:441",
        "source_name": "City of Miami Beach Parking GIS",
        "name": "Parking Meters 441",
        "facility_type": "parking_zone",
        "city": "Miami Beach",
        "state": "FL",
        "operator": "City of Miami Beach Parking Department",
        "access": "public",
        "fee": "unknown",
        "charge": "unknown",
        "capacity": null,
        "confidence": 0.9,
        "last_verified_source": "City of Miami Beach Parking GIS",
        "source_url": "https://www.miamibeachfl.gov/city-hall/parking/",
        "api_url": "https://gis.miamibeachfl.gov/public/rest/services/mb/Parking/FeatureServer/1/query?where=1%3D1&outFields=*&f=geojson&outSR=4326&resultRecordCount=1000&resultOffset=0",
        "evidence_url": "https://gis.miamibeachfl.gov/public/rest/services/mb/Parking/FeatureServer/1/query?where=1%3D1&outFields=*&f=geojson&outSR=4326&resultRecordCount=1000&resultOffset=0",
        "data_as_of": "2026-06-12",
        "existence_status": "confirmed",
        "price_status": "known_unpriced",
        "rule_status": "partial",
        "enrichment_status": "needs_price",
        "payment_url": "",
        "booking_url": "",
        "raw_properties": {
          "OBJECTID": 441,
          "NUMBER": "2303S04",
          "BRAND": "DPT",
          "ZONE": "6x",
          "STATUS": 5,
          "created_user": null,
          "created_date": null,
          "last_edited_user": null,
          "last_edited_date": null
        }
      }
    },
    {
      "type": "Feature",
      "id": 442,
      "geometry": {
        "type": "Point",
        "coordinates": [
          -80.13305282792733,
          25.790004390519908
        ]
      },
      "properties": {
        "OBJECTID": 442,
        "NUMBER": "DX16E03",
        "BRAND": "DPT",
        "ZONE": "3X",
        "STATUS": 5,
        "created_user": null,
        "created_date": null,
        "last_edited_user": null,
        "last_edited_date": null,
        "source_id": "miami-beach:arcgis:meters:442",
        "source_name": "City of Miami Beach Parking GIS",
        "name": "Parking Meters 442",
        "facility_type": "parking_zone",
        "city": "Miami Beach",
        "state": "FL",
        "operator": "City of Miami Beach Parking Department",
        "access": "public",
        "fee": "unknown",
        "charge": "unknown",
        "capacity": null,
        "confidence": 0.9,
        "last_verified_source": "City of Miami Beach Parking GIS",
        "source_url": "https://www.miamibeachfl.gov/city-hall/parking/",
        "api_url": "https://gis.miamibeachfl.gov/public/rest/services/mb/Parking/FeatureServer/1/query?where=1%3D1&outFields=*&f=geojson&outSR=4326&resultRecordCount=1000&resultOffset=0",
        "evidence_url": "https://gis.miamibeachfl.gov/public/rest/services/mb/Parking/FeatureServer/1/query?where=1%3D1&outFields=*&f=geojson&outSR=4326&resultRecordCount=1000&resultOffset=0",
        "data_as_of": "2026-06-12",
        "existence_status": "confirmed",
        "price_status": "known_unpriced",
        "rule_status": "partial",
        "enrichment_status": "needs_price",
        "payment_url": "",
        "booking_url": "",
        "raw_properties": {
          "OBJECTID": 442,
          "NUMBER": "DX16E03",
          "BRAND": "DPT",
          "ZONE": "3X",
          "STATUS": 5,
          "created_user": null,
          "created_date": null,
          "last_edited_user": null,
          "last_edited_date": null
        }
      }
    },
    {
      "type": "Feature",
      "id": 443,
      "geometry": {
        "type": "Point",
        "coordinates": [
          -80.13467862258352,
          25.793116437751635
        ]
      },
      "properties": {
        "OBJECTID": 443,
        "NUMBER": null,
        "BRAND": null,
        "ZONE": null,
        "STATUS": 5,
        "created_user": null,
        "created_date": null,
        "last_edited_user": null,
        "last_edited_date": null,
        "source_id": "miami-beach:arcgis:meters:443",
        "source_name": "City of Miami Beach Parking GIS",
        "name": "Parking Meters 443",
        "facility_type": "parking_zone",
        "city": "Miami Beach",
        "state": "FL",
        "operator": "City of Miami Beach Parking Department",
        "access": "public",
        "fee": "unknown",
        "charge": "unknown",
        "capacity": null,
        "confidence": 0.9,
        "last_verified_source": "City of Miami Beach Parking GIS",
        "source_url": "https://www.miamibeachfl.gov/city-hall/parking/",
        "api_url": "https://gis.miamibeachfl.gov/public/rest/services/mb/Parking/FeatureServer/1/query?where=1%3D1&outFields=*&f=geojson&outSR=4326&resultRecordCount=1000&resultOffset=0",
        "evidence_url": "https://gis.miamibeachfl.gov/public/rest/services/mb/Parking/FeatureServer/1/query?where=1%3D1&outFields=*&f=geojson&outSR=4326&resultRecordCount=1000&resultOffset=0",
        "data_as_of": "2026-06-12",
        "existence_status": "confirmed",
        "price_status": "known_unpriced",
        "rule_status": "partial",
        "enrichment_status": "needs_price",
        "payment_url": "",
        "booking_url": "",
        "raw_properties": {
          "OBJECTID": 443,
          "NUMBER": null,
          "BRAND": null,
          "ZONE": null,
          "STATUS": 5,
          "created_user": null,
          "created_date": null,
          "last_edited_user": null,
          "last_edited_date": null
        }
      }
    },
    {
      "type": "Feature",
      "id": 444,
      "geometry": {
        "type": "Point",
        "coordinates": [
          -80.1344031088279,
          25.793127701659973
        ]
      },
      "properties": {
        "OBJECTID": 444,
        "NUMBER": null,
        "BRAND": null,
        "ZONE": null,
        "STATUS": 5,
        "created_user": null,
        "created_date": null,
        "last_edited_user": null,
        "last_edited_date": null,
        "source_id": "miami-beach:arcgis:meters:444",
        "source_name": "City of Miami Beach Parking GIS",
        "name": "Parking Meters 444",
        "facility_type": "parking_zone",
        "city": "Miami Beach",
        "state": "FL",
        "operator": "City of Miami Beach Parking Department",
        "access": "public",
        "fee": "unknown",
        "charge": "unknown",
        "capacity": null,
        "confidence": 0.9,
        "last_verified_source": "City of Miami Beach Parking GIS",
        "source_url": "https://www.miamibeachfl.gov/city-hall/parking/",
        "api_url": "https://gis.miamibeachfl.gov/public/rest/services/mb/Parking/FeatureServer/1/query?where=1%3D1&outFields=*&f=geojson&outSR=4326&resultRecordCount=1000&resultOffset=0",
        "evidence_url": "https://gis.miamibeachfl.gov/public/rest/services/mb/Parking/FeatureServer/1/query?where=1%3D1&outFields=*&f=geojson&outSR=4326&resultRecordCount=1000&resultOffset=0",
        "data_as_of": "2026-06-12",
        "existence_status": "confirmed",
        "price_status": "known_unpriced",
        "rule_status": "partial",
        "enrichment_status": "needs_price",
        "payment_url": "",
        "booking_url": "",
        "raw_properties": {
          "OBJECTID": 444,
          "NUMBER": null,
          "BRAND": null,
          "ZONE": null,
          "STATUS": 5,
          "created_user": null,
          "created_date": null,
          "last_edited_user": null,
          "last_edited_date": null
        }
      }
    },
    {
      "type": "Feature",
      "id": 445,
      "geometry": {
        "type": "Point",
        "coordinates": [
          -80.13447808634753,
          25.79283007735491
        ]
      },
      "properties": {
        "OBJECTID": 445,
        "NUMBER": null,
        "BRAND": null,
        "ZONE": null,
        "STATUS": 5,
        "created_user": null,
        "created_date": null,
        "last_edited_user": null,
        "last_edited_date": null,
        "source_id": "miami-beach:arcgis:meters:445",
        "source_name": "City of Miami Beach Parking GIS",
        "name": "Parking Meters 445",
        "facility_type": "parking_zone",
        "city": "Miami Beach",
        "state": "FL",
        "operator": "City of Miami Beach Parking Department",
        "access": "public",
        "fee": "unknown",
        "charge": "unknown",
        "capacity": null,
        "confidence": 0.9,
        "last_verified_source": "City of Miami Beach Parking GIS",
        "source_url": "https://www.miamibeachfl.gov/city-hall/parking/",
        "api_url": "https://gis.miamibeachfl.gov/public/rest/services/mb/Parking/FeatureServer/1/query?where=1%3D1&outFields=*&f=geojson&outSR=4326&resultRecordCount=1000&resultOffset=0",
        "evidence_url": "https://gis.miamibeachfl.gov/public/rest/services/mb/Parking/FeatureServer/1/query?where=1%3D1&outFields=*&f=geojson&outSR=4326&resultRecordCount=1000&resultOffset=0",
        "data_as_of": "2026-06-12",
        "existence_status": "confirmed",
        "price_status": "known_unpriced",
        "rule_status": "partial",
        "enrichment_status": "needs_price",
        "payment_url": "",
        "booking_url": "",
        "raw_properties": {
          "OBJECTID": 445,
          "NUMBER": null,
          "BRAND": null,
          "ZONE": null,
          "STATUS": 5,
          "created_user": null,
          "created_date": null,
          "last_edited_user": null,
          "last_edited_date": null
        }
      }
    },
    {
      "type": "Feature",
      "id": 446,
      "geometry": {
        "type": "Point",
        "coordinates": [
          -80.1347198140374,
          25.792457510590406
        ]
      },
      "properties": {
        "OBJECTID": 446,
        "NUMBER": null,
        "BRAND": null,
        "ZONE": null,
        "STATUS": 5,
        "created_user": null,
        "created_date": null,
        "last_edited_user": null,
        "last_edited_date": null,
        "source_id": "miami-beach:arcgis:meters:446",
        "source_name": "City of Miami Beach Parking GIS",
        "name": "Parking Meters 446",
        "facility_type": "parking_zone",
        "city": "Miami Beach",
        "state": "FL",
        "operator": "City of Miami Beach Parking Department",
        "access": "public",
        "fee": "unknown",
        "charge": "unknown",
        "capacity": null,
        "confidence": 0.9,
        "last_verified_source": "City of Miami Beach Parking GIS",
        "source_url": "https://www.miamibeachfl.gov/city-hall/parking/",
        "api_url": "https://gis.miamibeachfl.gov/public/rest/services/mb/Parking/FeatureServer/1/query?where=1%3D1&outFields=*&f=geojson&outSR=4326&resultRecordCount=1000&resultOffset=0",
        "evidence_url": "https://gis.miamibeachfl.gov/public/rest/services/mb/Parking/FeatureServer/1/query?where=1%3D1&outFields=*&f=geojson&outSR=4326&resultRecordCount=1000&resultOffset=0",
        "data_as_of": "2026-06-12",
        "existence_status": "confirmed",
        "price_status": "known_unpriced",
        "rule_status": "partial",
        "enrichment_status": "needs_price",
        "payment_url": "",
        "booking_url": "",
        "raw_properties": {
          "OBJECTID": 446,
          "NUMBER": null,
          "BRAND": null,
          "ZONE": null,
          "STATUS": 5,
          "created_user": null,
          "created_date": null,
          "last_edited_user": null,
          "last_edited_date": null
        }
      }
    },
    {
      "type": "Feature",
      "id": 447,
      "geometry": {
        "type": "Point",
        "coordinates": [
          -80.13427588749565,
          25.792555179509346
        ]
      },
      "properties": {
        "OBJECTID": 447,
        "NUMBER": null,
        "BRAND": null,
        "ZONE": null,
        "STATUS": 5,
        "created_user": null,
        "created_date": null,
        "last_edited_user": null,
        "last_edited_date": null,
        "source_id": "miami-beach:arcgis:meters:447",
        "source_name": "City of Miami Beach Parking GIS",
        "name": "Parking Meters 447",
        "facility_type": "parking_zone",
        "city": "Miami Beach",
        "state": "FL",
        "operator": "City of Miami Beach Parking Department",
        "access": "public",
        "fee": "unknown",
        "charge": "unknown",
        "capacity": null,
        "confidence": 0.9,
        "last_verified_source": "City of Miami Beach Parking GIS",
        "source_url": "https://www.miamibeachfl.gov/city-hall/parking/",
        "api_url": "https://gis.miamibeachfl.gov/public/rest/services/mb/Parking/FeatureServer/1/query?where=1%3D1&outFields=*&f=geojson&outSR=4326&resultRecordCount=1000&resultOffset=0",
        "evidence_url": "https://gis.miamibeachfl.gov/public/rest/services/mb/Parking/FeatureServer/1/query?where=1%3D1&outFields=*&f=geojson&outSR=4326&resultRecordCount=1000&resultOffset=0",
        "data_as_of": "2026-06-12",
        "existence_status": "confirmed",
        "price_status": "known_unpriced",
        "rule_status": "partial",
        "enrichment_status": "needs_price",
        "payment_url": "",
        "booking_url": "",
        "raw_properties": {
          "OBJECTID": 447,
          "NUMBER": null,
          "BRAND": null,
          "ZONE": null,
          "STATUS": 5,
          "created_user": null,
          "created_date": null,
          "last_edited_user": null,
          "last_edited_date": null
        }
      }
    },
    {
      "type": "Feature",
      "id": 448,
      "geometry": {
        "type": "Point",
        "coordinates": [
          -80.13623851217432,
          25.791134106342007
        ]
      },
      "properties": {
        "OBJECTID": 448,
        "NUMBER": "LN16S02",
        "BRAND": "DPT",
        "ZONE": "4X",
        "STATUS": 5,
        "created_user": null,
        "created_date": null,
        "last_edited_user": null,
        "last_edited_date": null,
        "source_id": "miami-beach:arcgis:meters:448",
        "source_name": "City of Miami Beach Parking GIS",
        "name": "Parking Meters 448",
        "facility_type": "parking_zone",
        "city": "Miami Beach",
        "state": "FL",
        "operator": "City of Miami Beach Parking Department",
        "access": "public",
        "fee": "unknown",
        "charge": "unknown",
        "capacity": null,
        "confidence": 0.9,
        "last_verified_source": "City of Miami Beach Parking GIS",
        "source_url": "https://www.miamibeachfl.gov/city-hall/parking/",
        "api_url": "https://gis.miamibeachfl.gov/public/rest/services/mb/Parking/FeatureServer/1/query?where=1%3D1&outFields=*&f=geojson&outSR=4326&resultRecordCount=1000&resultOffset=0",
        "evidence_url": "https://gis.miamibeachfl.gov/public/rest/services/mb/Parking/FeatureServer/1/query?where=1%3D1&outFields=*&f=geojson&outSR=4326&resultRecordCount=1000&resultOffset=0",
        "data_as_of": "2026-06-12",
        "existence_status": "confirmed",
        "price_status": "known_unpriced",
        "rule_status": "partial",
        "enrichment_status": "needs_price",
        "payment_url": "",
        "booking_url": "",
        "raw_properties": {
          "OBJECTID": 448,
          "NUMBER": "LN16S02",
          "BRAND": "DPT",
          "ZONE": "4X",
          "STATUS": 5,
          "created_user": null,
          "created_date": null,
          "last_edited_user": null,
          "last_edited_date": null
        }
      }
    },
    {
      "type": "Feature",
      "id": 449,
      "geometry": {
        "type": "Point",
        "coordinates": [
          -80.13772972704992,
          25.79019825655528
        ]
      },
      "properties": {
        "OBJECTID": 449,
        "NUMBER": "JF16W02",
        "BRAND": null,
        "ZONE": null,
        "STATUS": 5,
        "created_user": null,
        "created_date": null,
        "last_edited_user": null,
        "last_edited_date": null,
        "source_id": "miami-beach:arcgis:meters:449",
        "source_name": "City of Miami Beach Parking GIS",
        "name": "Parking Meters 449",
        "facility_type": "parking_zone",
        "city": "Miami Beach",
        "state": "FL",
        "operator": "City of Miami Beach Parking Department",
        "access": "public",
        "fee": "unknown",
        "charge": "unknown",
        "capacity": null,
        "confidence": 0.9,
        "last_verified_source": "City of Miami Beach Parking GIS",
        "source_url": "https://www.miamibeachfl.gov/city-hall/parking/",
        "api_url": "https://gis.miamibeachfl.gov/public/rest/services/mb/Parking/FeatureServer/1/query?where=1%3D1&outFields=*&f=geojson&outSR=4326&resultRecordCount=1000&resultOffset=0",
        "evidence_url": "https://gis.miamibeachfl.gov/public/rest/services/mb/Parking/FeatureServer/1/query?where=1%3D1&outFields=*&f=geojson&outSR=4326&resultRecordCount=1000&resultOffset=0",
        "data_as_of": "2026-06-12",
        "existence_status": "confirmed",
        "price_status": "known_unpriced",
        "rule_status": "partial",
        "enrichment_status": "needs_price",
        "payment_url": "",
        "booking_url": "",
        "raw_properties": {
          "OBJECTID": 449,
          "NUMBER": "JF16W02",
          "BRAND": null,
          "ZONE": null,
          "STATUS": 5,
          "created_user": null,
          "created_date": null,
          "last_edited_user": null,
          "last_edited_date": null
        }
      }
    },
    {
      "type": "Feature",
      "id": 450,
      "geometry": {
        "type": "Point",
        "coordinates": [
          -80.13760348050099,
          25.79014449144242
        ]
      },
      "properties": {
        "OBJECTID": 450,
        "NUMBER": "JF16E01",
        "BRAND": "DPT",
        "ZONE": "4X",
        "STATUS": 5,
        "created_user": null,
        "created_date": null,
        "last_edited_user": null,
        "last_edited_date": null,
        "source_id": "miami-beach:arcgis:meters:450",
        "source_name": "City of Miami Beach Parking GIS",
        "name": "Parking Meters 450",
        "facility_type": "parking_zone",
        "city": "Miami Beach",
        "state": "FL",
        "operator": "City of Miami Beach Parking Department",
        "access": "public",
        "fee": "unknown",
        "charge": "unknown",
        "capacity": null,
        "confidence": 0.9,
        "last_verified_source": "City of Miami Beach Parking GIS",
        "source_url": "https://www.miamibeachfl.gov/city-hall/parking/",
        "api_url": "https://gis.miamibeachfl.gov/public/rest/services/mb/Parking/FeatureServer/1/query?where=1%3D1&outFields=*&f=geojson&outSR=4326&resultRecordCount=1000&resultOffset=0",
        "evidence_url": "https://gis.miamibeachfl.gov/public/rest/services/mb/Parking/FeatureServer/1/query?where=1%3D1&outFields=*&f=geojson&outSR=4326&resultRecordCount=1000&resultOffset=0",
        "data_as_of": "2026-06-12",
        "existence_status": "confirmed",
        "price_status": "known_unpriced",
        "rule_status": "partial",
        "enrichment_status": "needs_price",
        "payment_url": "",
        "booking_url": "",
        "raw_properties": {
          "OBJECTID": 450,
          "NUMBER": "JF16E01",
          "BRAND": "DPT",
          "ZONE": "4X",
          "STATUS": 5,
          "created_user": null,
          "created_date": null,
          "last_edited_user": null,
          "last_edited_date": null
        }
      }
    },
    {
      "type": "Feature",
      "id": 451,
      "geometry": {
        "type": "Point",
        "coordinates": [
          -80.13868398173477,
          25.791526575506367
        ]
      },
      "properties": {
        "OBJECTID": 451,
        "NUMBER": "MI16E03",
        "BRAND": "DPT",
        "ZONE": "4X",
        "STATUS": 5,
        "created_user": null,
        "created_date": null,
        "last_edited_user": null,
        "last_edited_date": null,
        "source_id": "miami-beach:arcgis:meters:451",
        "source_name": "City of Miami Beach Parking GIS",
        "name": "Parking Meters 451",
        "facility_type": "parking_zone",
        "city": "Miami Beach",
        "state": "FL",
        "operator": "City of Miami Beach Parking Department",
        "access": "public",
        "fee": "unknown",
        "charge": "unknown",
        "capacity": null,
        "confidence": 0.9,
        "last_verified_source": "City of Miami Beach Parking GIS",
        "source_url": "https://www.miamibeachfl.gov/city-hall/parking/",
        "api_url": "https://gis.miamibeachfl.gov/public/rest/services/mb/Parking/FeatureServer/1/query?where=1%3D1&outFields=*&f=geojson&outSR=4326&resultRecordCount=1000&resultOffset=0",
        "evidence_url": "https://gis.miamibeachfl.gov/public/rest/services/mb/Parking/FeatureServer/1/query?where=1%3D1&outFields=*&f=geojson&outSR=4326&resultRecordCount=1000&resultOffset=0",
        "data_as_of": "2026-06-12",
        "existence_status": "confirmed",
        "price_status": "known_unpriced",
        "rule_status": "partial",
        "enrichment_status": "needs_price",
        "payment_url": "",
        "booking_url": "",
        "raw_properties": {
          "OBJECTID": 451,
          "NUMBER": "MI16E03",
          "BRAND": "DPT",
          "ZONE": "4X",
          "STATUS": 5,
          "created_user": null,
          "created_date": null,
          "last_edited_user": null,
          "last_edited_date": null
        }
      }
    },
    {
      "type": "Feature",
      "id": 452,
      "geometry": {
        "type": "Point",
        "coordinates": [
          -80.13872592341116,
          25.790121263460033
        ]
      },
      "properties": {
        "OBJECTID": 452,
        "NUMBER": "MI16E01",
        "BRAND": "DPT",
        "ZONE": "4X",
        "STATUS": 5,
        "created_user": null,
        "created_date": null,
        "last_edited_user": null,
        "last_edited_date": null,
        "source_id": "miami-beach:arcgis:meters:452",
        "source_name": "City of Miami Beach Parking GIS",
        "name": "Parking Meters 452",
        "facility_type": "parking_zone",
        "city": "Miami Beach",
        "state": "FL",
        "operator": "City of Miami Beach Parking Department",
        "access": "public",
        "fee": "unknown",
        "charge": "unknown",
        "capacity": null,
        "confidence": 0.9,
        "last_verified_source": "City of Miami Beach Parking GIS",
        "source_url": "https://www.miamibeachfl.gov/city-hall/parking/",
        "api_url": "https://gis.miamibeachfl.gov/public/rest/services/mb/Parking/FeatureServer/1/query?where=1%3D1&outFields=*&f=geojson&outSR=4326&resultRecordCount=1000&resultOffset=0",
        "evidence_url": "https://gis.miamibeachfl.gov/public/rest/services/mb/Parking/FeatureServer/1/query?where=1%3D1&outFields=*&f=geojson&outSR=4326&resultRecordCount=1000&resultOffset=0",
        "data_as_of": "2026-06-12",
        "existence_status": "confirmed",
        "price_status": "known_unpriced",
        "rule_status": "partial",
        "enrichment_status": "needs_price",
        "payment_url": "",
        "booking_url": "",
        "raw_properties": {
          "OBJECTID": 452,
          "NUMBER": "MI16E01",
          "BRAND": "DPT",
          "ZONE": "4X",
          "STATUS": 5,
          "created_user": null,
          "created_date": null,
          "last_edited_user": null,
          "last_edited_date": null
        }
      }
    },
    {
      "type": "Feature",
      "id": 453,
      "geometry": {
        "type": "Point",
        "coordinates": [
          -80.13924555654779,
          25.789873865252783
        ]
      },
      "properties": {
        "OBJECTID": 453,
        "NUMBER": "P021002",
        "BRAND": "DPT",
        "ZONE": "4X",
        "STATUS": 5,
        "created_user": null,
        "created_date": null,
        "last_edited_user": null,
        "last_edited_date": null,
        "source_id": "miami-beach:arcgis:meters:453",
        "source_name": "City of Miami Beach Parking GIS",
        "name": "Parking Meters 453",
        "facility_type": "parking_zone",
        "city": "Miami Beach",
        "state": "FL",
        "operator": "City of Miami Beach Parking Department",
        "access": "public",
        "fee": "unknown",
        "charge": "unknown",
        "capacity": null,
        "confidence": 0.9,
        "last_verified_source": "City of Miami Beach Parking GIS",
        "source_url": "https://www.miamibeachfl.gov/city-hall/parking/",
        "api_url": "https://gis.miamibeachfl.gov/public/rest/services/mb/Parking/FeatureServer/1/query?where=1%3D1&outFields=*&f=geojson&outSR=4326&resultRecordCount=1000&resultOffset=0",
        "evidence_url": "https://gis.miamibeachfl.gov/public/rest/services/mb/Parking/FeatureServer/1/query?where=1%3D1&outFields=*&f=geojson&outSR=4326&resultRecordCount=1000&resultOffset=0",
        "data_as_of": "2026-06-12",
        "existence_status": "confirmed",
        "price_status": "known_unpriced",
        "rule_status": "partial",
        "enrichment_status": "needs_price",
        "payment_url": "",
        "booking_url": "",
        "raw_properties": {
          "OBJECTID": 453,
          "NUMBER": "P021002",
          "BRAND": "DPT",
          "ZONE": "4X",
          "STATUS": 5,
          "created_user": null,
          "created_date": null,
          "last_edited_user": null,
          "last_edited_date": null
        }
      }
    },
    {
      "type": "Feature",
      "id": 454,
      "geometry": {
        "type": "Point",
        "coordinates": [
          -80.13904109810143,
          25.78987730481171
        ]
      },
      "properties": {
        "OBJECTID": 454,
        "NUMBER": "P021001",
        "BRAND": "DPT",
        "ZONE": "P21",
        "STATUS": 5,
        "created_user": null,
        "created_date": null,
        "last_edited_user": null,
        "last_edited_date": null,
        "source_id": "miami-beach:arcgis:meters:454",
        "source_name": "City of Miami Beach Parking GIS",
        "name": "Parking Meters 454",
        "facility_type": "parking_zone",
        "city": "Miami Beach",
        "state": "FL",
        "operator": "City of Miami Beach Parking Department",
        "access": "public",
        "fee": "unknown",
        "charge": "unknown",
        "capacity": null,
        "confidence": 0.9,
        "last_verified_source": "City of Miami Beach Parking GIS",
        "source_url": "https://www.miamibeachfl.gov/city-hall/parking/",
        "api_url": "https://gis.miamibeachfl.gov/public/rest/services/mb/Parking/FeatureServer/1/query?where=1%3D1&outFields=*&f=geojson&outSR=4326&resultRecordCount=1000&resultOffset=0",
        "evidence_url": "https://gis.miamibeachfl.gov/public/rest/services/mb/Parking/FeatureServer/1/query?where=1%3D1&outFields=*&f=geojson&outSR=4326&resultRecordCount=1000&resultOffset=0",
        "data_as_of": "2026-06-12",
        "existence_status": "confirmed",
        "price_status": "known_unpriced",
        "rule_status": "partial",
        "enrichment_status": "needs_price",
        "payment_url": "",
        "booking_url": "",
        "raw_properties": {
          "OBJECTID": 454,
          "NUMBER": "P021001",
          "BRAND": "DPT",
          "ZONE": "P21",
          "STATUS": 5,
          "created_user": null,
          "created_date": null,
          "last_edited_user": null,
          "last_edited_date": null
        }
      }
    },
    {
      "type": "Feature",
      "id": 455,
      "geometry": {
        "type": "Point",
        "coordinates": [
          -80.13749744360418,
          25.791628026123163
        ]
      },
      "properties": {
        "OBJECTID": 455,
        "NUMBER": "P027006",
        "BRAND": "DPT",
        "ZONE": "P27",
        "STATUS": 5,
        "created_user": null,
        "created_date": null,
        "last_edited_user": null,
        "last_edited_date": null,
        "source_id": "miami-beach:arcgis:meters:455",
        "source_name": "City of Miami Beach Parking GIS",
        "name": "Parking Meters 455",
        "facility_type": "parking_zone",
        "city": "Miami Beach",
        "state": "FL",
        "operator": "City of Miami Beach Parking Department",
        "access": "public",
        "fee": "unknown",
        "charge": "unknown",
        "capacity": null,
        "confidence": 0.9,
        "last_verified_source": "City of Miami Beach Parking GIS",
        "source_url": "https://www.miamibeachfl.gov/city-hall/parking/",
        "api_url": "https://gis.miamibeachfl.gov/public/rest/services/mb/Parking/FeatureServer/1/query?where=1%3D1&outFields=*&f=geojson&outSR=4326&resultRecordCount=1000&resultOffset=0",
        "evidence_url": "https://gis.miamibeachfl.gov/public/rest/services/mb/Parking/FeatureServer/1/query?where=1%3D1&outFields=*&f=geojson&outSR=4326&resultRecordCount=1000&resultOffset=0",
        "data_as_of": "2026-06-12",
        "existence_status": "confirmed",
        "price_status": "known_unpriced",
        "rule_status": "partial",
        "enrichment_status": "needs_price",
        "payment_url": "",
        "booking_url": "",
        "raw_properties": {
          "OBJECTID": 455,
          "NUMBER": "P027006",
          "BRAND": "DPT",
          "ZONE": "P27",
          "STATUS": 5,
          "created_user": null,
          "created_date": null,
          "last_edited_user": null,
          "last_edited_date": null
        }
      }
    },
    {
      "type": "Feature",
      "id": 456,
      "geometry": {
        "type": "Point",
        "coordinates": [
          -80.14130257082357,
          25.78968328344215
        ]
      },
      "properties": {
        "OBJECTID": 456,
        "NUMBER": "AL16W02",
        "BRAND": "DPT",
        "ZONE": "4X",
        "STATUS": 5,
        "created_user": null,
        "created_date": null,
        "last_edited_user": null,
        "last_edited_date": null,
        "source_id": "miami-beach:arcgis:meters:456",
        "source_name": "City of Miami Beach Parking GIS",
        "name": "Parking Meters 456",
        "facility_type": "parking_zone",
        "city": "Miami Beach",
        "state": "FL",
        "operator": "City of Miami Beach Parking Department",
        "access": "public",
        "fee": "unknown",
        "charge": "unknown",
        "capacity": null,
        "confidence": 0.9,
        "last_verified_source": "City of Miami Beach Parking GIS",
        "source_url": "https://www.miamibeachfl.gov/city-hall/parking/",
        "api_url": "https://gis.miamibeachfl.gov/public/rest/services/mb/Parking/FeatureServer/1/query?where=1%3D1&outFields=*&f=geojson&outSR=4326&resultRecordCount=1000&resultOffset=0",
        "evidence_url": "https://gis.miamibeachfl.gov/public/rest/services/mb/Parking/FeatureServer/1/query?where=1%3D1&outFields=*&f=geojson&outSR=4326&resultRecordCount=1000&resultOffset=0",
        "data_as_of": "2026-06-12",
        "existence_status": "confirmed",
        "price_status": "known_unpriced",
        "rule_status": "partial",
        "enrichment_status": "needs_price",
        "payment_url": "",
        "booking_url": "",
        "raw_properties": {
          "OBJECTID": 456,
          "NUMBER": "AL16W02",
          "BRAND": "DPT",
          "ZONE": "4X",
          "STATUS": 5,
          "created_user": null,
          "created_date": null,
          "last_edited_user": null,
          "last_edited_date": null
        }
      }
    },
    {
      "type": "Feature",
      "id": 457,
      "geometry": {
        "type": "Point",
        "coordinates": [
          -80.14108719934295,
          25.78964500745902
        ]
      },
      "properties": {
        "OBJECTID": 457,
        "NUMBER": "AL16E01",
        "BRAND": "DPT",
        "ZONE": "4X",
        "STATUS": 5,
        "created_user": null,
        "created_date": null,
        "last_edited_user": null,
        "last_edited_date": null,
        "source_id": "miami-beach:arcgis:meters:457",
        "source_name": "City of Miami Beach Parking GIS",
        "name": "Parking Meters 457",
        "facility_type": "parking_zone",
        "city": "Miami Beach",
        "state": "FL",
        "operator": "City of Miami Beach Parking Department",
        "access": "public",
        "fee": "unknown",
        "charge": "unknown",
        "capacity": null,
        "confidence": 0.9,
        "last_verified_source": "City of Miami Beach Parking GIS",
        "source_url": "https://www.miamibeachfl.gov/city-hall/parking/",
        "api_url": "https://gis.miamibeachfl.gov/public/rest/services/mb/Parking/FeatureServer/1/query?where=1%3D1&outFields=*&f=geojson&outSR=4326&resultRecordCount=1000&resultOffset=0",
        "evidence_url": "https://gis.miamibeachfl.gov/public/rest/services/mb/Parking/FeatureServer/1/query?where=1%3D1&outFields=*&f=geojson&outSR=4326&resultRecordCount=1000&resultOffset=0",
        "data_as_of": "2026-06-12",
        "existence_status": "confirmed",
        "price_status": "known_unpriced",
        "rule_status": "partial",
        "enrichment_status": "needs_price",
        "payment_url": "",
        "booking_url": "",
        "raw_properties": {
          "OBJECTID": 457,
          "NUMBER": "AL16E01",
          "BRAND": "DPT",
          "ZONE": "4X",
          "STATUS": 5,
          "created_user": null,
          "created_date": null,
          "last_edited_user": null,
          "last_edited_date": null
        }
      }
    },
    {
      "type": "Feature",
      "id": 458,
      "geometry": {
        "type": "Point",
        "coordinates": [
          -80.1447108174769,
          25.793239828522655
        ]
      },
      "properties": {
        "OBJECTID": 458,
        "NUMBER": "P046002",
        "BRAND": "DPT",
        "ZONE": "P46",
        "STATUS": 5,
        "created_user": null,
        "created_date": null,
        "last_edited_user": null,
        "last_edited_date": null,
        "source_id": "miami-beach:arcgis:meters:458",
        "source_name": "City of Miami Beach Parking GIS",
        "name": "Parking Meters 458",
        "facility_type": "parking_zone",
        "city": "Miami Beach",
        "state": "FL",
        "operator": "City of Miami Beach Parking Department",
        "access": "public",
        "fee": "unknown",
        "charge": "unknown",
        "capacity": null,
        "confidence": 0.9,
        "last_verified_source": "City of Miami Beach Parking GIS",
        "source_url": "https://www.miamibeachfl.gov/city-hall/parking/",
        "api_url": "https://gis.miamibeachfl.gov/public/rest/services/mb/Parking/FeatureServer/1/query?where=1%3D1&outFields=*&f=geojson&outSR=4326&resultRecordCount=1000&resultOffset=0",
        "evidence_url": "https://gis.miamibeachfl.gov/public/rest/services/mb/Parking/FeatureServer/1/query?where=1%3D1&outFields=*&f=geojson&outSR=4326&resultRecordCount=1000&resultOffset=0",
        "data_as_of": "2026-06-12",
        "existence_status": "confirmed",
        "price_status": "known_unpriced",
        "rule_status": "partial",
        "enrichment_status": "needs_price",
        "payment_url": "",
        "booking_url": "",
        "raw_properties": {
          "OBJECTID": 458,
          "NUMBER": "P046002",
          "BRAND": "DPT",
          "ZONE": "P46",
          "STATUS": 5,
          "created_user": null,
          "created_date": null,
          "last_edited_user": null,
          "last_edited_date": null
        }
      }
    },
    {
      "type": "Feature",
      "id": 459,
      "geometry": {
        "type": "Point",
        "coordinates": [
          -80.14470232625928,
          25.792585034813925
        ]
      },
      "properties": {
        "OBJECTID": 459,
        "NUMBER": "P046001",
        "BRAND": "DPT",
        "ZONE": "P46",
        "STATUS": 5,
        "created_user": null,
        "created_date": null,
        "last_edited_user": null,
        "last_edited_date": null,
        "source_id": "miami-beach:arcgis:meters:459",
        "source_name": "City of Miami Beach Parking GIS",
        "name": "Parking Meters 459",
        "facility_type": "parking_zone",
        "city": "Miami Beach",
        "state": "FL",
        "operator": "City of Miami Beach Parking Department",
        "access": "public",
        "fee": "unknown",
        "charge": "unknown",
        "capacity": null,
        "confidence": 0.9,
        "last_verified_source": "City of Miami Beach Parking GIS",
        "source_url": "https://www.miamibeachfl.gov/city-hall/parking/",
        "api_url": "https://gis.miamibeachfl.gov/public/rest/services/mb/Parking/FeatureServer/1/query?where=1%3D1&outFields=*&f=geojson&outSR=4326&resultRecordCount=1000&resultOffset=0",
        "evidence_url": "https://gis.miamibeachfl.gov/public/rest/services/mb/Parking/FeatureServer/1/query?where=1%3D1&outFields=*&f=geojson&outSR=4326&resultRecordCount=1000&resultOffset=0",
        "data_as_of": "2026-06-12",
        "existence_status": "confirmed",
        "price_status": "known_unpriced",
        "rule_status": "partial",
        "enrichment_status": "needs_price",
        "payment_url": "",
        "booking_url": "",
        "raw_properties": {
          "OBJECTID": 459,
          "NUMBER": "P046001",
          "BRAND": "DPT",
          "ZONE": "P46",
          "STATUS": 5,
          "created_user": null,
          "created_date": null,
          "last_edited_user": null,
          "last_edited_date": null
        }
      }
    },
    {
      "type": "Feature",
      "id": 460,
      "geometry": {
        "type": "Point",
        "coordinates": [
          -80.1356355276141,
          25.795016336569415
        ]
      },
      "properties": {
        "OBJECTID": 460,
        "NUMBER": "1907N01",
        "BRAND": "DPT",
        "ZONE": "15B",
        "STATUS": 3,
        "created_user": null,
        "created_date": null,
        "last_edited_user": null,
        "last_edited_date": null,
        "source_id": "miami-beach:arcgis:meters:460",
        "source_name": "City of Miami Beach Parking GIS",
        "name": "Parking Meters 460",
        "facility_type": "parking_zone",
        "city": "Miami Beach",
        "state": "FL",
        "operator": "City of Miami Beach Parking Department",
        "access": "public",
        "fee": "unknown",
        "charge": "unknown",
        "capacity": null,
        "confidence": 0.9,
        "last_verified_source": "City of Miami Beach Parking GIS",
        "source_url": "https://www.miamibeachfl.gov/city-hall/parking/",
        "api_url": "https://gis.miamibeachfl.gov/public/rest/services/mb/Parking/FeatureServer/1/query?where=1%3D1&outFields=*&f=geojson&outSR=4326&resultRecordCount=1000&resultOffset=0",
        "evidence_url": "https://gis.miamibeachfl.gov/public/rest/services/mb/Parking/FeatureServer/1/query?where=1%3D1&outFields=*&f=geojson&outSR=4326&resultRecordCount=1000&resultOffset=0",
        "data_as_of": "2026-06-12",
        "existence_status": "confirmed",
        "price_status": "known_unpriced",
        "rule_status": "partial",
        "enrichment_status": "needs_price",
        "payment_url": "",
        "booking_url": "",
        "raw_properties": {
          "OBJECTID": 460,
          "NUMBER": "1907N01",
          "BRAND": "DPT",
          "ZONE": "15B",
          "STATUS": 3,
          "created_user": null,
          "created_date": null,
          "last_edited_user": null,
          "last_edited_date": null
        }
      }
    }
  ]
}