{
  "type": "FeatureCollection",
  "metadata": {
    "city": "miami_beach",
    "source": "City of Miami Beach Parking Facilities WPGMZA markers",
    "source_url": "https://www.miamibeachfl.gov/city-hall/parking/parking-garages-lot-locations/",
    "api_url": "https://www.miamibeachfl.gov/wp-json/wpgmza/v1/markers?map_id=17",
    "generated_at": "2026-07-15T09:53:01.259Z",
    "count": 74,
    "notes": "Official City of Miami Beach parking garage/lot map markers. Used as Miami metro coverage seed, not City of Miami municipal inventory."
  },
  "features": [
    {
      "type": "Feature",
      "geometry": {
        "type": "Point",
        "coordinates": [
          -80.1330524,
          25.7695937
        ]
      },
      "properties": {
        "source_id": "miami-beach:wpgmza:138",
        "source_name": "City of Miami Beach Parking Facilities",
        "name": "P2 - Parking Lot",
        "facility_type": "surface_lot",
        "street": "1 Ocean Drive, Miami Beach, FL, USA",
        "city": "Miami Beach",
        "state": "FL",
        "operator": "City of Miami Beach Parking Department",
        "access": "public",
        "fee": "yes",
        "charge": "$2.hr",
        "event_rate": "None",
        "maximum_time": "10 hours",
        "capacity": "63",
        "parkmobile_zone": "88502",
        "payment_provider": "ParkMobile / PayByPhone",
        "payment_app_url": "https://www2.paybyphone.com/park-in-miami-beach",
        "payment_note": "Official Miami Beach source lists ParkMobile zones and PayByPhone/ParkMobile app support; ParkingUSA does not infer a per-record checkout URL.",
        "ev_charging": "N/A",
        "confidence": 0.88,
        "last_verified_source": "City of Miami Beach Parking Facilities",
        "source_url": "https://www.miamibeachfl.gov/city-hall/parking/parking-garages-lot-locations/",
        "api_url": "https://www.miamibeachfl.gov/wp-json/wpgmza/v1/markers?map_id=17",
        "evidence_url": "https://www.miamibeachfl.gov/wp-json/wpgmza/v1/markers?map_id=17",
        "data_as_of": "2026-07-15T09:52:45.943Z",
        "existence_status": "confirmed",
        "price_status": "known_priced",
        "rule_status": "partial",
        "enrichment_status": "needs_payment_link",
        "payment_url": "",
        "booking_url": "",
        "raw_properties": {
          "map_id": "17",
          "address": "1 Ocean Drive, Miami Beach, FL, USA",
          "description": "<p style=\"font-size: 18px;line-height: 1.5em;margin-top: 0px;margin-bottom: 15px;padding: 0px;border: 0px;font-family: proxima-nova, Arial, Verdana\"></p><hr id=\"null\"><span style=\", sans-serif;font-weight: 600\">Spaces</span><span style=\", sans-serif\">: 63<br></span><hr id=\"null\"><span style=\", sans-serif;font-weight: 600\">Hourly Rate</span><span style=\", sans-serif\">: $2.hr<br></span><hr id=\"null\"><span style=\", sans-serif;font-weight: 600\">Event Rate</span><span style=\", sans-serif\">:&nbsp;</span><span style=\", sans-serif\">None<br></span><hr id=\"null\"><span style=\", sans-serif;font-weight: 600\">Maximum Time</span><span style=\", sans-serif\">: 10 hours<br></span><hr id=\"null\"><span style=\", sans-serif;font-weight: 600\">Park Mobile</span><span style=\", sans-serif\">: 88502<br></span><hr id=\"null\"><span style=\", sans-serif;font-weight: 600\">Electric Vehicle Charging</span><span style=\", sans-serif\">: N/A<br></span><hr id=\"null\"><p></p>",
          "pic": "",
          "link": "",
          "icon": {
            "url": "//www.miamibeachfl.gov/wp-content/uploads/wp-google-maps/icons/64c0190364d767.23089543.png",
            "retina": false
          },
          "lat": "25.7695937",
          "lng": "-80.1330524",
          "anim": "2",
          "title": "P2 - Parking Lot",
          "infoopen": "0",
          "category": "",
          "approved": "1",
          "retina": "0",
          "type": "0",
          "did": "",
          "sticky": "0",
          "layergroup": "3",
          "hover_icon": "//www.miamibeachfl.gov/wp-content/plugins/wp-google-maps/images/spotlight-poi3.png",
          "hover_retina": "0",
          "id": "138",
          "categories": [
            "7",
            "15"
          ],
          "custom_field_data": [],
          "custom_fields_html": ""
        }
      }
    },
    {
      "type": "Feature",
      "geometry": {
        "type": "Point",
        "coordinates": [
          -80.1341064,
          25.7658777
        ]
      },
      "properties": {
        "source_id": "miami-beach:wpgmza:139",
        "source_name": "City of Miami Beach Parking Facilities",
        "name": "P1 - Parking Lot",
        "facility_type": "surface_lot",
        "street": "1 Washington Avenue, Miami Beach, FL, USA",
        "city": "Miami Beach",
        "state": "FL",
        "operator": "City of Miami Beach Parking Department",
        "access": "public",
        "fee": "yes",
        "charge": "$2/hr",
        "event_rate": "$20/non-resident vehicle$6/resident vehicleSat & Sun 6 AM - 8 PM",
        "maximum_time": "10 hours",
        "capacity": "242",
        "parkmobile_zone": "88602",
        "payment_provider": "ParkMobile / PayByPhone",
        "payment_app_url": "https://www2.paybyphone.com/park-in-miami-beach",
        "payment_note": "Official Miami Beach source lists ParkMobile zones and PayByPhone/ParkMobile app support; ParkingUSA does not infer a per-record checkout URL.",
        "ev_charging": "N/A",
        "confidence": 0.88,
        "last_verified_source": "City of Miami Beach Parking Facilities",
        "source_url": "https://www.miamibeachfl.gov/city-hall/parking/parking-garages-lot-locations/",
        "api_url": "https://www.miamibeachfl.gov/wp-json/wpgmza/v1/markers?map_id=17",
        "evidence_url": "https://www.miamibeachfl.gov/wp-json/wpgmza/v1/markers?map_id=17",
        "data_as_of": "2026-07-15T09:52:45.943Z",
        "existence_status": "confirmed",
        "price_status": "known_priced",
        "rule_status": "partial",
        "enrichment_status": "needs_payment_link",
        "payment_url": "",
        "booking_url": "",
        "raw_properties": {
          "map_id": "17",
          "address": "1 Washington Avenue, Miami Beach, FL, USA",
          "description": "<p style=\"font-size: 18px;line-height: 1.5em;margin-top: 0px;margin-bottom: 15px;padding: 0px;border: 0px;font-family: proxima-nova, Arial, Verdana\"></p><hr id=\"null\"><span style=\", sans-serif;font-weight: 600\">Spaces</span><span style=\", sans-serif\">: 242<br></span><hr id=\"null\"><span style=\", sans-serif;font-weight: 600\">Hourly Rate</span><span style=\", sans-serif\">: $2/hr<br></span><hr id=\"null\"><span style=\", sans-serif;font-weight: 600\">Event Rate</span><span style=\", sans-serif\">:<br></span><span style=\", sans-serif\">$20/non-resident vehicle</span><br><span style=\", sans-serif\">$6/resident vehicle</span><br><span style=\", sans-serif\">Sat & Sun 6 AM - 8 PM<br></span><hr id=\"null\"><span style=\", sans-serif;font-weight: 600\">Maximum Time</span><span style=\", sans-serif\">: 10 hours<br></span><hr id=\"null\"><span style=\", sans-serif;font-weight: 600\">Park Mobile</span><span style=\", sans-serif\">: 88602<br></span><hr id=\"null\"><span style=\", sans-serif;font-weight: 600\">Electric Vehicle Charging</span><span style=\", sans-serif\">: N/A<br></span><hr id=\"null\"><p></p>",
          "pic": "",
          "link": "",
          "icon": {
            "url": "//www.miamibeachfl.gov/wp-content/uploads/wp-google-maps/icons/64c017a362a501.01574625.png",
            "retina": false
          },
          "lat": "25.7658777",
          "lng": "-80.1341064",
          "anim": "2",
          "title": "P1 - Parking Lot",
          "infoopen": "0",
          "category": "",
          "approved": "1",
          "retina": "0",
          "type": "0",
          "did": "",
          "sticky": "0",
          "layergroup": "1",
          "hover_icon": "//www.miamibeachfl.gov/wp-content/plugins/wp-google-maps/images/spotlight-poi3.png",
          "hover_retina": "0",
          "id": "139",
          "categories": [
            "7",
            "15"
          ],
          "custom_field_data": [],
          "custom_fields_html": ""
        }
      }
    },
    {
      "type": "Feature",
      "geometry": {
        "type": "Point",
        "coordinates": [
          -80.1354253,
          25.7696931
        ]
      },
      "properties": {
        "source_id": "miami-beach:wpgmza:158",
        "source_name": "City of Miami Beach Parking Facilities",
        "name": "P3 - Parking Lot",
        "facility_type": "surface_lot",
        "street": "710 1st Street, Miami Beach, FL, USA",
        "city": "Miami Beach",
        "state": "FL",
        "operator": "City of Miami Beach Parking Department",
        "access": "public",
        "fee": "yes",
        "charge": "$2/hr",
        "event_rate": "None",
        "maximum_time": "10 hours",
        "capacity": "14",
        "parkmobile_zone": "88617",
        "payment_provider": "ParkMobile / PayByPhone",
        "payment_app_url": "https://www2.paybyphone.com/park-in-miami-beach",
        "payment_note": "Official Miami Beach source lists ParkMobile zones and PayByPhone/ParkMobile app support; ParkingUSA does not infer a per-record checkout URL.",
        "ev_charging": "N/A",
        "confidence": 0.88,
        "last_verified_source": "City of Miami Beach Parking Facilities",
        "source_url": "https://www.miamibeachfl.gov/city-hall/parking/parking-garages-lot-locations/",
        "api_url": "https://www.miamibeachfl.gov/wp-json/wpgmza/v1/markers?map_id=17",
        "evidence_url": "https://www.miamibeachfl.gov/wp-json/wpgmza/v1/markers?map_id=17",
        "data_as_of": "2026-07-15T09:52:45.943Z",
        "existence_status": "confirmed",
        "price_status": "known_priced",
        "rule_status": "partial",
        "enrichment_status": "needs_payment_link",
        "payment_url": "",
        "booking_url": "",
        "raw_properties": {
          "map_id": "17",
          "address": "710 1st Street, Miami Beach, FL, USA",
          "description": "<p style=\"font-size: 18px;line-height: 1.5em;margin-top: 0px;margin-bottom: 15px;padding: 0px;border: 0px;font-family: proxima-nova, Arial, Verdana\"></p><hr id=\"null\"><span style=\", sans-serif;font-weight: 600\">Spaces</span><span style=\", sans-serif\">: 14<br></span><hr id=\"null\"><span style=\", sans-serif;font-weight: 600\">Hourly Rate</span><span style=\", sans-serif\">: $2/hr<br></span><hr id=\"null\"><span style=\", sans-serif;font-weight: 600\">Event Rate</span><span style=\", sans-serif\">:&nbsp;</span><span style=\", sans-serif\">None<br></span><hr id=\"null\"><span style=\", sans-serif;font-weight: 600\">Maximum Time</span><span style=\", sans-serif\">: 10 hours<br></span><hr id=\"null\"><span style=\", sans-serif;font-weight: 600\">Park Mobile</span><span style=\", sans-serif\">: 88617<br></span><hr id=\"null\"><span style=\", sans-serif;font-weight: 600\">Electric Vehicle Charging</span><span style=\", sans-serif\">: N/A<br></span><hr id=\"null\"><p></p>",
          "pic": "",
          "link": "",
          "icon": {
            "url": "//www.miamibeachfl.gov/wp-content/uploads/wp-google-maps/icons/64c01980748463.07399026.png",
            "retina": false
          },
          "lat": "25.7696931",
          "lng": "-80.1354253",
          "anim": "2",
          "title": "P3 - Parking Lot",
          "infoopen": "0",
          "category": "",
          "approved": "1",
          "retina": "0",
          "type": "0",
          "did": "",
          "sticky": "0",
          "layergroup": "1",
          "hover_icon": "//www.miamibeachfl.gov/wp-content/plugins/wp-google-maps/images/spotlight-poi3.png",
          "hover_retina": "0",
          "id": "158",
          "categories": [
            "7",
            "15"
          ],
          "custom_field_data": [],
          "custom_fields_html": ""
        }
      }
    },
    {
      "type": "Feature",
      "geometry": {
        "type": "Point",
        "coordinates": [
          -80.1346482,
          25.7706357
        ]
      },
      "properties": {
        "source_id": "miami-beach:wpgmza:159",
        "source_name": "City of Miami Beach Parking Facilities",
        "name": "P4 - Parking Lot",
        "facility_type": "surface_lot",
        "street": "139 Washington Avenue, Miami Beach, FL, USA",
        "city": "Miami Beach",
        "state": "FL",
        "operator": "City of Miami Beach Parking Department",
        "access": "public",
        "fee": "yes",
        "charge": "$2/hr",
        "event_rate": "None",
        "maximum_time": "10 hours",
        "capacity": "31",
        "parkmobile_zone": "88516",
        "payment_provider": "ParkMobile / PayByPhone",
        "payment_app_url": "https://www2.paybyphone.com/park-in-miami-beach",
        "payment_note": "Official Miami Beach source lists ParkMobile zones and PayByPhone/ParkMobile app support; ParkingUSA does not infer a per-record checkout URL.",
        "ev_charging": "N/A",
        "confidence": 0.88,
        "last_verified_source": "City of Miami Beach Parking Facilities",
        "source_url": "https://www.miamibeachfl.gov/city-hall/parking/parking-garages-lot-locations/",
        "api_url": "https://www.miamibeachfl.gov/wp-json/wpgmza/v1/markers?map_id=17",
        "evidence_url": "https://www.miamibeachfl.gov/wp-json/wpgmza/v1/markers?map_id=17",
        "data_as_of": "2026-07-15T09:52:45.943Z",
        "existence_status": "confirmed",
        "price_status": "known_priced",
        "rule_status": "partial",
        "enrichment_status": "needs_payment_link",
        "payment_url": "",
        "booking_url": "",
        "raw_properties": {
          "map_id": "17",
          "address": "139 Washington Avenue, Miami Beach, FL, USA",
          "description": "<p style=\"font-size: 18px;line-height: 1.5em;margin-top: 0px;margin-bottom: 15px;padding: 0px;border: 0px;font-family: proxima-nova, Arial, Verdana\"></p><hr id=\"null\"><span style=\", sans-serif;font-weight: 600\">Spaces</span><span style=\", sans-serif\">: 31<br></span><hr id=\"null\"><span style=\", sans-serif;font-weight: 600\">Hourly Rate</span><span style=\", sans-serif\">: $2/hr<br></span><hr id=\"null\"><span style=\", sans-serif;font-weight: 600\">Event Rate</span><span style=\", sans-serif\">: </span><span style=\", sans-serif\">None<br></span><hr id=\"null\"><span style=\", sans-serif;font-weight: 600\">Maximum Time</span><span style=\", sans-serif\">: 10 hours<br></span><hr id=\"null\"><span style=\", sans-serif;font-weight: 600\">Park Mobile</span><span style=\", sans-serif\">: 88516<br></span><hr id=\"null\"><span style=\", sans-serif;font-weight: 600\">Electric Vehicle Charging</span><span style=\", sans-serif\">: N/A<br></span><hr id=\"null\"><p></p>",
          "pic": "",
          "link": "",
          "icon": {
            "url": "//www.miamibeachfl.gov/wp-content/uploads/wp-google-maps/icons/64c01ae8ad4b95.90854438.png",
            "retina": false
          },
          "lat": "25.7706357",
          "lng": "-80.1346482",
          "anim": "2",
          "title": "P4 - Parking Lot",
          "infoopen": "0",
          "category": "",
          "approved": "1",
          "retina": "0",
          "type": "0",
          "did": "",
          "sticky": "0",
          "layergroup": "1",
          "hover_icon": "//www.miamibeachfl.gov/wp-content/plugins/wp-google-maps/images/spotlight-poi3.png",
          "hover_retina": "0",
          "id": "159",
          "categories": [
            "7",
            "15"
          ],
          "custom_field_data": [],
          "custom_fields_html": ""
        }
      }
    },
    {
      "type": "Feature",
      "geometry": {
        "type": "Point",
        "coordinates": [
          -80.1400339,
          25.7737268
        ]
      },
      "properties": {
        "source_id": "miami-beach:wpgmza:160",
        "source_name": "City of Miami Beach Parking Facilities",
        "name": "P5 - Parking Lot",
        "facility_type": "surface_lot",
        "street": "401 Alton Road, Miami Beach, FL, USA",
        "city": "Miami Beach",
        "state": "FL",
        "operator": "City of Miami Beach Parking Department",
        "access": "public",
        "fee": "yes",
        "charge": "$2/hr",
        "event_rate": "None",
        "maximum_time": "10 hours",
        "capacity": "25",
        "parkmobile_zone": "88604",
        "payment_provider": "ParkMobile / PayByPhone",
        "payment_app_url": "https://www2.paybyphone.com/park-in-miami-beach",
        "payment_note": "Official Miami Beach source lists ParkMobile zones and PayByPhone/ParkMobile app support; ParkingUSA does not infer a per-record checkout URL.",
        "ev_charging": "N/A",
        "confidence": 0.88,
        "last_verified_source": "City of Miami Beach Parking Facilities",
        "source_url": "https://www.miamibeachfl.gov/city-hall/parking/parking-garages-lot-locations/",
        "api_url": "https://www.miamibeachfl.gov/wp-json/wpgmza/v1/markers?map_id=17",
        "evidence_url": "https://www.miamibeachfl.gov/wp-json/wpgmza/v1/markers?map_id=17",
        "data_as_of": "2026-07-15T09:52:45.943Z",
        "existence_status": "confirmed",
        "price_status": "known_priced",
        "rule_status": "partial",
        "enrichment_status": "needs_payment_link",
        "payment_url": "",
        "booking_url": "",
        "raw_properties": {
          "map_id": "17",
          "address": "401 Alton Road, Miami Beach, FL, USA",
          "description": "<p style=\"font-size: 18px;line-height: 1.5em;margin-top: 0px;margin-bottom: 15px;padding: 0px;border: 0px;font-family: proxima-nova, Arial, Verdana\"></p><hr id=\"null\"><span style=\", sans-serif;font-weight: 600\">Spaces</span><span style=\", sans-serif\">: 25<br></span><hr id=\"null\"><span style=\", sans-serif;font-weight: 600\">Hourly Rate</span><span style=\", sans-serif\">: $2/hr<br></span><hr id=\"null\"><span style=\", sans-serif;font-weight: 600\">Event Rate</span><span style=\", sans-serif\">: </span><span style=\", sans-serif\">None<br></span><hr id=\"null\"><span style=\", sans-serif;font-weight: 600\">Maximum Time</span><span style=\", sans-serif\">: 10 hours<br></span><hr id=\"null\"><span style=\", sans-serif;font-weight: 600\">Park Mobile</span><span style=\", sans-serif\">: 88604<br></span><hr id=\"null\"><span style=\", sans-serif;font-weight: 600\">Electric Vehicle Charging</span><span style=\", sans-serif\">: N/A<br></span><hr id=\"null\"><p></p>",
          "pic": "",
          "link": "",
          "icon": {
            "url": "//www.miamibeachfl.gov/wp-content/uploads/wp-google-maps/icons/64c01b7c2408f5.50840309.png",
            "retina": false
          },
          "lat": "25.7737268",
          "lng": "-80.1400339",
          "anim": "2",
          "title": "P5 - Parking Lot",
          "infoopen": "0",
          "category": "",
          "approved": "1",
          "retina": "0",
          "type": "0",
          "did": "",
          "sticky": "0",
          "layergroup": "1",
          "hover_icon": "//www.miamibeachfl.gov/wp-content/plugins/wp-google-maps/images/spotlight-poi3.png",
          "hover_retina": "0",
          "id": "160",
          "categories": [
            "7",
            "15"
          ],
          "custom_field_data": [],
          "custom_fields_html": ""
        }
      }
    },
    {
      "type": "Feature",
      "geometry": {
        "type": "Point",
        "coordinates": [
          -80.13788629999999,
          25.7821364
        ]
      },
      "properties": {
        "source_id": "miami-beach:wpgmza:161",
        "source_name": "City of Miami Beach Parking Facilities",
        "name": "P9 - Parking Lot",
        "facility_type": "surface_lot",
        "street": "943 11th Street, Miami Beach, FL, USA",
        "city": "Miami Beach",
        "state": "FL",
        "operator": "City of Miami Beach Parking Department",
        "access": "public",
        "fee": "yes",
        "charge": "N/A",
        "event_rate": "None",
        "maximum_time": "10 hours",
        "capacity": "118",
        "parkmobile_zone": "",
        "payment_provider": "",
        "payment_app_url": "",
        "payment_note": "",
        "ev_charging": "N/A",
        "confidence": 0.88,
        "last_verified_source": "City of Miami Beach Parking Facilities",
        "source_url": "https://www.miamibeachfl.gov/city-hall/parking/parking-garages-lot-locations/",
        "api_url": "https://www.miamibeachfl.gov/wp-json/wpgmza/v1/markers?map_id=17",
        "evidence_url": "https://www.miamibeachfl.gov/wp-json/wpgmza/v1/markers?map_id=17",
        "data_as_of": "2026-07-15T09:52:45.943Z",
        "existence_status": "confirmed",
        "price_status": "known_unpriced",
        "rule_status": "partial",
        "enrichment_status": "needs_price",
        "payment_url": "",
        "booking_url": "",
        "raw_properties": {
          "map_id": "17",
          "address": "943 11th Street, Miami Beach, FL, USA",
          "description": "<p style=\"font-size: 18px;line-height: 1.5em;margin-top: 0px;margin-bottom: 15px;padding: 0px;border: 0px;font-family: proxima-nova, Arial, Verdana\"></p><hr id=\"null\"><span style=\", sans-serif;font-weight: 600\">Spaces</span><span style=\", sans-serif\">: 118<br></span><hr id=\"null\"><span style=\", sans-serif;font-weight: 600\">Hourly Rate</span><span style=\", sans-serif\">: N/A<br></span><hr id=\"null\"><span style=\", sans-serif;font-weight: 600\">Event Rate</span><span style=\", sans-serif\">: </span><span style=\", sans-serif\">None<br></span><hr id=\"null\"><span style=\", sans-serif;font-weight: 600\">Maximum Time</span><span style=\", sans-serif\">: 10 hours<br></span><hr id=\"null\"><span style=\", sans-serif;font-weight: 600\">Park Mobile</span><span style=\", sans-serif\">:&nbsp;<br></span><hr id=\"null\"><span style=\", sans-serif;font-weight: 600\">Electric Vehicle Charging</span><span style=\", sans-serif\">: N/A<br></span><hr id=\"null\"><p></p>",
          "pic": "",
          "link": "",
          "icon": {
            "url": "//www.miamibeachfl.gov/wp-content/uploads/wp-google-maps/icons/64c01c320c2075.43227186.png",
            "retina": false
          },
          "lat": "25.7821364",
          "lng": "-80.13788629999999",
          "anim": "2",
          "title": "P9 - Parking Lot",
          "infoopen": "0",
          "category": "",
          "approved": "1",
          "retina": "0",
          "type": "0",
          "did": "",
          "sticky": "0",
          "layergroup": "1",
          "hover_icon": "//www.miamibeachfl.gov/wp-content/plugins/wp-google-maps/images/spotlight-poi3.png",
          "hover_retina": "0",
          "id": "161",
          "categories": [
            "7",
            "15"
          ],
          "custom_field_data": [],
          "custom_fields_html": ""
        }
      }
    },
    {
      "type": "Feature",
      "geometry": {
        "type": "Point",
        "coordinates": [
          -80.1393365,
          25.7868664
        ]
      },
      "properties": {
        "source_id": "miami-beach:wpgmza:162",
        "source_name": "City of Miami Beach Parking Facilities",
        "name": "P10 - Parking Lot",
        "facility_type": "surface_lot",
        "street": "1440 Michigan Avenue, Miami Beach, FL, USA",
        "city": "Miami Beach",
        "state": "FL",
        "operator": "City of Miami Beach Parking Department",
        "access": "public",
        "fee": "yes",
        "charge": "N/A",
        "event_rate": "None",
        "maximum_time": "3 hours",
        "capacity": "134",
        "parkmobile_zone": "",
        "payment_provider": "",
        "payment_app_url": "",
        "payment_note": "",
        "ev_charging": "N/A",
        "confidence": 0.88,
        "last_verified_source": "City of Miami Beach Parking Facilities",
        "source_url": "https://www.miamibeachfl.gov/city-hall/parking/parking-garages-lot-locations/",
        "api_url": "https://www.miamibeachfl.gov/wp-json/wpgmza/v1/markers?map_id=17",
        "evidence_url": "https://www.miamibeachfl.gov/wp-json/wpgmza/v1/markers?map_id=17",
        "data_as_of": "2026-07-15T09:52:45.943Z",
        "existence_status": "confirmed",
        "price_status": "known_unpriced",
        "rule_status": "partial",
        "enrichment_status": "needs_price",
        "payment_url": "",
        "booking_url": "",
        "raw_properties": {
          "map_id": "17",
          "address": "1440 Michigan Avenue, Miami Beach, FL, USA",
          "description": "<p style=\"font-size: 18px;line-height: 1.5em;margin-top: 0px;margin-bottom: 15px;padding: 0px;border: 0px;font-family: proxima-nova, Arial, Verdana\"></p><hr id=\"null\"><span style=\", sans-serif;font-weight: 600\">Spaces</span><span style=\", sans-serif\">: 134<br></span><hr id=\"null\"><span style=\", sans-serif;font-weight: 600\">Hourly Rate</span><span style=\", sans-serif\">: N/A<br></span><hr id=\"null\"><span style=\", sans-serif;font-weight: 600\">Event Rate</span><span style=\", sans-serif\">: </span><span style=\", sans-serif\">None<br></span><hr id=\"null\"><span style=\", sans-serif;font-weight: 600\">Maximum Time</span><span style=\", sans-serif\">: 3 hours<br></span><hr id=\"null\"><span style=\", sans-serif;font-weight: 600\">Park Mobile</span><span style=\", sans-serif\">:&nbsp;<br></span><hr id=\"null\"><span style=\", sans-serif;font-weight: 600\">Electric Vehicle Charging</span><span style=\", sans-serif\">: N/A<br></span><hr id=\"null\"><p></p>",
          "pic": "",
          "link": "",
          "icon": {
            "url": "//www.miamibeachfl.gov/wp-content/uploads/wp-google-maps/icons/64c01ca5382595.31363298.png",
            "retina": false
          },
          "lat": "25.7868664",
          "lng": "-80.1393365",
          "anim": "2",
          "title": "P10 - Parking Lot",
          "infoopen": "0",
          "category": "",
          "approved": "1",
          "retina": "0",
          "type": "0",
          "did": "",
          "sticky": "0",
          "layergroup": "1",
          "hover_icon": "//www.miamibeachfl.gov/wp-content/plugins/wp-google-maps/images/spotlight-poi3.png",
          "hover_retina": "0",
          "id": "162",
          "categories": [
            "7",
            "15"
          ],
          "custom_field_data": [],
          "custom_fields_html": ""
        }
      }
    },
    {
      "type": "Feature",
      "geometry": {
        "type": "Point",
        "coordinates": [
          -80.1367959,
          25.7760699
        ]
      },
      "properties": {
        "source_id": "miami-beach:wpgmza:163",
        "source_name": "City of Miami Beach Parking Facilities",
        "name": "P11 - Parking Lot",
        "facility_type": "surface_lot",
        "street": "833 6th Street, Miami Beach, FL, USA",
        "city": "Miami Beach",
        "state": "FL",
        "operator": "City of Miami Beach Parking Department",
        "access": "public",
        "fee": "yes",
        "charge": "$2/hr",
        "event_rate": "None",
        "maximum_time": "10 hours",
        "capacity": "27",
        "parkmobile_zone": "88505",
        "payment_provider": "ParkMobile / PayByPhone",
        "payment_app_url": "https://www2.paybyphone.com/park-in-miami-beach",
        "payment_note": "Official Miami Beach source lists ParkMobile zones and PayByPhone/ParkMobile app support; ParkingUSA does not infer a per-record checkout URL.",
        "ev_charging": "N/A",
        "confidence": 0.88,
        "last_verified_source": "City of Miami Beach Parking Facilities",
        "source_url": "https://www.miamibeachfl.gov/city-hall/parking/parking-garages-lot-locations/",
        "api_url": "https://www.miamibeachfl.gov/wp-json/wpgmza/v1/markers?map_id=17",
        "evidence_url": "https://www.miamibeachfl.gov/wp-json/wpgmza/v1/markers?map_id=17",
        "data_as_of": "2026-07-15T09:52:45.943Z",
        "existence_status": "confirmed",
        "price_status": "known_priced",
        "rule_status": "partial",
        "enrichment_status": "needs_payment_link",
        "payment_url": "",
        "booking_url": "",
        "raw_properties": {
          "map_id": "17",
          "address": "833 6th Street, Miami Beach, FL, USA",
          "description": "<p style=\"font-size: 18px;line-height: 1.5em;margin-top: 0px;margin-bottom: 15px;padding: 0px;border: 0px;font-family: proxima-nova, Arial, Verdana\"></p><hr id=\"null\"><span style=\", sans-serif;font-weight: 600\">Spaces</span><span style=\", sans-serif\">: 27<br></span><hr id=\"null\"><span style=\", sans-serif;font-weight: 600\">Hourly Rate</span><span style=\", sans-serif\">: $2/hr<br></span><hr id=\"null\"><span style=\", sans-serif;font-weight: 600\">Event Rate</span><span style=\", sans-serif\">: </span><span style=\", sans-serif\">None<br></span><hr id=\"null\"><span style=\", sans-serif;font-weight: 600\">Maximum Time</span><span style=\", sans-serif\">: 10 hours<br></span><hr id=\"null\"><span style=\", sans-serif;font-weight: 600\">Park Mobile</span><span style=\", sans-serif\">: 88505<br></span><hr id=\"null\"><span style=\", sans-serif;font-weight: 600\">Electric Vehicle Charging</span><span style=\", sans-serif\">: N/A<br></span><hr id=\"null\"><p></p>",
          "pic": "",
          "link": "",
          "icon": {
            "url": "//www.miamibeachfl.gov/wp-content/uploads/wp-google-maps/icons/64c01d2e9a6b06.16843425.png",
            "retina": false
          },
          "lat": "25.7760699",
          "lng": "-80.1367959",
          "anim": "2",
          "title": "P11 - Parking Lot",
          "infoopen": "0",
          "category": "",
          "approved": "1",
          "retina": "0",
          "type": "0",
          "did": "",
          "sticky": "0",
          "layergroup": "1",
          "hover_icon": "//www.miamibeachfl.gov/wp-content/plugins/wp-google-maps/images/spotlight-poi3.png",
          "hover_retina": "0",
          "id": "163",
          "categories": [
            "7",
            "15"
          ],
          "custom_field_data": [],
          "custom_fields_html": ""
        }
      }
    },
    {
      "type": "Feature",
      "geometry": {
        "type": "Point",
        "coordinates": [
          -80.1333502,
          25.7796319
        ]
      },
      "properties": {
        "source_id": "miami-beach:wpgmza:164",
        "source_name": "City of Miami Beach Parking Facilities",
        "name": "P12 - Parking Lot",
        "facility_type": "surface_lot",
        "street": "900 Washington Avenue, Miami Beach, FL, USA",
        "city": "Miami Beach",
        "state": "FL",
        "operator": "City of Miami Beach Parking Department",
        "access": "public",
        "fee": "yes",
        "charge": "$2/hr",
        "event_rate": "None",
        "maximum_time": "8 hours",
        "capacity": "22",
        "parkmobile_zone": "88552",
        "payment_provider": "ParkMobile / PayByPhone",
        "payment_app_url": "https://www2.paybyphone.com/park-in-miami-beach",
        "payment_note": "Official Miami Beach source lists ParkMobile zones and PayByPhone/ParkMobile app support; ParkingUSA does not infer a per-record checkout URL.",
        "ev_charging": "N/A",
        "confidence": 0.88,
        "last_verified_source": "City of Miami Beach Parking Facilities",
        "source_url": "https://www.miamibeachfl.gov/city-hall/parking/parking-garages-lot-locations/",
        "api_url": "https://www.miamibeachfl.gov/wp-json/wpgmza/v1/markers?map_id=17",
        "evidence_url": "https://www.miamibeachfl.gov/wp-json/wpgmza/v1/markers?map_id=17",
        "data_as_of": "2026-07-15T09:52:45.943Z",
        "existence_status": "confirmed",
        "price_status": "known_priced",
        "rule_status": "partial",
        "enrichment_status": "needs_payment_link",
        "payment_url": "",
        "booking_url": "",
        "raw_properties": {
          "map_id": "17",
          "address": "900 Washington Avenue, Miami Beach, FL, USA",
          "description": "<p style=\"font-size: 18px;line-height: 1.5em;margin-top: 0px;margin-bottom: 15px;padding: 0px;border: 0px;font-family: proxima-nova, Arial, Verdana\"></p><hr id=\"null\"><span style=\", sans-serif;font-weight: 600\">Spaces</span><span style=\", sans-serif\">: 22<br></span><hr id=\"null\"><span style=\", sans-serif;font-weight: 600\">Hourly Rate</span><span style=\", sans-serif\">: $2/hr<br></span><hr id=\"null\"><span style=\", sans-serif;font-weight: 600\">Event Rate</span><span style=\", sans-serif\">: </span><span style=\", sans-serif\">None<br></span><hr id=\"null\"><span style=\", sans-serif;font-weight: 600\">Maximum Time</span><span style=\", sans-serif\">: 8 hours<br></span><hr id=\"null\"><span style=\", sans-serif;font-weight: 600\">Park Mobile</span><span style=\", sans-serif\">: 88552<br></span><hr id=\"null\"><span style=\", sans-serif;font-weight: 600\">Electric Vehicle Charging</span><span style=\", sans-serif\">: N/A<br></span><hr id=\"null\"><p></p>",
          "pic": "",
          "link": "",
          "icon": {
            "url": "//www.miamibeachfl.gov/wp-content/uploads/wp-google-maps/icons/64c01d899352b9.04611410.png",
            "retina": false
          },
          "lat": "25.7796319",
          "lng": "-80.1333502",
          "anim": "2",
          "title": "P12 - Parking Lot",
          "infoopen": "0",
          "category": "",
          "approved": "1",
          "retina": "0",
          "type": "0",
          "did": "",
          "sticky": "0",
          "layergroup": "1",
          "hover_icon": "//www.miamibeachfl.gov/wp-content/plugins/wp-google-maps/images/spotlight-poi3.png",
          "hover_retina": "0",
          "id": "164",
          "categories": [
            "7",
            "15"
          ],
          "custom_field_data": [],
          "custom_fields_html": ""
        }
      }
    },
    {
      "type": "Feature",
      "geometry": {
        "type": "Point",
        "coordinates": [
          -80.1331757,
          25.7809007
        ]
      },
      "properties": {
        "source_id": "miami-beach:wpgmza:165",
        "source_name": "City of Miami Beach Parking Facilities",
        "name": "P13 - Parking Lot",
        "facility_type": "surface_lot",
        "street": "1000 Washington Avenue, Miami Beach, FL, USA",
        "city": "Miami Beach",
        "state": "FL",
        "operator": "City of Miami Beach Parking Department",
        "access": "public",
        "fee": "yes",
        "charge": "$2/hr",
        "event_rate": "None",
        "maximum_time": "8 hours",
        "capacity": "37",
        "parkmobile_zone": "88553",
        "payment_provider": "ParkMobile / PayByPhone",
        "payment_app_url": "https://www2.paybyphone.com/park-in-miami-beach",
        "payment_note": "Official Miami Beach source lists ParkMobile zones and PayByPhone/ParkMobile app support; ParkingUSA does not infer a per-record checkout URL.",
        "ev_charging": "N/A",
        "confidence": 0.88,
        "last_verified_source": "City of Miami Beach Parking Facilities",
        "source_url": "https://www.miamibeachfl.gov/city-hall/parking/parking-garages-lot-locations/",
        "api_url": "https://www.miamibeachfl.gov/wp-json/wpgmza/v1/markers?map_id=17",
        "evidence_url": "https://www.miamibeachfl.gov/wp-json/wpgmza/v1/markers?map_id=17",
        "data_as_of": "2026-07-15T09:52:45.943Z",
        "existence_status": "confirmed",
        "price_status": "known_priced",
        "rule_status": "partial",
        "enrichment_status": "needs_payment_link",
        "payment_url": "",
        "booking_url": "",
        "raw_properties": {
          "map_id": "17",
          "address": "1000 Washington Avenue, Miami Beach, FL, USA",
          "description": "<p style=\"font-size: 18px;line-height: 1.5em;margin-top: 0px;margin-bottom: 15px;padding: 0px;border: 0px;font-family: proxima-nova, Arial, Verdana\"></p><hr id=\"null\"><span style=\", sans-serif;font-weight: 600\">Spaces</span><span style=\", sans-serif\">: 37<br></span><hr id=\"null\"><span style=\", sans-serif;font-weight: 600\">Hourly Rate</span><span style=\", sans-serif\">: $2/hr<br></span><hr id=\"null\"><span style=\", sans-serif;font-weight: 600\">Event Rate</span><span style=\", sans-serif\">: </span><span style=\", sans-serif\">None<br></span><hr id=\"null\"><span style=\", sans-serif;font-weight: 600\">Maximum Time</span><span style=\", sans-serif\">: 8 hours<br></span><hr id=\"null\"><span style=\", sans-serif;font-weight: 600\">Park Mobile</span><span style=\", sans-serif\">: 88553<br></span><hr id=\"null\"><span style=\", sans-serif;font-weight: 600\">Electric Vehicle Charging</span><span style=\", sans-serif\">: N/A<br></span><hr id=\"null\"><p></p>",
          "pic": "",
          "link": "",
          "icon": {
            "url": "//www.miamibeachfl.gov/wp-content/uploads/wp-google-maps/icons/64c01db7cfb488.43820593.png",
            "retina": false
          },
          "lat": "25.7809007",
          "lng": "-80.1331757",
          "anim": "2",
          "title": "P13 - Parking Lot",
          "infoopen": "0",
          "category": "",
          "approved": "1",
          "retina": "0",
          "type": "0",
          "did": "",
          "sticky": "0",
          "layergroup": "1",
          "hover_icon": "//www.miamibeachfl.gov/wp-content/plugins/wp-google-maps/images/spotlight-poi3.png",
          "hover_retina": "0",
          "id": "165",
          "categories": [
            "7",
            "15"
          ],
          "custom_field_data": [],
          "custom_fields_html": ""
        }
      }
    },
    {
      "type": "Feature",
      "geometry": {
        "type": "Point",
        "coordinates": [
          -80.13125649999999,
          25.7838804
        ]
      },
      "properties": {
        "source_id": "miami-beach:wpgmza:166",
        "source_name": "City of Miami Beach Parking Facilities",
        "name": "P16 - Parking Lot",
        "facility_type": "surface_lot",
        "street": "1262 Collins Avenue, Miami Beach, FL, USA",
        "city": "Miami Beach",
        "state": "FL",
        "operator": "City of Miami Beach Parking Department",
        "access": "public",
        "fee": "yes",
        "charge": "$2/hr",
        "event_rate": "None",
        "maximum_time": "10 hours",
        "capacity": "50",
        "parkmobile_zone": "88565",
        "payment_provider": "ParkMobile / PayByPhone",
        "payment_app_url": "https://www2.paybyphone.com/park-in-miami-beach",
        "payment_note": "Official Miami Beach source lists ParkMobile zones and PayByPhone/ParkMobile app support; ParkingUSA does not infer a per-record checkout URL.",
        "ev_charging": "N/A",
        "confidence": 0.88,
        "last_verified_source": "City of Miami Beach Parking Facilities",
        "source_url": "https://www.miamibeachfl.gov/city-hall/parking/parking-garages-lot-locations/",
        "api_url": "https://www.miamibeachfl.gov/wp-json/wpgmza/v1/markers?map_id=17",
        "evidence_url": "https://www.miamibeachfl.gov/wp-json/wpgmza/v1/markers?map_id=17",
        "data_as_of": "2026-07-15T09:52:45.943Z",
        "existence_status": "confirmed",
        "price_status": "known_priced",
        "rule_status": "partial",
        "enrichment_status": "needs_payment_link",
        "payment_url": "",
        "booking_url": "",
        "raw_properties": {
          "map_id": "17",
          "address": "1262 Collins Avenue, Miami Beach, FL, USA",
          "description": "<p style=\"font-size: 18px;line-height: 1.5em;margin-top: 0px;margin-bottom: 15px;padding: 0px;border: 0px;font-family: proxima-nova, Arial, Verdana\"></p><hr id=\"null\"><span style=\", sans-serif;font-weight: 600\">Spaces</span><span style=\", sans-serif\">: 50<br></span><hr id=\"null\"><span style=\", sans-serif;font-weight: 600\">Hourly Rate</span><span style=\", sans-serif\">: $2/hr<br></span><hr id=\"null\"><span style=\", sans-serif;font-weight: 600\">Event Rate</span><span style=\", sans-serif\">: </span><span style=\", sans-serif\">None<br></span><hr id=\"null\"><span style=\", sans-serif;font-weight: 600\">Maximum Time</span><span style=\", sans-serif\">: 10 hours<br></span><hr id=\"null\"><span style=\", sans-serif;font-weight: 600\">Park Mobile</span><span style=\", sans-serif\">: 88565<br></span><hr id=\"null\"><span style=\", sans-serif;font-weight: 600\">Electric Vehicle Charging</span><span style=\", sans-serif\">: N/A<br></span><hr id=\"null\"><p></p>",
          "pic": "",
          "link": "",
          "icon": {
            "url": "//www.miamibeachfl.gov/wp-content/uploads/wp-google-maps/icons/64c01e5456cca3.41719477.png",
            "retina": false
          },
          "lat": "25.7838804",
          "lng": "-80.13125649999999",
          "anim": "2",
          "title": "P16 - Parking Lot",
          "infoopen": "0",
          "category": "",
          "approved": "1",
          "retina": "0",
          "type": "0",
          "did": "",
          "sticky": "0",
          "layergroup": "1",
          "hover_icon": "//www.miamibeachfl.gov/wp-content/plugins/wp-google-maps/images/spotlight-poi3.png",
          "hover_retina": "0",
          "id": "166",
          "categories": [
            "7",
            "15"
          ],
          "custom_field_data": [],
          "custom_fields_html": ""
        }
      }
    },
    {
      "type": "Feature",
      "geometry": {
        "type": "Point",
        "coordinates": [
          -80.1357507,
          25.7898139
        ]
      },
      "properties": {
        "source_id": "miami-beach:wpgmza:167",
        "source_name": "City of Miami Beach Parking Facilities",
        "name": "P18 - Parking Lot",
        "facility_type": "surface_lot",
        "street": "1620 Euclid Avenue, Miami Beach, FL, USA",
        "city": "Miami Beach",
        "state": "FL",
        "operator": "City of Miami Beach Parking Department",
        "access": "public",
        "fee": "yes",
        "charge": "$2/hr",
        "event_rate": "None",
        "maximum_time": "10 hours",
        "capacity": "38",
        "parkmobile_zone": "88549",
        "payment_provider": "ParkMobile / PayByPhone",
        "payment_app_url": "https://www2.paybyphone.com/park-in-miami-beach",
        "payment_note": "Official Miami Beach source lists ParkMobile zones and PayByPhone/ParkMobile app support; ParkingUSA does not infer a per-record checkout URL.",
        "ev_charging": "N/A",
        "confidence": 0.88,
        "last_verified_source": "City of Miami Beach Parking Facilities",
        "source_url": "https://www.miamibeachfl.gov/city-hall/parking/parking-garages-lot-locations/",
        "api_url": "https://www.miamibeachfl.gov/wp-json/wpgmza/v1/markers?map_id=17",
        "evidence_url": "https://www.miamibeachfl.gov/wp-json/wpgmza/v1/markers?map_id=17",
        "data_as_of": "2026-07-15T09:52:45.943Z",
        "existence_status": "confirmed",
        "price_status": "known_priced",
        "rule_status": "partial",
        "enrichment_status": "needs_payment_link",
        "payment_url": "",
        "booking_url": "",
        "raw_properties": {
          "map_id": "17",
          "address": "1620 Euclid Avenue, Miami Beach, FL, USA",
          "description": "<p style=\"font-size: 18px;line-height: 1.5em;margin-top: 0px;margin-bottom: 15px;padding: 0px;border: 0px;font-family: proxima-nova, Arial, Verdana\"></p><hr id=\"null\"><span style=\", sans-serif;font-weight: 600\">Spaces</span><span style=\", sans-serif\">: 38<br></span><hr id=\"null\"><span style=\", sans-serif;font-weight: 600\">Hourly Rate</span><span style=\", sans-serif\">: $2/hr<br></span><hr id=\"null\"><span style=\", sans-serif;font-weight: 600\">Event Rate</span><span style=\", sans-serif\">: </span><span style=\", sans-serif\">None<br></span><hr id=\"null\"><span style=\", sans-serif;font-weight: 600\">Maximum Time</span><span style=\", sans-serif\">: 10 hours<br></span><hr id=\"null\"><span style=\", sans-serif;font-weight: 600\">Park Mobile</span><span style=\", sans-serif\">: 88549<br></span><hr id=\"null\"><span style=\", sans-serif;font-weight: 600\">Electric Vehicle Charging</span><span style=\", sans-serif\">: N/A<br></span><hr id=\"null\"><p></p>",
          "pic": "",
          "link": "",
          "icon": {
            "url": "//www.miamibeachfl.gov/wp-content/uploads/wp-google-maps/icons/64c01eaacdd200.75784086.png",
            "retina": false
          },
          "lat": "25.7898139",
          "lng": "-80.1357507",
          "anim": "2",
          "title": "P18 - Parking Lot",
          "infoopen": "0",
          "category": "",
          "approved": "1",
          "retina": "0",
          "type": "0",
          "did": "",
          "sticky": "0",
          "layergroup": "1",
          "hover_icon": "//www.miamibeachfl.gov/wp-content/plugins/wp-google-maps/images/spotlight-poi3.png",
          "hover_retina": "0",
          "id": "167",
          "categories": [
            "7",
            "15"
          ],
          "custom_field_data": [],
          "custom_fields_html": ""
        }
      }
    },
    {
      "type": "Feature",
      "geometry": {
        "type": "Point",
        "coordinates": [
          -80.1373741,
          25.7898535
        ]
      },
      "properties": {
        "source_id": "miami-beach:wpgmza:168",
        "source_name": "City of Miami Beach Parking Facilities",
        "name": "P19 - Parking Lot",
        "facility_type": "surface_lot",
        "street": "1621 Jefferson Avenue, Miami Beach, FL, USA",
        "city": "Miami Beach",
        "state": "FL",
        "operator": "City of Miami Beach Parking Department",
        "access": "public",
        "fee": "yes",
        "charge": "$2/hr",
        "event_rate": "None",
        "maximum_time": "10 hours",
        "capacity": "20",
        "parkmobile_zone": "88548",
        "payment_provider": "ParkMobile / PayByPhone",
        "payment_app_url": "https://www2.paybyphone.com/park-in-miami-beach",
        "payment_note": "Official Miami Beach source lists ParkMobile zones and PayByPhone/ParkMobile app support; ParkingUSA does not infer a per-record checkout URL.",
        "ev_charging": "N/A",
        "confidence": 0.88,
        "last_verified_source": "City of Miami Beach Parking Facilities",
        "source_url": "https://www.miamibeachfl.gov/city-hall/parking/parking-garages-lot-locations/",
        "api_url": "https://www.miamibeachfl.gov/wp-json/wpgmza/v1/markers?map_id=17",
        "evidence_url": "https://www.miamibeachfl.gov/wp-json/wpgmza/v1/markers?map_id=17",
        "data_as_of": "2026-07-15T09:52:45.943Z",
        "existence_status": "confirmed",
        "price_status": "known_priced",
        "rule_status": "partial",
        "enrichment_status": "needs_payment_link",
        "payment_url": "",
        "booking_url": "",
        "raw_properties": {
          "map_id": "17",
          "address": "1621 Jefferson Avenue, Miami Beach, FL, USA",
          "description": "<p style=\"font-size: 18px;line-height: 1.5em;margin-top: 0px;margin-bottom: 15px;padding: 0px;border: 0px;font-family: proxima-nova, Arial, Verdana\"></p><hr id=\"null\"><span style=\", sans-serif;font-weight: 600\">Spaces</span><span style=\", sans-serif\">: 20<br></span><hr id=\"null\"><span style=\", sans-serif;font-weight: 600\">Hourly Rate</span><span style=\", sans-serif\">: $2/hr<br></span><hr id=\"null\"><span style=\", sans-serif;font-weight: 600\">Event Rate</span><span style=\", sans-serif\">: </span><span style=\", sans-serif\">None<br></span><hr id=\"null\"><span style=\", sans-serif;font-weight: 600\">Maximum Time</span><span style=\", sans-serif\">: 10 hours<br></span><hr id=\"null\"><span style=\", sans-serif;font-weight: 600\">Park Mobile</span><span style=\", sans-serif\">: 88548<br></span><hr id=\"null\"><span style=\", sans-serif;font-weight: 600\">Electric Vehicle Charging</span><span style=\", sans-serif\">: N/A<br></span><hr id=\"null\"><p></p>",
          "pic": "",
          "link": "",
          "icon": {
            "url": "//www.miamibeachfl.gov/wp-content/uploads/wp-google-maps/icons/64c01ee1b1ceb1.08901356.png",
            "retina": false
          },
          "lat": "25.7898535",
          "lng": "-80.1373741",
          "anim": "2",
          "title": "P19 - Parking Lot",
          "infoopen": "0",
          "category": "",
          "approved": "1",
          "retina": "0",
          "type": "0",
          "did": "",
          "sticky": "0",
          "layergroup": "1",
          "hover_icon": "//www.miamibeachfl.gov/wp-content/plugins/wp-google-maps/images/spotlight-poi3.png",
          "hover_retina": "0",
          "id": "168",
          "categories": [
            "7",
            "15"
          ],
          "custom_field_data": [],
          "custom_fields_html": ""
        }
      }
    },
    {
      "type": "Feature",
      "geometry": {
        "type": "Point",
        "coordinates": [
          -80.1381944,
          25.7898144
        ]
      },
      "properties": {
        "source_id": "miami-beach:wpgmza:170",
        "source_name": "City of Miami Beach Parking Facilities",
        "name": "P20 - Parking Lot",
        "facility_type": "surface_lot",
        "street": "1620 Jefferson Avenue, Miami Beach, FL, USA",
        "city": "Miami Beach",
        "state": "FL",
        "operator": "City of Miami Beach Parking Department",
        "access": "public",
        "fee": "yes",
        "charge": "$2/hr",
        "event_rate": "None",
        "maximum_time": "10 hours",
        "capacity": "70",
        "parkmobile_zone": "88547",
        "payment_provider": "ParkMobile / PayByPhone",
        "payment_app_url": "https://www2.paybyphone.com/park-in-miami-beach",
        "payment_note": "Official Miami Beach source lists ParkMobile zones and PayByPhone/ParkMobile app support; ParkingUSA does not infer a per-record checkout URL.",
        "ev_charging": "N/A",
        "confidence": 0.88,
        "last_verified_source": "City of Miami Beach Parking Facilities",
        "source_url": "https://www.miamibeachfl.gov/city-hall/parking/parking-garages-lot-locations/",
        "api_url": "https://www.miamibeachfl.gov/wp-json/wpgmza/v1/markers?map_id=17",
        "evidence_url": "https://www.miamibeachfl.gov/wp-json/wpgmza/v1/markers?map_id=17",
        "data_as_of": "2026-07-15T09:52:45.943Z",
        "existence_status": "confirmed",
        "price_status": "known_priced",
        "rule_status": "partial",
        "enrichment_status": "needs_payment_link",
        "payment_url": "",
        "booking_url": "",
        "raw_properties": {
          "map_id": "17",
          "address": "1620 Jefferson Avenue, Miami Beach, FL, USA",
          "description": "<p style=\"font-size: 18px;line-height: 1.5em;margin-top: 0px;margin-bottom: 15px;padding: 0px;border: 0px;font-family: proxima-nova, Arial, Verdana\"></p><hr id=\"null\"><span style=\", sans-serif;font-weight: 600\">Spaces</span><span style=\", sans-serif\">: 70<br></span><hr id=\"null\"><span style=\", sans-serif;font-weight: 600\">Hourly Rate</span><span style=\", sans-serif\">: $2/hr<br></span><hr id=\"null\"><span style=\", sans-serif;font-weight: 600\">Event Rate</span><span style=\", sans-serif\">: </span><span style=\", sans-serif\">None<br></span><hr id=\"null\"><span style=\", sans-serif;font-weight: 600\">Maximum Time</span><span style=\", sans-serif\">: 10 hours<br></span><hr id=\"null\"><span style=\", sans-serif;font-weight: 600\">Park Mobile</span><span style=\", sans-serif\">: 88547<br></span><hr id=\"null\"><span style=\", sans-serif;font-weight: 600\">Electric Vehicle Charging</span><span style=\", sans-serif\">: N/A<br></span><hr id=\"null\"><p></p>",
          "pic": "",
          "link": "",
          "icon": {
            "url": "//www.miamibeachfl.gov/wp-content/uploads/wp-google-maps/icons/64c0204f1eccf1.50444384.png",
            "retina": false
          },
          "lat": "25.7898144",
          "lng": "-80.1381944",
          "anim": "2",
          "title": "P20 - Parking Lot",
          "infoopen": "0",
          "category": "",
          "approved": "1",
          "retina": "0",
          "type": "0",
          "did": "",
          "sticky": "0",
          "layergroup": "1",
          "hover_icon": "//www.miamibeachfl.gov/wp-content/plugins/wp-google-maps/images/spotlight-poi3.png",
          "hover_retina": "0",
          "id": "170",
          "categories": [
            "7",
            "15"
          ],
          "custom_field_data": [],
          "custom_fields_html": ""
        }
      }
    },
    {
      "type": "Feature",
      "geometry": {
        "type": "Point",
        "coordinates": [
          -80.1390639,
          25.7898553
        ]
      },
      "properties": {
        "source_id": "miami-beach:wpgmza:171",
        "source_name": "City of Miami Beach Parking Facilities",
        "name": "P21 - Parking Lot",
        "facility_type": "surface_lot",
        "street": "1620 Michigan Ave, Miami Beach, FL, USA",
        "city": "Miami Beach",
        "state": "FL",
        "operator": "City of Miami Beach Parking Department",
        "access": "public",
        "fee": "yes",
        "charge": "$2/hr",
        "event_rate": "None",
        "maximum_time": "10 hours",
        "capacity": "22",
        "parkmobile_zone": "88550",
        "payment_provider": "ParkMobile / PayByPhone",
        "payment_app_url": "https://www2.paybyphone.com/park-in-miami-beach",
        "payment_note": "Official Miami Beach source lists ParkMobile zones and PayByPhone/ParkMobile app support; ParkingUSA does not infer a per-record checkout URL.",
        "ev_charging": "N/A",
        "confidence": 0.88,
        "last_verified_source": "City of Miami Beach Parking Facilities",
        "source_url": "https://www.miamibeachfl.gov/city-hall/parking/parking-garages-lot-locations/",
        "api_url": "https://www.miamibeachfl.gov/wp-json/wpgmza/v1/markers?map_id=17",
        "evidence_url": "https://www.miamibeachfl.gov/wp-json/wpgmza/v1/markers?map_id=17",
        "data_as_of": "2026-07-15T09:52:45.943Z",
        "existence_status": "confirmed",
        "price_status": "known_priced",
        "rule_status": "partial",
        "enrichment_status": "needs_payment_link",
        "payment_url": "",
        "booking_url": "",
        "raw_properties": {
          "map_id": "17",
          "address": "1620 Michigan Ave, Miami Beach, FL, USA",
          "description": "<p style=\"font-size: 18px;line-height: 1.5em;margin-top: 0px;margin-bottom: 15px;padding: 0px;border: 0px;font-family: proxima-nova, Arial, Verdana\"></p><hr id=\"null\"><span style=\", sans-serif;font-weight: 600\">Spaces</span><span style=\", sans-serif\">: 22<br></span><hr id=\"null\"><span style=\", sans-serif;font-weight: 600\">Hourly Rate</span><span style=\", sans-serif\">: $2/hr<br></span><hr id=\"null\"><span style=\", sans-serif;font-weight: 600\">Event Rate</span><span style=\", sans-serif\">: </span><span style=\", sans-serif\">None<br></span><hr id=\"null\"><span style=\", sans-serif;font-weight: 600\">Maximum Time</span><span style=\", sans-serif\">: 10 hours<br></span><hr id=\"null\"><span style=\", sans-serif;font-weight: 600\">Park Mobile</span><span style=\", sans-serif\">: 88550<br></span><hr id=\"null\"><span style=\", sans-serif;font-weight: 600\">Electric Vehicle Charging</span><span style=\", sans-serif\">: N/A<br></span><hr id=\"null\"><p></p>",
          "pic": "",
          "link": "",
          "icon": {
            "url": "//www.miamibeachfl.gov/wp-content/uploads/wp-google-maps/icons/64c0208bb2be83.18342560.png",
            "retina": false
          },
          "lat": "25.7898553",
          "lng": "-80.1390639",
          "anim": "2",
          "title": "P21 - Parking Lot",
          "infoopen": "0",
          "category": "",
          "approved": "1",
          "retina": "0",
          "type": "0",
          "did": "",
          "sticky": "0",
          "layergroup": "1",
          "hover_icon": "//www.miamibeachfl.gov/wp-content/plugins/wp-google-maps/images/spotlight-poi3.png",
          "hover_retina": "0",
          "id": "171",
          "categories": [
            "7",
            "15"
          ],
          "custom_field_data": [],
          "custom_fields_html": ""
        }
      }
    },
    {
      "type": "Feature",
      "geometry": {
        "type": "Point",
        "coordinates": [
          -80.1401527,
          25.7902592
        ]
      },
      "properties": {
        "source_id": "miami-beach:wpgmza:172",
        "source_name": "City of Miami Beach Parking Facilities",
        "name": "P22 - Parking Lot",
        "facility_type": "surface_lot",
        "street": "1100 Lincoln Road, Miami Beach, FL, USA",
        "city": "Miami Beach",
        "state": "FL",
        "operator": "City of Miami Beach Parking Department",
        "access": "public",
        "fee": "yes",
        "charge": "$2/hr",
        "event_rate": "None",
        "maximum_time": "10 hours",
        "capacity": "20",
        "parkmobile_zone": "88611",
        "payment_provider": "ParkMobile / PayByPhone",
        "payment_app_url": "https://www2.paybyphone.com/park-in-miami-beach",
        "payment_note": "Official Miami Beach source lists ParkMobile zones and PayByPhone/ParkMobile app support; ParkingUSA does not infer a per-record checkout URL.",
        "ev_charging": "N/A",
        "confidence": 0.88,
        "last_verified_source": "City of Miami Beach Parking Facilities",
        "source_url": "https://www.miamibeachfl.gov/city-hall/parking/parking-garages-lot-locations/",
        "api_url": "https://www.miamibeachfl.gov/wp-json/wpgmza/v1/markers?map_id=17",
        "evidence_url": "https://www.miamibeachfl.gov/wp-json/wpgmza/v1/markers?map_id=17",
        "data_as_of": "2026-07-15T09:52:45.943Z",
        "existence_status": "confirmed",
        "price_status": "known_priced",
        "rule_status": "partial",
        "enrichment_status": "needs_payment_link",
        "payment_url": "",
        "booking_url": "",
        "raw_properties": {
          "map_id": "17",
          "address": "1100 Lincoln Road, Miami Beach, FL, USA",
          "description": "<p style=\"font-size: 18px;line-height: 1.5em;margin-top: 0px;margin-bottom: 15px;padding: 0px;border: 0px;font-family: proxima-nova, Arial, Verdana\"></p><hr id=\"null\"><span style=\", sans-serif;font-weight: 600\">Spaces</span><span style=\", sans-serif\">: 20<br></span><hr id=\"null\"><span style=\", sans-serif;font-weight: 600\">Hourly Rate</span><span style=\", sans-serif\">: $2/hr<br></span><hr id=\"null\"><span style=\", sans-serif;font-weight: 600\">Event Rate</span><span style=\", sans-serif\">: </span><span style=\", sans-serif\">None<br></span><hr id=\"null\"><span style=\", sans-serif;font-weight: 600\">Maximum Time</span><span style=\", sans-serif\">: 10 hours<br></span><hr id=\"null\"><span style=\", sans-serif;font-weight: 600\">Park Mobile</span><span style=\", sans-serif\">: 88611<br></span><hr id=\"null\"><span style=\", sans-serif;font-weight: 600\">Electric Vehicle Charging</span><span style=\", sans-serif\">: N/A<br></span><hr id=\"null\"><p></p>",
          "pic": "",
          "link": "",
          "icon": {
            "url": "//www.miamibeachfl.gov/wp-content/uploads/wp-google-maps/icons/64c020c23b9a22.82996635.png",
            "retina": false
          },
          "lat": "25.7902592",
          "lng": "-80.1401527",
          "anim": "2",
          "title": "P22 - Parking Lot",
          "infoopen": "0",
          "category": "",
          "approved": "1",
          "retina": "0",
          "type": "0",
          "did": "",
          "sticky": "0",
          "layergroup": "1",
          "hover_icon": "//www.miamibeachfl.gov/wp-content/plugins/wp-google-maps/images/spotlight-poi3.png",
          "hover_retina": "0",
          "id": "172",
          "categories": [
            "7",
            "15"
          ],
          "custom_field_data": [],
          "custom_fields_html": ""
        }
      }
    },
    {
      "type": "Feature",
      "geometry": {
        "type": "Point",
        "coordinates": [
          -80.1421204,
          25.7897414
        ]
      },
      "properties": {
        "source_id": "miami-beach:wpgmza:173",
        "source_name": "City of Miami Beach Parking Facilities",
        "name": "P23 - Parking Lot",
        "facility_type": "surface_lot",
        "street": "1619 West Avenue, Miami Beach, FL, USA",
        "city": "Miami Beach",
        "state": "FL",
        "operator": "City of Miami Beach Parking Department",
        "access": "public",
        "fee": "yes",
        "charge": "$2/hr",
        "event_rate": "None",
        "maximum_time": "10 hours",
        "capacity": "32",
        "parkmobile_zone": "88513",
        "payment_provider": "ParkMobile / PayByPhone",
        "payment_app_url": "https://www2.paybyphone.com/park-in-miami-beach",
        "payment_note": "Official Miami Beach source lists ParkMobile zones and PayByPhone/ParkMobile app support; ParkingUSA does not infer a per-record checkout URL.",
        "ev_charging": "N/A",
        "confidence": 0.88,
        "last_verified_source": "City of Miami Beach Parking Facilities",
        "source_url": "https://www.miamibeachfl.gov/city-hall/parking/parking-garages-lot-locations/",
        "api_url": "https://www.miamibeachfl.gov/wp-json/wpgmza/v1/markers?map_id=17",
        "evidence_url": "https://www.miamibeachfl.gov/wp-json/wpgmza/v1/markers?map_id=17",
        "data_as_of": "2026-07-15T09:52:45.943Z",
        "existence_status": "confirmed",
        "price_status": "known_priced",
        "rule_status": "partial",
        "enrichment_status": "needs_payment_link",
        "payment_url": "",
        "booking_url": "",
        "raw_properties": {
          "map_id": "17",
          "address": "1619 West Avenue, Miami Beach, FL, USA",
          "description": "<p style=\"font-size: 18px;line-height: 1.5em;margin-top: 0px;margin-bottom: 15px;padding: 0px;border: 0px;font-family: proxima-nova, Arial, Verdana\"></p><hr id=\"null\"><span style=\", sans-serif;font-weight: 600\">Spaces</span><span style=\", sans-serif\">: 32<br></span><hr id=\"null\"><span style=\", sans-serif;font-weight: 600\">Hourly Rate</span><span style=\", sans-serif\">: $2/hr<br></span><hr id=\"null\"><span style=\", sans-serif;font-weight: 600\">Event Rate</span><span style=\", sans-serif\">: </span><span style=\", sans-serif\">None<br></span><hr id=\"null\"><span style=\", sans-serif;font-weight: 600\">Maximum Time</span><span style=\", sans-serif\">: 10 hours<br></span><hr id=\"null\"><span style=\", sans-serif;font-weight: 600\">Park Mobile</span><span style=\", sans-serif\">: 88513<br></span><hr id=\"null\"><span style=\", sans-serif;font-weight: 600\">Electric Vehicle Charging</span><span style=\", sans-serif\">: N/A<br></span><hr id=\"null\"><p></p>",
          "pic": "",
          "link": "",
          "icon": {
            "url": "//www.miamibeachfl.gov/wp-content/uploads/wp-google-maps/icons/64c0210400da35.42868865.png",
            "retina": false
          },
          "lat": "25.7897414",
          "lng": "-80.1421204",
          "anim": "2",
          "title": "P23 - Parking Lot",
          "infoopen": "0",
          "category": "",
          "approved": "1",
          "retina": "0",
          "type": "0",
          "did": "",
          "sticky": "0",
          "layergroup": "1",
          "hover_icon": "//www.miamibeachfl.gov/wp-content/plugins/wp-google-maps/images/spotlight-poi3.png",
          "hover_retina": "0",
          "id": "173",
          "categories": [
            "7",
            "15"
          ],
          "custom_field_data": [],
          "custom_fields_html": ""
        }
      }
    },
    {
      "type": "Feature",
      "geometry": {
        "type": "Point",
        "coordinates": [
          -80.14207329999999,
          25.7912037
        ]
      },
      "properties": {
        "source_id": "miami-beach:wpgmza:174",
        "source_name": "City of Miami Beach Parking Facilities",
        "name": "P24 - Parking Lot",
        "facility_type": "surface_lot",
        "street": "1671 West Avenue, Miami Beach, FL, USA",
        "city": "Miami Beach",
        "state": "FL",
        "operator": "City of Miami Beach Parking Department",
        "access": "public",
        "fee": "yes",
        "charge": "$2/hr",
        "event_rate": "None",
        "maximum_time": "2 hours",
        "capacity": "68",
        "parkmobile_zone": "88512",
        "payment_provider": "ParkMobile / PayByPhone",
        "payment_app_url": "https://www2.paybyphone.com/park-in-miami-beach",
        "payment_note": "Official Miami Beach source lists ParkMobile zones and PayByPhone/ParkMobile app support; ParkingUSA does not infer a per-record checkout URL.",
        "ev_charging": "N/A",
        "confidence": 0.88,
        "last_verified_source": "City of Miami Beach Parking Facilities",
        "source_url": "https://www.miamibeachfl.gov/city-hall/parking/parking-garages-lot-locations/",
        "api_url": "https://www.miamibeachfl.gov/wp-json/wpgmza/v1/markers?map_id=17",
        "evidence_url": "https://www.miamibeachfl.gov/wp-json/wpgmza/v1/markers?map_id=17",
        "data_as_of": "2026-07-15T09:52:45.943Z",
        "existence_status": "confirmed",
        "price_status": "known_priced",
        "rule_status": "partial",
        "enrichment_status": "needs_payment_link",
        "payment_url": "",
        "booking_url": "",
        "raw_properties": {
          "map_id": "17",
          "address": "1671 West Avenue, Miami Beach, FL, USA",
          "description": "<p style=\"font-size: 18px;line-height: 1.5em;margin-top: 0px;margin-bottom: 15px;padding: 0px;border: 0px;font-family: proxima-nova, Arial, Verdana\"></p><hr id=\"null\"><span style=\", sans-serif;font-weight: 600\">Spaces</span><span style=\", sans-serif\">: 68<br></span><hr id=\"null\"><span style=\", sans-serif;font-weight: 600\">Hourly Rate</span><span style=\", sans-serif\">: $2/hr<br></span><hr id=\"null\"><span style=\", sans-serif;font-weight: 600\">Event Rate</span><span style=\", sans-serif\">: </span><span style=\", sans-serif\">None<br></span><hr id=\"null\"><span style=\", sans-serif;font-weight: 600\">Maximum Time</span><span style=\", sans-serif\">: 2 hours<br></span><hr id=\"null\"><span style=\", sans-serif;font-weight: 600\">Park Mobile</span><span style=\", sans-serif\">: 88512<br></span><hr id=\"null\"><span style=\", sans-serif;font-weight: 600\">Electric Vehicle Charging</span><span style=\", sans-serif\">: N/A<br></span><hr id=\"null\"><p></p>",
          "pic": "",
          "link": "",
          "icon": {
            "url": "//www.miamibeachfl.gov/wp-content/uploads/wp-google-maps/icons/64c0217f22d069.40213764.png",
            "retina": false
          },
          "lat": "25.7912037",
          "lng": "-80.14207329999999",
          "anim": "2",
          "title": "P24 - Parking Lot",
          "infoopen": "0",
          "category": "",
          "approved": "1",
          "retina": "0",
          "type": "0",
          "did": "",
          "sticky": "0",
          "layergroup": "1",
          "hover_icon": "//www.miamibeachfl.gov/wp-content/plugins/wp-google-maps/images/spotlight-poi3.png",
          "hover_retina": "0",
          "id": "174",
          "categories": [
            "7",
            "15"
          ],
          "custom_field_data": [],
          "custom_fields_html": ""
        }
      }
    },
    {
      "type": "Feature",
      "geometry": {
        "type": "Point",
        "coordinates": [
          -80.14026729999999,
          25.791489
        ]
      },
      "properties": {
        "source_id": "miami-beach:wpgmza:175",
        "source_name": "City of Miami Beach Parking Facilities",
        "name": "P25 - Parking Lot",
        "facility_type": "surface_lot",
        "street": "1688 Lenox Avenue, Miami Beach, FL, USA",
        "city": "Miami Beach",
        "state": "FL",
        "operator": "City of Miami Beach Parking Department",
        "access": "public",
        "fee": "yes",
        "charge": "$2/hr",
        "event_rate": "None",
        "maximum_time": "10 hours",
        "capacity": "86",
        "parkmobile_zone": "88544",
        "payment_provider": "ParkMobile / PayByPhone",
        "payment_app_url": "https://www2.paybyphone.com/park-in-miami-beach",
        "payment_note": "Official Miami Beach source lists ParkMobile zones and PayByPhone/ParkMobile app support; ParkingUSA does not infer a per-record checkout URL.",
        "ev_charging": "N/A",
        "confidence": 0.88,
        "last_verified_source": "City of Miami Beach Parking Facilities",
        "source_url": "https://www.miamibeachfl.gov/city-hall/parking/parking-garages-lot-locations/",
        "api_url": "https://www.miamibeachfl.gov/wp-json/wpgmza/v1/markers?map_id=17",
        "evidence_url": "https://www.miamibeachfl.gov/wp-json/wpgmza/v1/markers?map_id=17",
        "data_as_of": "2026-07-15T09:52:45.943Z",
        "existence_status": "confirmed",
        "price_status": "known_priced",
        "rule_status": "partial",
        "enrichment_status": "needs_payment_link",
        "payment_url": "",
        "booking_url": "",
        "raw_properties": {
          "map_id": "17",
          "address": "1688 Lenox Avenue, Miami Beach, FL, USA",
          "description": "<p style=\"font-size: 18px;line-height: 1.5em;margin-top: 0px;margin-bottom: 15px;padding: 0px;border: 0px;font-family: proxima-nova, Arial, Verdana\"></p><hr id=\"null\"><span style=\", sans-serif;font-weight: 600\">Spaces</span><span style=\", sans-serif\">: 86<br></span><hr id=\"null\"><span style=\", sans-serif;font-weight: 600\">Hourly Rate</span><span style=\", sans-serif\">: $2/hr<br></span><hr id=\"null\"><span style=\", sans-serif;font-weight: 600\">Event Rate</span><span style=\", sans-serif\">: </span><span style=\", sans-serif\">None<br></span><hr id=\"null\"><span style=\", sans-serif;font-weight: 600\">Maximum Time</span><span style=\", sans-serif\">: 10 hours<br></span><hr id=\"null\"><span style=\", sans-serif;font-weight: 600\">Park Mobile</span><span style=\", sans-serif\">: 88544<br></span><hr id=\"null\"><span style=\", sans-serif;font-weight: 600\">Electric Vehicle Charging</span><span style=\", sans-serif\">: N/A<br></span><hr id=\"null\"><p></p>",
          "pic": "",
          "link": "",
          "icon": {
            "url": "//www.miamibeachfl.gov/wp-content/uploads/wp-google-maps/icons/64c021da6fe0f1.38811409.png",
            "retina": false
          },
          "lat": "25.791489",
          "lng": "-80.14026729999999",
          "anim": "2",
          "title": "P25 - Parking Lot",
          "infoopen": "0",
          "category": "",
          "approved": "1",
          "retina": "0",
          "type": "0",
          "did": "",
          "sticky": "0",
          "layergroup": "1",
          "hover_icon": "//www.miamibeachfl.gov/wp-content/plugins/wp-google-maps/images/spotlight-poi3.png",
          "hover_retina": "0",
          "id": "175",
          "categories": [
            "7",
            "15"
          ],
          "custom_field_data": [],
          "custom_fields_html": ""
        }
      }
    },
    {
      "type": "Feature",
      "geometry": {
        "type": "Point",
        "coordinates": [
          -80.1394247,
          25.7912882
        ]
      },
      "properties": {
        "source_id": "miami-beach:wpgmza:176",
        "source_name": "City of Miami Beach Parking Facilities",
        "name": "P26 - Parking Lot",
        "facility_type": "surface_lot",
        "street": "1665 Lenox Avenue, Miami Beach, FL, USA",
        "city": "Miami Beach",
        "state": "FL",
        "operator": "City of Miami Beach Parking Department",
        "access": "public",
        "fee": "yes",
        "charge": "$2/hr",
        "event_rate": "None",
        "maximum_time": "10 hours",
        "capacity": "106",
        "parkmobile_zone": "88582",
        "payment_provider": "ParkMobile / PayByPhone",
        "payment_app_url": "https://www2.paybyphone.com/park-in-miami-beach",
        "payment_note": "Official Miami Beach source lists ParkMobile zones and PayByPhone/ParkMobile app support; ParkingUSA does not infer a per-record checkout URL.",
        "ev_charging": "N/A",
        "confidence": 0.88,
        "last_verified_source": "City of Miami Beach Parking Facilities",
        "source_url": "https://www.miamibeachfl.gov/city-hall/parking/parking-garages-lot-locations/",
        "api_url": "https://www.miamibeachfl.gov/wp-json/wpgmza/v1/markers?map_id=17",
        "evidence_url": "https://www.miamibeachfl.gov/wp-json/wpgmza/v1/markers?map_id=17",
        "data_as_of": "2026-07-15T09:52:45.943Z",
        "existence_status": "confirmed",
        "price_status": "known_priced",
        "rule_status": "partial",
        "enrichment_status": "needs_payment_link",
        "payment_url": "",
        "booking_url": "",
        "raw_properties": {
          "map_id": "17",
          "address": "1665 Lenox Avenue, Miami Beach, FL, USA",
          "description": "<p style=\"font-size: 18px;line-height: 1.5em;margin-top: 0px;margin-bottom: 15px;padding: 0px;border: 0px;font-family: proxima-nova, Arial, Verdana\"></p><hr id=\"null\"><span style=\", sans-serif;font-weight: 600\">Spaces</span><span style=\", sans-serif\">: 106<br></span><hr id=\"null\"><span style=\", sans-serif;font-weight: 600\">Hourly Rate</span><span style=\", sans-serif\">: $2/hr<br></span><hr id=\"null\"><span style=\", sans-serif;font-weight: 600\">Event Rate</span><span style=\", sans-serif\">: </span><span style=\", sans-serif\">None<br></span><hr id=\"null\"><span style=\", sans-serif;font-weight: 600\">Maximum Time</span><span style=\", sans-serif\">: 10 hours<br></span><hr id=\"null\"><span style=\", sans-serif;font-weight: 600\">Park Mobile</span><span style=\", sans-serif\">: 88582<br></span><hr id=\"null\"><span style=\", sans-serif;font-weight: 600\">Electric Vehicle Charging</span><span style=\", sans-serif\">: N/A<br></span><hr id=\"null\"><p></p>",
          "pic": "",
          "link": "",
          "icon": {
            "url": "//www.miamibeachfl.gov/wp-content/uploads/wp-google-maps/icons/64c02211f358c9.74745943.png",
            "retina": false
          },
          "lat": "25.7912882",
          "lng": "-80.1394247",
          "anim": "2",
          "title": "P26 - Parking Lot",
          "infoopen": "0",
          "category": "",
          "approved": "1",
          "retina": "0",
          "type": "0",
          "did": "",
          "sticky": "0",
          "layergroup": "1",
          "hover_icon": "//www.miamibeachfl.gov/wp-content/plugins/wp-google-maps/images/spotlight-poi3.png",
          "hover_retina": "0",
          "id": "176",
          "categories": [
            "7",
            "15"
          ],
          "custom_field_data": [],
          "custom_fields_html": ""
        }
      }
    },
    {
      "type": "Feature",
      "geometry": {
        "type": "Point",
        "coordinates": [
          -80.1367935,
          25.7910952
        ]
      },
      "properties": {
        "source_id": "miami-beach:wpgmza:177",
        "source_name": "City of Miami Beach Parking Facilities",
        "name": "P27 - Parking Lot",
        "facility_type": "surface_lot",
        "street": "1662 Meridian Avenue, Miami Beach, FL, USA",
        "city": "Miami Beach",
        "state": "FL",
        "operator": "City of Miami Beach Parking Department",
        "access": "public",
        "fee": "yes",
        "charge": "$2/hr",
        "event_rate": "None",
        "maximum_time": "10 hours",
        "capacity": "151",
        "parkmobile_zone": "88546",
        "payment_provider": "ParkMobile / PayByPhone",
        "payment_app_url": "https://www2.paybyphone.com/park-in-miami-beach",
        "payment_note": "Official Miami Beach source lists ParkMobile zones and PayByPhone/ParkMobile app support; ParkingUSA does not infer a per-record checkout URL.",
        "ev_charging": "N/A",
        "confidence": 0.88,
        "last_verified_source": "City of Miami Beach Parking Facilities",
        "source_url": "https://www.miamibeachfl.gov/city-hall/parking/parking-garages-lot-locations/",
        "api_url": "https://www.miamibeachfl.gov/wp-json/wpgmza/v1/markers?map_id=17",
        "evidence_url": "https://www.miamibeachfl.gov/wp-json/wpgmza/v1/markers?map_id=17",
        "data_as_of": "2026-07-15T09:52:45.943Z",
        "existence_status": "confirmed",
        "price_status": "known_priced",
        "rule_status": "partial",
        "enrichment_status": "needs_payment_link",
        "payment_url": "",
        "booking_url": "",
        "raw_properties": {
          "map_id": "17",
          "address": "1662 Meridian Avenue, Miami Beach, FL, USA",
          "description": "<p style=\"font-size: 18px;line-height: 1.5em;margin-top: 0px;margin-bottom: 15px;padding: 0px;border: 0px;font-family: proxima-nova, Arial, Verdana\"></p><hr id=\"null\"><span style=\", sans-serif;font-weight: 600\">Spaces</span><span style=\", sans-serif\">: 151<br></span><hr id=\"null\"><span style=\", sans-serif;font-weight: 600\">Hourly Rate</span><span style=\", sans-serif\">: $2/hr<br></span><hr id=\"null\"><span style=\", sans-serif;font-weight: 600\">Event Rate</span><span style=\", sans-serif\">: </span><span style=\", sans-serif\">None<br></span><hr id=\"null\"><span style=\", sans-serif;font-weight: 600\">Maximum Time</span><span style=\", sans-serif\">: 10 hours<br></span><hr id=\"null\"><span style=\", sans-serif;font-weight: 600\">Park Mobile</span><span style=\", sans-serif\">: 88546<br></span><hr id=\"null\"><span style=\", sans-serif;font-weight: 600\">Electric Vehicle Charging</span><span style=\", sans-serif\">: N/A<br></span><hr id=\"null\"><p></p>",
          "pic": "",
          "link": "",
          "icon": {
            "url": "//www.miamibeachfl.gov/wp-content/uploads/wp-google-maps/icons/64c02255bc6331.92543623.png",
            "retina": false
          },
          "lat": "25.7910952",
          "lng": "-80.1367935",
          "anim": "2",
          "title": "P27 - Parking Lot",
          "infoopen": "0",
          "category": "",
          "approved": "1",
          "retina": "0",
          "type": "0",
          "did": "",
          "sticky": "0",
          "layergroup": "1",
          "hover_icon": "//www.miamibeachfl.gov/wp-content/plugins/wp-google-maps/images/spotlight-poi3.png",
          "hover_retina": "0",
          "id": "177",
          "categories": [
            "7",
            "15"
          ],
          "custom_field_data": [],
          "custom_fields_html": ""
        }
      }
    },
    {
      "type": "Feature",
      "geometry": {
        "type": "Point",
        "coordinates": [
          -80.13441519999999,
          25.7928154
        ]
      },
      "properties": {
        "source_id": "miami-beach:wpgmza:178",
        "source_name": "City of Miami Beach Parking Facilities",
        "name": "P29 - Parking Lot",
        "facility_type": "surface_lot",
        "street": "581 17th Street, Miami Beach, FL, USA",
        "city": "Miami Beach",
        "state": "FL",
        "operator": "City of Miami Beach Parking Department",
        "access": "public",
        "fee": "yes",
        "charge": "$2/hr",
        "event_rate": "None",
        "maximum_time": "10 hours",
        "capacity": "161",
        "parkmobile_zone": "88517",
        "payment_provider": "ParkMobile / PayByPhone",
        "payment_app_url": "https://www2.paybyphone.com/park-in-miami-beach",
        "payment_note": "Official Miami Beach source lists ParkMobile zones and PayByPhone/ParkMobile app support; ParkingUSA does not infer a per-record checkout URL.",
        "ev_charging": "N/A",
        "confidence": 0.88,
        "last_verified_source": "City of Miami Beach Parking Facilities",
        "source_url": "https://www.miamibeachfl.gov/city-hall/parking/parking-garages-lot-locations/",
        "api_url": "https://www.miamibeachfl.gov/wp-json/wpgmza/v1/markers?map_id=17",
        "evidence_url": "https://www.miamibeachfl.gov/wp-json/wpgmza/v1/markers?map_id=17",
        "data_as_of": "2026-07-15T09:52:45.943Z",
        "existence_status": "confirmed",
        "price_status": "known_priced",
        "rule_status": "partial",
        "enrichment_status": "needs_payment_link",
        "payment_url": "",
        "booking_url": "",
        "raw_properties": {
          "map_id": "17",
          "address": "581 17th Street, Miami Beach, FL, USA",
          "description": "<p style=\"font-size: 18px;line-height: 1.5em;margin-top: 0px;margin-bottom: 15px;padding: 0px;border: 0px;font-family: proxima-nova, Arial, Verdana\"></p><hr id=\"null\"><span style=\", sans-serif;font-weight: 600\">Spaces</span><span style=\", sans-serif\">: 161<br></span><hr id=\"null\"><span style=\", sans-serif;font-weight: 600\">Hourly Rate</span><span style=\", sans-serif\">: $2/hr<br></span><hr id=\"null\"><span style=\", sans-serif;font-weight: 600\">Event Rate</span><span style=\", sans-serif\">: </span><span style=\", sans-serif\">None<br></span><hr id=\"null\"><span style=\", sans-serif;font-weight: 600\">Maximum Time</span><span style=\", sans-serif\">: 10 hours<br></span><hr id=\"null\"><span style=\", sans-serif;font-weight: 600\">Park Mobile</span><span style=\", sans-serif\">: 88517<br></span><hr id=\"null\"><span style=\", sans-serif;font-weight: 600\">Electric Vehicle Charging</span><span style=\", sans-serif\">: N/A<br></span><hr id=\"null\"><p></p>",
          "pic": "",
          "link": "",
          "icon": {
            "url": "//www.miamibeachfl.gov/wp-content/uploads/wp-google-maps/icons/64c025a2698054.23494567.png",
            "retina": false
          },
          "lat": "25.7928154",
          "lng": "-80.13441519999999",
          "anim": "2",
          "title": "P29 - Parking Lot",
          "infoopen": "0",
          "category": "",
          "approved": "1",
          "retina": "0",
          "type": "0",
          "did": "",
          "sticky": "0",
          "layergroup": "1",
          "hover_icon": "//www.miamibeachfl.gov/wp-content/plugins/wp-google-maps/images/spotlight-poi3.png",
          "hover_retina": "0",
          "id": "178",
          "categories": [
            "7",
            "15"
          ],
          "custom_field_data": [],
          "custom_fields_html": ""
        }
      }
    },
    {
      "type": "Feature",
      "geometry": {
        "type": "Point",
        "coordinates": [
          -80.1363161,
          25.7950197
        ]
      },
      "properties": {
        "source_id": "miami-beach:wpgmza:179",
        "source_name": "City of Miami Beach Parking Facilities",
        "name": "P33 - Parking Lot",
        "facility_type": "surface_lot",
        "street": "775 19th Street, South Beach, Miami Beach, FL, USA",
        "city": "Miami Beach",
        "state": "FL",
        "operator": "City of Miami Beach Parking Department",
        "access": "public",
        "fee": "yes",
        "charge": "$2/hr",
        "event_rate": "None",
        "maximum_time": "10 hours",
        "capacity": "31",
        "parkmobile_zone": "88521",
        "payment_provider": "ParkMobile / PayByPhone",
        "payment_app_url": "https://www2.paybyphone.com/park-in-miami-beach",
        "payment_note": "Official Miami Beach source lists ParkMobile zones and PayByPhone/ParkMobile app support; ParkingUSA does not infer a per-record checkout URL.",
        "ev_charging": "N/A",
        "confidence": 0.88,
        "last_verified_source": "City of Miami Beach Parking Facilities",
        "source_url": "https://www.miamibeachfl.gov/city-hall/parking/parking-garages-lot-locations/",
        "api_url": "https://www.miamibeachfl.gov/wp-json/wpgmza/v1/markers?map_id=17",
        "evidence_url": "https://www.miamibeachfl.gov/wp-json/wpgmza/v1/markers?map_id=17",
        "data_as_of": "2026-07-15T09:52:45.943Z",
        "existence_status": "confirmed",
        "price_status": "known_priced",
        "rule_status": "partial",
        "enrichment_status": "needs_payment_link",
        "payment_url": "",
        "booking_url": "",
        "raw_properties": {
          "map_id": "17",
          "address": "775 19th Street, South Beach, Miami Beach, FL, USA",
          "description": "<p style=\"font-size: 18px;line-height: 1.5em;margin-top: 0px;margin-bottom: 15px;padding: 0px;border: 0px;font-family: proxima-nova, Arial, Verdana\"></p><hr id=\"null\"><span style=\", sans-serif;font-weight: 600\">Spaces</span><span style=\", sans-serif\">: 31<br></span><hr id=\"null\"><span style=\", sans-serif;font-weight: 600\">Hourly Rate</span><span style=\", sans-serif\">: $2/hr<br></span><hr id=\"null\"><span style=\", sans-serif;font-weight: 600\">Event Rate</span><span style=\", sans-serif\">: </span><span style=\", sans-serif\">None<br></span><hr id=\"null\"><span style=\", sans-serif;font-weight: 600\">Maximum Time</span><span style=\", sans-serif\">: 10 hours<br></span><hr id=\"null\"><span style=\", sans-serif;font-weight: 600\">Park Mobile</span><span style=\", sans-serif\">: 88521<br></span><hr id=\"null\"><span style=\", sans-serif;font-weight: 600\">Electric Vehicle Charging</span><span style=\", sans-serif\">: N/A<br></span><hr id=\"null\"><p></p>",
          "pic": "",
          "link": "",
          "icon": {
            "url": "//www.miamibeachfl.gov/wp-content/uploads/wp-google-maps/icons/64c025e69b0d28.75963840.png",
            "retina": false
          },
          "lat": "25.7950197",
          "lng": "-80.1363161",
          "anim": "2",
          "title": "P33 - Parking Lot",
          "infoopen": "0",
          "category": "",
          "approved": "1",
          "retina": "0",
          "type": "0",
          "did": "",
          "sticky": "0",
          "layergroup": "1",
          "hover_icon": "//www.miamibeachfl.gov/wp-content/plugins/wp-google-maps/images/spotlight-poi3.png",
          "hover_retina": "0",
          "id": "179",
          "categories": [
            "7",
            "15"
          ],
          "custom_field_data": [],
          "custom_fields_html": ""
        }
      }
    },
    {
      "type": "Feature",
      "geometry": {
        "type": "Point",
        "coordinates": [
          -80.14459706745909,
          25.79284236939623
        ]
      },
      "properties": {
        "source_id": "miami-beach:wpgmza:180",
        "source_name": "City of Miami Beach Parking Facilities",
        "name": "P46 - Parking Lot",
        "facility_type": "surface_lot",
        "street": "25.79284236939623, -80.14459706745909",
        "city": "Miami Beach",
        "state": "FL",
        "operator": "City of Miami Beach Parking Department",
        "access": "public",
        "fee": "yes",
        "charge": "$2/hr",
        "event_rate": "None",
        "maximum_time": "8 hours",
        "capacity": "45",
        "parkmobile_zone": "88586",
        "payment_provider": "ParkMobile / PayByPhone",
        "payment_app_url": "https://www2.paybyphone.com/park-in-miami-beach",
        "payment_note": "Official Miami Beach source lists ParkMobile zones and PayByPhone/ParkMobile app support; ParkingUSA does not infer a per-record checkout URL.",
        "ev_charging": "N/A",
        "confidence": 0.88,
        "last_verified_source": "City of Miami Beach Parking Facilities",
        "source_url": "https://www.miamibeachfl.gov/city-hall/parking/parking-garages-lot-locations/",
        "api_url": "https://www.miamibeachfl.gov/wp-json/wpgmza/v1/markers?map_id=17",
        "evidence_url": "https://www.miamibeachfl.gov/wp-json/wpgmza/v1/markers?map_id=17",
        "data_as_of": "2026-07-15T09:52:45.943Z",
        "existence_status": "confirmed",
        "price_status": "known_priced",
        "rule_status": "partial",
        "enrichment_status": "needs_payment_link",
        "payment_url": "",
        "booking_url": "",
        "raw_properties": {
          "map_id": "17",
          "address": "25.79284236939623, -80.14459706745909",
          "description": "<p style=\"font-size: 18px;line-height: 1.5em;margin-top: 0px;margin-bottom: 15px;padding: 0px;border: 0px;font-family: proxima-nova, Arial, Verdana\"></p><hr id=\"null\"><span style=\", sans-serif;font-weight: 600\">Spaces</span><span style=\", sans-serif\">: 45<br></span><hr id=\"null\"><span style=\", sans-serif;font-weight: 600\">Hourly Rate</span><span style=\", sans-serif\">: $2/hr<br></span><hr id=\"null\"><span style=\", sans-serif;font-weight: 600\">Event Rate</span><span style=\", sans-serif\">: </span><span style=\", sans-serif\">None<br></span><hr id=\"null\"><span style=\", sans-serif;font-weight: 600\">Maximum Time</span><span style=\", sans-serif\">: 8 hours<br></span><hr id=\"null\"><span style=\", sans-serif;font-weight: 600\">Park Mobile</span><span style=\", sans-serif\">: 88586<br></span><hr id=\"null\"><span style=\", sans-serif;font-weight: 600\">Electric Vehicle Charging</span><span style=\", sans-serif\">: N/A<br></span><hr id=\"null\"><p></p>",
          "pic": "",
          "link": "",
          "icon": {
            "url": "//www.miamibeachfl.gov/wp-content/uploads/wp-google-maps/icons/64c026907261e7.65605688.png",
            "retina": false
          },
          "lat": "25.79284236939623",
          "lng": "-80.14459706745909",
          "anim": "2",
          "title": "P46 - Parking Lot",
          "infoopen": "0",
          "category": "",
          "approved": "1",
          "retina": "0",
          "type": "0",
          "did": "",
          "sticky": "0",
          "layergroup": "1",
          "hover_icon": "//www.miamibeachfl.gov/wp-content/plugins/wp-google-maps/images/spotlight-poi3.png",
          "hover_retina": "0",
          "id": "180",
          "categories": [
            "7",
            "15"
          ],
          "custom_field_data": [],
          "custom_fields_html": ""
        }
      }
    },
    {
      "type": "Feature",
      "geometry": {
        "type": "Point",
        "coordinates": [
          -80.14478213988112,
          25.793676555216535
        ]
      },
      "properties": {
        "source_id": "miami-beach:wpgmza:181",
        "source_name": "City of Miami Beach Parking Facilities",
        "name": "P45 - Parking Lot",
        "facility_type": "surface_lot",
        "street": "25.793676555216535, -80.14478213988112",
        "city": "Miami Beach",
        "state": "FL",
        "operator": "City of Miami Beach Parking Department",
        "access": "public",
        "fee": "yes",
        "charge": "Registered Residents Only",
        "event_rate": "None",
        "maximum_time": "7 AM - 10 PM",
        "capacity": "12",
        "parkmobile_zone": "88586",
        "payment_provider": "ParkMobile / PayByPhone",
        "payment_app_url": "https://www2.paybyphone.com/park-in-miami-beach",
        "payment_note": "Official Miami Beach source lists ParkMobile zones and PayByPhone/ParkMobile app support; ParkingUSA does not infer a per-record checkout URL.",
        "ev_charging": "N/A",
        "confidence": 0.88,
        "last_verified_source": "City of Miami Beach Parking Facilities",
        "source_url": "https://www.miamibeachfl.gov/city-hall/parking/parking-garages-lot-locations/",
        "api_url": "https://www.miamibeachfl.gov/wp-json/wpgmza/v1/markers?map_id=17",
        "evidence_url": "https://www.miamibeachfl.gov/wp-json/wpgmza/v1/markers?map_id=17",
        "data_as_of": "2026-07-15T09:52:45.943Z",
        "existence_status": "confirmed",
        "price_status": "known_priced",
        "rule_status": "partial",
        "enrichment_status": "needs_payment_link",
        "payment_url": "",
        "booking_url": "",
        "raw_properties": {
          "map_id": "17",
          "address": "25.793676555216535, -80.14478213988112",
          "description": "<p style=\"font-size: 18px;line-height: 1.5em;margin-top: 0px;margin-bottom: 15px;padding: 0px;border: 0px;font-family: proxima-nova, Arial, Verdana\"></p><hr id=\"null\"><span style=\", sans-serif;font-weight: 600\">Spaces</span><span style=\", sans-serif\">: 12<br></span><hr id=\"null\"><span style=\", sans-serif;font-weight: 600\">Hourly Rate</span><span style=\", sans-serif\">: Registered Residents Only<br></span><hr id=\"null\"><span style=\", sans-serif;font-weight: 600\">Event Rate</span><span style=\", sans-serif\">: </span><span style=\", sans-serif\">None<br></span><hr id=\"null\"><span style=\", sans-serif;font-weight: 600\">Maximum Time</span><span style=\", sans-serif\">: 7 AM - 10 PM<br></span><hr id=\"null\"><span style=\", sans-serif;font-weight: 600\">Park Mobile</span><span style=\", sans-serif\">: 88586<br></span><hr id=\"null\"><span style=\", sans-serif;font-weight: 600\">Electric Vehicle Charging</span><span style=\", sans-serif\">: N/A<br></span><hr id=\"null\"><p></p>",
          "pic": "",
          "link": "",
          "icon": {
            "url": "//www.miamibeachfl.gov/wp-content/uploads/wp-google-maps/icons/64c02722261538.04138399.png",
            "retina": false
          },
          "lat": "25.793676555216535",
          "lng": "-80.14478213988112",
          "anim": "2",
          "title": "P45 - Parking Lot",
          "infoopen": "0",
          "category": "",
          "approved": "1",
          "retina": "0",
          "type": "0",
          "did": "",
          "sticky": "0",
          "layergroup": "1",
          "hover_icon": "//www.miamibeachfl.gov/wp-content/plugins/wp-google-maps/images/spotlight-poi3.png",
          "hover_retina": "0",
          "id": "181",
          "categories": [
            "7",
            "15"
          ],
          "custom_field_data": [],
          "custom_fields_html": ""
        }
      }
    },
    {
      "type": "Feature",
      "geometry": {
        "type": "Point",
        "coordinates": [
          -80.1297623,
          25.798036
        ]
      },
      "properties": {
        "source_id": "miami-beach:wpgmza:182",
        "source_name": "City of Miami Beach Parking Facilities",
        "name": "P48 - Parking Lot",
        "facility_type": "surface_lot",
        "street": "343 22nd Street, Miami Beach, FL, USA",
        "city": "Miami Beach",
        "state": "FL",
        "operator": "City of Miami Beach Parking Department",
        "access": "public",
        "fee": "yes",
        "charge": "$2/hr",
        "event_rate": "None",
        "maximum_time": "2 hours",
        "capacity": "16",
        "parkmobile_zone": "88523",
        "payment_provider": "ParkMobile / PayByPhone",
        "payment_app_url": "https://www2.paybyphone.com/park-in-miami-beach",
        "payment_note": "Official Miami Beach source lists ParkMobile zones and PayByPhone/ParkMobile app support; ParkingUSA does not infer a per-record checkout URL.",
        "ev_charging": "N/A",
        "confidence": 0.88,
        "last_verified_source": "City of Miami Beach Parking Facilities",
        "source_url": "https://www.miamibeachfl.gov/city-hall/parking/parking-garages-lot-locations/",
        "api_url": "https://www.miamibeachfl.gov/wp-json/wpgmza/v1/markers?map_id=17",
        "evidence_url": "https://www.miamibeachfl.gov/wp-json/wpgmza/v1/markers?map_id=17",
        "data_as_of": "2026-07-15T09:52:45.943Z",
        "existence_status": "confirmed",
        "price_status": "known_priced",
        "rule_status": "partial",
        "enrichment_status": "needs_payment_link",
        "payment_url": "",
        "booking_url": "",
        "raw_properties": {
          "map_id": "17",
          "address": "343 22nd Street, Miami Beach, FL, USA",
          "description": "<p style=\"font-size: 18px;line-height: 1.5em;margin-top: 0px;margin-bottom: 15px;padding: 0px;border: 0px;font-family: proxima-nova, Arial, Verdana\"></p><hr id=\"null\"><span style=\", sans-serif;font-weight: 600\">Spaces</span><span style=\", sans-serif\">: 16<br></span><hr id=\"null\"><span style=\", sans-serif;font-weight: 600\">Hourly Rate</span><span style=\", sans-serif\">: $2/hr<br></span><hr id=\"null\"><span style=\", sans-serif;font-weight: 600\">Event Rate</span><span style=\", sans-serif\">: </span><span style=\", sans-serif\">None<br></span><hr id=\"null\"><span style=\", sans-serif;font-weight: 600\">Maximum Time</span><span style=\", sans-serif\">: 2 hours<br></span><hr id=\"null\"><span style=\", sans-serif;font-weight: 600\">Park Mobile</span><span style=\", sans-serif\">: 88523<br></span><hr id=\"null\"><span style=\", sans-serif;font-weight: 600\">Electric Vehicle Charging</span><span style=\", sans-serif\">: N/A<br></span><hr id=\"null\"><p></p>",
          "pic": "",
          "link": "",
          "icon": {
            "url": "//www.miamibeachfl.gov/wp-content/uploads/wp-google-maps/icons/64c02843120fd8.95491955.png",
            "retina": false
          },
          "lat": "25.798036",
          "lng": "-80.1297623",
          "anim": "2",
          "title": "P48 - Parking Lot",
          "infoopen": "0",
          "category": "",
          "approved": "1",
          "retina": "0",
          "type": "0",
          "did": "",
          "sticky": "0",
          "layergroup": "1",
          "hover_icon": "//www.miamibeachfl.gov/wp-content/plugins/wp-google-maps/images/spotlight-poi3.png",
          "hover_retina": "0",
          "id": "182",
          "categories": [
            "7",
            "15"
          ],
          "custom_field_data": [],
          "custom_fields_html": ""
        }
      }
    },
    {
      "type": "Feature",
      "geometry": {
        "type": "Point",
        "coordinates": [
          -80.1287456,
          25.7963134
        ]
      },
      "properties": {
        "source_id": "miami-beach:wpgmza:183",
        "source_name": "City of Miami Beach Parking Facilities",
        "name": "P49 - Parking Lot",
        "facility_type": "surface_lot",
        "street": "2101 Collins Avenue, Miami Beach, FL, USA",
        "city": "Miami Beach",
        "state": "FL",
        "operator": "City of Miami Beach Parking Department",
        "access": "public",
        "fee": "yes",
        "charge": "$2/hr",
        "event_rate": "None",
        "maximum_time": "3 hours",
        "capacity": "262",
        "parkmobile_zone": "88524",
        "payment_provider": "ParkMobile / PayByPhone",
        "payment_app_url": "https://www2.paybyphone.com/park-in-miami-beach",
        "payment_note": "Official Miami Beach source lists ParkMobile zones and PayByPhone/ParkMobile app support; ParkingUSA does not infer a per-record checkout URL.",
        "ev_charging": "N/A",
        "confidence": 0.88,
        "last_verified_source": "City of Miami Beach Parking Facilities",
        "source_url": "https://www.miamibeachfl.gov/city-hall/parking/parking-garages-lot-locations/",
        "api_url": "https://www.miamibeachfl.gov/wp-json/wpgmza/v1/markers?map_id=17",
        "evidence_url": "https://www.miamibeachfl.gov/wp-json/wpgmza/v1/markers?map_id=17",
        "data_as_of": "2026-07-15T09:52:45.943Z",
        "existence_status": "confirmed",
        "price_status": "known_priced",
        "rule_status": "partial",
        "enrichment_status": "needs_payment_link",
        "payment_url": "",
        "booking_url": "",
        "raw_properties": {
          "map_id": "17",
          "address": "2101 Collins Avenue, Miami Beach, FL, USA",
          "description": "<p style=\"font-size: 18px;line-height: 1.5em;margin-top: 0px;margin-bottom: 15px;padding: 0px;border: 0px;font-family: proxima-nova, Arial, Verdana\"></p><hr id=\"null\"><span style=\", sans-serif;font-weight: 600\">Spaces</span><span style=\", sans-serif\">: 262<br></span><hr id=\"null\"><span style=\", sans-serif;font-weight: 600\">Hourly Rate</span><span style=\", sans-serif\">: $2/hr<br></span><hr id=\"null\"><span style=\", sans-serif;font-weight: 600\">Event Rate</span><span style=\", sans-serif\">: </span><span style=\", sans-serif\">None<br></span><hr id=\"null\"><span style=\", sans-serif;font-weight: 600\">Maximum Time</span><span style=\", sans-serif\">: 3 hours<br></span><hr id=\"null\"><span style=\", sans-serif;font-weight: 600\">Park Mobile</span><span style=\", sans-serif\">: 88524<br></span><hr id=\"null\"><span style=\", sans-serif;font-weight: 600\">Electric Vehicle Charging</span><span style=\", sans-serif\">: N/A<br></span><hr id=\"null\"><p></p>",
          "pic": "",
          "link": "",
          "icon": {
            "url": "//www.miamibeachfl.gov/wp-content/uploads/wp-google-maps/icons/64c028894a1ec4.32627825.png",
            "retina": false
          },
          "lat": "25.7963134",
          "lng": "-80.1287456",
          "anim": "2",
          "title": "P49 - Parking Lot",
          "infoopen": "0",
          "category": "",
          "approved": "1",
          "retina": "0",
          "type": "0",
          "did": "",
          "sticky": "0",
          "layergroup": "1",
          "hover_icon": "//www.miamibeachfl.gov/wp-content/plugins/wp-google-maps/images/spotlight-poi3.png",
          "hover_retina": "0",
          "id": "183",
          "categories": [
            "7",
            "15"
          ],
          "custom_field_data": [],
          "custom_fields_html": ""
        }
      }
    },
    {
      "type": "Feature",
      "geometry": {
        "type": "Point",
        "coordinates": [
          -80.1288574,
          25.7984907
        ]
      },
      "properties": {
        "source_id": "miami-beach:wpgmza:184",
        "source_name": "City of Miami Beach Parking Facilities",
        "name": "P51 - Parking Lot",
        "facility_type": "surface_lot",
        "street": "224 23rd Street, Miami Beach, FL, USA",
        "city": "Miami Beach",
        "state": "FL",
        "operator": "City of Miami Beach Parking Department",
        "access": "public",
        "fee": "yes",
        "charge": "$2/hr",
        "event_rate": "None",
        "maximum_time": "3 hours",
        "capacity": "25",
        "parkmobile_zone": "88620",
        "payment_provider": "ParkMobile / PayByPhone",
        "payment_app_url": "https://www2.paybyphone.com/park-in-miami-beach",
        "payment_note": "Official Miami Beach source lists ParkMobile zones and PayByPhone/ParkMobile app support; ParkingUSA does not infer a per-record checkout URL.",
        "ev_charging": "N/A",
        "confidence": 0.88,
        "last_verified_source": "City of Miami Beach Parking Facilities",
        "source_url": "https://www.miamibeachfl.gov/city-hall/parking/parking-garages-lot-locations/",
        "api_url": "https://www.miamibeachfl.gov/wp-json/wpgmza/v1/markers?map_id=17",
        "evidence_url": "https://www.miamibeachfl.gov/wp-json/wpgmza/v1/markers?map_id=17",
        "data_as_of": "2026-07-15T09:52:45.943Z",
        "existence_status": "confirmed",
        "price_status": "known_priced",
        "rule_status": "partial",
        "enrichment_status": "needs_payment_link",
        "payment_url": "",
        "booking_url": "",
        "raw_properties": {
          "map_id": "17",
          "address": "224 23rd Street, Miami Beach, FL, USA",
          "description": "<p style=\"font-size: 18px;line-height: 1.5em;margin-top: 0px;margin-bottom: 15px;padding: 0px;border: 0px;font-family: proxima-nova, Arial, Verdana\"></p><hr id=\"null\"><span style=\", sans-serif;font-weight: 600\">Spaces</span><span style=\", sans-serif\">: 25<br></span><hr id=\"null\"><span style=\", sans-serif;font-weight: 600\">Hourly Rate</span><span style=\", sans-serif\">: $2/hr<br></span><hr id=\"null\"><span style=\", sans-serif;font-weight: 600\">Event Rate</span><span style=\", sans-serif\">: </span><span style=\", sans-serif\">None<br></span><hr id=\"null\"><span style=\", sans-serif;font-weight: 600\">Maximum Time</span><span style=\", sans-serif\">: 3 hours<br></span><hr id=\"null\"><span style=\", sans-serif;font-weight: 600\">Park Mobile</span><span style=\", sans-serif\">: 88620<br></span><hr id=\"null\"><span style=\", sans-serif;font-weight: 600\">Electric Vehicle Charging</span><span style=\", sans-serif\">: N/A<br></span><hr id=\"null\"><p></p>",
          "pic": "",
          "link": "",
          "icon": {
            "url": "//www.miamibeachfl.gov/wp-content/uploads/wp-google-maps/icons/64c028ce796668.52658504.png",
            "retina": false
          },
          "lat": "25.7984907",
          "lng": "-80.1288574",
          "anim": "2",
          "title": "P51 - Parking Lot",
          "infoopen": "0",
          "category": "",
          "approved": "1",
          "retina": "0",
          "type": "0",
          "did": "",
          "sticky": "0",
          "layergroup": "1",
          "hover_icon": "//www.miamibeachfl.gov/wp-content/plugins/wp-google-maps/images/spotlight-poi3.png",
          "hover_retina": "0",
          "id": "184",
          "categories": [
            "7",
            "15"
          ],
          "custom_field_data": [],
          "custom_fields_html": ""
        }
      }
    },
    {
      "type": "Feature",
      "geometry": {
        "type": "Point",
        "coordinates": [
          -80.1329516,
          25.7766204
        ]
      },
      "properties": {
        "source_id": "miami-beach:wpgmza:185",
        "source_name": "City of Miami Beach Parking Facilities",
        "name": "G1 - Parking Garage",
        "facility_type": "garage",
        "street": "200 7th Street, Miami Beach, FL, USA",
        "city": "Miami Beach",
        "state": "FL",
        "operator": "City of Miami Beach Parking Department",
        "access": "public",
        "fee": "yes",
        "charge": "0-4hrs $2/hr; 4-15hrs $8+$1/hr; 15-24hrs $20",
        "event_rate": "$15/vehicle Fri, Sat & Sun 8PM-5AM",
        "maximum_time": "No Limit",
        "capacity": "646",
        "parkmobile_zone": "88001",
        "payment_provider": "ParkMobile / PayByPhone",
        "payment_app_url": "https://www2.paybyphone.com/park-in-miami-beach",
        "payment_note": "Official Miami Beach source lists ParkMobile zones and PayByPhone/ParkMobile app support; ParkingUSA does not infer a per-record checkout URL.",
        "ev_charging": "N/A",
        "confidence": 0.88,
        "last_verified_source": "City of Miami Beach Parking Facilities",
        "source_url": "https://www.miamibeachfl.gov/city-hall/parking/parking-garages-lot-locations/",
        "api_url": "https://www.miamibeachfl.gov/wp-json/wpgmza/v1/markers?map_id=17",
        "evidence_url": "https://www.miamibeachfl.gov/wp-json/wpgmza/v1/markers?map_id=17",
        "data_as_of": "2026-07-15T09:52:45.943Z",
        "existence_status": "confirmed",
        "price_status": "known_priced",
        "rule_status": "partial",
        "enrichment_status": "needs_payment_link",
        "payment_url": "",
        "booking_url": "",
        "raw_properties": {
          "map_id": "17",
          "address": "200 7th Street, Miami Beach, FL, USA",
          "description": "<p style=\"font-size: 18px;line-height: 1.5em;margin-top: 0px;margin-bottom: 15px;padding: 0px;border: 0px;font-family: proxima-nova, Arial, Verdana\"></p><hr id=\"null\"><span style=\", sans-serif;font-weight: 600\">Spaces</span><span style=\", sans-serif\">:&nbsp;</span><span style=\"font-size:12.0pt;,sans-serif\">646</span><span style=\", sans-serif\"><br></span><hr id=\"null\"><span style=\", sans-serif;font-weight: 600\">Hourly Rate</span><span style=\", sans-serif\">:<br>0-4hrs $2/hr;<br>4-15hrs $8+$1/hr;<br>15-24hrs $20<br></span><hr id=\"null\"><span style=\", sans-serif;font-weight: 600\">Event Rate</span><span style=\", sans-serif\">:&nbsp;</span><span style=\", sans-serif\">$15/vehicle Fri, Sat &amp; Sun 8PM-5AM<br></span><hr id=\"null\"><span style=\", sans-serif;font-weight: 600\">Maximum Time</span><span style=\", sans-serif\">: No Limit<br></span><hr id=\"null\"><span style=\", sans-serif;font-weight: 600\">Park Mobile</span><span style=\", sans-serif\">: 88001<br></span><hr id=\"null\"><span style=\", sans-serif;font-weight: 600\">Electric Vehicle Charging</span><span style=\", sans-serif\">: N/A<br></span><hr id=\"null\"><p></p>",
          "pic": "",
          "link": "",
          "icon": {
            "url": "//www.miamibeachfl.gov/wp-content/uploads/wp-google-maps/icons/64c029c70ee658.04104386.png",
            "retina": false
          },
          "lat": "25.7766204",
          "lng": "-80.1329516",
          "anim": "2",
          "title": "G1 - Parking Garage",
          "infoopen": "0",
          "category": "",
          "approved": "1",
          "retina": "0",
          "type": "0",
          "did": "",
          "sticky": "0",
          "layergroup": "1",
          "hover_icon": "//www.miamibeachfl.gov/wp-content/plugins/wp-google-maps/images/spotlight-poi3.png",
          "hover_retina": "0",
          "id": "185",
          "categories": [
            "7",
            "14"
          ],
          "custom_field_data": [],
          "custom_fields_html": ""
        }
      }
    },
    {
      "type": "Feature",
      "geometry": {
        "type": "Point",
        "coordinates": [
          -80.13263049999999,
          25.7826246
        ]
      },
      "properties": {
        "source_id": "miami-beach:wpgmza:186",
        "source_name": "City of Miami Beach Parking Facilities",
        "name": "G2 - Parking Garage",
        "facility_type": "garage",
        "street": "1130 Washington Avenue, Miami Beach, FL, USA",
        "city": "Miami Beach",
        "state": "FL",
        "operator": "City of Miami Beach Parking Department",
        "access": "public",
        "fee": "yes",
        "charge": "0-4hrs $2/hr; 4-15hrs $8+$1/hr; 15-24hrs $20",
        "event_rate": "$15/vehicle Fri, Sat & Sun 8PM-5AM",
        "maximum_time": "No Limit",
        "capacity": "140",
        "parkmobile_zone": "88002",
        "payment_provider": "ParkMobile / PayByPhone",
        "payment_app_url": "https://www2.paybyphone.com/park-in-miami-beach",
        "payment_note": "Official Miami Beach source lists ParkMobile zones and PayByPhone/ParkMobile app support; ParkingUSA does not infer a per-record checkout URL.",
        "ev_charging": "",
        "confidence": 0.88,
        "last_verified_source": "City of Miami Beach Parking Facilities",
        "source_url": "https://www.miamibeachfl.gov/city-hall/parking/parking-garages-lot-locations/",
        "api_url": "https://www.miamibeachfl.gov/wp-json/wpgmza/v1/markers?map_id=17",
        "evidence_url": "https://www.miamibeachfl.gov/wp-json/wpgmza/v1/markers?map_id=17",
        "data_as_of": "2026-07-15T09:52:45.943Z",
        "existence_status": "confirmed",
        "price_status": "known_priced",
        "rule_status": "partial",
        "enrichment_status": "needs_payment_link",
        "payment_url": "",
        "booking_url": "",
        "raw_properties": {
          "map_id": "17",
          "address": "1130 Washington Avenue, Miami Beach, FL, USA",
          "description": "<p style=\"font-size: 18px;line-height: 1.5em;margin-top: 0px;margin-bottom: 15px;padding: 0px;border: 0px;font-family: proxima-nova, Arial, Verdana\"></p><hr id=\"null\"><span style=\", sans-serif;font-weight: 600\">Spaces</span><span style=\", sans-serif\">: 140<br></span><hr id=\"null\"><span style=\", sans-serif;font-weight: 600\">Hourly Rate</span><span style=\", sans-serif\">:<br>0-4hrs $2/hr;<br>4-15hrs $8+$1/hr;<br>15-24hrs $20<br></span><hr id=\"null\"><span style=\", sans-serif;font-weight: 600\">Event Rate</span><span style=\", sans-serif\">:&nbsp;</span><span style=\", sans-serif\">$15/vehicle Fri, Sat & Sun 8PM-5AM<br></span><hr id=\"null\"><span style=\", sans-serif;font-weight: 600\">Maximum Time</span><span style=\", sans-serif\">: No Limit<br></span><hr id=\"null\"><span style=\", sans-serif;font-weight: 600\">Park Mobile</span><span style=\", sans-serif\">: 88002<br></span><hr id=\"null\"><span style=\", sans-serif;font-weight: 600\">Electric Vehicle Charging</span>&nbsp;2nd level 2 chargers / 4 spaces<p></p>",
          "pic": "",
          "link": "",
          "icon": {
            "url": "//www.miamibeachfl.gov/wp-content/uploads/wp-google-maps/icons/64c02b69b04c96.74949413.png",
            "retina": false
          },
          "lat": "25.7826246",
          "lng": "-80.13263049999999",
          "anim": "2",
          "title": "G2 - Parking Garage",
          "infoopen": "0",
          "category": "",
          "approved": "1",
          "retina": "0",
          "type": "0",
          "did": "",
          "sticky": "0",
          "layergroup": "1",
          "hover_icon": "//www.miamibeachfl.gov/wp-content/plugins/wp-google-maps/images/spotlight-poi3.png",
          "hover_retina": "0",
          "id": "186",
          "categories": [
            "7",
            "13",
            "14"
          ],
          "custom_field_data": [],
          "custom_fields_html": ""
        }
      }
    },
    {
      "type": "Feature",
      "geometry": {
        "type": "Point",
        "coordinates": [
          -80.1307331,
          25.7843936
        ]
      },
      "properties": {
        "source_id": "miami-beach:wpgmza:187",
        "source_name": "City of Miami Beach Parking Facilities",
        "name": "G3 - Parking Garage",
        "facility_type": "garage",
        "street": "1301 Collins Avenue, Miami Beach, FL, USA",
        "city": "Miami Beach",
        "state": "FL",
        "operator": "City of Miami Beach Parking Department",
        "access": "public",
        "fee": "yes",
        "charge": "0-4hrs $2/hr; 4-15hrs $8+$1/hr; 15-24hrs $20",
        "event_rate": "$15/vehicle Fri, Sat & Sun 8PM-5AM",
        "maximum_time": "No Limit",
        "capacity": "293",
        "parkmobile_zone": "88003",
        "payment_provider": "ParkMobile / PayByPhone",
        "payment_app_url": "https://www2.paybyphone.com/park-in-miami-beach",
        "payment_note": "Official Miami Beach source lists ParkMobile zones and PayByPhone/ParkMobile app support; ParkingUSA does not infer a per-record checkout URL.",
        "ev_charging": "3rd level south end, 2 chargers / 4 spaces",
        "confidence": 0.88,
        "last_verified_source": "City of Miami Beach Parking Facilities",
        "source_url": "https://www.miamibeachfl.gov/city-hall/parking/parking-garages-lot-locations/",
        "api_url": "https://www.miamibeachfl.gov/wp-json/wpgmza/v1/markers?map_id=17",
        "evidence_url": "https://www.miamibeachfl.gov/wp-json/wpgmza/v1/markers?map_id=17",
        "data_as_of": "2026-07-15T09:52:45.943Z",
        "existence_status": "confirmed",
        "price_status": "known_priced",
        "rule_status": "partial",
        "enrichment_status": "needs_payment_link",
        "payment_url": "",
        "booking_url": "",
        "raw_properties": {
          "map_id": "17",
          "address": "1301 Collins Avenue, Miami Beach, FL, USA",
          "description": "<p style=\"font-size: 18px;line-height: 1.5em;margin-top: 0px;margin-bottom: 15px;padding: 0px;border: 0px;font-family: proxima-nova, Arial, Verdana\"></p><hr id=\"null\"><span style=\", sans-serif;font-weight: 600\">Spaces</span><span style=\", sans-serif\">: 293<br></span><hr id=\"null\"><span style=\", sans-serif;font-weight: 600\">Hourly Rate</span><span style=\", sans-serif\">:<br>0-4hrs $2/hr;<br>4-15hrs $8+$1/hr;<br>15-24hrs $20<br></span><hr id=\"null\"><span style=\", sans-serif;font-weight: 600\">Event Rate</span><span style=\", sans-serif\">:&nbsp;</span><span style=\", sans-serif\">$15/vehicle Fri, Sat &amp; Sun 8PM-5AM<br></span><hr id=\"null\"><span style=\", sans-serif;font-weight: 600\">Maximum Time</span><span style=\", sans-serif\">: No Limit<br></span><hr id=\"null\"><span style=\", sans-serif;font-weight: 600\">Park Mobile</span><span style=\", sans-serif\">: 88003<br></span><hr id=\"null\"><span style=\", sans-serif;font-weight: 600\">Electric Vehicle Charging</span><span style=\", sans-serif\">:&nbsp;3rd level south end, 2 chargers / 4 spaces</span><p></p>",
          "pic": "",
          "link": "",
          "icon": {
            "url": "//www.miamibeachfl.gov/wp-content/uploads/wp-google-maps/icons/64c02a65467594.08691313.png",
            "retina": false
          },
          "lat": "25.7843936",
          "lng": "-80.1307331",
          "anim": "2",
          "title": "G3 - Parking Garage",
          "infoopen": "0",
          "category": "",
          "approved": "1",
          "retina": "0",
          "type": "0",
          "did": "",
          "sticky": "0",
          "layergroup": "1",
          "hover_icon": "//www.miamibeachfl.gov/wp-content/plugins/wp-google-maps/images/spotlight-poi3.png",
          "hover_retina": "0",
          "id": "187",
          "categories": [
            "7",
            "13",
            "14"
          ],
          "custom_field_data": [],
          "custom_fields_html": ""
        }
      }
    },
    {
      "type": "Feature",
      "geometry": {
        "type": "Point",
        "coordinates": [
          -80.1314368,
          25.7889167
        ]
      },
      "properties": {
        "source_id": "miami-beach:wpgmza:188",
        "source_name": "City of Miami Beach Parking Facilities",
        "name": "G4 - Parking Garage",
        "facility_type": "garage",
        "street": "1557 Washington Avenue, Miami Beach, Florida, USA",
        "city": "Miami Beach",
        "state": "FL",
        "operator": "City of Miami Beach Parking Department",
        "access": "public",
        "fee": "yes",
        "charge": "0-3hrs $2/hr; 3-6hrs $10; 6-24hrs $20",
        "event_rate": "$15/vehicle Fri, Sat & Sun 8PM-5AM",
        "maximum_time": "No Limit",
        "capacity": "823",
        "parkmobile_zone": "88004",
        "payment_provider": "ParkMobile / PayByPhone",
        "payment_app_url": "https://www2.paybyphone.com/park-in-miami-beach",
        "payment_note": "Official Miami Beach source lists ParkMobile zones and PayByPhone/ParkMobile app support; ParkingUSA does not infer a per-record checkout URL.",
        "ev_charging": "N/A",
        "confidence": 0.88,
        "last_verified_source": "City of Miami Beach Parking Facilities",
        "source_url": "https://www.miamibeachfl.gov/city-hall/parking/parking-garages-lot-locations/",
        "api_url": "https://www.miamibeachfl.gov/wp-json/wpgmza/v1/markers?map_id=17",
        "evidence_url": "https://www.miamibeachfl.gov/wp-json/wpgmza/v1/markers?map_id=17",
        "data_as_of": "2026-07-15T09:52:45.943Z",
        "existence_status": "confirmed",
        "price_status": "known_priced",
        "rule_status": "partial",
        "enrichment_status": "needs_payment_link",
        "payment_url": "",
        "booking_url": "",
        "raw_properties": {
          "map_id": "17",
          "address": "1557 Washington Avenue, Miami Beach, Florida, USA",
          "description": "<p style=\"font-size: 18px;line-height: 1.5em;margin-top: 0px;margin-bottom: 15px;padding: 0px;border: 0px;font-family: proxima-nova, Arial, Verdana\"></p><hr id=\"null\"><span style=\", sans-serif;font-weight: 600\">Spaces</span><span style=\", sans-serif\">: 823<br></span><hr id=\"null\"><span style=\", sans-serif;font-weight: 600\">Hourly Rate</span><span style=\", sans-serif\">:<br>0-3hrs $2/hr;<br>3-6hrs $10;<br>6-24hrs $20<br></span><hr id=\"null\"><span style=\", sans-serif;font-weight: 600\">Event Rate</span><span style=\", sans-serif\">:&nbsp;</span><span style=\", sans-serif\">$15/vehicle Fri, Sat & Sun 8PM-5AM<br></span><hr id=\"null\"><span style=\", sans-serif;font-weight: 600\">Maximum Time</span><span style=\", sans-serif\">: No Limit<br></span><hr id=\"null\"><span style=\", sans-serif;font-weight: 600\">Park Mobile</span><span style=\", sans-serif\">: 88004<br></span><hr id=\"null\"><span style=\", sans-serif;font-weight: 600\">Electric Vehicle Charging</span><span style=\", sans-serif\">:&nbsp;N/A</span><p></p>",
          "pic": "",
          "link": "",
          "icon": {
            "url": "//www.miamibeachfl.gov/wp-content/uploads/wp-google-maps/icons/64c02c4e0ac476.58328611.png",
            "retina": false
          },
          "lat": "25.7889167",
          "lng": "-80.1314368",
          "anim": "2",
          "title": "G4 - Parking Garage",
          "infoopen": "0",
          "category": "",
          "approved": "1",
          "retina": "0",
          "type": "0",
          "did": "",
          "sticky": "0",
          "layergroup": "1",
          "hover_icon": "//www.miamibeachfl.gov/wp-content/plugins/wp-google-maps/images/spotlight-poi3.png",
          "hover_retina": "0",
          "id": "188",
          "categories": [
            "7",
            "14"
          ],
          "custom_field_data": [],
          "custom_fields_html": ""
        }
      }
    },
    {
      "type": "Feature",
      "geometry": {
        "type": "Point",
        "coordinates": [
          -80.1352778,
          25.7919992
        ]
      },
      "properties": {
        "source_id": "miami-beach:wpgmza:189",
        "source_name": "City of Miami Beach Parking Facilities",
        "name": "G5 - Parking Garage",
        "facility_type": "garage",
        "street": "640 17 Street, Miami Beach, FL",
        "city": "Miami Beach",
        "state": "FL",
        "operator": "City of Miami Beach Parking Department",
        "access": "public",
        "fee": "yes",
        "charge": "0-4hrs $2/hr; 4-8hrs $8+$1/hr; 8-15hrs $15; 15-24hrs $20",
        "event_rate": "$15/vehicle during special events",
        "maximum_time": "No Limit",
        "capacity": "1,490",
        "parkmobile_zone": "88005",
        "payment_provider": "ParkMobile / PayByPhone",
        "payment_app_url": "https://www2.paybyphone.com/park-in-miami-beach",
        "payment_note": "Official Miami Beach source lists ParkMobile zones and PayByPhone/ParkMobile app support; ParkingUSA does not infer a per-record checkout URL.",
        "ev_charging": "2nd level south, 2 chargers / 4 spaces",
        "confidence": 0.88,
        "last_verified_source": "City of Miami Beach Parking Facilities",
        "source_url": "https://www.miamibeachfl.gov/city-hall/parking/parking-garages-lot-locations/",
        "api_url": "https://www.miamibeachfl.gov/wp-json/wpgmza/v1/markers?map_id=17",
        "evidence_url": "https://www.miamibeachfl.gov/wp-json/wpgmza/v1/markers?map_id=17",
        "data_as_of": "2026-07-15T09:52:45.943Z",
        "existence_status": "confirmed",
        "price_status": "known_priced",
        "rule_status": "partial",
        "enrichment_status": "needs_payment_link",
        "payment_url": "",
        "booking_url": "",
        "raw_properties": {
          "map_id": "17",
          "address": "640 17 Street, Miami Beach, FL",
          "description": "<p style=\"font-size: 18px;line-height: 1.5em;margin-top: 0px;margin-bottom: 15px;padding: 0px;border: 0px;font-family: proxima-nova, Arial, Verdana\"></p><hr id=\"null\"><span style=\", sans-serif;font-weight: 600\">Spaces</span><span style=\", sans-serif\">: 1,490<br></span><hr id=\"null\"><span style=\", sans-serif;font-weight: 600\">Hourly Rate</span><span style=\", sans-serif\">:<br>0-4hrs $2/hr;<br>4-8hrs $8+$1/hr;<br>8-15hrs $15;<br>15-24hrs $20<br></span><hr id=\"null\"><span style=\", sans-serif;font-weight: 600\">Event Rate</span><span style=\", sans-serif\">:&nbsp;</span><span style=\", sans-serif\">$15/vehicle during special events<br></span><hr id=\"null\"><span style=\", sans-serif;font-weight: 600\">Maximum Time</span><span style=\", sans-serif\">: No Limit<br></span><hr id=\"null\"><span style=\", sans-serif;font-weight: 600\">Park Mobile</span><span style=\", sans-serif\">: 88005<br></span><hr id=\"null\"><span style=\", sans-serif;font-weight: 600\">Electric Vehicle Charging</span><span style=\", sans-serif\">:&nbsp;</span>2nd level south, 2 chargers / 4 spaces<p></p>",
          "pic": "",
          "link": "",
          "icon": {
            "url": "//www.miamibeachfl.gov/wp-content/uploads/wp-google-maps/icons/64c02ce2472d19.51870396.png",
            "retina": false
          },
          "lat": "25.7919992",
          "lng": "-80.1352778",
          "anim": "2",
          "title": "G5 - Parking Garage",
          "infoopen": "0",
          "category": "",
          "approved": "1",
          "retina": "0",
          "type": "0",
          "did": "",
          "sticky": "0",
          "layergroup": "1",
          "hover_icon": "//www.miamibeachfl.gov/wp-content/plugins/wp-google-maps/images/spotlight-poi3.png",
          "hover_retina": "0",
          "id": "189",
          "categories": [
            "7",
            "13",
            "14"
          ],
          "custom_field_data": [],
          "custom_fields_html": ""
        }
      }
    },
    {
      "type": "Feature",
      "geometry": {
        "type": "Point",
        "coordinates": [
          -80.13605439999999,
          25.7928979
        ]
      },
      "properties": {
        "source_id": "miami-beach:wpgmza:190",
        "source_name": "City of Miami Beach Parking Facilities",
        "name": "G7 - Parking Garage",
        "facility_type": "garage",
        "street": "1755 Meridian Avenue, Miami Beach, FL, USA",
        "city": "Miami Beach",
        "state": "FL",
        "operator": "City of Miami Beach Parking Department",
        "access": "public",
        "fee": "yes",
        "charge": "0-4hrs $2/hr; 4-8hrs $8+$1/hr; 8-15hrs $15; 15-24hrs $20",
        "event_rate": "$15/vehicle during special events",
        "maximum_time": "3 hours in the guest lot",
        "capacity": "714",
        "parkmobile_zone": "88007",
        "payment_provider": "ParkMobile / PayByPhone",
        "payment_app_url": "https://www2.paybyphone.com/park-in-miami-beach",
        "payment_note": "Official Miami Beach source lists ParkMobile zones and PayByPhone/ParkMobile app support; ParkingUSA does not infer a per-record checkout URL.",
        "ev_charging": "2nd level north, 2 chargers / 4 spaces",
        "confidence": 0.88,
        "last_verified_source": "City of Miami Beach Parking Facilities",
        "source_url": "https://www.miamibeachfl.gov/city-hall/parking/parking-garages-lot-locations/",
        "api_url": "https://www.miamibeachfl.gov/wp-json/wpgmza/v1/markers?map_id=17",
        "evidence_url": "https://www.miamibeachfl.gov/wp-json/wpgmza/v1/markers?map_id=17",
        "data_as_of": "2026-07-15T09:52:45.943Z",
        "existence_status": "confirmed",
        "price_status": "known_priced",
        "rule_status": "partial",
        "enrichment_status": "needs_payment_link",
        "payment_url": "",
        "booking_url": "",
        "raw_properties": {
          "map_id": "17",
          "address": "1755 Meridian Avenue, Miami Beach, FL, USA",
          "description": "<p style=\"font-size: 18px;line-height: 1.5em;margin-top: 0px;margin-bottom: 15px;padding: 0px;border: 0px;font-family: proxima-nova, Arial, Verdana\"></p><hr id=\"null\"><span style=\", sans-serif;font-weight: 600\">Spaces</span><span style=\", sans-serif\">: 714<br></span><hr id=\"null\"><span style=\", sans-serif;font-weight: 600\">Hourly Rate</span><span style=\", sans-serif\">:<br>0-4hrs $2/hr;<br>4-8hrs $8+$1/hr;<br>8-15hrs $15;<br>15-24hrs $20<br></span><hr id=\"null\"><span style=\", sans-serif;font-weight: 600\">Event Rate</span><span style=\", sans-serif\">:&nbsp;</span><span style=\", sans-serif\">$15/vehicle during special events<br></span><hr id=\"null\"><span style=\", sans-serif;font-weight: 600\">Maximum Time</span><span style=\", sans-serif\">: 3 hours in the guest lot<br></span><hr id=\"null\"><span style=\", sans-serif;font-weight: 600\">Park Mobile</span><span style=\", sans-serif\">: 88007<br></span><hr id=\"null\"><span style=\", sans-serif;font-weight: 600\">Electric Vehicle Charging</span><span style=\", sans-serif\">:&nbsp;</span>2nd level north, 2 chargers / 4 spaces<p></p>",
          "pic": "",
          "link": "",
          "icon": {
            "url": "//www.miamibeachfl.gov/wp-content/uploads/wp-google-maps/icons/64c02e8beb6430.69630735.png",
            "retina": false
          },
          "lat": "25.7928979",
          "lng": "-80.13605439999999",
          "anim": "2",
          "title": "G7 - Parking Garage",
          "infoopen": "0",
          "category": "",
          "approved": "1",
          "retina": "0",
          "type": "0",
          "did": "",
          "sticky": "0",
          "layergroup": "1",
          "hover_icon": "//www.miamibeachfl.gov/wp-content/plugins/wp-google-maps/images/spotlight-poi3.png",
          "hover_retina": "0",
          "id": "190",
          "categories": [
            "7",
            "13",
            "14"
          ],
          "custom_field_data": [],
          "custom_fields_html": ""
        }
      }
    },
    {
      "type": "Feature",
      "geometry": {
        "type": "Point",
        "coordinates": [
          -80.13965259999999,
          25.7750601
        ]
      },
      "properties": {
        "source_id": "miami-beach:wpgmza:191",
        "source_name": "City of Miami Beach Parking Facilities",
        "name": "G8 - Parking Garage",
        "facility_type": "garage",
        "street": "550 Lenox Avenue, Miami Beach, FL",
        "city": "Miami Beach",
        "state": "FL",
        "operator": "City of Miami Beach Parking Department",
        "access": "public",
        "fee": "yes",
        "charge": "0-2 hrs free w/retail receipt 2-3 hrs $6 3-4 hrs $8 4-5 hrs $9 5-6 hrs $10 6-7 hrs $11 7-8 hrs $12 8-15 hrs $15 15-24 hrs $20",
        "event_rate": "11PM - 6AM $15 per vehicle",
        "maximum_time": "No Limit",
        "capacity": "1,070",
        "parkmobile_zone": "88008",
        "payment_provider": "ParkMobile / PayByPhone",
        "payment_app_url": "https://www2.paybyphone.com/park-in-miami-beach",
        "payment_note": "Official Miami Beach source lists ParkMobile zones and PayByPhone/ParkMobile app support; ParkingUSA does not infer a per-record checkout URL.",
        "ev_charging": "N/A",
        "confidence": 0.88,
        "last_verified_source": "City of Miami Beach Parking Facilities",
        "source_url": "https://www.miamibeachfl.gov/city-hall/parking/parking-garages-lot-locations/",
        "api_url": "https://www.miamibeachfl.gov/wp-json/wpgmza/v1/markers?map_id=17",
        "evidence_url": "https://www.miamibeachfl.gov/wp-json/wpgmza/v1/markers?map_id=17",
        "data_as_of": "2026-07-15T09:52:45.943Z",
        "existence_status": "confirmed",
        "price_status": "known_priced",
        "rule_status": "partial",
        "enrichment_status": "needs_payment_link",
        "payment_url": "",
        "booking_url": "",
        "raw_properties": {
          "map_id": "17",
          "address": "550 Lenox Avenue, Miami Beach, FL",
          "description": "<p style=\"font-size: 18px;line-height: 1.5em;margin-top: 0px;margin-bottom: 15px;padding: 0px;border: 0px;font-family: proxima-nova, Arial, Verdana\"></p><hr id=\"null\"><span style=\", sans-serif;font-weight: 600\">Spaces</span><span style=\", sans-serif\">: 1,070<br></span><hr id=\"null\"><span style=\", sans-serif;font-weight: 600\">Hourly Rate</span><span style=\", sans-serif\">:<br>0-2 hrs free w/retail receipt<br>2-3 hrs $6<br>3-4 hrs $8<br>4-5 hrs $9<br>5-6 hrs $10<br>6-7 hrs $11<br>7-8 hrs $12<br>8-15 hrs $15<br>15-24 hrs $20<br></span><hr id=\"null\"><span style=\", sans-serif;font-weight: 600\">Event Rate</span><span style=\", sans-serif\">: 11PM - 6AM $15 per vehicle</span><span style=\", sans-serif\"><br></span><hr id=\"null\"><span style=\", sans-serif;font-weight: 600\">Maximum Time</span><span style=\", sans-serif\">: No Limit<br></span><hr id=\"null\"><span style=\", sans-serif;font-weight: 600\">Park Mobile</span><span style=\", sans-serif\">: 88008<br></span><hr id=\"null\"><span style=\", sans-serif;font-weight: 600\">Electric Vehicle Charging</span><span style=\", sans-serif\">:&nbsp;</span>N/A<p></p>",
          "pic": "",
          "link": "",
          "icon": {
            "url": "//www.miamibeachfl.gov/wp-content/uploads/wp-google-maps/icons/64c02e9e226ee7.91337183.png",
            "retina": false
          },
          "lat": "25.7750601",
          "lng": "-80.13965259999999",
          "anim": "2",
          "title": "G8 - Parking Garage",
          "infoopen": "0",
          "category": "",
          "approved": "1",
          "retina": "0",
          "type": "0",
          "did": "",
          "sticky": "0",
          "layergroup": "1",
          "hover_icon": "//www.miamibeachfl.gov/wp-content/plugins/wp-google-maps/images/spotlight-poi3.png",
          "hover_retina": "0",
          "id": "191",
          "categories": [
            "7",
            "14"
          ],
          "custom_field_data": [],
          "custom_fields_html": ""
        }
      }
    },
    {
      "type": "Feature",
      "geometry": {
        "type": "Point",
        "coordinates": [
          -80.1341753,
          25.7913121
        ]
      },
      "properties": {
        "source_id": "miami-beach:wpgmza:192",
        "source_name": "City of Miami Beach Parking Facilities",
        "name": "G9 - Parking Garage",
        "facility_type": "garage",
        "street": "1661 Pennsylvania Avenue, Miami Beach, FL",
        "city": "Miami Beach",
        "state": "FL",
        "operator": "City of Miami Beach Parking Department",
        "access": "public",
        "fee": "yes",
        "charge": "0-4hrs $2/hr; 4-8hrs $8+$1/hr; 8-15hrs $15; 15-24hrs $20",
        "event_rate": "$15/vehicle during special events",
        "maximum_time": "No Limit",
        "capacity": "562",
        "parkmobile_zone": "88009",
        "payment_provider": "ParkMobile / PayByPhone",
        "payment_app_url": "https://www2.paybyphone.com/park-in-miami-beach",
        "payment_note": "Official Miami Beach source lists ParkMobile zones and PayByPhone/ParkMobile app support; ParkingUSA does not infer a per-record checkout URL.",
        "ev_charging": "Tesla Superchargers now available: The City of Miami Beach is pleased to welcome the first Tesla Superchargers to the city’s municipal parking garage at 1661 Pennsylvania Ave. Located near the New World Center, Lincoln Road, and The Fillmore Miami Beach at the Jackie Gleason Theater, the 10 new Tesla Superchargers allow Tesla drivers to quickly charge their vehicles when they park in the garage. Visit www.tesla.com/supercharger for more information about Tesla’s Supercharger network and visit the Pennsylvania Avenue municipal garage to see the new Supercharger stations in action. According to Tesla, drivers can gain up to 200 miles of range in 15 minutes.",
        "confidence": 0.88,
        "last_verified_source": "City of Miami Beach Parking Facilities",
        "source_url": "https://www.miamibeachfl.gov/city-hall/parking/parking-garages-lot-locations/",
        "api_url": "https://www.miamibeachfl.gov/wp-json/wpgmza/v1/markers?map_id=17",
        "evidence_url": "https://www.miamibeachfl.gov/wp-json/wpgmza/v1/markers?map_id=17",
        "data_as_of": "2026-07-15T09:52:45.943Z",
        "existence_status": "confirmed",
        "price_status": "known_priced",
        "rule_status": "partial",
        "enrichment_status": "needs_payment_link",
        "payment_url": "",
        "booking_url": "",
        "raw_properties": {
          "map_id": "17",
          "address": "1661 Pennsylvania Avenue, Miami Beach, FL",
          "description": "<p style=\"font-size: 18px;line-height: 1.5em;margin-top: 0px;margin-bottom: 15px;padding: 0px;border: 0px;font-family: proxima-nova, Arial, Verdana\"></p><hr id=\"null\"><span style=\", sans-serif;font-weight: 600\">Spaces</span><span style=\", sans-serif\">: 562<br></span><hr id=\"null\"><span style=\", sans-serif;font-weight: 600\">Hourly Rate</span><span style=\", sans-serif\">:<br>0-4hrs $2/hr;<br>4-8hrs $8+$1/hr;<br>8-15hrs $15;<br>15-24hrs $20<br></span><hr id=\"null\"><span style=\", sans-serif;font-weight: 600\">Event Rate</span><span style=\", sans-serif\">:&nbsp;</span><span style=\", sans-serif\">$15/vehicle during special events<br></span><hr id=\"null\"><span style=\", sans-serif;font-weight: 600\">Maximum Time</span><span style=\", sans-serif\">: No Limit<br></span><hr id=\"null\"><span style=\", sans-serif;font-weight: 600\">Park Mobile</span><span style=\", sans-serif\">: 88009<br></span><hr id=\"null\"><span style=\", sans-serif;font-weight: 600\">Electric Vehicle Charging</span><span style=\", sans-serif\">:&nbsp;</span><div><p></p></div><div><div><b>Tesla Superchargers now available:</b></div><div><br></div><div>The City of Miami Beach is pleased to welcome the first Tesla Superchargers to the city’s municipal parking garage at 1661 Pennsylvania Ave.</div><div><br></div><div>Located near the New World Center, Lincoln Road, and The Fillmore Miami Beach at the Jackie Gleason Theater, the 10 new Tesla Superchargers allow Tesla drivers to quickly charge their vehicles when they park in the garage.</div><div><br></div><div>Visit <a href=\"www.tesla.com/supercharger\">www.tesla.com/supercharger</a> for more information about Tesla’s Supercharger network and visit the Pennsylvania Avenue municipal garage to see the new Supercharger stations in action. According to Tesla, drivers can gain up to 200 miles of range in 15 minutes.</div></div>",
          "pic": "",
          "link": "",
          "icon": {
            "url": "//www.miamibeachfl.gov/wp-content/uploads/wp-google-maps/icons/64c02e64cd2282.15009873.png",
            "retina": false
          },
          "lat": "25.7913121",
          "lng": "-80.1341753",
          "anim": "2",
          "title": "G9 - Parking Garage",
          "infoopen": "0",
          "category": "",
          "approved": "1",
          "retina": "0",
          "type": "0",
          "did": "",
          "sticky": "0",
          "layergroup": "1",
          "hover_icon": "//www.miamibeachfl.gov/wp-content/plugins/wp-google-maps/images/spotlight-poi3.png",
          "hover_retina": "0",
          "id": "192",
          "categories": [
            "7",
            "13",
            "14"
          ],
          "custom_field_data": [],
          "custom_fields_html": ""
        }
      }
    },
    {
      "type": "Feature",
      "geometry": {
        "type": "Point",
        "coordinates": [
          -80.14407949999999,
          25.7945421
        ]
      },
      "properties": {
        "source_id": "miami-beach:wpgmza:193",
        "source_name": "City of Miami Beach Parking Facilities",
        "name": "G10 - Parking Garage",
        "facility_type": "garage",
        "street": "1900 Bay Road, Miami Beach, FL",
        "city": "Miami Beach",
        "state": "FL",
        "operator": "City of Miami Beach Parking Department",
        "access": "public",
        "fee": "yes",
        "charge": "0-4hrs $2/hr; 4-8hrs $8+$1/hr; 8-15hrs $15; 15-24hrs $20",
        "event_rate": "$15/vehicle during special events",
        "maximum_time": "No Limit",
        "capacity": "562",
        "parkmobile_zone": "88010",
        "payment_provider": "ParkMobile / PayByPhone",
        "payment_app_url": "https://www2.paybyphone.com/park-in-miami-beach",
        "payment_note": "Official Miami Beach source lists ParkMobile zones and PayByPhone/ParkMobile app support; ParkingUSA does not infer a per-record checkout URL.",
        "ev_charging": "2ND level north, 2 chargers / 4 spaces",
        "confidence": 0.88,
        "last_verified_source": "City of Miami Beach Parking Facilities",
        "source_url": "https://www.miamibeachfl.gov/city-hall/parking/parking-garages-lot-locations/",
        "api_url": "https://www.miamibeachfl.gov/wp-json/wpgmza/v1/markers?map_id=17",
        "evidence_url": "https://www.miamibeachfl.gov/wp-json/wpgmza/v1/markers?map_id=17",
        "data_as_of": "2026-07-15T09:52:45.943Z",
        "existence_status": "confirmed",
        "price_status": "known_priced",
        "rule_status": "partial",
        "enrichment_status": "needs_payment_link",
        "payment_url": "",
        "booking_url": "",
        "raw_properties": {
          "map_id": "17",
          "address": "1900 Bay Road, Miami Beach, FL",
          "description": "<p style=\"font-size: 18px;line-height: 1.5em;margin-top: 0px;margin-bottom: 15px;padding: 0px;border: 0px;font-family: proxima-nova, Arial, Verdana\"></p><hr id=\"null\"><span style=\", sans-serif;font-weight: 600\">Spaces</span><span style=\", sans-serif\">: 562<br></span><hr id=\"null\"><span style=\", sans-serif;font-weight: 600\">Hourly Rate</span><span style=\", sans-serif\">:<br>0-4hrs $2/hr;<br>4-8hrs $8+$1/hr;<br>8-15hrs $15;<br>15-24hrs $20<br></span><hr id=\"null\"><span style=\", sans-serif;font-weight: 600\">Event Rate</span><span style=\", sans-serif\">:&nbsp;</span><span style=\", sans-serif\">$15/vehicle during special events<br></span><hr id=\"null\"><span style=\", sans-serif;font-weight: 600\">Maximum Time</span><span style=\", sans-serif\">: No Limit<br></span><hr id=\"null\"><span style=\", sans-serif;font-weight: 600\">Park Mobile</span><span style=\", sans-serif\">: 88010<br></span><hr id=\"null\"><span style=\", sans-serif;font-weight: 600\">Electric Vehicle Charging</span><span style=\", sans-serif\">:&nbsp;</span>2ND level north, 2 chargers / 4 spaces<p></p>",
          "pic": "",
          "link": "",
          "icon": {
            "url": "//www.miamibeachfl.gov/wp-content/uploads/wp-google-maps/icons/64c02ee3acbfc0.50192036.png",
            "retina": false
          },
          "lat": "25.7945421",
          "lng": "-80.14407949999999",
          "anim": "2",
          "title": "G10 - Parking Garage",
          "infoopen": "0",
          "category": "",
          "approved": "1",
          "retina": "0",
          "type": "0",
          "did": "",
          "sticky": "0",
          "layergroup": "1",
          "hover_icon": "//www.miamibeachfl.gov/wp-content/plugins/wp-google-maps/images/spotlight-poi3.png",
          "hover_retina": "0",
          "id": "193",
          "categories": [
            "7",
            "13",
            "14"
          ],
          "custom_field_data": [],
          "custom_fields_html": ""
        }
      }
    },
    {
      "type": "Feature",
      "geometry": {
        "type": "Point",
        "coordinates": [
          -80.13378639999999,
          25.7947559
        ]
      },
      "properties": {
        "source_id": "miami-beach:wpgmza:194",
        "source_name": "City of Miami Beach Parking Facilities",
        "name": "G11 - Parking Garage",
        "facility_type": "garage",
        "street": "1901 Convention Center Drive, Miami Beach, FL",
        "city": "Miami Beach",
        "state": "FL",
        "operator": "City of Miami Beach Parking Department",
        "access": "public",
        "fee": "yes",
        "charge": "unknown",
        "event_rate": "",
        "maximum_time": "",
        "capacity": "799",
        "parkmobile_zone": "",
        "payment_provider": "",
        "payment_app_url": "",
        "payment_note": "",
        "ev_charging": "5th level east side, 8 chargers / 14 spaces, 4th level south end, 1charger / 2 spaces, north end, 6 / chargers / 7 spaces",
        "confidence": 0.88,
        "last_verified_source": "City of Miami Beach Parking Facilities",
        "source_url": "https://www.miamibeachfl.gov/city-hall/parking/parking-garages-lot-locations/",
        "api_url": "https://www.miamibeachfl.gov/wp-json/wpgmza/v1/markers?map_id=17",
        "evidence_url": "https://www.miamibeachfl.gov/wp-json/wpgmza/v1/markers?map_id=17",
        "data_as_of": "2026-07-15T09:52:45.943Z",
        "existence_status": "confirmed",
        "price_status": "known_unpriced",
        "rule_status": "partial",
        "enrichment_status": "needs_price",
        "payment_url": "",
        "booking_url": "",
        "raw_properties": {
          "map_id": "17",
          "address": "1901 Convention Center Drive, Miami Beach, FL",
          "description": "<p style=\"font-size: 18px;line-height: 1.5em;margin-top: 0px;margin-bottom: 15px;padding: 0px;border: 0px;font-family: proxima-nova, Arial, Verdana\"></p><hr id=\"null\"><span style=\", sans-serif;font-weight: 600\">Spaces</span><span style=\", sans-serif\">: 799<br></span><hr id=\"null\"><span style=\", sans-serif;font-weight: 600\">Hourly Rate</span><span style=\", sans-serif\">:<br></span><hr id=\"null\"><span style=\", sans-serif;font-weight: 600\">Event Rate</span><span style=\", sans-serif\">:&nbsp;</span><span style=\", sans-serif\"><br></span><hr id=\"null\"><span style=\", sans-serif;font-weight: 600\">Maximum Time</span><span style=\", sans-serif\">:&nbsp;<br></span><hr id=\"null\"><span style=\", sans-serif;font-weight: 600\">Park Mobile</span><span style=\", sans-serif\">:&nbsp;<br></span><hr id=\"null\"><span style=\", sans-serif;font-weight: 600\">Electric Vehicle Charging</span><span style=\", sans-serif\">:&nbsp;</span>5th level east side, 8 chargers / 14 spaces, 4th level south end, 1charger / 2 spaces, north end, 6 / chargers / 7 spaces<p></p>",
          "pic": "",
          "link": "",
          "icon": {
            "url": "//www.miamibeachfl.gov/wp-content/uploads/wp-google-maps/icons/64c02fa9b452f9.59131794.png",
            "retina": false
          },
          "lat": "25.7947559",
          "lng": "-80.13378639999999",
          "anim": "2",
          "title": "G11 - Parking Garage",
          "infoopen": "0",
          "category": "",
          "approved": "1",
          "retina": "0",
          "type": "0",
          "did": "",
          "sticky": "0",
          "layergroup": "1",
          "hover_icon": "//www.miamibeachfl.gov/wp-content/plugins/wp-google-maps/images/spotlight-poi3.png",
          "hover_retina": "0",
          "id": "194",
          "categories": [
            "7",
            "13",
            "14"
          ],
          "custom_field_data": [],
          "custom_fields_html": ""
        }
      }
    },
    {
      "type": "Feature",
      "geometry": {
        "type": "Point",
        "coordinates": [
          -80.129708,
          25.7985715
        ]
      },
      "properties": {
        "source_id": "miami-beach:wpgmza:195",
        "source_name": "City of Miami Beach Parking Facilities",
        "name": "G12 - Parking Garage",
        "facility_type": "garage",
        "street": "340 23 Street, Miami Beach, FL",
        "city": "Miami Beach",
        "state": "FL",
        "operator": "City of Miami Beach Parking Department",
        "access": "public",
        "fee": "yes",
        "charge": "0-4hrs $2/hr; 4-8hrs $8+$1/hr; 8-15hrs $15; 15-24hrs $20",
        "event_rate": "$15/vehicle during special events",
        "maximum_time": "",
        "capacity": "516",
        "parkmobile_zone": "88012",
        "payment_provider": "ParkMobile / PayByPhone",
        "payment_app_url": "https://www2.paybyphone.com/park-in-miami-beach",
        "payment_note": "Official Miami Beach source lists ParkMobile zones and PayByPhone/ParkMobile app support; ParkingUSA does not infer a per-record checkout URL.",
        "ev_charging": "2ND to 3RD level ramp, 5 chargers / 10 spaces",
        "confidence": 0.88,
        "last_verified_source": "City of Miami Beach Parking Facilities",
        "source_url": "https://www.miamibeachfl.gov/city-hall/parking/parking-garages-lot-locations/",
        "api_url": "https://www.miamibeachfl.gov/wp-json/wpgmza/v1/markers?map_id=17",
        "evidence_url": "https://www.miamibeachfl.gov/wp-json/wpgmza/v1/markers?map_id=17",
        "data_as_of": "2026-07-15T09:52:45.943Z",
        "existence_status": "confirmed",
        "price_status": "known_priced",
        "rule_status": "partial",
        "enrichment_status": "needs_payment_link",
        "payment_url": "",
        "booking_url": "",
        "raw_properties": {
          "map_id": "17",
          "address": "340 23 Street, Miami Beach, FL",
          "description": "<p style=\"font-size: 18px;line-height: 1.5em;margin-top: 0px;margin-bottom: 15px;padding: 0px;border: 0px;font-family: proxima-nova, Arial, Verdana\"></p><hr id=\"null\"><span style=\", sans-serif;font-weight: 600\">Spaces</span><span style=\", sans-serif\">: 516<br></span><hr id=\"null\"><span style=\", sans-serif;font-weight: 600\">Hourly Rate</span><span style=\", sans-serif\">:<br>0-4hrs $2/hr;<br>4-8hrs $8+$1/hr;<br>8-15hrs $15;<br>15-24hrs $20<br></span><hr id=\"null\"><span style=\"font-weight: 600\">Event Rate</span><span style=\", sans-serif\">:&nbsp;</span><span style=\", sans-serif\">$15/vehicle during special events<br></span><hr id=\"null\"><span style=\"font-weight: 600\">Maximum Time</span><span style=\", sans-serif\">:&nbsp;<br></span><hr id=\"null\"><span style=\", sans-serif;font-weight: 600\">Park Mobile</span><span style=\", sans-serif\">: 88012<br></span><hr id=\"null\"><span style=\", sans-serif;font-weight: 600\">Electric Vehicle Charging</span><span style=\", sans-serif\">:&nbsp;</span>2ND to 3RD level ramp, 5 chargers / 10 spaces<p></p>",
          "pic": "",
          "link": "",
          "icon": {
            "url": "//www.miamibeachfl.gov/wp-content/uploads/wp-google-maps/icons/64c03098795511.64531123.png",
            "retina": false
          },
          "lat": "25.7985715",
          "lng": "-80.129708",
          "anim": "2",
          "title": "G12 - Parking Garage",
          "infoopen": "0",
          "category": "",
          "approved": "1",
          "retina": "0",
          "type": "0",
          "did": "",
          "sticky": "0",
          "layergroup": "1",
          "hover_icon": "//www.miamibeachfl.gov/wp-content/plugins/wp-google-maps/images/spotlight-poi3.png",
          "hover_retina": "0",
          "id": "195",
          "categories": [
            "7",
            "13",
            "14"
          ],
          "custom_field_data": [],
          "custom_fields_html": ""
        }
      }
    },
    {
      "type": "Feature",
      "geometry": {
        "type": "Point",
        "coordinates": [
          -80.1276949,
          25.8145095
        ]
      },
      "properties": {
        "source_id": "miami-beach:wpgmza:196",
        "source_name": "City of Miami Beach Parking Facilities",
        "name": "G6 - Parking Garage",
        "facility_type": "garage",
        "street": "400 West 42 Street, Miami Beach, FL",
        "city": "Miami Beach",
        "state": "FL",
        "operator": "City of Miami Beach Parking Department",
        "access": "public",
        "fee": "yes",
        "charge": "1-8hrs $1/hr; any portion thereof",
        "event_rate": "None",
        "maximum_time": "10 hours",
        "capacity": "633",
        "parkmobile_zone": "8800",
        "payment_provider": "ParkMobile / PayByPhone",
        "payment_app_url": "https://www2.paybyphone.com/park-in-miami-beach",
        "payment_note": "Official Miami Beach source lists ParkMobile zones and PayByPhone/ParkMobile app support; ParkingUSA does not infer a per-record checkout URL.",
        "ev_charging": "2",
        "confidence": 0.88,
        "last_verified_source": "City of Miami Beach Parking Facilities",
        "source_url": "https://www.miamibeachfl.gov/city-hall/parking/parking-garages-lot-locations/",
        "api_url": "https://www.miamibeachfl.gov/wp-json/wpgmza/v1/markers?map_id=17",
        "evidence_url": "https://www.miamibeachfl.gov/wp-json/wpgmza/v1/markers?map_id=17",
        "data_as_of": "2026-07-15T09:52:45.943Z",
        "existence_status": "confirmed",
        "price_status": "known_priced",
        "rule_status": "partial",
        "enrichment_status": "needs_payment_link",
        "payment_url": "",
        "booking_url": "",
        "raw_properties": {
          "map_id": "17",
          "address": "400 West 42 Street, Miami Beach, FL",
          "description": "<p style=\"font-size: 18px;line-height: 1.5em;margin-top: 0px;margin-bottom: 15px;padding: 0px;border: 0px;font-family: proxima-nova, Arial, Verdana\"></p><hr id=\"null\"><span style=\", sans-serif;font-weight: 600\">Spaces</span><span style=\", sans-serif\">: 633<br></span><hr id=\"null\"><span style=\", sans-serif;font-weight: 600\">Hourly Rate</span><span style=\", sans-serif\">:<br>1-8hrs $1/hr; any portion thereof<br></span><hr id=\"null\"><span style=\"font-weight: 600\">Event Rate</span><span style=\", sans-serif\">:&nbsp;</span><span style=\", sans-serif\">None<br></span><hr id=\"null\"><span style=\"font-weight: 600\">Maximum Time</span><span style=\", sans-serif\">: 10 hours<br></span><hr id=\"null\"><span style=\", sans-serif;font-weight: 600\">Park Mobile</span><span style=\", sans-serif\">: 8800<br></span><hr id=\"null\"><span style=\", sans-serif;font-weight: 600\">Electric Vehicle Charging</span><span style=\", sans-serif\">:&nbsp;</span>2 spaces on 1st floor; 2 spaces in aisle 1<p></p>",
          "pic": "",
          "link": "",
          "icon": {
            "url": "//www.miamibeachfl.gov/wp-content/uploads/wp-google-maps/icons/64c034c9796b02.69742976.png",
            "retina": false
          },
          "lat": "25.8145095",
          "lng": "-80.1276949",
          "anim": "2",
          "title": "G6 - Parking Garage",
          "infoopen": "0",
          "category": "",
          "approved": "1",
          "retina": "0",
          "type": "0",
          "did": "",
          "sticky": "0",
          "layergroup": "1",
          "hover_icon": "//www.miamibeachfl.gov/wp-content/plugins/wp-google-maps/images/spotlight-poi3.png",
          "hover_retina": "0",
          "id": "196",
          "categories": [
            "9",
            "13",
            "14"
          ],
          "custom_field_data": [],
          "custom_fields_html": ""
        }
      }
    },
    {
      "type": "Feature",
      "geometry": {
        "type": "Point",
        "coordinates": [
          -80.126268,
          25.803657
        ]
      },
      "properties": {
        "source_id": "miami-beach:wpgmza:197",
        "source_name": "City of Miami Beach Parking Facilities",
        "name": "P55 - Parking Lot",
        "facility_type": "surface_lot",
        "street": "2660 Collins Avenue, Miami Beach, FL",
        "city": "Miami Beach",
        "state": "FL",
        "operator": "City of Miami Beach Parking Department",
        "access": "public",
        "fee": "yes",
        "charge": "$2/hr",
        "event_rate": "None",
        "maximum_time": "3 hours",
        "capacity": "126",
        "parkmobile_zone": "88572",
        "payment_provider": "ParkMobile / PayByPhone",
        "payment_app_url": "https://www2.paybyphone.com/park-in-miami-beach",
        "payment_note": "Official Miami Beach source lists ParkMobile zones and PayByPhone/ParkMobile app support; ParkingUSA does not infer a per-record checkout URL.",
        "ev_charging": "N/A",
        "confidence": 0.88,
        "last_verified_source": "City of Miami Beach Parking Facilities",
        "source_url": "https://www.miamibeachfl.gov/city-hall/parking/parking-garages-lot-locations/",
        "api_url": "https://www.miamibeachfl.gov/wp-json/wpgmza/v1/markers?map_id=17",
        "evidence_url": "https://www.miamibeachfl.gov/wp-json/wpgmza/v1/markers?map_id=17",
        "data_as_of": "2026-07-15T09:52:45.943Z",
        "existence_status": "confirmed",
        "price_status": "known_priced",
        "rule_status": "partial",
        "enrichment_status": "needs_payment_link",
        "payment_url": "",
        "booking_url": "",
        "raw_properties": {
          "map_id": "17",
          "address": "2660 Collins Avenue, Miami Beach, FL",
          "description": "<p style=\"font-size: 18px;line-height: 1.5em;margin-top: 0px;margin-bottom: 15px;padding: 0px;border: 0px;font-family: proxima-nova, Arial, Verdana\"></p><hr id=\"null\"><span style=\", sans-serif;font-weight: 600\">Spaces</span><span style=\", sans-serif\">: 126<br></span><hr id=\"null\"><span style=\", sans-serif;font-weight: 600\">Hourly Rate</span><span style=\", sans-serif\">: $2/hr<br></span><hr id=\"null\"><span style=\", sans-serif;font-weight: 600\">Event Rate</span><span style=\", sans-serif\">: </span><span style=\", sans-serif\">None<br></span><hr id=\"null\"><span style=\", sans-serif;font-weight: 600\">Maximum Time</span><span style=\", sans-serif\">: 3 hours<br></span><hr id=\"null\"><span style=\", sans-serif;font-weight: 600\">Park Mobile</span><span style=\", sans-serif\">: 88572<br></span><hr id=\"null\"><span style=\", sans-serif;font-weight: 600\">Electric Vehicle Charging</span><span style=\", sans-serif\">: N/A<br></span><hr id=\"null\"><p></p>",
          "pic": "",
          "link": "",
          "icon": {
            "url": "//www.miamibeachfl.gov/wp-content/uploads/wp-google-maps/icons/64c03573dceff7.37072433.png",
            "retina": false
          },
          "lat": "25.803657",
          "lng": "-80.126268",
          "anim": "2",
          "title": "P55 - Parking Lot",
          "infoopen": "0",
          "category": "",
          "approved": "1",
          "retina": "0",
          "type": "0",
          "did": "",
          "sticky": "0",
          "layergroup": "1",
          "hover_icon": "//www.miamibeachfl.gov/wp-content/plugins/wp-google-maps/images/spotlight-poi3.png",
          "hover_retina": "0",
          "id": "197",
          "categories": [
            "9",
            "15"
          ],
          "custom_field_data": [],
          "custom_fields_html": ""
        }
      }
    },
    {
      "type": "Feature",
      "geometry": {
        "type": "Point",
        "coordinates": [
          -80.1232201,
          25.8081519
        ]
      },
      "properties": {
        "source_id": "miami-beach:wpgmza:198",
        "source_name": "City of Miami Beach Parking Facilities",
        "name": "P56 - Parking Lot",
        "facility_type": "surface_lot",
        "street": "3381 Collins Avenue, Miami Beach, FL",
        "city": "Miami Beach",
        "state": "FL",
        "operator": "City of Miami Beach Parking Department",
        "access": "public",
        "fee": "yes",
        "charge": "$2/hr",
        "event_rate": "None",
        "maximum_time": "3 hours",
        "capacity": "60",
        "parkmobile_zone": "88563",
        "payment_provider": "ParkMobile / PayByPhone",
        "payment_app_url": "https://www2.paybyphone.com/park-in-miami-beach",
        "payment_note": "Official Miami Beach source lists ParkMobile zones and PayByPhone/ParkMobile app support; ParkingUSA does not infer a per-record checkout URL.",
        "ev_charging": "N/A",
        "confidence": 0.88,
        "last_verified_source": "City of Miami Beach Parking Facilities",
        "source_url": "https://www.miamibeachfl.gov/city-hall/parking/parking-garages-lot-locations/",
        "api_url": "https://www.miamibeachfl.gov/wp-json/wpgmza/v1/markers?map_id=17",
        "evidence_url": "https://www.miamibeachfl.gov/wp-json/wpgmza/v1/markers?map_id=17",
        "data_as_of": "2026-07-15T09:52:45.943Z",
        "existence_status": "confirmed",
        "price_status": "known_priced",
        "rule_status": "partial",
        "enrichment_status": "needs_payment_link",
        "payment_url": "",
        "booking_url": "",
        "raw_properties": {
          "map_id": "17",
          "address": "3381 Collins Avenue, Miami Beach, FL",
          "description": "<p style=\"font-size: 18px;line-height: 1.5em;margin-top: 0px;margin-bottom: 15px;padding: 0px;border: 0px;font-family: proxima-nova, Arial, Verdana\"></p><hr id=\"null\"><span style=\", sans-serif;font-weight: 600\">Spaces</span><span style=\", sans-serif\">: 60<br></span><hr id=\"null\"><span style=\", sans-serif;font-weight: 600\">Hourly Rate</span><span style=\", sans-serif\">: $2/hr<br></span><hr id=\"null\"><span style=\", sans-serif;font-weight: 600\">Event Rate</span><span style=\", sans-serif\">: </span><span style=\", sans-serif\">None<br></span><hr id=\"null\"><span style=\", sans-serif;font-weight: 600\">Maximum Time</span><span style=\", sans-serif\">: 3 hours<br></span><hr id=\"null\"><span style=\", sans-serif;font-weight: 600\">Park Mobile</span><span style=\", sans-serif\">: 88563<br></span><hr id=\"null\"><span style=\", sans-serif;font-weight: 600\">Electric Vehicle Charging</span><span style=\", sans-serif\">: N/A<br></span><hr id=\"null\"><p></p>",
          "pic": "",
          "link": "",
          "icon": {
            "url": "//www.miamibeachfl.gov/wp-content/uploads/wp-google-maps/icons/64c035d41e4559.00873020.png",
            "retina": false
          },
          "lat": "25.8081519",
          "lng": "-80.1232201",
          "anim": "2",
          "title": "P56 - Parking Lot",
          "infoopen": "0",
          "category": "",
          "approved": "1",
          "retina": "0",
          "type": "0",
          "did": "",
          "sticky": "0",
          "layergroup": "1",
          "hover_icon": "//www.miamibeachfl.gov/wp-content/plugins/wp-google-maps/images/spotlight-poi3.png",
          "hover_retina": "0",
          "id": "198",
          "categories": [
            "9",
            "15"
          ],
          "custom_field_data": [],
          "custom_fields_html": ""
        }
      }
    },
    {
      "type": "Feature",
      "geometry": {
        "type": "Point",
        "coordinates": [
          -80.1225868,
          25.8090512
        ]
      },
      "properties": {
        "source_id": "miami-beach:wpgmza:199",
        "source_name": "City of Miami Beach Parking Facilities",
        "name": "P57 - Parking Lot",
        "facility_type": "surface_lot",
        "street": "3501 Collins Avenue, Miami Beach, FL",
        "city": "Miami Beach",
        "state": "FL",
        "operator": "City of Miami Beach Parking Department",
        "access": "public",
        "fee": "yes",
        "charge": "$2/hr",
        "event_rate": "None",
        "maximum_time": "3 hours",
        "capacity": "76",
        "parkmobile_zone": "88564",
        "payment_provider": "ParkMobile / PayByPhone",
        "payment_app_url": "https://www2.paybyphone.com/park-in-miami-beach",
        "payment_note": "Official Miami Beach source lists ParkMobile zones and PayByPhone/ParkMobile app support; ParkingUSA does not infer a per-record checkout URL.",
        "ev_charging": "N/A",
        "confidence": 0.88,
        "last_verified_source": "City of Miami Beach Parking Facilities",
        "source_url": "https://www.miamibeachfl.gov/city-hall/parking/parking-garages-lot-locations/",
        "api_url": "https://www.miamibeachfl.gov/wp-json/wpgmza/v1/markers?map_id=17",
        "evidence_url": "https://www.miamibeachfl.gov/wp-json/wpgmza/v1/markers?map_id=17",
        "data_as_of": "2026-07-15T09:52:45.943Z",
        "existence_status": "confirmed",
        "price_status": "known_priced",
        "rule_status": "partial",
        "enrichment_status": "needs_payment_link",
        "payment_url": "",
        "booking_url": "",
        "raw_properties": {
          "map_id": "17",
          "address": "3501 Collins Avenue, Miami Beach, FL",
          "description": "<p style=\"font-size: 18px;line-height: 1.5em;margin-top: 0px;margin-bottom: 15px;padding: 0px;border: 0px;font-family: proxima-nova, Arial, Verdana\"></p><hr id=\"null\"><span style=\", sans-serif;font-weight: 600\">Spaces</span><span style=\", sans-serif\">: 76<br></span><hr id=\"null\"><span style=\", sans-serif;font-weight: 600\">Hourly Rate</span><span style=\", sans-serif\">: $2/hr<br></span><hr id=\"null\"><span style=\", sans-serif;font-weight: 600\">Event Rate</span><span style=\", sans-serif\">: </span><span style=\", sans-serif\">None<br></span><hr id=\"null\"><span style=\", sans-serif;font-weight: 600\">Maximum Time</span><span style=\", sans-serif\">: 3 hours<br></span><hr id=\"null\"><span style=\", sans-serif;font-weight: 600\">Park Mobile</span><span style=\", sans-serif\">: 88564<br></span><hr id=\"null\"><span style=\", sans-serif;font-weight: 600\">Electric Vehicle Charging</span><span style=\", sans-serif\">: N/A<br></span><hr id=\"null\"><p></p>",
          "pic": "",
          "link": "",
          "icon": {
            "url": "//www.miamibeachfl.gov/wp-content/uploads/wp-google-maps/icons/64c03610f27334.32676259.png",
            "retina": false
          },
          "lat": "25.8090512",
          "lng": "-80.1225868",
          "anim": "2",
          "title": "P57 - Parking Lot",
          "infoopen": "0",
          "category": "",
          "approved": "1",
          "retina": "0",
          "type": "0",
          "did": "",
          "sticky": "0",
          "layergroup": "1",
          "hover_icon": "//www.miamibeachfl.gov/wp-content/plugins/wp-google-maps/images/spotlight-poi3.png",
          "hover_retina": "0",
          "id": "199",
          "categories": [
            "9",
            "15"
          ],
          "custom_field_data": [],
          "custom_fields_html": ""
        }
      }
    },
    {
      "type": "Feature",
      "geometry": {
        "type": "Point",
        "coordinates": [
          -80.1289883,
          25.8131811
        ]
      },
      "properties": {
        "source_id": "miami-beach:wpgmza:200",
        "source_name": "City of Miami Beach Parking Facilities",
        "name": "P58 - Parking Lot",
        "facility_type": "surface_lot",
        "street": "4049 Royal Palm Avenue, Miami Beach, FL",
        "city": "Miami Beach",
        "state": "FL",
        "operator": "City of Miami Beach Parking Department",
        "access": "public",
        "fee": "yes",
        "charge": "$1/hr",
        "event_rate": "None",
        "maximum_time": "10 hours",
        "capacity": "45",
        "parkmobile_zone": "88592",
        "payment_provider": "ParkMobile / PayByPhone",
        "payment_app_url": "https://www2.paybyphone.com/park-in-miami-beach",
        "payment_note": "Official Miami Beach source lists ParkMobile zones and PayByPhone/ParkMobile app support; ParkingUSA does not infer a per-record checkout URL.",
        "ev_charging": "N/A",
        "confidence": 0.88,
        "last_verified_source": "City of Miami Beach Parking Facilities",
        "source_url": "https://www.miamibeachfl.gov/city-hall/parking/parking-garages-lot-locations/",
        "api_url": "https://www.miamibeachfl.gov/wp-json/wpgmza/v1/markers?map_id=17",
        "evidence_url": "https://www.miamibeachfl.gov/wp-json/wpgmza/v1/markers?map_id=17",
        "data_as_of": "2026-07-15T09:52:45.943Z",
        "existence_status": "confirmed",
        "price_status": "known_priced",
        "rule_status": "partial",
        "enrichment_status": "needs_payment_link",
        "payment_url": "",
        "booking_url": "",
        "raw_properties": {
          "map_id": "17",
          "address": "4049 Royal Palm Avenue, Miami Beach, FL",
          "description": "<p style=\"font-size: 18px;line-height: 1.5em;margin-top: 0px;margin-bottom: 15px;padding: 0px;border: 0px;font-family: proxima-nova, Arial, Verdana\"></p><hr id=\"null\"><span style=\", sans-serif;font-weight: 600\">Spaces</span><span style=\", sans-serif\">: 45<br></span><hr id=\"null\"><span style=\", sans-serif;font-weight: 600\">Hourly Rate</span><span style=\", sans-serif\">: $1/hr<br></span><hr id=\"null\"><span style=\", sans-serif;font-weight: 600\">Event Rate</span><span style=\", sans-serif\">: </span><span style=\", sans-serif\">None<br></span><hr id=\"null\"><span style=\", sans-serif;font-weight: 600\">Maximum Time</span><span style=\", sans-serif\">: 10 hours<br></span><hr id=\"null\"><span style=\", sans-serif;font-weight: 600\">Park Mobile</span><span style=\", sans-serif\">: 88592<br></span><hr id=\"null\"><span style=\", sans-serif;font-weight: 600\">Electric Vehicle Charging</span><span style=\", sans-serif\">: N/A<br></span><hr id=\"null\"><p></p>",
          "pic": "",
          "link": "",
          "icon": {
            "url": "//www.miamibeachfl.gov/wp-content/uploads/wp-google-maps/icons/64c0365ad34b79.53555010.png",
            "retina": false
          },
          "lat": "25.8131811",
          "lng": "-80.1289883",
          "anim": "2",
          "title": "P58 - Parking Lot",
          "infoopen": "0",
          "category": "",
          "approved": "1",
          "retina": "0",
          "type": "0",
          "did": "",
          "sticky": "0",
          "layergroup": "1",
          "hover_icon": "//www.miamibeachfl.gov/wp-content/plugins/wp-google-maps/images/spotlight-poi3.png",
          "hover_retina": "0",
          "id": "200",
          "categories": [
            "9",
            "15"
          ],
          "custom_field_data": [],
          "custom_fields_html": ""
        }
      }
    },
    {
      "type": "Feature",
      "geometry": {
        "type": "Point",
        "coordinates": [
          -80.12995599999999,
          25.813233
        ]
      },
      "properties": {
        "source_id": "miami-beach:wpgmza:201",
        "source_name": "City of Miami Beach Parking Facilities",
        "name": "P59 - Parking Lot",
        "facility_type": "surface_lot",
        "street": "525 West 40 Street, Miami Beach, FL",
        "city": "Miami Beach",
        "state": "FL",
        "operator": "City of Miami Beach Parking Department",
        "access": "public",
        "fee": "yes",
        "charge": "$1/hr",
        "event_rate": "None",
        "maximum_time": "10 hours",
        "capacity": "74",
        "parkmobile_zone": "88594",
        "payment_provider": "ParkMobile / PayByPhone",
        "payment_app_url": "https://www2.paybyphone.com/park-in-miami-beach",
        "payment_note": "Official Miami Beach source lists ParkMobile zones and PayByPhone/ParkMobile app support; ParkingUSA does not infer a per-record checkout URL.",
        "ev_charging": "N/A",
        "confidence": 0.88,
        "last_verified_source": "City of Miami Beach Parking Facilities",
        "source_url": "https://www.miamibeachfl.gov/city-hall/parking/parking-garages-lot-locations/",
        "api_url": "https://www.miamibeachfl.gov/wp-json/wpgmza/v1/markers?map_id=17",
        "evidence_url": "https://www.miamibeachfl.gov/wp-json/wpgmza/v1/markers?map_id=17",
        "data_as_of": "2026-07-15T09:52:45.943Z",
        "existence_status": "confirmed",
        "price_status": "known_priced",
        "rule_status": "partial",
        "enrichment_status": "needs_payment_link",
        "payment_url": "",
        "booking_url": "",
        "raw_properties": {
          "map_id": "17",
          "address": "525 West 40 Street, Miami Beach, FL",
          "description": "<p style=\"font-size: 18px;line-height: 1.5em;margin-top: 0px;margin-bottom: 15px;padding: 0px;border: 0px;font-family: proxima-nova, Arial, Verdana\"></p><hr id=\"null\"><span style=\", sans-serif;font-weight: 600\">Spaces</span><span style=\", sans-serif\">: 74<br></span><hr id=\"null\"><span style=\", sans-serif;font-weight: 600\">Hourly Rate</span><span style=\", sans-serif\">: $1/hr<br></span><hr id=\"null\"><span style=\", sans-serif;font-weight: 600\">Event Rate</span><span style=\", sans-serif\">: </span><span style=\", sans-serif\">None<br></span><hr id=\"null\"><span style=\", sans-serif;font-weight: 600\">Maximum Time</span><span style=\", sans-serif\">: 10 hours<br></span><hr id=\"null\"><span style=\", sans-serif;font-weight: 600\">Park Mobile</span><span style=\", sans-serif\">: 88594<br></span><hr id=\"null\"><span style=\", sans-serif;font-weight: 600\">Electric Vehicle Charging</span><span style=\", sans-serif\">: N/A<br></span><hr id=\"null\"><p></p>",
          "pic": "",
          "link": "",
          "icon": {
            "url": "//www.miamibeachfl.gov/wp-content/uploads/wp-google-maps/icons/64c0369d388272.21870623.png",
            "retina": false
          },
          "lat": "25.813233",
          "lng": "-80.12995599999999",
          "anim": "2",
          "title": "P59 - Parking Lot",
          "infoopen": "0",
          "category": "",
          "approved": "1",
          "retina": "0",
          "type": "0",
          "did": "",
          "sticky": "0",
          "layergroup": "1",
          "hover_icon": "//www.miamibeachfl.gov/wp-content/plugins/wp-google-maps/images/spotlight-poi3.png",
          "hover_retina": "0",
          "id": "201",
          "categories": [
            "9",
            "15"
          ],
          "custom_field_data": [],
          "custom_fields_html": ""
        }
      }
    },
    {
      "type": "Feature",
      "geometry": {
        "type": "Point",
        "coordinates": [
          -80.1319544,
          25.8132005
        ]
      },
      "properties": {
        "source_id": "miami-beach:wpgmza:202",
        "source_name": "City of Miami Beach Parking Facilities",
        "name": "P60 - Parking Lot",
        "facility_type": "surface_lot",
        "street": "4000 Chase Avenue, Miami Beach, FL",
        "city": "Miami Beach",
        "state": "FL",
        "operator": "City of Miami Beach Parking Department",
        "access": "public",
        "fee": "yes",
        "charge": "$1/hr",
        "event_rate": "None",
        "maximum_time": "10 hours",
        "capacity": "96",
        "parkmobile_zone": "88533",
        "payment_provider": "ParkMobile / PayByPhone",
        "payment_app_url": "https://www2.paybyphone.com/park-in-miami-beach",
        "payment_note": "Official Miami Beach source lists ParkMobile zones and PayByPhone/ParkMobile app support; ParkingUSA does not infer a per-record checkout URL.",
        "ev_charging": "N/A",
        "confidence": 0.88,
        "last_verified_source": "City of Miami Beach Parking Facilities",
        "source_url": "https://www.miamibeachfl.gov/city-hall/parking/parking-garages-lot-locations/",
        "api_url": "https://www.miamibeachfl.gov/wp-json/wpgmza/v1/markers?map_id=17",
        "evidence_url": "https://www.miamibeachfl.gov/wp-json/wpgmza/v1/markers?map_id=17",
        "data_as_of": "2026-07-15T09:52:45.943Z",
        "existence_status": "confirmed",
        "price_status": "known_priced",
        "rule_status": "partial",
        "enrichment_status": "needs_payment_link",
        "payment_url": "",
        "booking_url": "",
        "raw_properties": {
          "map_id": "17",
          "address": "4000 Chase Avenue, Miami Beach, FL",
          "description": "<p style=\"font-size: 18px;line-height: 1.5em;margin-top: 0px;margin-bottom: 15px;padding: 0px;border: 0px;font-family: proxima-nova, Arial, Verdana\"></p><hr id=\"null\"><span style=\", sans-serif;font-weight: 600\">Spaces</span><span style=\", sans-serif\">: 96<br></span><hr id=\"null\"><span style=\", sans-serif;font-weight: 600\">Hourly Rate</span><span style=\", sans-serif\">: $1/hr<br></span><hr id=\"null\"><span style=\", sans-serif;font-weight: 600\">Event Rate</span><span style=\", sans-serif\">: </span><span style=\", sans-serif\">None<br></span><hr id=\"null\"><span style=\", sans-serif;font-weight: 600\">Maximum Time</span><span style=\", sans-serif\">: 10 hours<br></span><hr id=\"null\"><span style=\", sans-serif;font-weight: 600\">Park Mobile</span><span style=\", sans-serif\">: 88533<br></span><hr id=\"null\"><span style=\", sans-serif;font-weight: 600\">Electric Vehicle Charging</span><span style=\", sans-serif\">: N/A<br></span><hr id=\"null\"><p></p>",
          "pic": "",
          "link": "",
          "icon": {
            "url": "//www.miamibeachfl.gov/wp-content/uploads/wp-google-maps/icons/64c036e3e96d49.35378088.png",
            "retina": false
          },
          "lat": "25.8132005",
          "lng": "-80.1319544",
          "anim": "2",
          "title": "P60 - Parking Lot",
          "infoopen": "0",
          "category": "",
          "approved": "1",
          "retina": "0",
          "type": "0",
          "did": "",
          "sticky": "0",
          "layergroup": "1",
          "hover_icon": "//www.miamibeachfl.gov/wp-content/plugins/wp-google-maps/images/spotlight-poi3.png",
          "hover_retina": "0",
          "id": "202",
          "categories": [
            "9",
            "15"
          ],
          "custom_field_data": [],
          "custom_fields_html": ""
        }
      }
    },
    {
      "type": "Feature",
      "geometry": {
        "type": "Point",
        "coordinates": [
          -80.1353348,
          25.8138654
        ]
      },
      "properties": {
        "source_id": "miami-beach:wpgmza:203",
        "source_name": "City of Miami Beach Parking Facilities",
        "name": "P61 - Parking Lot",
        "facility_type": "surface_lot",
        "street": "4141 Alton Road, Miami Beach, FL",
        "city": "Miami Beach",
        "state": "FL",
        "operator": "City of Miami Beach Parking Department",
        "access": "public",
        "fee": "yes",
        "charge": "$1/hr",
        "event_rate": "None",
        "maximum_time": "10 hours",
        "capacity": "49",
        "parkmobile_zone": "88535",
        "payment_provider": "ParkMobile / PayByPhone",
        "payment_app_url": "https://www2.paybyphone.com/park-in-miami-beach",
        "payment_note": "Official Miami Beach source lists ParkMobile zones and PayByPhone/ParkMobile app support; ParkingUSA does not infer a per-record checkout URL.",
        "ev_charging": "N/A",
        "confidence": 0.88,
        "last_verified_source": "City of Miami Beach Parking Facilities",
        "source_url": "https://www.miamibeachfl.gov/city-hall/parking/parking-garages-lot-locations/",
        "api_url": "https://www.miamibeachfl.gov/wp-json/wpgmza/v1/markers?map_id=17",
        "evidence_url": "https://www.miamibeachfl.gov/wp-json/wpgmza/v1/markers?map_id=17",
        "data_as_of": "2026-07-15T09:52:45.943Z",
        "existence_status": "confirmed",
        "price_status": "known_priced",
        "rule_status": "partial",
        "enrichment_status": "needs_payment_link",
        "payment_url": "",
        "booking_url": "",
        "raw_properties": {
          "map_id": "17",
          "address": "4141 Alton Road, Miami Beach, FL",
          "description": "<p style=\"font-size: 18px;line-height: 1.5em;margin-top: 0px;margin-bottom: 15px;padding: 0px;border: 0px;font-family: proxima-nova, Arial, Verdana\"></p><hr id=\"null\"><span style=\", sans-serif;font-weight: 600\">Spaces</span><span style=\", sans-serif\">: 49<br></span><hr id=\"null\"><span style=\", sans-serif;font-weight: 600\">Hourly Rate</span><span style=\", sans-serif\">: $1/hr<br></span><hr id=\"null\"><span style=\", sans-serif;font-weight: 600\">Event Rate</span><span style=\", sans-serif\">: </span><span style=\", sans-serif\">None<br></span><hr id=\"null\"><span style=\", sans-serif;font-weight: 600\">Maximum Time</span><span style=\", sans-serif\">: 10 hours<br></span><hr id=\"null\"><span style=\", sans-serif;font-weight: 600\">Park Mobile</span><span style=\", sans-serif\">: 88535<br></span><hr id=\"null\"><span style=\", sans-serif;font-weight: 600\">Electric Vehicle Charging</span><span style=\", sans-serif\">: N/A<br></span><hr id=\"null\"><p></p>",
          "pic": "",
          "link": "",
          "icon": {
            "url": "//www.miamibeachfl.gov/wp-content/uploads/wp-google-maps/icons/64c03720e265c5.66182000.png",
            "retina": false
          },
          "lat": "25.8138654",
          "lng": "-80.1353348",
          "anim": "2",
          "title": "P61 - Parking Lot",
          "infoopen": "0",
          "category": "",
          "approved": "1",
          "retina": "0",
          "type": "0",
          "did": "",
          "sticky": "0",
          "layergroup": "1",
          "hover_icon": "//www.miamibeachfl.gov/wp-content/plugins/wp-google-maps/images/spotlight-poi3.png",
          "hover_retina": "0",
          "id": "203",
          "categories": [
            "9",
            "15"
          ],
          "custom_field_data": [],
          "custom_fields_html": ""
        }
      }
    },
    {
      "type": "Feature",
      "geometry": {
        "type": "Point",
        "coordinates": [
          -80.134051,
          25.814421
        ]
      },
      "properties": {
        "source_id": "miami-beach:wpgmza:204",
        "source_name": "City of Miami Beach Parking Facilities",
        "name": "P62 - Parking Lot",
        "facility_type": "surface_lot",
        "street": "836 West 42 Street, Miami Beach, FL",
        "city": "Miami Beach",
        "state": "FL",
        "operator": "City of Miami Beach Parking Department",
        "access": "public",
        "fee": "yes",
        "charge": "$1/hr",
        "event_rate": "None",
        "maximum_time": "10 hours",
        "capacity": "32",
        "parkmobile_zone": "88536",
        "payment_provider": "ParkMobile / PayByPhone",
        "payment_app_url": "https://www2.paybyphone.com/park-in-miami-beach",
        "payment_note": "Official Miami Beach source lists ParkMobile zones and PayByPhone/ParkMobile app support; ParkingUSA does not infer a per-record checkout URL.",
        "ev_charging": "N/A",
        "confidence": 0.88,
        "last_verified_source": "City of Miami Beach Parking Facilities",
        "source_url": "https://www.miamibeachfl.gov/city-hall/parking/parking-garages-lot-locations/",
        "api_url": "https://www.miamibeachfl.gov/wp-json/wpgmza/v1/markers?map_id=17",
        "evidence_url": "https://www.miamibeachfl.gov/wp-json/wpgmza/v1/markers?map_id=17",
        "data_as_of": "2026-07-15T09:52:45.943Z",
        "existence_status": "confirmed",
        "price_status": "known_priced",
        "rule_status": "partial",
        "enrichment_status": "needs_payment_link",
        "payment_url": "",
        "booking_url": "",
        "raw_properties": {
          "map_id": "17",
          "address": "836 West 42 Street, Miami Beach, FL",
          "description": "<p style=\"font-size: 18px;line-height: 1.5em;margin-top: 0px;margin-bottom: 15px;padding: 0px;border: 0px;font-family: proxima-nova, Arial, Verdana\"></p><hr id=\"null\"><span style=\", sans-serif;font-weight: 600\">Spaces</span><span style=\", sans-serif\">: 32<br></span><hr id=\"null\"><span style=\", sans-serif;font-weight: 600\">Hourly Rate</span><span style=\", sans-serif\">: $1/hr<br></span><hr id=\"null\"><span style=\", sans-serif;font-weight: 600\">Event Rate</span><span style=\", sans-serif\">: </span><span style=\", sans-serif\">None<br></span><hr id=\"null\"><span style=\", sans-serif;font-weight: 600\">Maximum Time</span><span style=\", sans-serif\">: 10 hours<br></span><hr id=\"null\"><span style=\", sans-serif;font-weight: 600\">Park Mobile</span><span style=\", sans-serif\">: 88536<br></span><hr id=\"null\"><span style=\", sans-serif;font-weight: 600\">Electric Vehicle Charging</span><span style=\", sans-serif\">: N/A<br></span><hr id=\"null\"><p></p>",
          "pic": "",
          "link": "",
          "icon": {
            "url": "//www.miamibeachfl.gov/wp-content/uploads/wp-google-maps/icons/64c03768b642e6.35191457.png",
            "retina": false
          },
          "lat": "25.814421",
          "lng": "-80.134051",
          "anim": "2",
          "title": "P62 - Parking Lot",
          "infoopen": "0",
          "category": "",
          "approved": "1",
          "retina": "0",
          "type": "0",
          "did": "",
          "sticky": "0",
          "layergroup": "1",
          "hover_icon": "//www.miamibeachfl.gov/wp-content/plugins/wp-google-maps/images/spotlight-poi3.png",
          "hover_retina": "0",
          "id": "204",
          "categories": [
            "9",
            "15"
          ],
          "custom_field_data": [],
          "custom_fields_html": ""
        }
      }
    },
    {
      "type": "Feature",
      "geometry": {
        "type": "Point",
        "coordinates": [
          -80.12977339999999,
          25.8147897
        ]
      },
      "properties": {
        "source_id": "miami-beach:wpgmza:205",
        "source_name": "City of Miami Beach Parking Facilities",
        "name": "P63 - Parking Lot",
        "facility_type": "surface_lot",
        "street": "4166 Royal Palm Avenue, Miami Beach, FL",
        "city": "Miami Beach",
        "state": "FL",
        "operator": "City of Miami Beach Parking Department",
        "access": "public",
        "fee": "yes",
        "charge": "$1/hr",
        "event_rate": "None",
        "maximum_time": "2 hours",
        "capacity": "199",
        "parkmobile_zone": "88532",
        "payment_provider": "ParkMobile / PayByPhone",
        "payment_app_url": "https://www2.paybyphone.com/park-in-miami-beach",
        "payment_note": "Official Miami Beach source lists ParkMobile zones and PayByPhone/ParkMobile app support; ParkingUSA does not infer a per-record checkout URL.",
        "ev_charging": "N/A",
        "confidence": 0.88,
        "last_verified_source": "City of Miami Beach Parking Facilities",
        "source_url": "https://www.miamibeachfl.gov/city-hall/parking/parking-garages-lot-locations/",
        "api_url": "https://www.miamibeachfl.gov/wp-json/wpgmza/v1/markers?map_id=17",
        "evidence_url": "https://www.miamibeachfl.gov/wp-json/wpgmza/v1/markers?map_id=17",
        "data_as_of": "2026-07-15T09:52:45.943Z",
        "existence_status": "confirmed",
        "price_status": "known_priced",
        "rule_status": "partial",
        "enrichment_status": "needs_payment_link",
        "payment_url": "",
        "booking_url": "",
        "raw_properties": {
          "map_id": "17",
          "address": "4166 Royal Palm Avenue, Miami Beach, FL",
          "description": "<p style=\"font-size: 18px;line-height: 1.5em;margin-top: 0px;margin-bottom: 15px;padding: 0px;border: 0px;font-family: proxima-nova, Arial, Verdana\"></p><hr id=\"null\"><span style=\", sans-serif;font-weight: 600\">Spaces</span><span style=\", sans-serif\">: 199<br></span><hr id=\"null\"><span style=\", sans-serif;font-weight: 600\">Hourly Rate</span><span style=\", sans-serif\">: $1/hr<br></span><hr id=\"null\"><span style=\", sans-serif;font-weight: 600\">Event Rate</span><span style=\", sans-serif\">: </span><span style=\", sans-serif\">None<br></span><hr id=\"null\"><span style=\", sans-serif;font-weight: 600\">Maximum Time</span><span style=\", sans-serif\">: 2 hours<br></span><hr id=\"null\"><span style=\", sans-serif;font-weight: 600\">Park Mobile</span><span style=\", sans-serif\">: 88532<br></span><hr id=\"null\"><span style=\", sans-serif;font-weight: 600\">Electric Vehicle Charging</span><span style=\", sans-serif\">: N/A<br></span><hr id=\"null\"><p></p>",
          "pic": "",
          "link": "",
          "icon": {
            "url": "//www.miamibeachfl.gov/wp-content/uploads/wp-google-maps/icons/64c0379ddf03b7.04182401.png",
            "retina": false
          },
          "lat": "25.8147897",
          "lng": "-80.12977339999999",
          "anim": "2",
          "title": "P63 - Parking Lot",
          "infoopen": "0",
          "category": "",
          "approved": "1",
          "retina": "0",
          "type": "0",
          "did": "",
          "sticky": "0",
          "layergroup": "1",
          "hover_icon": "//www.miamibeachfl.gov/wp-content/plugins/wp-google-maps/images/spotlight-poi3.png",
          "hover_retina": "0",
          "id": "205",
          "categories": [
            "9",
            "15"
          ],
          "custom_field_data": [],
          "custom_fields_html": ""
        }
      }
    },
    {
      "type": "Feature",
      "geometry": {
        "type": "Point",
        "coordinates": [
          -80.1261529,
          25.8220889
        ]
      },
      "properties": {
        "source_id": "miami-beach:wpgmza:206",
        "source_name": "City of Miami Beach Parking Facilities",
        "name": "P64 - Parking Lot",
        "facility_type": "surface_lot",
        "street": "4700 Pine Tree Drive, Miami Beach, FL",
        "city": "Miami Beach",
        "state": "FL",
        "operator": "City of Miami Beach Parking Department",
        "access": "public",
        "fee": "yes",
        "charge": "$1/hr",
        "event_rate": "None",
        "maximum_time": "10 hours",
        "capacity": "18",
        "parkmobile_zone": "88534",
        "payment_provider": "ParkMobile / PayByPhone",
        "payment_app_url": "https://www2.paybyphone.com/park-in-miami-beach",
        "payment_note": "Official Miami Beach source lists ParkMobile zones and PayByPhone/ParkMobile app support; ParkingUSA does not infer a per-record checkout URL.",
        "ev_charging": "N/A",
        "confidence": 0.88,
        "last_verified_source": "City of Miami Beach Parking Facilities",
        "source_url": "https://www.miamibeachfl.gov/city-hall/parking/parking-garages-lot-locations/",
        "api_url": "https://www.miamibeachfl.gov/wp-json/wpgmza/v1/markers?map_id=17",
        "evidence_url": "https://www.miamibeachfl.gov/wp-json/wpgmza/v1/markers?map_id=17",
        "data_as_of": "2026-07-15T09:52:45.943Z",
        "existence_status": "confirmed",
        "price_status": "known_priced",
        "rule_status": "partial",
        "enrichment_status": "needs_payment_link",
        "payment_url": "",
        "booking_url": "",
        "raw_properties": {
          "map_id": "17",
          "address": "4700 Pine Tree Drive, Miami Beach, FL",
          "description": "<p style=\"font-size: 18px;line-height: 1.5em;margin-top: 0px;margin-bottom: 15px;padding: 0px;border: 0px;font-family: proxima-nova, Arial, Verdana\"></p><hr id=\"null\"><span style=\", sans-serif;font-weight: 600\">Spaces</span><span style=\", sans-serif\">: 18<br></span><hr id=\"null\"><span style=\", sans-serif;font-weight: 600\">Hourly Rate</span><span style=\", sans-serif\">: $1/hr<br></span><hr id=\"null\"><span style=\", sans-serif;font-weight: 600\">Event Rate</span><span style=\", sans-serif\">: </span><span style=\", sans-serif\">None<br></span><hr id=\"null\"><span style=\", sans-serif;font-weight: 600\">Maximum Time</span><span style=\", sans-serif\">: 10 hours<br></span><hr id=\"null\"><span style=\", sans-serif;font-weight: 600\">Park Mobile</span><span style=\", sans-serif\">: 88534<br></span><hr id=\"null\"><span style=\", sans-serif;font-weight: 600\">Electric Vehicle Charging</span><span style=\", sans-serif\">: N/A<br></span><hr id=\"null\"><p></p>",
          "pic": "",
          "link": "",
          "icon": {
            "url": "//www.miamibeachfl.gov/wp-content/uploads/wp-google-maps/icons/64c038070b9766.97056733.png",
            "retina": false
          },
          "lat": "25.8220889",
          "lng": "-80.1261529",
          "anim": "2",
          "title": "P64 - Parking Lot",
          "infoopen": "0",
          "category": "",
          "approved": "1",
          "retina": "0",
          "type": "0",
          "did": "",
          "sticky": "0",
          "layergroup": "1",
          "hover_icon": "//www.miamibeachfl.gov/wp-content/plugins/wp-google-maps/images/spotlight-poi3.png",
          "hover_retina": "0",
          "id": "206",
          "categories": [
            "9",
            "15"
          ],
          "custom_field_data": [],
          "custom_fields_html": ""
        }
      }
    },
    {
      "type": "Feature",
      "geometry": {
        "type": "Point",
        "coordinates": [
          -80.1216816,
          25.8209833
        ]
      },
      "properties": {
        "source_id": "miami-beach:wpgmza:207",
        "source_name": "City of Miami Beach Parking Facilities",
        "name": "P71 - Parking Lot",
        "facility_type": "surface_lot",
        "street": "4621 Collins Avenue, Miami Beach, FL",
        "city": "Miami Beach",
        "state": "FL",
        "operator": "City of Miami Beach Parking Department",
        "access": "public",
        "fee": "yes",
        "charge": "Non-resident $20 flat rate; Registered resident vehicle $6 flat or $1/hr at pay station only.",
        "event_rate": "N/A",
        "maximum_time": "10 hours",
        "capacity": "452",
        "parkmobile_zone": "88569",
        "payment_provider": "ParkMobile / PayByPhone",
        "payment_app_url": "https://www2.paybyphone.com/park-in-miami-beach",
        "payment_note": "Official Miami Beach source lists ParkMobile zones and PayByPhone/ParkMobile app support; ParkingUSA does not infer a per-record checkout URL.",
        "ev_charging": "N/A",
        "confidence": 0.88,
        "last_verified_source": "City of Miami Beach Parking Facilities",
        "source_url": "https://www.miamibeachfl.gov/city-hall/parking/parking-garages-lot-locations/",
        "api_url": "https://www.miamibeachfl.gov/wp-json/wpgmza/v1/markers?map_id=17",
        "evidence_url": "https://www.miamibeachfl.gov/wp-json/wpgmza/v1/markers?map_id=17",
        "data_as_of": "2026-07-15T09:52:45.943Z",
        "existence_status": "confirmed",
        "price_status": "known_priced",
        "rule_status": "partial",
        "enrichment_status": "needs_payment_link",
        "payment_url": "",
        "booking_url": "",
        "raw_properties": {
          "map_id": "17",
          "address": "4621 Collins Avenue, Miami Beach, FL",
          "description": "<p style=\"font-size: 18px;line-height: 1.5em;margin-top: 0px;margin-bottom: 15px;padding: 0px;border: 0px;font-family: proxima-nova, Arial, Verdana\"></p><hr id=\"null\"><span style=\", sans-serif;font-weight: 600\">Spaces</span><span style=\", sans-serif\">: 452<br></span><hr id=\"null\"><span style=\", sans-serif;font-weight: 600\">Hourly Rate</span><span style=\", sans-serif\">:<br>Non-resident $20 flat rate;<br>Registered resident vehicle $6 flat or $1/hr at pay station only.<br></span><hr id=\"null\"><span style=\", sans-serif;font-weight: 600\">Event Rate</span><span style=\", sans-serif\">: </span><span style=\", sans-serif\">N/A<br></span><hr id=\"null\"><span style=\", sans-serif;font-weight: 600\">Maximum Time</span><span style=\", sans-serif\">: 10 hours<br></span><hr id=\"null\"><span style=\", sans-serif;font-weight: 600\">Park Mobile</span><span style=\", sans-serif\">: 88569<br></span><hr id=\"null\"><span style=\", sans-serif;font-weight: 600\">Electric Vehicle Charging</span><span style=\", sans-serif\">: N/A<br></span><hr id=\"null\"><p></p>",
          "pic": "",
          "link": "",
          "icon": {
            "url": "//www.miamibeachfl.gov/wp-content/uploads/wp-google-maps/icons/64c038578de005.04399823.png",
            "retina": false
          },
          "lat": "25.8209833",
          "lng": "-80.1216816",
          "anim": "2",
          "title": "P71 - Parking Lot",
          "infoopen": "0",
          "category": "",
          "approved": "1",
          "retina": "0",
          "type": "0",
          "did": "",
          "sticky": "0",
          "layergroup": "1",
          "hover_icon": "//www.miamibeachfl.gov/wp-content/plugins/wp-google-maps/images/spotlight-poi3.png",
          "hover_retina": "0",
          "id": "207",
          "categories": [
            "9",
            "15"
          ],
          "custom_field_data": [],
          "custom_fields_html": ""
        }
      }
    },
    {
      "type": "Feature",
      "geometry": {
        "type": "Point",
        "coordinates": [
          -80.120958,
          25.831112
        ]
      },
      "properties": {
        "source_id": "miami-beach:wpgmza:208",
        "source_name": "City of Miami Beach Parking Facilities",
        "name": "P72 - Parking Lot",
        "facility_type": "surface_lot",
        "street": "5301 Collins Avenue, Miami Beach, FL",
        "city": "Miami Beach",
        "state": "FL",
        "operator": "City of Miami Beach Parking Department",
        "access": "public",
        "fee": "yes",
        "charge": "$1/hr",
        "event_rate": "None",
        "maximum_time": "10 hours",
        "capacity": "143",
        "parkmobile_zone": "88571",
        "payment_provider": "ParkMobile / PayByPhone",
        "payment_app_url": "https://www2.paybyphone.com/park-in-miami-beach",
        "payment_note": "Official Miami Beach source lists ParkMobile zones and PayByPhone/ParkMobile app support; ParkingUSA does not infer a per-record checkout URL.",
        "ev_charging": "N/A",
        "confidence": 0.88,
        "last_verified_source": "City of Miami Beach Parking Facilities",
        "source_url": "https://www.miamibeachfl.gov/city-hall/parking/parking-garages-lot-locations/",
        "api_url": "https://www.miamibeachfl.gov/wp-json/wpgmza/v1/markers?map_id=17",
        "evidence_url": "https://www.miamibeachfl.gov/wp-json/wpgmza/v1/markers?map_id=17",
        "data_as_of": "2026-07-15T09:52:45.943Z",
        "existence_status": "confirmed",
        "price_status": "known_priced",
        "rule_status": "partial",
        "enrichment_status": "needs_payment_link",
        "payment_url": "",
        "booking_url": "",
        "raw_properties": {
          "map_id": "17",
          "address": "5301 Collins Avenue, Miami Beach, FL",
          "description": "<p style=\"font-size: 18px;line-height: 1.5em;margin-top: 0px;margin-bottom: 15px;padding: 0px;border: 0px;font-family: proxima-nova, Arial, Verdana\"></p><hr id=\"null\"><span style=\", sans-serif;font-weight: 600\">Spaces</span><span style=\", sans-serif\">: 143<br></span><hr id=\"null\"><span style=\", sans-serif;font-weight: 600\">Hourly Rate</span><span style=\", sans-serif\">: $1/hr<br></span><hr id=\"null\"><span style=\", sans-serif;font-weight: 600\">Event Rate</span><span style=\", sans-serif\">: </span><span style=\", sans-serif\">None<br></span><hr id=\"null\"><span style=\", sans-serif;font-weight: 600\">Maximum Time</span><span style=\", sans-serif\">: 10 hours<br></span><hr id=\"null\"><span style=\", sans-serif;font-weight: 600\">Park Mobile</span><span style=\", sans-serif\">: 88571<br></span><hr id=\"null\"><span style=\", sans-serif;font-weight: 600\">Electric Vehicle Charging</span><span style=\", sans-serif\">: N/A<br></span><hr id=\"null\"><p></p>",
          "pic": "",
          "link": "",
          "icon": {
            "url": "//www.miamibeachfl.gov/wp-content/uploads/wp-google-maps/icons/64c038a5da68e4.92339387.png",
            "retina": false
          },
          "lat": "25.831112",
          "lng": "-80.120958",
          "anim": "2",
          "title": "P72 - Parking Lot",
          "infoopen": "0",
          "category": "",
          "approved": "1",
          "retina": "0",
          "type": "0",
          "did": "",
          "sticky": "0",
          "layergroup": "1",
          "hover_icon": "//www.miamibeachfl.gov/wp-content/plugins/wp-google-maps/images/spotlight-poi3.png",
          "hover_retina": "0",
          "id": "208",
          "categories": [
            "9",
            "15"
          ],
          "custom_field_data": [],
          "custom_fields_html": ""
        }
      }
    },
    {
      "type": "Feature",
      "geometry": {
        "type": "Point",
        "coordinates": [
          -80.1197839,
          25.8475379
        ]
      },
      "properties": {
        "source_id": "miami-beach:wpgmza:209",
        "source_name": "City of Miami Beach Parking Facilities",
        "name": "P81 - Parking Lot",
        "facility_type": "surface_lot",
        "street": "6475 Collins Avenue, Miami Beach, FL",
        "city": "Miami Beach",
        "state": "FL",
        "operator": "City of Miami Beach Parking Department",
        "access": "public",
        "fee": "yes",
        "charge": "$1/hr",
        "event_rate": "None",
        "maximum_time": "3 hours",
        "capacity": "77",
        "parkmobile_zone": "88568",
        "payment_provider": "ParkMobile / PayByPhone",
        "payment_app_url": "https://www2.paybyphone.com/park-in-miami-beach",
        "payment_note": "Official Miami Beach source lists ParkMobile zones and PayByPhone/ParkMobile app support; ParkingUSA does not infer a per-record checkout URL.",
        "ev_charging": "N/A",
        "confidence": 0.88,
        "last_verified_source": "City of Miami Beach Parking Facilities",
        "source_url": "https://www.miamibeachfl.gov/city-hall/parking/parking-garages-lot-locations/",
        "api_url": "https://www.miamibeachfl.gov/wp-json/wpgmza/v1/markers?map_id=17",
        "evidence_url": "https://www.miamibeachfl.gov/wp-json/wpgmza/v1/markers?map_id=17",
        "data_as_of": "2026-07-15T09:52:45.943Z",
        "existence_status": "confirmed",
        "price_status": "known_priced",
        "rule_status": "partial",
        "enrichment_status": "needs_payment_link",
        "payment_url": "",
        "booking_url": "",
        "raw_properties": {
          "map_id": "17",
          "address": "6475 Collins Avenue, Miami Beach, FL",
          "description": "<p style=\"font-size: 18px;line-height: 1.5em;margin-top: 0px;margin-bottom: 15px;padding: 0px;border: 0px;font-family: proxima-nova, Arial, Verdana\"></p><hr id=\"null\"><span style=\", sans-serif;font-weight: 600\">Spaces</span><span style=\", sans-serif\">: 77<br></span><hr id=\"null\"><span style=\", sans-serif;font-weight: 600\">Hourly Rate</span><span style=\", sans-serif\">: $1/hr<br></span><hr id=\"null\"><span style=\", sans-serif;font-weight: 600\">Event Rate</span><span style=\", sans-serif\">: </span><span style=\", sans-serif\">None<br></span><hr id=\"null\"><span style=\", sans-serif;font-weight: 600\">Maximum Time</span><span style=\", sans-serif\">: 3 hours<br></span><hr id=\"null\"><span style=\", sans-serif;font-weight: 600\">Park Mobile</span><span style=\", sans-serif\">: 88568<br></span><hr id=\"null\"><span style=\", sans-serif;font-weight: 600\">Electric Vehicle Charging</span><span style=\", sans-serif\">: N/A<br></span><hr id=\"null\"><p></p>",
          "pic": "",
          "link": "",
          "icon": {
            "url": "//www.miamibeachfl.gov/wp-content/uploads/wp-google-maps/icons/64c0390eb62359.90871469.png",
            "retina": false
          },
          "lat": "25.8475379",
          "lng": "-80.1197839",
          "anim": "2",
          "title": "P81 - Parking Lot",
          "infoopen": "0",
          "category": "",
          "approved": "1",
          "retina": "0",
          "type": "0",
          "did": "",
          "sticky": "0",
          "layergroup": "1",
          "hover_icon": "//www.miamibeachfl.gov/wp-content/plugins/wp-google-maps/images/spotlight-poi3.png",
          "hover_retina": "0",
          "id": "209",
          "categories": [
            "8",
            "15"
          ],
          "custom_field_data": [],
          "custom_fields_html": ""
        }
      }
    },
    {
      "type": "Feature",
      "geometry": {
        "type": "Point",
        "coordinates": [
          -80.12198389999999,
          25.8487681
        ]
      },
      "properties": {
        "source_id": "miami-beach:wpgmza:210",
        "source_name": "City of Miami Beach Parking Facilities",
        "name": "P82 - Parking Lot",
        "facility_type": "surface_lot",
        "street": "6500 Indian Creek Drive, Miami Beach, FL",
        "city": "Miami Beach",
        "state": "FL",
        "operator": "City of Miami Beach Parking Department",
        "access": "public",
        "fee": "yes",
        "charge": "$1/hr",
        "event_rate": "None",
        "maximum_time": "3 hours",
        "capacity": "72",
        "parkmobile_zone": "88567",
        "payment_provider": "ParkMobile / PayByPhone",
        "payment_app_url": "https://www2.paybyphone.com/park-in-miami-beach",
        "payment_note": "Official Miami Beach source lists ParkMobile zones and PayByPhone/ParkMobile app support; ParkingUSA does not infer a per-record checkout URL.",
        "ev_charging": "N/A",
        "confidence": 0.88,
        "last_verified_source": "City of Miami Beach Parking Facilities",
        "source_url": "https://www.miamibeachfl.gov/city-hall/parking/parking-garages-lot-locations/",
        "api_url": "https://www.miamibeachfl.gov/wp-json/wpgmza/v1/markers?map_id=17",
        "evidence_url": "https://www.miamibeachfl.gov/wp-json/wpgmza/v1/markers?map_id=17",
        "data_as_of": "2026-07-15T09:52:45.943Z",
        "existence_status": "confirmed",
        "price_status": "known_priced",
        "rule_status": "partial",
        "enrichment_status": "needs_payment_link",
        "payment_url": "",
        "booking_url": "",
        "raw_properties": {
          "map_id": "17",
          "address": "6500 Indian Creek Drive, Miami Beach, FL",
          "description": "<p style=\"font-size: 18px;line-height: 1.5em;margin-top: 0px;margin-bottom: 15px;padding: 0px;border: 0px;font-family: proxima-nova, Arial, Verdana\"></p><hr id=\"null\"><span style=\", sans-serif;font-weight: 600\">Spaces</span><span style=\", sans-serif\">: 72<br></span><hr id=\"null\"><span style=\", sans-serif;font-weight: 600\">Hourly Rate</span><span style=\", sans-serif\">: $1/hr<br></span><hr id=\"null\"><span style=\", sans-serif;font-weight: 600\">Event Rate</span><span style=\", sans-serif\">: </span><span style=\", sans-serif\">None<br></span><hr id=\"null\"><span style=\", sans-serif;font-weight: 600\">Maximum Time</span><span style=\", sans-serif\">: 3 hours<br></span><hr id=\"null\"><span style=\", sans-serif;font-weight: 600\">Park Mobile</span><span style=\", sans-serif\">: 88567<br></span><hr id=\"null\"><span style=\", sans-serif;font-weight: 600\">Electric Vehicle Charging</span><span style=\", sans-serif\">: N/A<br></span><hr id=\"null\"><p></p>",
          "pic": "",
          "link": "",
          "icon": {
            "url": "//www.miamibeachfl.gov/wp-content/uploads/wp-google-maps/icons/64c06da8067366.79631603.png",
            "retina": false
          },
          "lat": "25.8487681",
          "lng": "-80.12198389999999",
          "anim": "2",
          "title": "P82 - Parking Lot",
          "infoopen": "0",
          "category": "",
          "approved": "1",
          "retina": "0",
          "type": "0",
          "did": "",
          "sticky": "0",
          "layergroup": "1",
          "hover_icon": "//www.miamibeachfl.gov/wp-content/plugins/wp-google-maps/images/spotlight-poi3.png",
          "hover_retina": "0",
          "id": "210",
          "categories": [
            "8",
            "15"
          ],
          "custom_field_data": [],
          "custom_fields_html": ""
        }
      }
    },
    {
      "type": "Feature",
      "geometry": {
        "type": "Point",
        "coordinates": [
          -80.1209618,
          25.8550722
        ]
      },
      "properties": {
        "source_id": "miami-beach:wpgmza:211",
        "source_name": "City of Miami Beach Parking Facilities",
        "name": "P83 - Parking Lot",
        "facility_type": "surface_lot",
        "street": "6933 Harding Avenue, Miami Beach, FL",
        "city": "Miami Beach",
        "state": "FL",
        "operator": "City of Miami Beach Parking Department",
        "access": "public",
        "fee": "yes",
        "charge": "$1/hr",
        "event_rate": "None",
        "maximum_time": "10 hours",
        "capacity": "29",
        "parkmobile_zone": "88542",
        "payment_provider": "ParkMobile / PayByPhone",
        "payment_app_url": "https://www2.paybyphone.com/park-in-miami-beach",
        "payment_note": "Official Miami Beach source lists ParkMobile zones and PayByPhone/ParkMobile app support; ParkingUSA does not infer a per-record checkout URL.",
        "ev_charging": "N/A",
        "confidence": 0.88,
        "last_verified_source": "City of Miami Beach Parking Facilities",
        "source_url": "https://www.miamibeachfl.gov/city-hall/parking/parking-garages-lot-locations/",
        "api_url": "https://www.miamibeachfl.gov/wp-json/wpgmza/v1/markers?map_id=17",
        "evidence_url": "https://www.miamibeachfl.gov/wp-json/wpgmza/v1/markers?map_id=17",
        "data_as_of": "2026-07-15T09:52:45.943Z",
        "existence_status": "confirmed",
        "price_status": "known_priced",
        "rule_status": "partial",
        "enrichment_status": "needs_payment_link",
        "payment_url": "",
        "booking_url": "",
        "raw_properties": {
          "map_id": "17",
          "address": "6933 Harding Avenue, Miami Beach, FL",
          "description": "<p style=\"font-size: 18px;line-height: 1.5em;margin-top: 0px;margin-bottom: 15px;padding: 0px;border: 0px;font-family: proxima-nova, Arial, Verdana\"></p><hr id=\"null\"><span style=\", sans-serif;font-weight: 600\">Spaces</span><span style=\", sans-serif\">: 29<br></span><hr id=\"null\"><span style=\", sans-serif;font-weight: 600\">Hourly Rate</span><span style=\", sans-serif\">: $1/hr<br></span><hr id=\"null\"><span style=\", sans-serif;font-weight: 600\">Event Rate</span><span style=\", sans-serif\">: </span><span style=\", sans-serif\">None<br></span><hr id=\"null\"><span style=\", sans-serif;font-weight: 600\">Maximum Time</span><span style=\", sans-serif\">: 10 hours<br></span><hr id=\"null\"><span style=\", sans-serif;font-weight: 600\">Park Mobile</span><span style=\", sans-serif\">: 88542<br></span><hr id=\"null\"><span style=\", sans-serif;font-weight: 600\">Electric Vehicle Charging</span><span style=\", sans-serif\">: N/A<br></span><hr id=\"null\"><p></p>",
          "pic": "",
          "link": "",
          "icon": {
            "url": "//www.miamibeachfl.gov/wp-content/uploads/wp-google-maps/icons/64c06e15024344.21615644.png",
            "retina": false
          },
          "lat": "25.8550722",
          "lng": "-80.1209618",
          "anim": "2",
          "title": "P83 - Parking Lot",
          "infoopen": "0",
          "category": "",
          "approved": "1",
          "retina": "0",
          "type": "0",
          "did": "",
          "sticky": "0",
          "layergroup": "1",
          "hover_icon": "//www.miamibeachfl.gov/wp-content/plugins/wp-google-maps/images/spotlight-poi3.png",
          "hover_retina": "0",
          "id": "211",
          "categories": [
            "8",
            "15"
          ],
          "custom_field_data": [],
          "custom_fields_html": ""
        }
      }
    },
    {
      "type": "Feature",
      "geometry": {
        "type": "Point",
        "coordinates": [
          -80.1209247,
          25.8559936
        ]
      },
      "properties": {
        "source_id": "miami-beach:wpgmza:212",
        "source_name": "City of Miami Beach Parking Facilities",
        "name": "P80 - Parking Lot",
        "facility_type": "surface_lot",
        "street": "410 71 Street, Miami Beach, FL",
        "city": "Miami Beach",
        "state": "FL",
        "operator": "City of Miami Beach Parking Department",
        "access": "public",
        "fee": "yes",
        "charge": "$1/hr",
        "event_rate": "None",
        "maximum_time": "10 hours",
        "capacity": "30",
        "parkmobile_zone": "88618",
        "payment_provider": "ParkMobile / PayByPhone",
        "payment_app_url": "https://www2.paybyphone.com/park-in-miami-beach",
        "payment_note": "Official Miami Beach source lists ParkMobile zones and PayByPhone/ParkMobile app support; ParkingUSA does not infer a per-record checkout URL.",
        "ev_charging": "N/A",
        "confidence": 0.88,
        "last_verified_source": "City of Miami Beach Parking Facilities",
        "source_url": "https://www.miamibeachfl.gov/city-hall/parking/parking-garages-lot-locations/",
        "api_url": "https://www.miamibeachfl.gov/wp-json/wpgmza/v1/markers?map_id=17",
        "evidence_url": "https://www.miamibeachfl.gov/wp-json/wpgmza/v1/markers?map_id=17",
        "data_as_of": "2026-07-15T09:52:45.943Z",
        "existence_status": "confirmed",
        "price_status": "known_priced",
        "rule_status": "partial",
        "enrichment_status": "needs_payment_link",
        "payment_url": "",
        "booking_url": "",
        "raw_properties": {
          "map_id": "17",
          "address": "410 71 Street, Miami Beach, FL",
          "description": "<p style=\"font-size: 18px;line-height: 1.5em;margin-top: 0px;margin-bottom: 15px;padding: 0px;border: 0px;font-family: proxima-nova, Arial, Verdana\"></p><hr id=\"null\"><span style=\", sans-serif;font-weight: 600\">Spaces</span><span style=\", sans-serif\">: 30<br></span><hr id=\"null\"><span style=\", sans-serif;font-weight: 600\">Hourly Rate</span><span style=\", sans-serif\">: $1/hr<br></span><hr id=\"null\"><span style=\", sans-serif;font-weight: 600\">Event Rate</span><span style=\", sans-serif\">: </span><span style=\", sans-serif\">None<br></span><hr id=\"null\"><span style=\", sans-serif;font-weight: 600\">Maximum Time</span><span style=\", sans-serif\">: 10 hours<br></span><hr id=\"null\"><span style=\", sans-serif;font-weight: 600\">Park Mobile</span><span style=\", sans-serif\">: 88618<br></span><hr id=\"null\"><span style=\", sans-serif;font-weight: 600\">Electric Vehicle Charging</span><span style=\", sans-serif\">: N/A<br></span><hr id=\"null\"><p></p>",
          "pic": "",
          "link": "",
          "icon": {
            "url": "//www.miamibeachfl.gov/wp-content/uploads/wp-google-maps/icons/64c06e15024344.21615644.png",
            "retina": false
          },
          "lat": "25.8559936",
          "lng": "-80.1209247",
          "anim": "2",
          "title": "P80 - Parking Lot",
          "infoopen": "0",
          "category": "",
          "approved": "1",
          "retina": "0",
          "type": "0",
          "did": "",
          "sticky": "0",
          "layergroup": "1",
          "hover_icon": "//www.miamibeachfl.gov/wp-content/plugins/wp-google-maps/images/spotlight-poi3.png",
          "hover_retina": "0",
          "id": "212",
          "categories": [
            "8",
            "15"
          ],
          "custom_field_data": [],
          "custom_fields_html": ""
        }
      }
    },
    {
      "type": "Feature",
      "geometry": {
        "type": "Point",
        "coordinates": [
          -80.12168109999999,
          25.8551473
        ]
      },
      "properties": {
        "source_id": "miami-beach:wpgmza:213",
        "source_name": "City of Miami Beach Parking Facilities",
        "name": "P84 - Parking Lot",
        "facility_type": "surface_lot",
        "street": "6950 Harding Avenue, Miami Beach, FL",
        "city": "Miami Beach",
        "state": "FL",
        "operator": "City of Miami Beach Parking Department",
        "access": "public",
        "fee": "yes",
        "charge": "$1/hr",
        "event_rate": "None",
        "maximum_time": "10 hours",
        "capacity": "53",
        "parkmobile_zone": "88538",
        "payment_provider": "ParkMobile / PayByPhone",
        "payment_app_url": "https://www2.paybyphone.com/park-in-miami-beach",
        "payment_note": "Official Miami Beach source lists ParkMobile zones and PayByPhone/ParkMobile app support; ParkingUSA does not infer a per-record checkout URL.",
        "ev_charging": "N/A",
        "confidence": 0.88,
        "last_verified_source": "City of Miami Beach Parking Facilities",
        "source_url": "https://www.miamibeachfl.gov/city-hall/parking/parking-garages-lot-locations/",
        "api_url": "https://www.miamibeachfl.gov/wp-json/wpgmza/v1/markers?map_id=17",
        "evidence_url": "https://www.miamibeachfl.gov/wp-json/wpgmza/v1/markers?map_id=17",
        "data_as_of": "2026-07-15T09:52:45.943Z",
        "existence_status": "confirmed",
        "price_status": "known_priced",
        "rule_status": "partial",
        "enrichment_status": "needs_payment_link",
        "payment_url": "",
        "booking_url": "",
        "raw_properties": {
          "map_id": "17",
          "address": "6950 Harding Avenue, Miami Beach, FL",
          "description": "<p style=\"font-size: 18px;line-height: 1.5em;margin-top: 0px;margin-bottom: 15px;padding: 0px;border: 0px;font-family: proxima-nova, Arial, Verdana\"></p><hr id=\"null\"><span style=\", sans-serif;font-weight: 600\">Spaces</span><span style=\", sans-serif\">: 53<br></span><hr id=\"null\"><span style=\", sans-serif;font-weight: 600\">Hourly Rate</span><span style=\", sans-serif\">: $1/hr<br></span><hr id=\"null\"><span style=\", sans-serif;font-weight: 600\">Event Rate</span><span style=\", sans-serif\">: </span><span style=\", sans-serif\">None<br></span><hr id=\"null\"><span style=\", sans-serif;font-weight: 600\">Maximum Time</span><span style=\", sans-serif\">: 10 hours<br></span><hr id=\"null\"><span style=\", sans-serif;font-weight: 600\">Park Mobile</span><span style=\", sans-serif\">: 88538<br></span><hr id=\"null\"><span style=\", sans-serif;font-weight: 600\">Electric Vehicle Charging</span><span style=\", sans-serif\">: N/A<br></span><hr id=\"null\"><p></p>",
          "pic": "",
          "link": "",
          "icon": {
            "url": "//www.miamibeachfl.gov/wp-content/uploads/wp-google-maps/icons/64c06edf1849a3.32150636.png",
            "retina": false
          },
          "lat": "25.8551473",
          "lng": "-80.12168109999999",
          "anim": "2",
          "title": "P84 - Parking Lot",
          "infoopen": "0",
          "category": "",
          "approved": "1",
          "retina": "0",
          "type": "0",
          "did": "",
          "sticky": "0",
          "layergroup": "1",
          "hover_icon": "//www.miamibeachfl.gov/wp-content/plugins/wp-google-maps/images/spotlight-poi3.png",
          "hover_retina": "0",
          "id": "213",
          "categories": [
            "8",
            "15"
          ],
          "custom_field_data": [],
          "custom_fields_html": ""
        }
      }
    },
    {
      "type": "Feature",
      "geometry": {
        "type": "Point",
        "coordinates": [
          -80.1239861,
          25.8555564
        ]
      },
      "properties": {
        "source_id": "miami-beach:wpgmza:214",
        "source_name": "City of Miami Beach Parking Facilities",
        "name": "P85 - Parking Lot",
        "facility_type": "surface_lot",
        "street": "6977 Carlyle Avenue, Miami Beach, FL",
        "city": "Miami Beach",
        "state": "FL",
        "operator": "City of Miami Beach Parking Department",
        "access": "public",
        "fee": "yes",
        "charge": "$1/hr",
        "event_rate": "None",
        "maximum_time": "10 hours",
        "capacity": "14",
        "parkmobile_zone": "88540",
        "payment_provider": "ParkMobile / PayByPhone",
        "payment_app_url": "https://www2.paybyphone.com/park-in-miami-beach",
        "payment_note": "Official Miami Beach source lists ParkMobile zones and PayByPhone/ParkMobile app support; ParkingUSA does not infer a per-record checkout URL.",
        "ev_charging": "N/A",
        "confidence": 0.88,
        "last_verified_source": "City of Miami Beach Parking Facilities",
        "source_url": "https://www.miamibeachfl.gov/city-hall/parking/parking-garages-lot-locations/",
        "api_url": "https://www.miamibeachfl.gov/wp-json/wpgmza/v1/markers?map_id=17",
        "evidence_url": "https://www.miamibeachfl.gov/wp-json/wpgmza/v1/markers?map_id=17",
        "data_as_of": "2026-07-15T09:52:45.943Z",
        "existence_status": "confirmed",
        "price_status": "known_priced",
        "rule_status": "partial",
        "enrichment_status": "needs_payment_link",
        "payment_url": "",
        "booking_url": "",
        "raw_properties": {
          "map_id": "17",
          "address": "6977 Carlyle Avenue, Miami Beach, FL",
          "description": "<p style=\"font-size: 18px;line-height: 1.5em;margin-top: 0px;margin-bottom: 15px;padding: 0px;border: 0px;font-family: proxima-nova, Arial, Verdana\"></p><hr id=\"null\"><span style=\", sans-serif;font-weight: 600\">Spaces</span><span style=\", sans-serif\">: 14<br></span><hr id=\"null\"><span style=\", sans-serif;font-weight: 600\">Hourly Rate</span><span style=\", sans-serif\">: $1/hr<br></span><hr id=\"null\"><span style=\", sans-serif;font-weight: 600\">Event Rate</span><span style=\", sans-serif\">: </span><span style=\", sans-serif\">None<br></span><hr id=\"null\"><span style=\", sans-serif;font-weight: 600\">Maximum Time</span><span style=\", sans-serif\">: 10 hours<br></span><hr id=\"null\"><span style=\", sans-serif;font-weight: 600\">Park Mobile</span><span style=\", sans-serif\">: 88540<br></span><hr id=\"null\"><span style=\", sans-serif;font-weight: 600\">Electric Vehicle Charging</span><span style=\", sans-serif\">: N/A<br></span><hr id=\"null\"><p></p>",
          "pic": "",
          "link": "",
          "icon": {
            "url": "//www.miamibeachfl.gov/wp-content/uploads/wp-google-maps/icons/64c06f51109cb5.18670445.png",
            "retina": false
          },
          "lat": "25.8555564",
          "lng": "-80.1239861",
          "anim": "2",
          "title": "P85 - Parking Lot",
          "infoopen": "0",
          "category": "",
          "approved": "1",
          "retina": "0",
          "type": "0",
          "did": "",
          "sticky": "0",
          "layergroup": "1",
          "hover_icon": "//www.miamibeachfl.gov/wp-content/plugins/wp-google-maps/images/spotlight-poi3.png",
          "hover_retina": "0",
          "id": "214",
          "categories": [
            "8",
            "15"
          ],
          "custom_field_data": [],
          "custom_fields_html": ""
        }
      }
    },
    {
      "type": "Feature",
      "geometry": {
        "type": "Point",
        "coordinates": [
          -80.12456619999999,
          25.8556611
        ]
      },
      "properties": {
        "source_id": "miami-beach:wpgmza:215",
        "source_name": "City of Miami Beach Parking Facilities",
        "name": "P86 - Parking Lot",
        "facility_type": "surface_lot",
        "street": "7011 Indian Creek Drive, Miami Beach, FL",
        "city": "Miami Beach",
        "state": "FL",
        "operator": "City of Miami Beach Parking Department",
        "access": "public",
        "fee": "yes",
        "charge": "$1/hr",
        "event_rate": "None",
        "maximum_time": "10 hours",
        "capacity": "36",
        "parkmobile_zone": "88541",
        "payment_provider": "ParkMobile / PayByPhone",
        "payment_app_url": "https://www2.paybyphone.com/park-in-miami-beach",
        "payment_note": "Official Miami Beach source lists ParkMobile zones and PayByPhone/ParkMobile app support; ParkingUSA does not infer a per-record checkout URL.",
        "ev_charging": "N/A",
        "confidence": 0.88,
        "last_verified_source": "City of Miami Beach Parking Facilities",
        "source_url": "https://www.miamibeachfl.gov/city-hall/parking/parking-garages-lot-locations/",
        "api_url": "https://www.miamibeachfl.gov/wp-json/wpgmza/v1/markers?map_id=17",
        "evidence_url": "https://www.miamibeachfl.gov/wp-json/wpgmza/v1/markers?map_id=17",
        "data_as_of": "2026-07-15T09:52:45.943Z",
        "existence_status": "confirmed",
        "price_status": "known_priced",
        "rule_status": "partial",
        "enrichment_status": "needs_payment_link",
        "payment_url": "",
        "booking_url": "",
        "raw_properties": {
          "map_id": "17",
          "address": "7011 Indian Creek Drive, Miami Beach, FL",
          "description": "<p style=\"font-size: 18px;line-height: 1.5em;margin-top: 0px;margin-bottom: 15px;padding: 0px;border: 0px;font-family: proxima-nova, Arial, Verdana\"></p><hr id=\"null\"><span style=\", sans-serif;font-weight: 600\">Spaces</span><span style=\", sans-serif\">: 36<br></span><hr id=\"null\"><span style=\", sans-serif;font-weight: 600\">Hourly Rate</span><span style=\", sans-serif\">: $1/hr<br></span><hr id=\"null\"><span style=\", sans-serif;font-weight: 600\">Event Rate</span><span style=\", sans-serif\">: </span><span style=\", sans-serif\">None<br></span><hr id=\"null\"><span style=\", sans-serif;font-weight: 600\">Maximum Time</span><span style=\", sans-serif\">: 10 hours<br></span><hr id=\"null\"><span style=\", sans-serif;font-weight: 600\">Park Mobile</span><span style=\", sans-serif\">: 88541<br></span><hr id=\"null\"><span style=\", sans-serif;font-weight: 600\">Electric Vehicle Charging</span><span style=\", sans-serif\">: N/A<br></span><hr id=\"null\"><p></p>",
          "pic": "",
          "link": "",
          "icon": {
            "url": "//www.miamibeachfl.gov/wp-content/uploads/wp-google-maps/icons/64c06fb05cb8a7.68318568.png",
            "retina": false
          },
          "lat": "25.8556611",
          "lng": "-80.12456619999999",
          "anim": "2",
          "title": "P86 - Parking Lot",
          "infoopen": "0",
          "category": "",
          "approved": "1",
          "retina": "0",
          "type": "0",
          "did": "",
          "sticky": "0",
          "layergroup": "1",
          "hover_icon": "//www.miamibeachfl.gov/wp-content/plugins/wp-google-maps/images/spotlight-poi3.png",
          "hover_retina": "0",
          "id": "215",
          "categories": [
            "8",
            "15"
          ],
          "custom_field_data": [],
          "custom_fields_html": ""
        }
      }
    },
    {
      "type": "Feature",
      "geometry": {
        "type": "Point",
        "coordinates": [
          -80.127712,
          25.8550274
        ]
      },
      "properties": {
        "source_id": "miami-beach:wpgmza:216",
        "source_name": "City of Miami Beach Parking Facilities",
        "name": "P87 - Parking Lot",
        "facility_type": "surface_lot",
        "street": "6950 Bay Drive, Miami Beach, FL",
        "city": "Miami Beach",
        "state": "FL",
        "operator": "City of Miami Beach Parking Department",
        "access": "public",
        "fee": "yes",
        "charge": "$1/hr",
        "event_rate": "None",
        "maximum_time": "10 hours",
        "capacity": "42",
        "parkmobile_zone": "88579",
        "payment_provider": "ParkMobile / PayByPhone",
        "payment_app_url": "https://www2.paybyphone.com/park-in-miami-beach",
        "payment_note": "Official Miami Beach source lists ParkMobile zones and PayByPhone/ParkMobile app support; ParkingUSA does not infer a per-record checkout URL.",
        "ev_charging": "N/A",
        "confidence": 0.88,
        "last_verified_source": "City of Miami Beach Parking Facilities",
        "source_url": "https://www.miamibeachfl.gov/city-hall/parking/parking-garages-lot-locations/",
        "api_url": "https://www.miamibeachfl.gov/wp-json/wpgmza/v1/markers?map_id=17",
        "evidence_url": "https://www.miamibeachfl.gov/wp-json/wpgmza/v1/markers?map_id=17",
        "data_as_of": "2026-07-15T09:52:45.943Z",
        "existence_status": "confirmed",
        "price_status": "known_priced",
        "rule_status": "partial",
        "enrichment_status": "needs_payment_link",
        "payment_url": "",
        "booking_url": "",
        "raw_properties": {
          "map_id": "17",
          "address": "6950 Bay Drive, Miami Beach, FL",
          "description": "<p style=\"font-size: 18px;line-height: 1.5em;margin-top: 0px;margin-bottom: 15px;padding: 0px;border: 0px;font-family: proxima-nova, Arial, Verdana\"></p><hr id=\"null\"><span style=\", sans-serif;font-weight: 600\">Spaces</span><span style=\", sans-serif\">: 42<br></span><hr id=\"null\"><span style=\", sans-serif;font-weight: 600\">Hourly Rate</span><span style=\", sans-serif\">: $1/hr<br></span><hr id=\"null\"><span style=\", sans-serif;font-weight: 600\">Event Rate</span><span style=\", sans-serif\">: </span><span style=\", sans-serif\">None<br></span><hr id=\"null\"><span style=\", sans-serif;font-weight: 600\">Maximum Time</span><span style=\", sans-serif\">: 10 hours<br></span><hr id=\"null\"><span style=\", sans-serif;font-weight: 600\">Park Mobile</span><span style=\", sans-serif\">: 88579<br></span><hr id=\"null\"><span style=\", sans-serif;font-weight: 600\">Electric Vehicle Charging</span><span style=\", sans-serif\">: N/A<br></span><hr id=\"null\"><p></p>",
          "pic": "",
          "link": "",
          "icon": {
            "url": "//www.miamibeachfl.gov/wp-content/uploads/wp-google-maps/icons/64c07026d577e0.77140981.png",
            "retina": false
          },
          "lat": "25.8550274",
          "lng": "-80.127712",
          "anim": "2",
          "title": "P87 - Parking Lot",
          "infoopen": "0",
          "category": "",
          "approved": "1",
          "retina": "0",
          "type": "0",
          "did": "",
          "sticky": "0",
          "layergroup": "1",
          "hover_icon": "//www.miamibeachfl.gov/wp-content/plugins/wp-google-maps/images/spotlight-poi3.png",
          "hover_retina": "0",
          "id": "216",
          "categories": [
            "8",
            "15"
          ],
          "custom_field_data": [],
          "custom_fields_html": ""
        }
      }
    },
    {
      "type": "Feature",
      "geometry": {
        "type": "Point",
        "coordinates": [
          -80.1293913,
          25.8553202
        ]
      },
      "properties": {
        "source_id": "miami-beach:wpgmza:217",
        "source_name": "City of Miami Beach Parking Facilities",
        "name": "P88 - Parking Lot",
        "facility_type": "surface_lot",
        "street": "1045 71 Street, Miami Beach, FL",
        "city": "Miami Beach",
        "state": "FL",
        "operator": "City of Miami Beach Parking Department",
        "access": "public",
        "fee": "yes",
        "charge": "$1/hr",
        "event_rate": "None",
        "maximum_time": "10 hours",
        "capacity": "16",
        "parkmobile_zone": "88578",
        "payment_provider": "ParkMobile / PayByPhone",
        "payment_app_url": "https://www2.paybyphone.com/park-in-miami-beach",
        "payment_note": "Official Miami Beach source lists ParkMobile zones and PayByPhone/ParkMobile app support; ParkingUSA does not infer a per-record checkout URL.",
        "ev_charging": "N/A",
        "confidence": 0.88,
        "last_verified_source": "City of Miami Beach Parking Facilities",
        "source_url": "https://www.miamibeachfl.gov/city-hall/parking/parking-garages-lot-locations/",
        "api_url": "https://www.miamibeachfl.gov/wp-json/wpgmza/v1/markers?map_id=17",
        "evidence_url": "https://www.miamibeachfl.gov/wp-json/wpgmza/v1/markers?map_id=17",
        "data_as_of": "2026-07-15T09:52:45.943Z",
        "existence_status": "confirmed",
        "price_status": "known_priced",
        "rule_status": "partial",
        "enrichment_status": "needs_payment_link",
        "payment_url": "",
        "booking_url": "",
        "raw_properties": {
          "map_id": "17",
          "address": "1045 71 Street, Miami Beach, FL",
          "description": "<p style=\"font-size: 18px;line-height: 1.5em;margin-top: 0px;margin-bottom: 15px;padding: 0px;border: 0px;font-family: proxima-nova, Arial, Verdana\"></p><hr id=\"null\"><span style=\", sans-serif;font-weight: 600\">Spaces</span><span style=\", sans-serif\">: 16<br></span><hr id=\"null\"><span style=\", sans-serif;font-weight: 600\">Hourly Rate</span><span style=\", sans-serif\">: $1/hr<br></span><hr id=\"null\"><span style=\", sans-serif;font-weight: 600\">Event Rate</span><span style=\", sans-serif\">: </span><span style=\", sans-serif\">None<br></span><hr id=\"null\"><span style=\", sans-serif;font-weight: 600\">Maximum Time</span><span style=\", sans-serif\">: 10 hours<br></span><hr id=\"null\"><span style=\", sans-serif;font-weight: 600\">Park Mobile</span><span style=\", sans-serif\">: 88578<br></span><hr id=\"null\"><span style=\", sans-serif;font-weight: 600\">Electric Vehicle Charging</span><span style=\", sans-serif\">: N/A<br></span><hr id=\"null\"><p></p>",
          "pic": "",
          "link": "",
          "icon": {
            "url": "https://www.miamibeachfl.gov/wp-content/uploads/wp-google-maps/icons/64c106a2538f52.83807554.png",
            "retina": false
          },
          "lat": "25.8553202",
          "lng": "-80.1293913",
          "anim": "2",
          "title": "P88 - Parking Lot",
          "infoopen": "0",
          "category": "",
          "approved": "1",
          "retina": "0",
          "type": "0",
          "did": "",
          "sticky": "0",
          "layergroup": "1",
          "hover_icon": "//www.miamibeachfl.gov/wp-content/plugins/wp-google-maps/images/spotlight-poi3.png",
          "hover_retina": "0",
          "id": "217",
          "categories": [
            "8",
            "15"
          ],
          "custom_field_data": [],
          "custom_fields_html": ""
        }
      }
    },
    {
      "type": "Feature",
      "geometry": {
        "type": "Point",
        "coordinates": [
          -80.1287236,
          25.856096
        ]
      },
      "properties": {
        "source_id": "miami-beach:wpgmza:218",
        "source_name": "City of Miami Beach Parking Facilities",
        "name": "P89 - Parking Lot",
        "facility_type": "surface_lot",
        "street": "917 Normandy Drive, Miami Beach, FL",
        "city": "Miami Beach",
        "state": "FL",
        "operator": "City of Miami Beach Parking Department",
        "access": "public",
        "fee": "yes",
        "charge": "$1/hr",
        "event_rate": "None",
        "maximum_time": "10 hours",
        "capacity": "25",
        "parkmobile_zone": "88577",
        "payment_provider": "ParkMobile / PayByPhone",
        "payment_app_url": "https://www2.paybyphone.com/park-in-miami-beach",
        "payment_note": "Official Miami Beach source lists ParkMobile zones and PayByPhone/ParkMobile app support; ParkingUSA does not infer a per-record checkout URL.",
        "ev_charging": "N/A",
        "confidence": 0.88,
        "last_verified_source": "City of Miami Beach Parking Facilities",
        "source_url": "https://www.miamibeachfl.gov/city-hall/parking/parking-garages-lot-locations/",
        "api_url": "https://www.miamibeachfl.gov/wp-json/wpgmza/v1/markers?map_id=17",
        "evidence_url": "https://www.miamibeachfl.gov/wp-json/wpgmza/v1/markers?map_id=17",
        "data_as_of": "2026-07-15T09:52:45.943Z",
        "existence_status": "confirmed",
        "price_status": "known_priced",
        "rule_status": "partial",
        "enrichment_status": "needs_payment_link",
        "payment_url": "",
        "booking_url": "",
        "raw_properties": {
          "map_id": "17",
          "address": "917 Normandy Drive, Miami Beach, FL",
          "description": "<p style=\"font-size: 18px;line-height: 1.5em;margin-top: 0px;margin-bottom: 15px;padding: 0px;border: 0px;font-family: proxima-nova, Arial, Verdana\"></p><hr id=\"null\"><span style=\", sans-serif;font-weight: 600\">Spaces</span><span style=\", sans-serif\">: 25<br></span><hr id=\"null\"><span style=\", sans-serif;font-weight: 600\">Hourly Rate</span><span style=\", sans-serif\">: $1/hr<br></span><hr id=\"null\"><span style=\", sans-serif;font-weight: 600\">Event Rate</span><span style=\", sans-serif\">: </span><span style=\", sans-serif\">None<br></span><hr id=\"null\"><span style=\", sans-serif;font-weight: 600\">Maximum Time</span><span style=\", sans-serif\">: 10 hours<br></span><hr id=\"null\"><span style=\", sans-serif;font-weight: 600\">Park Mobile</span><span style=\", sans-serif\">: 88577<br></span><hr id=\"null\"><span style=\", sans-serif;font-weight: 600\">Electric Vehicle Charging</span><span style=\", sans-serif\">: N/A<br></span><hr id=\"null\"><p></p>",
          "pic": "",
          "link": "",
          "icon": {
            "url": "https://www.miamibeachfl.gov/wp-content/uploads/wp-google-maps/icons/64c107652db1c2.56324048.png",
            "retina": false
          },
          "lat": "25.856096",
          "lng": "-80.1287236",
          "anim": "2",
          "title": "P89 - Parking Lot",
          "infoopen": "0",
          "category": "",
          "approved": "1",
          "retina": "0",
          "type": "0",
          "did": "",
          "sticky": "0",
          "layergroup": "1",
          "hover_icon": "//www.miamibeachfl.gov/wp-content/plugins/wp-google-maps/images/spotlight-poi3.png",
          "hover_retina": "0",
          "id": "218",
          "categories": [
            "8",
            "15"
          ],
          "custom_field_data": [],
          "custom_fields_html": ""
        }
      }
    },
    {
      "type": "Feature",
      "geometry": {
        "type": "Point",
        "coordinates": [
          -80.1259784,
          25.8561923
        ]
      },
      "properties": {
        "source_id": "miami-beach:wpgmza:219",
        "source_name": "City of Miami Beach Parking Facilities",
        "name": "P90 - Parking Lot",
        "facility_type": "surface_lot",
        "street": "7113 Bonita Drive, Miami Beach, FL",
        "city": "Miami Beach",
        "state": "FL",
        "operator": "City of Miami Beach Parking Department",
        "access": "public",
        "fee": "yes",
        "charge": "$1/hr",
        "event_rate": "None",
        "maximum_time": "10 hours",
        "capacity": "16",
        "parkmobile_zone": "88580",
        "payment_provider": "ParkMobile / PayByPhone",
        "payment_app_url": "https://www2.paybyphone.com/park-in-miami-beach",
        "payment_note": "Official Miami Beach source lists ParkMobile zones and PayByPhone/ParkMobile app support; ParkingUSA does not infer a per-record checkout URL.",
        "ev_charging": "N/A",
        "confidence": 0.88,
        "last_verified_source": "City of Miami Beach Parking Facilities",
        "source_url": "https://www.miamibeachfl.gov/city-hall/parking/parking-garages-lot-locations/",
        "api_url": "https://www.miamibeachfl.gov/wp-json/wpgmza/v1/markers?map_id=17",
        "evidence_url": "https://www.miamibeachfl.gov/wp-json/wpgmza/v1/markers?map_id=17",
        "data_as_of": "2026-07-15T09:52:45.943Z",
        "existence_status": "confirmed",
        "price_status": "known_priced",
        "rule_status": "partial",
        "enrichment_status": "needs_payment_link",
        "payment_url": "",
        "booking_url": "",
        "raw_properties": {
          "map_id": "17",
          "address": "7113 Bonita Drive, Miami Beach, FL",
          "description": "<p style=\"font-size: 18px;line-height: 1.5em;margin-top: 0px;margin-bottom: 15px;padding: 0px;border: 0px;font-family: proxima-nova, Arial, Verdana\"></p><hr id=\"null\"><span style=\", sans-serif;font-weight: 600\">Spaces</span><span style=\", sans-serif\">: 16<br></span><hr id=\"null\"><span style=\", sans-serif;font-weight: 600\">Hourly Rate</span><span style=\", sans-serif\">: $1/hr<br></span><hr id=\"null\"><span style=\", sans-serif;font-weight: 600\">Event Rate</span><span style=\", sans-serif\">: </span><span style=\", sans-serif\">None<br></span><hr id=\"null\"><span style=\", sans-serif;font-weight: 600\">Maximum Time</span><span style=\", sans-serif\">: 10 hours<br></span><hr id=\"null\"><span style=\", sans-serif;font-weight: 600\">Park Mobile</span><span style=\", sans-serif\">: 88580<br></span><hr id=\"null\"><span style=\", sans-serif;font-weight: 600\">Electric Vehicle Charging</span><span style=\", sans-serif\">: N/A<br></span><hr id=\"null\"><p></p>",
          "pic": "",
          "link": "",
          "icon": {
            "url": "https://www.miamibeachfl.gov/wp-content/uploads/wp-google-maps/icons/64c10756aa39f4.97479810.png",
            "retina": false
          },
          "lat": "25.8561923",
          "lng": "-80.1259784",
          "anim": "2",
          "title": "P90 - Parking Lot",
          "infoopen": "0",
          "category": "",
          "approved": "1",
          "retina": "0",
          "type": "0",
          "did": "",
          "sticky": "0",
          "layergroup": "1",
          "hover_icon": "//www.miamibeachfl.gov/wp-content/plugins/wp-google-maps/images/spotlight-poi3.png",
          "hover_retina": "0",
          "id": "219",
          "categories": [
            "8",
            "15"
          ],
          "custom_field_data": [],
          "custom_fields_html": ""
        }
      }
    },
    {
      "type": "Feature",
      "geometry": {
        "type": "Point",
        "coordinates": [
          -80.1244744,
          25.8572649
        ]
      },
      "properties": {
        "source_id": "miami-beach:wpgmza:220",
        "source_name": "City of Miami Beach Parking Facilities",
        "name": "P91 - Parking Lot",
        "facility_type": "surface_lot",
        "street": "541 72 Street, Miami Beach, FL",
        "city": "Miami Beach",
        "state": "FL",
        "operator": "City of Miami Beach Parking Department",
        "access": "public",
        "fee": "yes",
        "charge": "$1/hr",
        "event_rate": "None",
        "maximum_time": "10 hours",
        "capacity": "50",
        "parkmobile_zone": "88574",
        "payment_provider": "ParkMobile / PayByPhone",
        "payment_app_url": "https://www2.paybyphone.com/park-in-miami-beach",
        "payment_note": "Official Miami Beach source lists ParkMobile zones and PayByPhone/ParkMobile app support; ParkingUSA does not infer a per-record checkout URL.",
        "ev_charging": "N/A",
        "confidence": 0.88,
        "last_verified_source": "City of Miami Beach Parking Facilities",
        "source_url": "https://www.miamibeachfl.gov/city-hall/parking/parking-garages-lot-locations/",
        "api_url": "https://www.miamibeachfl.gov/wp-json/wpgmza/v1/markers?map_id=17",
        "evidence_url": "https://www.miamibeachfl.gov/wp-json/wpgmza/v1/markers?map_id=17",
        "data_as_of": "2026-07-15T09:52:45.943Z",
        "existence_status": "confirmed",
        "price_status": "known_priced",
        "rule_status": "partial",
        "enrichment_status": "needs_payment_link",
        "payment_url": "",
        "booking_url": "",
        "raw_properties": {
          "map_id": "17",
          "address": "541 72 Street, Miami Beach, FL",
          "description": "<p style=\"font-size: 18px;line-height: 1.5em;margin-top: 0px;margin-bottom: 15px;padding: 0px;border: 0px;font-family: proxima-nova, Arial, Verdana\"></p><hr id=\"null\"><span style=\", sans-serif;font-weight: 600\">Spaces</span><span style=\", sans-serif\">: 50<br></span><hr id=\"null\"><span style=\", sans-serif;font-weight: 600\">Hourly Rate</span><span style=\", sans-serif\">: $1/hr<br></span><hr id=\"null\"><span style=\", sans-serif;font-weight: 600\">Event Rate</span><span style=\", sans-serif\">: </span><span style=\", sans-serif\">None<br></span><hr id=\"null\"><span style=\", sans-serif;font-weight: 600\">Maximum Time</span><span style=\", sans-serif\">: 10 hours<br></span><hr id=\"null\"><span style=\", sans-serif;font-weight: 600\">Park Mobile</span><span style=\", sans-serif\">: 88574<br></span><hr id=\"null\"><span style=\", sans-serif;font-weight: 600\">Electric Vehicle Charging</span><span style=\", sans-serif\">: N/A<br></span><hr id=\"null\"><p></p>",
          "pic": "",
          "link": "",
          "icon": {
            "url": "https://www.miamibeachfl.gov/wp-content/uploads/wp-google-maps/icons/64c10747c31a46.28095905.png",
            "retina": false
          },
          "lat": "25.8572649",
          "lng": "-80.1244744",
          "anim": "2",
          "title": "P91 - Parking Lot",
          "infoopen": "0",
          "category": "",
          "approved": "1",
          "retina": "0",
          "type": "0",
          "did": "",
          "sticky": "0",
          "layergroup": "1",
          "hover_icon": "//www.miamibeachfl.gov/wp-content/plugins/wp-google-maps/images/spotlight-poi3.png",
          "hover_retina": "0",
          "id": "220",
          "categories": [
            "8",
            "15"
          ],
          "custom_field_data": [],
          "custom_fields_html": ""
        }
      }
    },
    {
      "type": "Feature",
      "geometry": {
        "type": "Point",
        "coordinates": [
          -80.1215725,
          25.857949
        ]
      },
      "properties": {
        "source_id": "miami-beach:wpgmza:221",
        "source_name": "City of Miami Beach Parking Facilities",
        "name": "P92 - Parking Lot",
        "facility_type": "surface_lot",
        "street": "299 72 Street, Miami Beach, FL",
        "city": "Miami Beach",
        "state": "FL",
        "operator": "City of Miami Beach Parking Department",
        "access": "public",
        "fee": "yes",
        "charge": "$1/hr",
        "event_rate": "None",
        "maximum_time": "10 hours",
        "capacity": "315",
        "parkmobile_zone": "88539",
        "payment_provider": "ParkMobile / PayByPhone",
        "payment_app_url": "https://www2.paybyphone.com/park-in-miami-beach",
        "payment_note": "Official Miami Beach source lists ParkMobile zones and PayByPhone/ParkMobile app support; ParkingUSA does not infer a per-record checkout URL.",
        "ev_charging": "N/A",
        "confidence": 0.88,
        "last_verified_source": "City of Miami Beach Parking Facilities",
        "source_url": "https://www.miamibeachfl.gov/city-hall/parking/parking-garages-lot-locations/",
        "api_url": "https://www.miamibeachfl.gov/wp-json/wpgmza/v1/markers?map_id=17",
        "evidence_url": "https://www.miamibeachfl.gov/wp-json/wpgmza/v1/markers?map_id=17",
        "data_as_of": "2026-07-15T09:52:45.943Z",
        "existence_status": "confirmed",
        "price_status": "known_priced",
        "rule_status": "partial",
        "enrichment_status": "needs_payment_link",
        "payment_url": "",
        "booking_url": "",
        "raw_properties": {
          "map_id": "17",
          "address": "299 72 Street, Miami Beach, FL",
          "description": "<p style=\"font-size: 18px;line-height: 1.5em;margin-top: 0px;margin-bottom: 15px;padding: 0px;border: 0px;font-family: proxima-nova, Arial, Verdana\"></p><hr id=\"null\"><span style=\", sans-serif;font-weight: 600\">Spaces</span><span style=\", sans-serif\">: 315<br></span><hr id=\"null\"><span style=\", sans-serif;font-weight: 600\">Hourly Rate</span><span style=\", sans-serif\">: $1/hr<br></span><hr id=\"null\"><span style=\", sans-serif;font-weight: 600\">Event Rate</span><span style=\", sans-serif\">: </span><span style=\", sans-serif\">None<br></span><hr id=\"null\"><span style=\", sans-serif;font-weight: 600\">Maximum Time</span><span style=\", sans-serif\">: 10 hours<br></span><hr id=\"null\"><span style=\", sans-serif;font-weight: 600\">Park Mobile</span><span style=\", sans-serif\">: 88539<br></span><hr id=\"null\"><span style=\", sans-serif;font-weight: 600\">Electric Vehicle Charging</span><span style=\", sans-serif\">: N/A<br></span><hr id=\"null\"><p></p>",
          "pic": "",
          "link": "",
          "icon": {
            "url": "https://www.miamibeachfl.gov/wp-content/uploads/wp-google-maps/icons/64c107a7840251.13212467.png",
            "retina": false
          },
          "lat": "25.857949",
          "lng": "-80.1215725",
          "anim": "2",
          "title": "P92 - Parking Lot",
          "infoopen": "0",
          "category": "",
          "approved": "1",
          "retina": "0",
          "type": "0",
          "did": "",
          "sticky": "0",
          "layergroup": "1",
          "hover_icon": "//www.miamibeachfl.gov/wp-content/plugins/wp-google-maps/images/spotlight-poi3.png",
          "hover_retina": "0",
          "id": "221",
          "categories": [
            "8",
            "15"
          ],
          "custom_field_data": [],
          "custom_fields_html": ""
        }
      }
    },
    {
      "type": "Feature",
      "geometry": {
        "type": "Point",
        "coordinates": [
          -80.1253589,
          25.8578728
        ]
      },
      "properties": {
        "source_id": "miami-beach:wpgmza:222",
        "source_name": "City of Miami Beach Parking Facilities",
        "name": "P93 - Parking Lot",
        "facility_type": "surface_lot",
        "street": "7270 Dickens Avenue, Miami Beach, FL",
        "city": "Miami Beach",
        "state": "FL",
        "operator": "City of Miami Beach Parking Department",
        "access": "public",
        "fee": "yes",
        "charge": "$1/hr",
        "event_rate": "None",
        "maximum_time": "10 hours",
        "capacity": "19",
        "parkmobile_zone": "88623",
        "payment_provider": "ParkMobile / PayByPhone",
        "payment_app_url": "https://www2.paybyphone.com/park-in-miami-beach",
        "payment_note": "Official Miami Beach source lists ParkMobile zones and PayByPhone/ParkMobile app support; ParkingUSA does not infer a per-record checkout URL.",
        "ev_charging": "N/A",
        "confidence": 0.88,
        "last_verified_source": "City of Miami Beach Parking Facilities",
        "source_url": "https://www.miamibeachfl.gov/city-hall/parking/parking-garages-lot-locations/",
        "api_url": "https://www.miamibeachfl.gov/wp-json/wpgmza/v1/markers?map_id=17",
        "evidence_url": "https://www.miamibeachfl.gov/wp-json/wpgmza/v1/markers?map_id=17",
        "data_as_of": "2026-07-15T09:52:45.943Z",
        "existence_status": "confirmed",
        "price_status": "known_priced",
        "rule_status": "partial",
        "enrichment_status": "needs_payment_link",
        "payment_url": "",
        "booking_url": "",
        "raw_properties": {
          "map_id": "17",
          "address": "7270 Dickens Avenue, Miami Beach, FL",
          "description": "<p style=\"font-size: 18px;line-height: 1.5em;margin-top: 0px;margin-bottom: 15px;padding: 0px;border: 0px;font-family: proxima-nova, Arial, Verdana\"></p><hr id=\"null\"><span style=\", sans-serif;font-weight: 600\">Spaces</span><span style=\", sans-serif\">: 19<br></span><hr id=\"null\"><span style=\", sans-serif;font-weight: 600\">Hourly Rate</span><span style=\", sans-serif\">: $1/hr<br></span><hr id=\"null\"><span style=\", sans-serif;font-weight: 600\">Event Rate</span><span style=\", sans-serif\">: </span><span style=\", sans-serif\">None<br></span><hr id=\"null\"><span style=\", sans-serif;font-weight: 600\">Maximum Time</span><span style=\", sans-serif\">: 10 hours<br></span><hr id=\"null\"><span style=\", sans-serif;font-weight: 600\">Park Mobile</span><span style=\", sans-serif\">: 88623<br></span><hr id=\"null\"><span style=\", sans-serif;font-weight: 600\">Electric Vehicle Charging</span><span style=\", sans-serif\">: N/A<br></span><hr id=\"null\"><p></p>",
          "pic": "",
          "link": "",
          "icon": {
            "url": "https://www.miamibeachfl.gov/wp-content/uploads/wp-google-maps/icons/64c107d87dc468.52168878.png",
            "retina": false
          },
          "lat": "25.8578728",
          "lng": "-80.1253589",
          "anim": "2",
          "title": "P93 - Parking Lot",
          "infoopen": "0",
          "category": "",
          "approved": "1",
          "retina": "0",
          "type": "0",
          "did": "",
          "sticky": "0",
          "layergroup": "1",
          "hover_icon": "//www.miamibeachfl.gov/wp-content/plugins/wp-google-maps/images/spotlight-poi3.png",
          "hover_retina": "0",
          "id": "222",
          "categories": [
            "8",
            "15"
          ],
          "custom_field_data": [],
          "custom_fields_html": ""
        }
      }
    },
    {
      "type": "Feature",
      "geometry": {
        "type": "Point",
        "coordinates": [
          -80.128901,
          25.866862
        ]
      },
      "properties": {
        "source_id": "miami-beach:wpgmza:223",
        "source_name": "City of Miami Beach Parking Facilities",
        "name": "P100 - Parking Lot",
        "facility_type": "surface_lot",
        "street": "8100 Hawthorne Ave, Miami Beach, FL\t",
        "city": "Miami Beach",
        "state": "FL",
        "operator": "City of Miami Beach Parking Department",
        "access": "public",
        "fee": "yes",
        "charge": "unknown",
        "event_rate": "None",
        "maximum_time": "",
        "capacity": "35",
        "parkmobile_zone": "",
        "payment_provider": "",
        "payment_app_url": "",
        "payment_note": "",
        "ev_charging": "N/A",
        "confidence": 0.88,
        "last_verified_source": "City of Miami Beach Parking Facilities",
        "source_url": "https://www.miamibeachfl.gov/city-hall/parking/parking-garages-lot-locations/",
        "api_url": "https://www.miamibeachfl.gov/wp-json/wpgmza/v1/markers?map_id=17",
        "evidence_url": "https://www.miamibeachfl.gov/wp-json/wpgmza/v1/markers?map_id=17",
        "data_as_of": "2026-07-15T09:52:45.943Z",
        "existence_status": "confirmed",
        "price_status": "known_unpriced",
        "rule_status": "partial",
        "enrichment_status": "needs_price",
        "payment_url": "",
        "booking_url": "",
        "raw_properties": {
          "map_id": "17",
          "address": "8100 Hawthorne Ave, Miami Beach, FL\t",
          "description": "<p style=\"font-size: 18px;line-height: 1.5em;margin-top: 0px;margin-bottom: 15px;padding: 0px;border: 0px;font-family: proxima-nova, Arial, Verdana\"></p><hr id=\"null\"><span style=\", sans-serif;font-weight: 600\">Spaces</span><span style=\", sans-serif\">: 35<br></span><hr id=\"null\"><span style=\", sans-serif;font-weight: 600\">Hourly Rate</span><span style=\", sans-serif\">:&nbsp;<br></span><hr id=\"null\"><span style=\", sans-serif;font-weight: 600\">Event Rate</span><span style=\", sans-serif\">: </span><span style=\", sans-serif\">None<br></span><hr id=\"null\"><span style=\", sans-serif;font-weight: 600\">Maximum Time</span><span style=\", sans-serif\">:&nbsp;<br></span><hr id=\"null\"><span style=\", sans-serif;font-weight: 600\">Park Mobile</span><span style=\", sans-serif\">:&nbsp;<br></span><hr id=\"null\"><span style=\", sans-serif;font-weight: 600\">Electric Vehicle Charging</span><span style=\", sans-serif\">: N/A<br></span><hr id=\"null\"><p></p>",
          "pic": "",
          "link": "",
          "icon": {
            "url": "https://www.miamibeachfl.gov/wp-content/uploads/wp-google-maps/icons/64c1088ca74923.29458369.png",
            "retina": false
          },
          "lat": "25.866862",
          "lng": "-80.128901",
          "anim": "2",
          "title": "P100 - Parking Lot",
          "infoopen": "0",
          "category": "",
          "approved": "1",
          "retina": "0",
          "type": "0",
          "did": "",
          "sticky": "0",
          "layergroup": "1",
          "hover_icon": "//www.miamibeachfl.gov/wp-content/plugins/wp-google-maps/images/spotlight-poi3.png",
          "hover_retina": "0",
          "id": "223",
          "categories": [
            "8",
            "15"
          ],
          "custom_field_data": [],
          "custom_fields_html": ""
        }
      }
    },
    {
      "type": "Feature",
      "geometry": {
        "type": "Point",
        "coordinates": [
          -80.1210365,
          25.8607133
        ]
      },
      "properties": {
        "source_id": "miami-beach:wpgmza:224",
        "source_name": "City of Miami Beach Parking Facilities",
        "name": "P106 - Parking Lot",
        "facility_type": "surface_lot",
        "street": "75 Street & Collins Avenue, Miami Beach, FL",
        "city": "Miami Beach",
        "state": "FL",
        "operator": "City of Miami Beach Parking Department",
        "access": "public",
        "fee": "yes",
        "charge": "$1/hr",
        "event_rate": "None",
        "maximum_time": "6 hours",
        "capacity": "111",
        "parkmobile_zone": "88584",
        "payment_provider": "ParkMobile / PayByPhone",
        "payment_app_url": "https://www2.paybyphone.com/park-in-miami-beach",
        "payment_note": "Official Miami Beach source lists ParkMobile zones and PayByPhone/ParkMobile app support; ParkingUSA does not infer a per-record checkout URL.",
        "ev_charging": "N/A",
        "confidence": 0.88,
        "last_verified_source": "City of Miami Beach Parking Facilities",
        "source_url": "https://www.miamibeachfl.gov/city-hall/parking/parking-garages-lot-locations/",
        "api_url": "https://www.miamibeachfl.gov/wp-json/wpgmza/v1/markers?map_id=17",
        "evidence_url": "https://www.miamibeachfl.gov/wp-json/wpgmza/v1/markers?map_id=17",
        "data_as_of": "2026-07-15T09:52:45.943Z",
        "existence_status": "confirmed",
        "price_status": "known_priced",
        "rule_status": "partial",
        "enrichment_status": "needs_payment_link",
        "payment_url": "",
        "booking_url": "",
        "raw_properties": {
          "map_id": "17",
          "address": "75 Street & Collins Avenue, Miami Beach, FL",
          "description": "<p style=\"font-size: 18px;line-height: 1.5em;margin-top: 0px;margin-bottom: 15px;padding: 0px;border: 0px;font-family: proxima-nova, Arial, Verdana\"></p><hr id=\"null\"><span style=\", sans-serif;font-weight: 600\">Spaces</span><span style=\", sans-serif\">: 111<br></span><hr id=\"null\"><span style=\", sans-serif;font-weight: 600\">Hourly Rate</span><span style=\", sans-serif\">: $1/hr<br></span><hr id=\"null\"><span style=\", sans-serif;font-weight: 600\">Event Rate</span><span style=\", sans-serif\">: </span><span style=\", sans-serif\">None<br></span><hr id=\"null\"><span style=\", sans-serif;font-weight: 600\">Maximum Time</span><span style=\", sans-serif\">: 6 hours<br></span><hr id=\"null\"><span style=\", sans-serif;font-weight: 600\">Park Mobile</span><span style=\", sans-serif\">: 88584<br></span><hr id=\"null\"><span style=\", sans-serif;font-weight: 600\">Electric Vehicle Charging</span><span style=\", sans-serif\">: N/A<br></span><hr id=\"null\"><p></p>",
          "pic": "",
          "link": "",
          "icon": {
            "url": "https://www.miamibeachfl.gov/wp-content/uploads/wp-google-maps/icons/64c108ec70e5e2.28018619.png",
            "retina": false
          },
          "lat": "25.8607133",
          "lng": "-80.1210365",
          "anim": "2",
          "title": "P106 - Parking Lot",
          "infoopen": "0",
          "category": "",
          "approved": "1",
          "retina": "0",
          "type": "0",
          "did": "",
          "sticky": "0",
          "layergroup": "1",
          "hover_icon": "//www.miamibeachfl.gov/wp-content/plugins/wp-google-maps/images/spotlight-poi3.png",
          "hover_retina": "0",
          "id": "224",
          "categories": [
            "8",
            "15"
          ],
          "custom_field_data": [],
          "custom_fields_html": ""
        }
      }
    },
    {
      "type": "Feature",
      "geometry": {
        "type": "Point",
        "coordinates": [
          -80.1214853,
          25.8644363
        ]
      },
      "properties": {
        "source_id": "miami-beach:wpgmza:225",
        "source_name": "City of Miami Beach Parking Facilities",
        "name": "P107 - Parking Lot",
        "facility_type": "surface_lot",
        "street": "225 79 Street, Miami Beach, FL",
        "city": "Miami Beach",
        "state": "FL",
        "operator": "City of Miami Beach Parking Department",
        "access": "public",
        "fee": "yes",
        "charge": "$1/hr",
        "event_rate": "None",
        "maximum_time": "6 hours",
        "capacity": "37",
        "parkmobile_zone": "88600",
        "payment_provider": "ParkMobile / PayByPhone",
        "payment_app_url": "https://www2.paybyphone.com/park-in-miami-beach",
        "payment_note": "Official Miami Beach source lists ParkMobile zones and PayByPhone/ParkMobile app support; ParkingUSA does not infer a per-record checkout URL.",
        "ev_charging": "N/A",
        "confidence": 0.88,
        "last_verified_source": "City of Miami Beach Parking Facilities",
        "source_url": "https://www.miamibeachfl.gov/city-hall/parking/parking-garages-lot-locations/",
        "api_url": "https://www.miamibeachfl.gov/wp-json/wpgmza/v1/markers?map_id=17",
        "evidence_url": "https://www.miamibeachfl.gov/wp-json/wpgmza/v1/markers?map_id=17",
        "data_as_of": "2026-07-15T09:52:45.943Z",
        "existence_status": "confirmed",
        "price_status": "known_priced",
        "rule_status": "partial",
        "enrichment_status": "needs_payment_link",
        "payment_url": "",
        "booking_url": "",
        "raw_properties": {
          "map_id": "17",
          "address": "225 79 Street, Miami Beach, FL",
          "description": "<p style=\"font-size: 18px;line-height: 1.5em;margin-top: 0px;margin-bottom: 15px;padding: 0px;border: 0px;font-family: proxima-nova, Arial, Verdana\"></p><hr id=\"null\"><span style=\", sans-serif;font-weight: 600\">Spaces</span><span style=\", sans-serif\">: 37<br></span><hr id=\"null\"><span style=\", sans-serif;font-weight: 600\">Hourly Rate</span><span style=\", sans-serif\">: $1/hr<br></span><hr id=\"null\"><span style=\", sans-serif;font-weight: 600\">Event Rate</span><span style=\", sans-serif\">: </span><span style=\", sans-serif\">None<br></span><hr id=\"null\"><span style=\", sans-serif;font-weight: 600\">Maximum Time</span><span style=\", sans-serif\">: 6 hours<br></span><hr id=\"null\"><span style=\", sans-serif;font-weight: 600\">Park Mobile</span><span style=\", sans-serif\">: 88600<br></span><hr id=\"null\"><span style=\", sans-serif;font-weight: 600\">Electric Vehicle Charging</span><span style=\", sans-serif\">: N/A<br></span><hr id=\"null\"><p></p>",
          "pic": "",
          "link": "",
          "icon": {
            "url": "https://www.miamibeachfl.gov/wp-content/uploads/wp-google-maps/icons/64c1091f3d7c19.73744540.png",
            "retina": false
          },
          "lat": "25.8644363",
          "lng": "-80.1214853",
          "anim": "2",
          "title": "P107 - Parking Lot",
          "infoopen": "0",
          "category": "",
          "approved": "1",
          "retina": "0",
          "type": "0",
          "did": "",
          "sticky": "0",
          "layergroup": "1",
          "hover_icon": "//www.miamibeachfl.gov/wp-content/plugins/wp-google-maps/images/spotlight-poi3.png",
          "hover_retina": "0",
          "id": "225",
          "categories": [
            "8",
            "15"
          ],
          "custom_field_data": [],
          "custom_fields_html": ""
        }
      }
    },
    {
      "type": "Feature",
      "geometry": {
        "type": "Point",
        "coordinates": [
          -80.121505,
          25.865898
        ]
      },
      "properties": {
        "source_id": "miami-beach:wpgmza:226",
        "source_name": "City of Miami Beach Parking Facilities",
        "name": "P108 - Parking Lot",
        "facility_type": "surface_lot",
        "street": "8040 Collins Avenue, Miami Beach, FL",
        "city": "Miami Beach",
        "state": "FL",
        "operator": "City of Miami Beach Parking Department",
        "access": "public",
        "fee": "yes",
        "charge": "$1/hr",
        "event_rate": "None",
        "maximum_time": "6 hours",
        "capacity": "100",
        "parkmobile_zone": "88584",
        "payment_provider": "ParkMobile / PayByPhone",
        "payment_app_url": "https://www2.paybyphone.com/park-in-miami-beach",
        "payment_note": "Official Miami Beach source lists ParkMobile zones and PayByPhone/ParkMobile app support; ParkingUSA does not infer a per-record checkout URL.",
        "ev_charging": "N/A",
        "confidence": 0.88,
        "last_verified_source": "City of Miami Beach Parking Facilities",
        "source_url": "https://www.miamibeachfl.gov/city-hall/parking/parking-garages-lot-locations/",
        "api_url": "https://www.miamibeachfl.gov/wp-json/wpgmza/v1/markers?map_id=17",
        "evidence_url": "https://www.miamibeachfl.gov/wp-json/wpgmza/v1/markers?map_id=17",
        "data_as_of": "2026-07-15T09:52:45.943Z",
        "existence_status": "confirmed",
        "price_status": "known_priced",
        "rule_status": "partial",
        "enrichment_status": "needs_payment_link",
        "payment_url": "",
        "booking_url": "",
        "raw_properties": {
          "map_id": "17",
          "address": "8040 Collins Avenue, Miami Beach, FL",
          "description": "<p style=\"font-size: 18px;line-height: 1.5em;margin-top: 0px;margin-bottom: 15px;padding: 0px;border: 0px;font-family: proxima-nova, Arial, Verdana\"></p><hr id=\"null\"><span style=\", sans-serif;font-weight: 600\">Spaces</span><span style=\", sans-serif\">: 100<br></span><hr id=\"null\"><span style=\", sans-serif;font-weight: 600\">Hourly Rate</span><span style=\", sans-serif\">: $1/hr<br></span><hr id=\"null\"><span style=\", sans-serif;font-weight: 600\">Event Rate</span><span style=\", sans-serif\">: </span><span style=\", sans-serif\">None<br></span><hr id=\"null\"><span style=\", sans-serif;font-weight: 600\">Maximum Time</span><span style=\", sans-serif\">: 6 hours<br></span><hr id=\"null\"><span style=\", sans-serif;font-weight: 600\">Park Mobile</span><span style=\", sans-serif\">: 88584<br></span><hr id=\"null\"><span style=\", sans-serif;font-weight: 600\">Electric Vehicle Charging</span><span style=\", sans-serif\">: N/A<br></span><hr id=\"null\"><p></p>",
          "pic": "",
          "link": "",
          "icon": {
            "url": "https://www.miamibeachfl.gov/wp-content/uploads/wp-google-maps/icons/64c1094a296cc8.81983639.png",
            "retina": false
          },
          "lat": "25.865898",
          "lng": "-80.121505",
          "anim": "2",
          "title": "P108 - Parking Lot",
          "infoopen": "0",
          "category": "",
          "approved": "1",
          "retina": "0",
          "type": "0",
          "did": "",
          "sticky": "0",
          "layergroup": "1",
          "hover_icon": "//www.miamibeachfl.gov/wp-content/plugins/wp-google-maps/images/spotlight-poi3.png",
          "hover_retina": "0",
          "id": "226",
          "categories": [
            "8",
            "15"
          ],
          "custom_field_data": [],
          "custom_fields_html": ""
        }
      }
    },
    {
      "type": "Feature",
      "geometry": {
        "type": "Point",
        "coordinates": [
          -80.12156999999999,
          25.868269
        ]
      },
      "properties": {
        "source_id": "miami-beach:wpgmza:227",
        "source_name": "City of Miami Beach Parking Facilities",
        "name": "P109 - Parking Lot",
        "facility_type": "surface_lot",
        "street": "8300 Collins Avenue, Miami Beach, FL",
        "city": "Miami Beach",
        "state": "FL",
        "operator": "City of Miami Beach Parking Department",
        "access": "public",
        "fee": "yes",
        "charge": "$1/hr",
        "event_rate": "None",
        "maximum_time": "6 hours",
        "capacity": "100",
        "parkmobile_zone": "88601",
        "payment_provider": "ParkMobile / PayByPhone",
        "payment_app_url": "https://www2.paybyphone.com/park-in-miami-beach",
        "payment_note": "Official Miami Beach source lists ParkMobile zones and PayByPhone/ParkMobile app support; ParkingUSA does not infer a per-record checkout URL.",
        "ev_charging": "N/A",
        "confidence": 0.88,
        "last_verified_source": "City of Miami Beach Parking Facilities",
        "source_url": "https://www.miamibeachfl.gov/city-hall/parking/parking-garages-lot-locations/",
        "api_url": "https://www.miamibeachfl.gov/wp-json/wpgmza/v1/markers?map_id=17",
        "evidence_url": "https://www.miamibeachfl.gov/wp-json/wpgmza/v1/markers?map_id=17",
        "data_as_of": "2026-07-15T09:52:45.943Z",
        "existence_status": "confirmed",
        "price_status": "known_priced",
        "rule_status": "partial",
        "enrichment_status": "needs_payment_link",
        "payment_url": "",
        "booking_url": "",
        "raw_properties": {
          "map_id": "17",
          "address": "8300 Collins Avenue, Miami Beach, FL",
          "description": "<p style=\"font-size: 18px;line-height: 1.5em;margin-top: 0px;margin-bottom: 15px;padding: 0px;border: 0px;font-family: proxima-nova, Arial, Verdana\"></p><hr id=\"null\"><span style=\", sans-serif;font-weight: 600\">Spaces</span><span style=\", sans-serif\">: 100<br></span><hr id=\"null\"><span style=\", sans-serif;font-weight: 600\">Hourly Rate</span><span style=\", sans-serif\">: $1/hr<br></span><hr id=\"null\"><span style=\", sans-serif;font-weight: 600\">Event Rate</span><span style=\", sans-serif\">: </span><span style=\", sans-serif\">None<br></span><hr id=\"null\"><span style=\", sans-serif;font-weight: 600\">Maximum Time</span><span style=\", sans-serif\">: 6 hours<br></span><hr id=\"null\"><span style=\", sans-serif;font-weight: 600\">Park Mobile</span><span style=\", sans-serif\">: 88601<br></span><hr id=\"null\"><span style=\", sans-serif;font-weight: 600\">Electric Vehicle Charging</span><span style=\", sans-serif\">: N/A<br></span><hr id=\"null\"><p></p>",
          "pic": "",
          "link": "",
          "icon": {
            "url": "https://www.miamibeachfl.gov/wp-content/uploads/wp-google-maps/icons/64c1097d41ddc6.87694068.png",
            "retina": false
          },
          "lat": "25.868269",
          "lng": "-80.12156999999999",
          "anim": "2",
          "title": "P109 - Parking Lot",
          "infoopen": "0",
          "category": "",
          "approved": "1",
          "retina": "0",
          "type": "0",
          "did": "",
          "sticky": "0",
          "layergroup": "1",
          "hover_icon": "//www.miamibeachfl.gov/wp-content/plugins/wp-google-maps/images/spotlight-poi3.png",
          "hover_retina": "0",
          "id": "227",
          "categories": [
            "8",
            "15"
          ],
          "custom_field_data": [],
          "custom_fields_html": ""
        }
      }
    },
    {
      "type": "Feature",
      "geometry": {
        "type": "Point",
        "coordinates": [
          -80.1228963,
          25.8683074
        ]
      },
      "properties": {
        "source_id": "miami-beach:wpgmza:228",
        "source_name": "City of Miami Beach Parking Facilities",
        "name": "P110 - Parking Lot",
        "facility_type": "surface_lot",
        "street": "331 83 Street, Miami Beach, FL",
        "city": "Miami Beach",
        "state": "FL",
        "operator": "City of Miami Beach Parking Department",
        "access": "public",
        "fee": "yes",
        "charge": "$1/hr",
        "event_rate": "None",
        "maximum_time": "6 hours",
        "capacity": "26",
        "parkmobile_zone": "88575",
        "payment_provider": "ParkMobile / PayByPhone",
        "payment_app_url": "https://www2.paybyphone.com/park-in-miami-beach",
        "payment_note": "Official Miami Beach source lists ParkMobile zones and PayByPhone/ParkMobile app support; ParkingUSA does not infer a per-record checkout URL.",
        "ev_charging": "N/A",
        "confidence": 0.88,
        "last_verified_source": "City of Miami Beach Parking Facilities",
        "source_url": "https://www.miamibeachfl.gov/city-hall/parking/parking-garages-lot-locations/",
        "api_url": "https://www.miamibeachfl.gov/wp-json/wpgmza/v1/markers?map_id=17",
        "evidence_url": "https://www.miamibeachfl.gov/wp-json/wpgmza/v1/markers?map_id=17",
        "data_as_of": "2026-07-15T09:52:45.943Z",
        "existence_status": "confirmed",
        "price_status": "known_priced",
        "rule_status": "partial",
        "enrichment_status": "needs_payment_link",
        "payment_url": "",
        "booking_url": "",
        "raw_properties": {
          "map_id": "17",
          "address": "331 83 Street, Miami Beach, FL",
          "description": "<p style=\"font-size: 18px;line-height: 1.5em;margin-top: 0px;margin-bottom: 15px;padding: 0px;border: 0px;font-family: proxima-nova, Arial, Verdana\"></p><hr id=\"null\"><span style=\", sans-serif;font-weight: 600\">Spaces</span><span style=\", sans-serif\">: 26<br></span><hr id=\"null\"><span style=\", sans-serif;font-weight: 600\">Hourly Rate</span><span style=\", sans-serif\">: $1/hr<br></span><hr id=\"null\"><span style=\", sans-serif;font-weight: 600\">Event Rate</span><span style=\", sans-serif\">: </span><span style=\", sans-serif\">None<br></span><hr id=\"null\"><span style=\", sans-serif;font-weight: 600\">Maximum Time</span><span style=\", sans-serif\">: 6 hours<br></span><hr id=\"null\"><span style=\", sans-serif;font-weight: 600\">Park Mobile</span><span style=\", sans-serif\">: 88575<br></span><hr id=\"null\"><span style=\", sans-serif;font-weight: 600\">Electric Vehicle Charging</span><span style=\", sans-serif\">: N/A<br></span><hr id=\"null\"><p></p>",
          "pic": "",
          "link": "",
          "icon": {
            "url": "https://www.miamibeachfl.gov/wp-content/uploads/wp-google-maps/icons/64c109bc3c43f8.05962621.png",
            "retina": false
          },
          "lat": "25.8683074",
          "lng": "-80.1228963",
          "anim": "2",
          "title": "P110 - Parking Lot",
          "infoopen": "0",
          "category": "",
          "approved": "1",
          "retina": "0",
          "type": "0",
          "did": "",
          "sticky": "0",
          "layergroup": "1",
          "hover_icon": "//www.miamibeachfl.gov/wp-content/plugins/wp-google-maps/images/spotlight-poi3.png",
          "hover_retina": "0",
          "id": "228",
          "categories": [
            "8",
            "15"
          ],
          "custom_field_data": [],
          "custom_fields_html": ""
        }
      }
    },
    {
      "type": "Feature",
      "geometry": {
        "type": "Point",
        "coordinates": [
          -80.121657,
          25.869498
        ]
      },
      "properties": {
        "source_id": "miami-beach:wpgmza:229",
        "source_name": "City of Miami Beach Parking Facilities",
        "name": "P111 - Parking Lot",
        "facility_type": "surface_lot",
        "street": "8440 Collins Avenue, Miami Beach, FL",
        "city": "Miami Beach",
        "state": "FL",
        "operator": "City of Miami Beach Parking Department",
        "access": "public",
        "fee": "yes",
        "charge": "$1/hr",
        "event_rate": "None",
        "maximum_time": "6 hours",
        "capacity": "66",
        "parkmobile_zone": "88585",
        "payment_provider": "ParkMobile / PayByPhone",
        "payment_app_url": "https://www2.paybyphone.com/park-in-miami-beach",
        "payment_note": "Official Miami Beach source lists ParkMobile zones and PayByPhone/ParkMobile app support; ParkingUSA does not infer a per-record checkout URL.",
        "ev_charging": "N/A",
        "confidence": 0.88,
        "last_verified_source": "City of Miami Beach Parking Facilities",
        "source_url": "https://www.miamibeachfl.gov/city-hall/parking/parking-garages-lot-locations/",
        "api_url": "https://www.miamibeachfl.gov/wp-json/wpgmza/v1/markers?map_id=17",
        "evidence_url": "https://www.miamibeachfl.gov/wp-json/wpgmza/v1/markers?map_id=17",
        "data_as_of": "2026-07-15T09:52:45.943Z",
        "existence_status": "confirmed",
        "price_status": "known_priced",
        "rule_status": "partial",
        "enrichment_status": "needs_payment_link",
        "payment_url": "",
        "booking_url": "",
        "raw_properties": {
          "map_id": "17",
          "address": "8440 Collins Avenue, Miami Beach, FL",
          "description": "<p style=\"font-size: 18px;line-height: 1.5em;margin-top: 0px;margin-bottom: 15px;padding: 0px;border: 0px;font-family: proxima-nova, Arial, Verdana\"></p><hr id=\"null\"><span style=\", sans-serif;font-weight: 600\">Spaces</span><span style=\", sans-serif\">: 66<br></span><hr id=\"null\"><span style=\", sans-serif;font-weight: 600\">Hourly Rate</span><span style=\", sans-serif\">: $1/hr<br></span><hr id=\"null\"><span style=\", sans-serif;font-weight: 600\">Event Rate</span><span style=\", sans-serif\">: </span><span style=\", sans-serif\">None<br></span><hr id=\"null\"><span style=\", sans-serif;font-weight: 600\">Maximum Time</span><span style=\", sans-serif\">: 6 hours<br></span><hr id=\"null\"><span style=\", sans-serif;font-weight: 600\">Park Mobile</span><span style=\", sans-serif\">: 88585<br></span><hr id=\"null\"><span style=\", sans-serif;font-weight: 600\">Electric Vehicle Charging</span><span style=\", sans-serif\">: N/A<br></span><hr id=\"null\"><p></p>",
          "pic": "",
          "link": "",
          "icon": {
            "url": "https://www.miamibeachfl.gov/wp-content/uploads/wp-google-maps/icons/64c109eb9bed97.25926021.png",
            "retina": false
          },
          "lat": "25.869498",
          "lng": "-80.121657",
          "anim": "2",
          "title": "P111 - Parking Lot",
          "infoopen": "0",
          "category": "",
          "approved": "1",
          "retina": "0",
          "type": "0",
          "did": "",
          "sticky": "0",
          "layergroup": "1",
          "hover_icon": "//www.miamibeachfl.gov/wp-content/plugins/wp-google-maps/images/spotlight-poi3.png",
          "hover_retina": "0",
          "id": "229",
          "categories": [
            "8",
            "15"
          ],
          "custom_field_data": [],
          "custom_fields_html": ""
        }
      }
    },
    {
      "type": "Feature",
      "geometry": {
        "type": "Point",
        "coordinates": [
          -80.12188499999999,
          25.872329
        ]
      },
      "properties": {
        "source_id": "miami-beach:wpgmza:230",
        "source_name": "City of Miami Beach Parking Facilities",
        "name": "P112 - Parking Lot",
        "facility_type": "surface_lot",
        "street": "226 87 Terrace, Miami Beach, FL",
        "city": "Miami Beach",
        "state": "FL",
        "operator": "City of Miami Beach Parking Department",
        "access": "public",
        "fee": "yes",
        "charge": "$1/hr",
        "event_rate": "None",
        "maximum_time": "6 hours",
        "capacity": "16",
        "parkmobile_zone": "88615",
        "payment_provider": "ParkMobile / PayByPhone",
        "payment_app_url": "https://www2.paybyphone.com/park-in-miami-beach",
        "payment_note": "Official Miami Beach source lists ParkMobile zones and PayByPhone/ParkMobile app support; ParkingUSA does not infer a per-record checkout URL.",
        "ev_charging": "N/A",
        "confidence": 0.88,
        "last_verified_source": "City of Miami Beach Parking Facilities",
        "source_url": "https://www.miamibeachfl.gov/city-hall/parking/parking-garages-lot-locations/",
        "api_url": "https://www.miamibeachfl.gov/wp-json/wpgmza/v1/markers?map_id=17",
        "evidence_url": "https://www.miamibeachfl.gov/wp-json/wpgmza/v1/markers?map_id=17",
        "data_as_of": "2026-07-15T09:52:45.943Z",
        "existence_status": "confirmed",
        "price_status": "known_priced",
        "rule_status": "partial",
        "enrichment_status": "needs_payment_link",
        "payment_url": "",
        "booking_url": "",
        "raw_properties": {
          "map_id": "17",
          "address": "226 87 Terrace, Miami Beach, FL",
          "description": "<p style=\"font-size: 18px;line-height: 1.5em;margin-top: 0px;margin-bottom: 15px;padding: 0px;border: 0px;font-family: proxima-nova, Arial, Verdana\"></p><hr id=\"null\"><span style=\", sans-serif;font-weight: 600\">Spaces</span><span style=\", sans-serif\">: 16<br></span><hr id=\"null\"><span style=\", sans-serif;font-weight: 600\">Hourly Rate</span><span style=\", sans-serif\">: $1/hr<br></span><hr id=\"null\"><span style=\", sans-serif;font-weight: 600\">Event Rate</span><span style=\", sans-serif\">: </span><span style=\", sans-serif\">None<br></span><hr id=\"null\"><span style=\", sans-serif;font-weight: 600\">Maximum Time</span><span style=\", sans-serif\">: 6 hours<br></span><hr id=\"null\"><span style=\", sans-serif;font-weight: 600\">Park Mobile</span><span style=\", sans-serif\">: 88615<br></span><hr id=\"null\"><span style=\", sans-serif;font-weight: 600\">Electric Vehicle Charging</span><span style=\", sans-serif\">: N/A<br></span><hr id=\"null\"><p></p>",
          "pic": "",
          "link": "",
          "icon": {
            "url": "https://www.miamibeachfl.gov/wp-content/uploads/wp-google-maps/icons/64c10a451d2398.16100162.png",
            "retina": false
          },
          "lat": "25.872329",
          "lng": "-80.12188499999999",
          "anim": "2",
          "title": "P112 - Parking Lot",
          "infoopen": "0",
          "category": "",
          "approved": "1",
          "retina": "0",
          "type": "0",
          "did": "",
          "sticky": "0",
          "layergroup": "1",
          "hover_icon": "//www.miamibeachfl.gov/wp-content/plugins/wp-google-maps/images/spotlight-poi3.png",
          "hover_retina": "0",
          "id": "230",
          "categories": [
            "8",
            "15"
          ],
          "custom_field_data": [],
          "custom_fields_html": ""
        }
      }
    }
  ]
}