{
  "type": "FeatureCollection",
  "metadata": {
    "scope": "grid OSM basemap reconciliation candidates",
    "source": "https://api.openstreetmap.org/api/0.6/map",
    "bbox": [
      -80.174,
      25.743,
      -80.113,
      25.888
    ],
    "grid": {
      "rows": 6,
      "cols": 6,
      "requested_tiles": 36,
      "failed_tiles": [
        {
          "tile": 18,
          "bbox": [
            -80.12316666666666,
            25.791333333333334,
            -80.113,
            25.8155
          ],
          "error": "Error: OSM API 509 Unknown Error"
        },
        {
          "tile": 19,
          "bbox": [
            -80.174,
            25.8155,
            -80.16383333333334,
            25.839666666666666
          ],
          "error": "Error: OSM API 509 Unknown Error"
        },
        {
          "tile": 20,
          "bbox": [
            -80.16383333333334,
            25.8155,
            -80.15366666666667,
            25.839666666666666
          ],
          "error": "Error: OSM API 509 Unknown Error"
        },
        {
          "tile": 21,
          "bbox": [
            -80.15366666666667,
            25.8155,
            -80.1435,
            25.839666666666666
          ],
          "error": "Error: OSM API 509 Unknown Error"
        },
        {
          "tile": 22,
          "bbox": [
            -80.1435,
            25.8155,
            -80.13333333333334,
            25.839666666666666
          ],
          "error": "Error: OSM API 509 Unknown Error"
        },
        {
          "tile": 23,
          "bbox": [
            -80.13333333333334,
            25.8155,
            -80.12316666666666,
            25.839666666666666
          ],
          "error": "Error: OSM API 509 Unknown Error"
        },
        {
          "tile": 24,
          "bbox": [
            -80.12316666666666,
            25.8155,
            -80.113,
            25.839666666666666
          ],
          "error": "Error: OSM API 509 Unknown Error"
        },
        {
          "tile": 25,
          "bbox": [
            -80.174,
            25.839666666666666,
            -80.16383333333334,
            25.863833333333336
          ],
          "error": "Error: OSM API 509 Unknown Error"
        },
        {
          "tile": 26,
          "bbox": [
            -80.16383333333334,
            25.839666666666666,
            -80.15366666666667,
            25.863833333333336
          ],
          "error": "Error: OSM API 509 Unknown Error"
        },
        {
          "tile": 27,
          "bbox": [
            -80.15366666666667,
            25.839666666666666,
            -80.1435,
            25.863833333333336
          ],
          "error": "Error: OSM API 509 Unknown Error"
        },
        {
          "tile": 28,
          "bbox": [
            -80.1435,
            25.839666666666666,
            -80.13333333333334,
            25.863833333333336
          ],
          "error": "Error: OSM API 509 Unknown Error"
        },
        {
          "tile": 29,
          "bbox": [
            -80.13333333333334,
            25.839666666666666,
            -80.12316666666666,
            25.863833333333336
          ],
          "error": "Error: OSM API 509 Unknown Error"
        },
        {
          "tile": 30,
          "bbox": [
            -80.12316666666666,
            25.839666666666666,
            -80.113,
            25.863833333333336
          ],
          "error": "Error: OSM API 509 Unknown Error"
        },
        {
          "tile": 31,
          "bbox": [
            -80.174,
            25.863833333333336,
            -80.16383333333334,
            25.888
          ],
          "error": "Error: OSM API 509 Unknown Error"
        },
        {
          "tile": 32,
          "bbox": [
            -80.16383333333334,
            25.863833333333336,
            -80.15366666666667,
            25.888
          ],
          "error": "Error: OSM API 509 Unknown Error"
        },
        {
          "tile": 33,
          "bbox": [
            -80.15366666666667,
            25.863833333333336,
            -80.1435,
            25.888
          ],
          "error": "Error: OSM API 509 Unknown Error"
        },
        {
          "tile": 34,
          "bbox": [
            -80.1435,
            25.863833333333336,
            -80.13333333333334,
            25.888
          ],
          "error": "Error: OSM API 509 Unknown Error"
        },
        {
          "tile": 35,
          "bbox": [
            -80.13333333333334,
            25.863833333333336,
            -80.12316666666666,
            25.888
          ],
          "error": "Error: OSM API 509 Unknown Error"
        },
        {
          "tile": 36,
          "bbox": [
            -80.12316666666666,
            25.863833333333336,
            -80.113,
            25.888
          ],
          "error": "Error: OSM API 509 Unknown Error"
        }
      ]
    },
    "complete": false,
    "generated_at": "2026-07-10T15:37:01.246Z",
    "count": 271,
    "review_only": true,
    "sanitized_at": "2026-07-10T19:50:57.341Z",
    "incidental_parent_features_removed": 11
  },
  "features": [
    {
      "type": "Feature",
      "geometry": {
        "type": "Polygon",
        "coordinates": [
          [
            [
              -80.1447151,
              25.7453128
            ],
            [
              -80.1450343,
              25.7450241
            ],
            [
              -80.14499,
              25.7449914
            ],
            [
              -80.1446654,
              25.7452729
            ],
            [
              -80.1447151,
              25.7453128
            ]
          ]
        ]
      },
      "properties": {
        "source_id": "osm:way:617983353",
        "source_name": "OpenStreetMap bounded basemap reconciliation",
        "name": "Unnamed OSM parking candidate",
        "facility_type": "parking",
        "parking_evidence_kind": "parking_area_candidate",
        "access": "",
        "fee": "unknown",
        "operator": "",
        "source_url": "https://www.openstreetmap.org/way/617983353",
        "api_url": "https://api.openstreetmap.org/api/0.6/map",
        "evidence_url": "https://www.openstreetmap.org/way/617983353",
        "osm_type": "way",
        "osm_id": 617983353,
        "existence_status": "candidate",
        "price_status": "unknown",
        "rule_status": "unknown",
        "enrichment_status": "needs_review",
        "needs_enrichment": true,
        "confidence": 0.55,
        "ordinary_parking_status": "unknown_pending_access_rule_check",
        "field_conflict_status": "needs_field_review",
        "confidence_reason": "OSM parking area reconciled from the basemap; public access and rules require verification.",
        "tainted": false,
        "raw_tags": {
          "amenity": "parking"
        },
        "raw_properties": {
          "type": "way",
          "id": 617983353,
          "tags": {
            "amenity": "parking"
          },
          "relations": [],
          "meta": {
            "timestamp": "2018-08-19T10:10:34Z",
            "version": "1",
            "changeset": "61789371",
            "user": "Seandebasti",
            "uid": "550560"
          }
        }
      }
    },
    {
      "type": "Feature",
      "geometry": {
        "type": "Polygon",
        "coordinates": [
          [
            [
              -80.1441213,
              25.7444182
            ],
            [
              -80.1441039,
              25.7443686
            ],
            [
              -80.1440194,
              25.7443602
            ],
            [
              -80.1439711,
              25.7443856
            ],
            [
              -80.1439912,
              25.7444085
            ],
            [
              -80.1441213,
              25.7444182
            ]
          ]
        ]
      },
      "properties": {
        "source_id": "osm:way:617983595",
        "source_name": "OpenStreetMap bounded basemap reconciliation",
        "name": "Unnamed OSM parking candidate",
        "facility_type": "parking",
        "parking_evidence_kind": "parking_area_candidate",
        "access": "",
        "fee": "unknown",
        "operator": "",
        "source_url": "https://www.openstreetmap.org/way/617983595",
        "api_url": "https://api.openstreetmap.org/api/0.6/map",
        "evidence_url": "https://www.openstreetmap.org/way/617983595",
        "osm_type": "way",
        "osm_id": 617983595,
        "existence_status": "candidate",
        "price_status": "unknown",
        "rule_status": "unknown",
        "enrichment_status": "needs_review",
        "needs_enrichment": true,
        "confidence": 0.55,
        "ordinary_parking_status": "unknown_pending_access_rule_check",
        "field_conflict_status": "needs_field_review",
        "confidence_reason": "OSM parking area reconciled from the basemap; public access and rules require verification.",
        "tainted": false,
        "raw_tags": {
          "amenity": "parking"
        },
        "raw_properties": {
          "type": "way",
          "id": 617983595,
          "tags": {
            "amenity": "parking"
          },
          "relations": [],
          "meta": {
            "timestamp": "2018-08-19T10:10:48Z",
            "version": "1",
            "changeset": "61789371",
            "user": "Seandebasti",
            "uid": "550560"
          }
        }
      }
    },
    {
      "type": "Feature",
      "geometry": {
        "type": "Point",
        "coordinates": [
          -80.1439523,
          25.7442841
        ]
      },
      "properties": {
        "source_id": "osm:node:5841493183",
        "source_name": "OpenStreetMap bounded basemap reconciliation",
        "name": "Unnamed OSM parking candidate",
        "facility_type": "parking",
        "parking_evidence_kind": "parking_area_candidate",
        "access": "",
        "fee": "unknown",
        "operator": "",
        "source_url": "https://www.openstreetmap.org/node/5841493183",
        "api_url": "https://api.openstreetmap.org/api/0.6/map",
        "evidence_url": "https://www.openstreetmap.org/node/5841493183",
        "osm_type": "node",
        "osm_id": "5841493183",
        "existence_status": "candidate",
        "price_status": "unknown",
        "rule_status": "unknown",
        "enrichment_status": "needs_review",
        "needs_enrichment": true,
        "confidence": 0.55,
        "ordinary_parking_status": "unknown_pending_access_rule_check",
        "field_conflict_status": "needs_field_review",
        "confidence_reason": "OSM parking area reconciled from the basemap; public access and rules require verification.",
        "tainted": false,
        "raw_tags": {
          "amenity": "parking",
          "capacity": "2",
          "wheelchair": "limited"
        },
        "raw_properties": {
          "type": "node",
          "id": "5841493183",
          "tags": {
            "amenity": "parking",
            "capacity": "2",
            "wheelchair": "limited"
          },
          "relations": [],
          "meta": {
            "timestamp": "2018-08-19T10:10:30Z",
            "version": "1",
            "changeset": "61789371",
            "user": "Seandebasti",
            "uid": "550560"
          }
        }
      }
    },
    {
      "type": "Feature",
      "geometry": {
        "type": "Point",
        "coordinates": [
          -80.1449416,
          25.7611882
        ]
      },
      "properties": {
        "source_id": "osm:node:12409772955",
        "source_name": "OpenStreetMap bounded basemap reconciliation",
        "name": "OSM parking evidence",
        "facility_type": "parking_entrance",
        "parking_evidence_kind": "parking_entrance_evidence",
        "access": "",
        "fee": "unknown",
        "operator": "",
        "source_url": "https://www.openstreetmap.org/node/12409772955",
        "api_url": "https://api.openstreetmap.org/api/0.6/map",
        "evidence_url": "https://www.openstreetmap.org/node/12409772955",
        "osm_type": "node",
        "osm_id": "12409772955",
        "existence_status": "candidate",
        "price_status": "unknown",
        "rule_status": "unknown",
        "enrichment_status": "needs_review",
        "needs_enrichment": true,
        "confidence": 0.35,
        "ordinary_parking_status": "not_ordinary_parking_offer",
        "field_conflict_status": "needs_field_review",
        "confidence_reason": "OSM parking-related evidence reconciled from the basemap; this is not a verified ordinary parking offer.",
        "tainted": false,
        "raw_tags": {
          "amenity": "parking_entrance"
        },
        "raw_properties": {
          "type": "node",
          "id": "12409772955",
          "tags": {
            "amenity": "parking_entrance"
          },
          "relations": [],
          "meta": {
            "timestamp": "2024-12-10T16:11:53Z",
            "version": "1",
            "changeset": "160135679",
            "user": "ericfromson",
            "uid": "22056074"
          }
        }
      }
    },
    {
      "type": "Feature",
      "geometry": {
        "type": "Polygon",
        "coordinates": [
          [
            [
              -80.1355835,
              25.7672228
            ],
            [
              -80.1352134,
              25.7670671
            ],
            [
              -80.1351886,
              25.7671178
            ],
            [
              -80.1351591,
              25.7671051
            ],
            [
              -80.1351833,
              25.7670556
            ],
            [
              -80.1348151,
              25.7669046
            ],
            [
              -80.1347917,
              25.7669511
            ],
            [
              -80.1347655,
              25.7669409
            ],
            [
              -80.1347876,
              25.7668938
            ],
            [
              -80.1344161,
              25.7667386
            ],
            [
              -80.1343933,
              25.7667851
            ],
            [
              -80.1343672,
              25.7667736
            ],
            [
              -80.1343893,
              25.7667283
            ],
            [
              -80.1340199,
              25.7665749
            ],
            [
              -80.1339971,
              25.766619
            ],
            [
              -80.1339736,
              25.7666081
            ],
            [
              -80.1339937,
              25.7665653
            ],
            [
              -80.1337449,
              25.7664596
            ],
            [
              -80.1337228,
              25.7665037
            ],
            [
              -80.1336913,
              25.7664898
            ],
            [
              -80.1336859,
              25.7664735
            ],
            [
              -80.1337295,
              25.7663859
            ],
            [
              -80.1337483,
              25.7663793
            ],
            [
              -80.1337798,
              25.7663938
            ],
            [
              -80.1337543,
              25.7664427
            ],
            [
              -80.1340024,
              25.7665441
            ],
            [
              -80.1340279,
              25.7664976
            ],
            [
              -80.1340561,
              25.7665091
            ],
            [
              -80.1340306,
              25.7665526
            ],
            [
              -80.1343994,
              25.7667072
            ],
            [
              -80.1344222,
              25.7666637
            ],
            [
              -80.1344503,
              25.7666764
            ],
            [
              -80.1344262,
              25.7667199
            ],
            [
              -80.134799,
              25.7668732
            ],
            [
              -80.1348232,
              25.7668255
            ],
            [
              -80.134848,
              25.7668358
            ],
            [
              -80.1348252,
              25.7668811
            ],
            [
              -80.1351933,
              25.7670345
            ],
            [
              -80.1352154,
              25.7669964
            ],
            [
              -80.1352403,
              25.7670067
            ],
            [
              -80.1352181,
              25.7670447
            ],
            [
              -80.1355939,
              25.7672027
            ],
            [
              -80.1356131,
              25.7671625
            ],
            [
              -80.1356245,
              25.7671679
            ],
            [
              -80.1356352,
              25.7671087
            ],
            [
              -80.134852,
              25.7667802
            ],
            [
              -80.1345763,
              25.766665
            ],
            [
              -80.1341892,
              25.7665033
            ],
            [
              -80.1341359,
              25.7664831
            ],
            [
              -80.1341258,
              25.7664644
            ],
            [
              -80.1341298,
              25.7664324
            ],
            [
              -80.1341942,
              25.7664354
            ],
            [
              -80.1342069,
              25.7662343
            ],
            [
              -80.134158,
              25.7662337
            ],
            [
              -80.1341506,
              25.7662198
            ],
            [
              -80.1341587,
              25.7661975
            ],
            [
              -80.1341755,
              25.7661866
            ],
            [
              -80.1338529,
              25.7660574
            ],
            [
              -80.1337355,
              25.7660061
            ],
            [
              -80.1337058,
              25.7659919
            ],
            [
              -80.1336483,
              25.7659644
            ],
            [
              -80.1335907,
              25.7660435
            ],
            [
              -80.1335729,
              25.7664361
            ],
            [
              -80.1335719,
              25.7664578
            ],
            [
              -80.133592,
              25.7664934
            ],
            [
              -80.1336249,
              25.7665242
            ],
            [
              -80.1336604,
              25.7665381
            ],
            [
              -80.1336547,
              25.7665496
            ],
            [
              -80.133649,
              25.7665613
            ],
            [
              -80.1336376,
              25.7665845
            ],
            [
              -80.1339248,
              25.7667039
            ],
            [
              -80.1339474,
              25.7666601
            ],
            [
              -80.1339748,
              25.7666718
            ],
            [
              -80.1339534,
              25.7667157
            ],
            [
              -80.1343182,
              25.7668673
            ],
            [
              -80.1343431,
              25.7668219
            ],
            [
              -80.1343729,
              25.7668351
            ],
            [
              -80.1343485,
              25.7668805
            ],
            [
              -80.134718,
              25.7670343
            ],
            [
              -80.1347427,
              25.7669904
            ],
            [
              -80.1347681,
              25.7670009
            ],
            [
              -80.1347436,
              25.767045
            ],
            [
              -80.1351136,
              25.7671991
            ],
            [
              -80.1351383,
              25.7671522
            ],
            [
              -80.1351668,
              25.7671648
            ],
            [
              -80.1351434,
              25.7672115
            ],
            [
              -80.1355406,
              25.7673769
            ],
            [
              -80.1355594,
              25.7673358
            ],
            [
              -80.1355816,
              25.7673431
            ],
            [
              -80.1355957,
              25.7672875
            ],
            [
              -80.1355601,
              25.7672712
            ],
            [
              -80.1355835,
              25.7672228
            ]
          ]
        ]
      },
      "properties": {
        "source_id": "osm:relation:11162975",
        "source_name": "OpenStreetMap bounded basemap reconciliation",
        "name": "Miami Beach Parking Lot (P1)",
        "facility_type": "surface",
        "parking_evidence_kind": "parking_area_candidate",
        "access": "yes",
        "fee": "yes",
        "operator": "City of Miami Beach",
        "source_url": "https://www.openstreetmap.org/relation/11162975",
        "api_url": "https://api.openstreetmap.org/api/0.6/map",
        "evidence_url": "https://www.openstreetmap.org/relation/11162975",
        "osm_type": "relation",
        "osm_id": 11162975,
        "existence_status": "candidate",
        "price_status": "unknown",
        "rule_status": "unknown",
        "enrichment_status": "needs_review",
        "needs_enrichment": true,
        "confidence": 0.55,
        "ordinary_parking_status": "unknown_pending_access_rule_check",
        "field_conflict_status": "needs_field_review",
        "confidence_reason": "OSM parking area reconciled from the basemap; public access and rules require verification.",
        "tainted": true,
        "raw_tags": {
          "access": "yes",
          "addr:city": "Miami Beach",
          "addr:housenumber": "3",
          "addr:postcode": "33139",
          "addr:state": "FL",
          "addr:street": "Washington Avenue",
          "amenity": "parking",
          "capacity": "222",
          "covered": "no",
          "fee": "yes",
          "lit": "yes",
          "name": "Miami Beach Parking Lot (P1)",
          "operator": "City of Miami Beach",
          "operator:type": "government",
          "parking": "surface",
          "surface": "asphalt",
          "type": "multipolygon",
          "website": "https://www.miamibeachfl.gov/city-hall/parking/parking-garages-lot-locations/south-beach/"
        },
        "raw_properties": {
          "type": "relation",
          "id": 11162975,
          "tags": {
            "access": "yes",
            "addr:city": "Miami Beach",
            "addr:housenumber": "3",
            "addr:postcode": "33139",
            "addr:state": "FL",
            "addr:street": "Washington Avenue",
            "amenity": "parking",
            "capacity": "222",
            "covered": "no",
            "fee": "yes",
            "lit": "yes",
            "name": "Miami Beach Parking Lot (P1)",
            "operator": "City of Miami Beach",
            "operator:type": "government",
            "parking": "surface",
            "surface": "asphalt",
            "type": "multipolygon",
            "website": "https://www.miamibeachfl.gov/city-hall/parking/parking-garages-lot-locations/south-beach/"
          },
          "relations": [],
          "meta": {
            "timestamp": "2024-11-11T16:22:02Z",
            "version": "4",
            "changeset": "159015928",
            "user": "FlamingoOSM",
            "uid": "2925062"
          },
          "tainted": true
        }
      }
    },
    {
      "type": "Feature",
      "geometry": {
        "type": "Polygon",
        "coordinates": [
          [
            [
              -80.1382375,
              25.7582906
            ],
            [
              -80.1380305,
              25.7581102
            ],
            [
              -80.1379997,
              25.7581388
            ],
            [
              -80.1382067,
              25.7583192
            ],
            [
              -80.1382375,
              25.7582906
            ]
          ]
        ]
      },
      "properties": {
        "source_id": "osm:way:161720243",
        "source_name": "OpenStreetMap bounded basemap reconciliation",
        "name": "Unnamed OSM parking candidate",
        "facility_type": "street_side",
        "parking_evidence_kind": "parking_area_candidate",
        "access": "private",
        "fee": "unknown",
        "operator": "",
        "source_url": "https://www.openstreetmap.org/way/161720243",
        "api_url": "https://api.openstreetmap.org/api/0.6/map",
        "evidence_url": "https://www.openstreetmap.org/way/161720243",
        "osm_type": "way",
        "osm_id": 161720243,
        "existence_status": "candidate",
        "price_status": "unknown",
        "rule_status": "unknown",
        "enrichment_status": "needs_review",
        "needs_enrichment": true,
        "confidence": 0.55,
        "ordinary_parking_status": "unknown_pending_access_rule_check",
        "field_conflict_status": "needs_field_review",
        "confidence_reason": "OSM parking area reconciled from the basemap; public access and rules require verification.",
        "tainted": false,
        "raw_tags": {
          "access": "private",
          "amenity": "parking",
          "orientation": "perpendicular",
          "parking": "street_side"
        },
        "raw_properties": {
          "type": "way",
          "id": 161720243,
          "tags": {
            "access": "private",
            "amenity": "parking",
            "orientation": "perpendicular",
            "parking": "street_side"
          },
          "relations": [],
          "meta": {
            "timestamp": "2024-12-07T21:45:26Z",
            "version": "2",
            "changeset": "160040636",
            "user": "Udarian",
            "uid": "6168709"
          }
        }
      }
    },
    {
      "type": "Feature",
      "geometry": {
        "type": "Polygon",
        "coordinates": [
          [
            [
              -80.1382807,
              25.7582346
            ],
            [
              -80.1383111,
              25.7582061
            ],
            [
              -80.1380485,
              25.7579783
            ],
            [
              -80.1380181,
              25.7580068
            ],
            [
              -80.1382807,
              25.7582346
            ]
          ]
        ]
      },
      "properties": {
        "source_id": "osm:way:161720244",
        "source_name": "OpenStreetMap bounded basemap reconciliation",
        "name": "Unnamed OSM parking candidate",
        "facility_type": "street_side",
        "parking_evidence_kind": "parking_area_candidate",
        "access": "private",
        "fee": "unknown",
        "operator": "",
        "source_url": "https://www.openstreetmap.org/way/161720244",
        "api_url": "https://api.openstreetmap.org/api/0.6/map",
        "evidence_url": "https://www.openstreetmap.org/way/161720244",
        "osm_type": "way",
        "osm_id": 161720244,
        "existence_status": "candidate",
        "price_status": "unknown",
        "rule_status": "unknown",
        "enrichment_status": "needs_review",
        "needs_enrichment": true,
        "confidence": 0.55,
        "ordinary_parking_status": "unknown_pending_access_rule_check",
        "field_conflict_status": "needs_field_review",
        "confidence_reason": "OSM parking area reconciled from the basemap; public access and rules require verification.",
        "tainted": false,
        "raw_tags": {
          "access": "private",
          "amenity": "parking",
          "orientation": "perpendicular",
          "parking": "street_side"
        },
        "raw_properties": {
          "type": "way",
          "id": 161720244,
          "tags": {
            "access": "private",
            "amenity": "parking",
            "orientation": "perpendicular",
            "parking": "street_side"
          },
          "relations": [],
          "meta": {
            "timestamp": "2024-12-07T21:45:26Z",
            "version": "2",
            "changeset": "160040636",
            "user": "Udarian",
            "uid": "6168709"
          }
        }
      }
    },
    {
      "type": "Feature",
      "geometry": {
        "type": "Polygon",
        "coordinates": [
          [
            [
              -80.1427979,
              25.7600382
            ],
            [
              -80.142739,
              25.7600407
            ],
            [
              -80.1427414,
              25.7601474
            ],
            [
              -80.1428006,
              25.7601506
            ],
            [
              -80.1427979,
              25.7600382
            ]
          ]
        ]
      },
      "properties": {
        "source_id": "osm:way:161720245",
        "source_name": "OpenStreetMap bounded basemap reconciliation",
        "name": "Unnamed OSM parking candidate",
        "facility_type": "street_side",
        "parking_evidence_kind": "parking_area_candidate",
        "access": "private",
        "fee": "unknown",
        "operator": "",
        "source_url": "https://www.openstreetmap.org/way/161720245",
        "api_url": "https://api.openstreetmap.org/api/0.6/map",
        "evidence_url": "https://www.openstreetmap.org/way/161720245",
        "osm_type": "way",
        "osm_id": 161720245,
        "existence_status": "candidate",
        "price_status": "unknown",
        "rule_status": "unknown",
        "enrichment_status": "needs_review",
        "needs_enrichment": true,
        "confidence": 0.55,
        "ordinary_parking_status": "unknown_pending_access_rule_check",
        "field_conflict_status": "needs_field_review",
        "confidence_reason": "OSM parking area reconciled from the basemap; public access and rules require verification.",
        "tainted": false,
        "raw_tags": {
          "access": "private",
          "amenity": "parking",
          "orientation": "perpendicular",
          "parking": "street_side"
        },
        "raw_properties": {
          "type": "way",
          "id": 161720245,
          "tags": {
            "access": "private",
            "amenity": "parking",
            "orientation": "perpendicular",
            "parking": "street_side"
          },
          "relations": [],
          "meta": {
            "timestamp": "2024-12-07T21:45:26Z",
            "version": "2",
            "changeset": "160040636",
            "user": "Udarian",
            "uid": "6168709"
          }
        }
      }
    },
    {
      "type": "Feature",
      "geometry": {
        "type": "Polygon",
        "coordinates": [
          [
            [
              -80.1429272,
              25.7618594
            ],
            [
              -80.1429791,
              25.7618356
            ],
            [
              -80.1429673,
              25.7614476
            ],
            [
              -80.1429145,
              25.7614653
            ],
            [
              -80.1429272,
              25.7618594
            ]
          ]
        ]
      },
      "properties": {
        "source_id": "osm:way:161720246",
        "source_name": "OpenStreetMap bounded basemap reconciliation",
        "name": "Unnamed OSM parking candidate",
        "facility_type": "street_side",
        "parking_evidence_kind": "parking_area_candidate",
        "access": "private",
        "fee": "unknown",
        "operator": "",
        "source_url": "https://www.openstreetmap.org/way/161720246",
        "api_url": "https://api.openstreetmap.org/api/0.6/map",
        "evidence_url": "https://www.openstreetmap.org/way/161720246",
        "osm_type": "way",
        "osm_id": 161720246,
        "existence_status": "candidate",
        "price_status": "unknown",
        "rule_status": "unknown",
        "enrichment_status": "needs_review",
        "needs_enrichment": true,
        "confidence": 0.55,
        "ordinary_parking_status": "unknown_pending_access_rule_check",
        "field_conflict_status": "needs_field_review",
        "confidence_reason": "OSM parking area reconciled from the basemap; public access and rules require verification.",
        "tainted": false,
        "raw_tags": {
          "access": "private",
          "amenity": "parking",
          "orientation": "diagonal",
          "parking": "street_side"
        },
        "raw_properties": {
          "type": "way",
          "id": 161720246,
          "tags": {
            "access": "private",
            "amenity": "parking",
            "orientation": "diagonal",
            "parking": "street_side"
          },
          "relations": [],
          "meta": {
            "timestamp": "2024-12-07T21:45:26Z",
            "version": "2",
            "changeset": "160040636",
            "user": "Udarian",
            "uid": "6168709"
          }
        }
      }
    },
    {
      "type": "Feature",
      "geometry": {
        "type": "Polygon",
        "coordinates": [
          [
            [
              -80.1396609,
              25.7583601
            ],
            [
              -80.139654,
              25.7581926
            ],
            [
              -80.1396795,
              25.7580454
            ],
            [
              -80.1396159,
              25.758033
            ],
            [
              -80.1395973,
              25.7581917
            ],
            [
              -80.1396012,
              25.7583566
            ],
            [
              -80.1396609,
              25.7583601
            ]
          ]
        ]
      },
      "properties": {
        "source_id": "osm:way:161720247",
        "source_name": "OpenStreetMap bounded basemap reconciliation",
        "name": "Unnamed OSM parking candidate",
        "facility_type": "parking",
        "parking_evidence_kind": "parking_area_candidate",
        "access": "",
        "fee": "unknown",
        "operator": "",
        "source_url": "https://www.openstreetmap.org/way/161720247",
        "api_url": "https://api.openstreetmap.org/api/0.6/map",
        "evidence_url": "https://www.openstreetmap.org/way/161720247",
        "osm_type": "way",
        "osm_id": 161720247,
        "existence_status": "candidate",
        "price_status": "unknown",
        "rule_status": "unknown",
        "enrichment_status": "needs_review",
        "needs_enrichment": true,
        "confidence": 0.55,
        "ordinary_parking_status": "unknown_pending_access_rule_check",
        "field_conflict_status": "needs_field_review",
        "confidence_reason": "OSM parking area reconciled from the basemap; public access and rules require verification.",
        "tainted": false,
        "raw_tags": {
          "amenity": "parking"
        },
        "raw_properties": {
          "type": "way",
          "id": 161720247,
          "tags": {
            "amenity": "parking"
          },
          "relations": [],
          "meta": {
            "timestamp": "2012-04-30T23:35:43Z",
            "version": "1",
            "changeset": "11465469",
            "user": "pitscheplatsch",
            "uid": "52626"
          }
        }
      }
    },
    {
      "type": "Feature",
      "geometry": {
        "type": "Polygon",
        "coordinates": [
          [
            [
              -80.1428305,
              25.7613191
            ],
            [
              -80.142782,
              25.7613361
            ],
            [
              -80.1427973,
              25.7615196
            ],
            [
              -80.1428542,
              25.7615191
            ],
            [
              -80.1428518,
              25.7614626
            ],
            [
              -80.1428459,
              25.7614053
            ],
            [
              -80.1428305,
              25.7613191
            ]
          ]
        ]
      },
      "properties": {
        "source_id": "osm:way:161720248",
        "source_name": "OpenStreetMap bounded basemap reconciliation",
        "name": "Unnamed OSM parking candidate",
        "facility_type": "street_side",
        "parking_evidence_kind": "parking_area_candidate",
        "access": "private",
        "fee": "unknown",
        "operator": "",
        "source_url": "https://www.openstreetmap.org/way/161720248",
        "api_url": "https://api.openstreetmap.org/api/0.6/map",
        "evidence_url": "https://www.openstreetmap.org/way/161720248",
        "osm_type": "way",
        "osm_id": 161720248,
        "existence_status": "candidate",
        "price_status": "unknown",
        "rule_status": "unknown",
        "enrichment_status": "needs_review",
        "needs_enrichment": true,
        "confidence": 0.55,
        "ordinary_parking_status": "unknown_pending_access_rule_check",
        "field_conflict_status": "needs_field_review",
        "confidence_reason": "OSM parking area reconciled from the basemap; public access and rules require verification.",
        "tainted": false,
        "raw_tags": {
          "access": "private",
          "amenity": "parking",
          "orientation": "diagonal",
          "parking": "street_side"
        },
        "raw_properties": {
          "type": "way",
          "id": 161720248,
          "tags": {
            "access": "private",
            "amenity": "parking",
            "orientation": "diagonal",
            "parking": "street_side"
          },
          "relations": [],
          "meta": {
            "timestamp": "2024-12-07T21:45:26Z",
            "version": "2",
            "changeset": "160040636",
            "user": "Udarian",
            "uid": "6168709"
          }
        }
      }
    },
    {
      "type": "Feature",
      "geometry": {
        "type": "Polygon",
        "coordinates": [
          [
            [
              -80.1427725,
              25.7610599
            ],
            [
              -80.1427876,
              25.7610538
            ],
            [
              -80.1427787,
              25.760991
            ],
            [
              -80.1427706,
              25.7609223
            ],
            [
              -80.1427685,
              25.7608715
            ],
            [
              -80.1427698,
              25.7608192
            ],
            [
              -80.1427758,
              25.7607619
            ],
            [
              -80.1427571,
              25.7607591
            ],
            [
              -80.1427002,
              25.7607612
            ],
            [
              -80.1426931,
              25.7608337
            ],
            [
              -80.1426978,
              25.7609321
            ],
            [
              -80.1427144,
              25.7610663
            ],
            [
              -80.1427725,
              25.7610599
            ]
          ]
        ]
      },
      "properties": {
        "source_id": "osm:way:161720249",
        "source_name": "OpenStreetMap bounded basemap reconciliation",
        "name": "Unnamed OSM parking candidate",
        "facility_type": "street_side",
        "parking_evidence_kind": "parking_area_candidate",
        "access": "private",
        "fee": "unknown",
        "operator": "",
        "source_url": "https://www.openstreetmap.org/way/161720249",
        "api_url": "https://api.openstreetmap.org/api/0.6/map",
        "evidence_url": "https://www.openstreetmap.org/way/161720249",
        "osm_type": "way",
        "osm_id": 161720249,
        "existence_status": "candidate",
        "price_status": "unknown",
        "rule_status": "unknown",
        "enrichment_status": "needs_review",
        "needs_enrichment": true,
        "confidence": 0.55,
        "ordinary_parking_status": "unknown_pending_access_rule_check",
        "field_conflict_status": "needs_field_review",
        "confidence_reason": "OSM parking area reconciled from the basemap; public access and rules require verification.",
        "tainted": false,
        "raw_tags": {
          "access": "private",
          "amenity": "parking",
          "orientation": "diagonal",
          "parking": "street_side"
        },
        "raw_properties": {
          "type": "way",
          "id": 161720249,
          "tags": {
            "access": "private",
            "amenity": "parking",
            "orientation": "diagonal",
            "parking": "street_side"
          },
          "relations": [],
          "meta": {
            "timestamp": "2024-12-07T21:45:26Z",
            "version": "4",
            "changeset": "160040636",
            "user": "Udarian",
            "uid": "6168709"
          }
        }
      }
    },
    {
      "type": "Feature",
      "geometry": {
        "type": "Polygon",
        "coordinates": [
          [
            [
              -80.1422145,
              25.7585823
            ],
            [
              -80.1421252,
              25.7586222
            ],
            [
              -80.1421093,
              25.7586335
            ],
            [
              -80.1420933,
              25.758659
            ],
            [
              -80.1420726,
              25.7587594
            ],
            [
              -80.1420781,
              25.7587731
            ],
            [
              -80.1421072,
              25.7588523
            ],
            [
              -80.1421619,
              25.7588342
            ],
            [
              -80.14213,
              25.7587613
            ],
            [
              -80.1421543,
              25.7586646
            ],
            [
              -80.142236,
              25.7586266
            ],
            [
              -80.1422145,
              25.7585823
            ]
          ]
        ]
      },
      "properties": {
        "source_id": "osm:way:164919335",
        "source_name": "OpenStreetMap bounded basemap reconciliation",
        "name": "Unnamed OSM parking candidate",
        "facility_type": "street_side",
        "parking_evidence_kind": "parking_area_candidate",
        "access": "private",
        "fee": "unknown",
        "operator": "",
        "source_url": "https://www.openstreetmap.org/way/164919335",
        "api_url": "https://api.openstreetmap.org/api/0.6/map",
        "evidence_url": "https://www.openstreetmap.org/way/164919335",
        "osm_type": "way",
        "osm_id": 164919335,
        "existence_status": "candidate",
        "price_status": "unknown",
        "rule_status": "unknown",
        "enrichment_status": "needs_review",
        "needs_enrichment": true,
        "confidence": 0.55,
        "ordinary_parking_status": "unknown_pending_access_rule_check",
        "field_conflict_status": "needs_field_review",
        "confidence_reason": "OSM parking area reconciled from the basemap; public access and rules require verification.",
        "tainted": false,
        "raw_tags": {
          "access": "private",
          "amenity": "parking",
          "orientation": "perpendicular",
          "parking": "street_side"
        },
        "raw_properties": {
          "type": "way",
          "id": 164919335,
          "tags": {
            "access": "private",
            "amenity": "parking",
            "orientation": "perpendicular",
            "parking": "street_side"
          },
          "relations": [],
          "meta": {
            "timestamp": "2024-12-07T21:45:26Z",
            "version": "2",
            "changeset": "160040636",
            "user": "Udarian",
            "uid": "6168709"
          }
        }
      }
    },
    {
      "type": "Feature",
      "geometry": {
        "type": "Polygon",
        "coordinates": [
          [
            [
              -80.1414702,
              25.758726
            ],
            [
              -80.1415059,
              25.7586764
            ],
            [
              -80.1414581,
              25.7586486
            ],
            [
              -80.1414225,
              25.7586982
            ],
            [
              -80.1414702,
              25.758726
            ]
          ]
        ]
      },
      "properties": {
        "source_id": "osm:way:164919336",
        "source_name": "OpenStreetMap bounded basemap reconciliation",
        "name": "Unnamed OSM parking candidate",
        "facility_type": "street_side",
        "parking_evidence_kind": "parking_area_candidate",
        "access": "private",
        "fee": "unknown",
        "operator": "",
        "source_url": "https://www.openstreetmap.org/way/164919336",
        "api_url": "https://api.openstreetmap.org/api/0.6/map",
        "evidence_url": "https://www.openstreetmap.org/way/164919336",
        "osm_type": "way",
        "osm_id": 164919336,
        "existence_status": "candidate",
        "price_status": "unknown",
        "rule_status": "unknown",
        "enrichment_status": "needs_review",
        "needs_enrichment": true,
        "confidence": 0.55,
        "ordinary_parking_status": "unknown_pending_access_rule_check",
        "field_conflict_status": "needs_field_review",
        "confidence_reason": "OSM parking area reconciled from the basemap; public access and rules require verification.",
        "tainted": false,
        "raw_tags": {
          "access": "private",
          "amenity": "parking",
          "orientation": "perpendicular",
          "parking": "street_side"
        },
        "raw_properties": {
          "type": "way",
          "id": 164919336,
          "tags": {
            "access": "private",
            "amenity": "parking",
            "orientation": "perpendicular",
            "parking": "street_side"
          },
          "relations": [],
          "meta": {
            "timestamp": "2024-12-07T21:45:26Z",
            "version": "2",
            "changeset": "160040636",
            "user": "Udarian",
            "uid": "6168709"
          }
        }
      }
    },
    {
      "type": "Feature",
      "geometry": {
        "type": "Polygon",
        "coordinates": [
          [
            [
              -80.1429375,
              25.7621177
            ],
            [
              -80.1429624,
              25.7624169
            ],
            [
              -80.1429998,
              25.7624032
            ],
            [
              -80.1429776,
              25.7621052
            ],
            [
              -80.1429375,
              25.7621177
            ]
          ]
        ]
      },
      "properties": {
        "source_id": "osm:way:164919337",
        "source_name": "OpenStreetMap bounded basemap reconciliation",
        "name": "Unnamed OSM parking candidate",
        "facility_type": "street_side",
        "parking_evidence_kind": "parking_area_candidate",
        "access": "private",
        "fee": "unknown",
        "operator": "",
        "source_url": "https://www.openstreetmap.org/way/164919337",
        "api_url": "https://api.openstreetmap.org/api/0.6/map",
        "evidence_url": "https://www.openstreetmap.org/way/164919337",
        "osm_type": "way",
        "osm_id": 164919337,
        "existence_status": "candidate",
        "price_status": "unknown",
        "rule_status": "unknown",
        "enrichment_status": "needs_review",
        "needs_enrichment": true,
        "confidence": 0.55,
        "ordinary_parking_status": "unknown_pending_access_rule_check",
        "field_conflict_status": "needs_field_review",
        "confidence_reason": "OSM parking area reconciled from the basemap; public access and rules require verification.",
        "tainted": false,
        "raw_tags": {
          "access": "private",
          "amenity": "parking",
          "orientation": "diagonal",
          "parking": "street_side"
        },
        "raw_properties": {
          "type": "way",
          "id": 164919337,
          "tags": {
            "access": "private",
            "amenity": "parking",
            "orientation": "diagonal",
            "parking": "street_side"
          },
          "relations": [],
          "meta": {
            "timestamp": "2024-12-07T21:45:26Z",
            "version": "2",
            "changeset": "160040636",
            "user": "Udarian",
            "uid": "6168709"
          }
        }
      }
    },
    {
      "type": "Feature",
      "geometry": {
        "type": "Polygon",
        "coordinates": [
          [
            [
              -80.1426662,
              25.7587949
            ],
            [
              -80.142666,
              25.7588488
            ],
            [
              -80.1427871,
              25.7588466
            ],
            [
              -80.1427862,
              25.7588333
            ],
            [
              -80.1427835,
              25.7587925
            ],
            [
              -80.1426662,
              25.7587949
            ]
          ]
        ]
      },
      "properties": {
        "source_id": "osm:way:164919338",
        "source_name": "OpenStreetMap bounded basemap reconciliation",
        "name": "Unnamed OSM parking candidate",
        "facility_type": "street_side",
        "parking_evidence_kind": "parking_area_candidate",
        "access": "private",
        "fee": "unknown",
        "operator": "",
        "source_url": "https://www.openstreetmap.org/way/164919338",
        "api_url": "https://api.openstreetmap.org/api/0.6/map",
        "evidence_url": "https://www.openstreetmap.org/way/164919338",
        "osm_type": "way",
        "osm_id": 164919338,
        "existence_status": "candidate",
        "price_status": "unknown",
        "rule_status": "unknown",
        "enrichment_status": "needs_review",
        "needs_enrichment": true,
        "confidence": 0.55,
        "ordinary_parking_status": "unknown_pending_access_rule_check",
        "field_conflict_status": "needs_field_review",
        "confidence_reason": "OSM parking area reconciled from the basemap; public access and rules require verification.",
        "tainted": false,
        "raw_tags": {
          "access": "private",
          "amenity": "parking",
          "orientation": "perpendicular",
          "parking": "street_side"
        },
        "raw_properties": {
          "type": "way",
          "id": 164919338,
          "tags": {
            "access": "private",
            "amenity": "parking",
            "orientation": "perpendicular",
            "parking": "street_side"
          },
          "relations": [],
          "meta": {
            "timestamp": "2024-12-07T21:45:26Z",
            "version": "3",
            "changeset": "160040636",
            "user": "Udarian",
            "uid": "6168709"
          }
        }
      }
    },
    {
      "type": "Feature",
      "geometry": {
        "type": "Polygon",
        "coordinates": [
          [
            [
              -80.1417255,
              25.7589703
            ],
            [
              -80.1417148,
              25.7589285
            ],
            [
              -80.1416443,
              25.7589431
            ],
            [
              -80.141655,
              25.7589849
            ],
            [
              -80.1417255,
              25.7589703
            ]
          ]
        ]
      },
      "properties": {
        "source_id": "osm:way:164919339",
        "source_name": "OpenStreetMap bounded basemap reconciliation",
        "name": "Unnamed OSM parking candidate",
        "facility_type": "street_side",
        "parking_evidence_kind": "parking_area_candidate",
        "access": "private",
        "fee": "unknown",
        "operator": "",
        "source_url": "https://www.openstreetmap.org/way/164919339",
        "api_url": "https://api.openstreetmap.org/api/0.6/map",
        "evidence_url": "https://www.openstreetmap.org/way/164919339",
        "osm_type": "way",
        "osm_id": 164919339,
        "existence_status": "candidate",
        "price_status": "unknown",
        "rule_status": "unknown",
        "enrichment_status": "needs_review",
        "needs_enrichment": true,
        "confidence": 0.55,
        "ordinary_parking_status": "unknown_pending_access_rule_check",
        "field_conflict_status": "needs_field_review",
        "confidence_reason": "OSM parking area reconciled from the basemap; public access and rules require verification.",
        "tainted": false,
        "raw_tags": {
          "access": "private",
          "amenity": "parking",
          "orientation": "perpendicular",
          "parking": "street_side"
        },
        "raw_properties": {
          "type": "way",
          "id": 164919339,
          "tags": {
            "access": "private",
            "amenity": "parking",
            "orientation": "perpendicular",
            "parking": "street_side"
          },
          "relations": [],
          "meta": {
            "timestamp": "2024-12-07T21:45:26Z",
            "version": "2",
            "changeset": "160040636",
            "user": "Udarian",
            "uid": "6168709"
          }
        }
      }
    },
    {
      "type": "Feature",
      "geometry": {
        "type": "Polygon",
        "coordinates": [
          [
            [
              -80.1431674,
              25.7591755
            ],
            [
              -80.143116,
              25.7591437
            ],
            [
              -80.1429771,
              25.7593258
            ],
            [
              -80.1430284,
              25.7593576
            ],
            [
              -80.1431674,
              25.7591755
            ]
          ]
        ]
      },
      "properties": {
        "source_id": "osm:way:164919340",
        "source_name": "OpenStreetMap bounded basemap reconciliation",
        "name": "Unnamed OSM parking candidate",
        "facility_type": "street_side",
        "parking_evidence_kind": "parking_area_candidate",
        "access": "private",
        "fee": "unknown",
        "operator": "",
        "source_url": "https://www.openstreetmap.org/way/164919340",
        "api_url": "https://api.openstreetmap.org/api/0.6/map",
        "evidence_url": "https://www.openstreetmap.org/way/164919340",
        "osm_type": "way",
        "osm_id": 164919340,
        "existence_status": "candidate",
        "price_status": "unknown",
        "rule_status": "unknown",
        "enrichment_status": "needs_review",
        "needs_enrichment": true,
        "confidence": 0.55,
        "ordinary_parking_status": "unknown_pending_access_rule_check",
        "field_conflict_status": "needs_field_review",
        "confidence_reason": "OSM parking area reconciled from the basemap; public access and rules require verification.",
        "tainted": false,
        "raw_tags": {
          "access": "private",
          "amenity": "parking",
          "orientation": "perpendicular",
          "parking": "street_side"
        },
        "raw_properties": {
          "type": "way",
          "id": 164919340,
          "tags": {
            "access": "private",
            "amenity": "parking",
            "orientation": "perpendicular",
            "parking": "street_side"
          },
          "relations": [],
          "meta": {
            "timestamp": "2024-12-07T21:45:26Z",
            "version": "2",
            "changeset": "160040636",
            "user": "Udarian",
            "uid": "6168709"
          }
        }
      }
    },
    {
      "type": "Feature",
      "geometry": {
        "type": "Polygon",
        "coordinates": [
          [
            [
              -80.1393612,
              25.7565236
            ],
            [
              -80.1392913,
              25.7566664
            ],
            [
              -80.1392511,
              25.7567936
            ],
            [
              -80.1392878,
              25.7568023
            ],
            [
              -80.1393342,
              25.7566832
            ],
            [
              -80.1394,
              25.7565373
            ],
            [
              -80.1393612,
              25.7565236
            ]
          ]
        ]
      },
      "properties": {
        "source_id": "osm:way:164919341",
        "source_name": "OpenStreetMap bounded basemap reconciliation",
        "name": "Unnamed OSM parking candidate",
        "facility_type": "street_side",
        "parking_evidence_kind": "parking_area_candidate",
        "access": "private",
        "fee": "unknown",
        "operator": "",
        "source_url": "https://www.openstreetmap.org/way/164919341",
        "api_url": "https://api.openstreetmap.org/api/0.6/map",
        "evidence_url": "https://www.openstreetmap.org/way/164919341",
        "osm_type": "way",
        "osm_id": 164919341,
        "existence_status": "candidate",
        "price_status": "unknown",
        "rule_status": "unknown",
        "enrichment_status": "needs_review",
        "needs_enrichment": true,
        "confidence": 0.55,
        "ordinary_parking_status": "unknown_pending_access_rule_check",
        "field_conflict_status": "needs_field_review",
        "confidence_reason": "OSM parking area reconciled from the basemap; public access and rules require verification.",
        "tainted": false,
        "raw_tags": {
          "access": "private",
          "amenity": "parking",
          "orientation": "perpendicular",
          "parking": "street_side"
        },
        "raw_properties": {
          "type": "way",
          "id": 164919341,
          "tags": {
            "access": "private",
            "amenity": "parking",
            "orientation": "perpendicular",
            "parking": "street_side"
          },
          "relations": [],
          "meta": {
            "timestamp": "2024-12-07T21:45:26Z",
            "version": "2",
            "changeset": "160040636",
            "user": "Udarian",
            "uid": "6168709"
          }
        }
      }
    },
    {
      "type": "Feature",
      "geometry": {
        "type": "Polygon",
        "coordinates": [
          [
            [
              -80.1429305,
              25.758968
            ],
            [
              -80.1429318,
              25.7590106
            ],
            [
              -80.142899,
              25.759052
            ],
            [
              -80.142853,
              25.7590705
            ],
            [
              -80.1428755,
              25.7591063
            ],
            [
              -80.142923,
              25.7590886
            ],
            [
              -80.14297,
              25.7590421
            ],
            [
              -80.1429901,
              25.7590103
            ],
            [
              -80.1429914,
              25.7589655
            ],
            [
              -80.1429305,
              25.758968
            ]
          ]
        ]
      },
      "properties": {
        "source_id": "osm:way:164919342",
        "source_name": "OpenStreetMap bounded basemap reconciliation",
        "name": "Unnamed OSM parking candidate",
        "facility_type": "street_side",
        "parking_evidence_kind": "parking_area_candidate",
        "access": "private",
        "fee": "unknown",
        "operator": "",
        "source_url": "https://www.openstreetmap.org/way/164919342",
        "api_url": "https://api.openstreetmap.org/api/0.6/map",
        "evidence_url": "https://www.openstreetmap.org/way/164919342",
        "osm_type": "way",
        "osm_id": 164919342,
        "existence_status": "candidate",
        "price_status": "unknown",
        "rule_status": "unknown",
        "enrichment_status": "needs_review",
        "needs_enrichment": true,
        "confidence": 0.55,
        "ordinary_parking_status": "unknown_pending_access_rule_check",
        "field_conflict_status": "needs_field_review",
        "confidence_reason": "OSM parking area reconciled from the basemap; public access and rules require verification.",
        "tainted": false,
        "raw_tags": {
          "access": "private",
          "amenity": "parking",
          "orientation": "perpendicular",
          "parking": "street_side"
        },
        "raw_properties": {
          "type": "way",
          "id": 164919342,
          "tags": {
            "access": "private",
            "amenity": "parking",
            "orientation": "perpendicular",
            "parking": "street_side"
          },
          "relations": [],
          "meta": {
            "timestamp": "2024-12-07T21:45:26Z",
            "version": "2",
            "changeset": "160040636",
            "user": "Udarian",
            "uid": "6168709"
          }
        }
      }
    },
    {
      "type": "Feature",
      "geometry": {
        "type": "Polygon",
        "coordinates": [
          [
            [
              -80.1369996,
              25.7606856
            ],
            [
              -80.1370242,
              25.7606449
            ],
            [
              -80.1369339,
              25.7606005
            ],
            [
              -80.1369092,
              25.7606412
            ],
            [
              -80.1369996,
              25.7606856
            ]
          ]
        ]
      },
      "properties": {
        "source_id": "osm:way:164919548",
        "source_name": "OpenStreetMap bounded basemap reconciliation",
        "name": "Unnamed OSM parking candidate",
        "facility_type": "street_side",
        "parking_evidence_kind": "parking_area_candidate",
        "access": "private",
        "fee": "unknown",
        "operator": "",
        "source_url": "https://www.openstreetmap.org/way/164919548",
        "api_url": "https://api.openstreetmap.org/api/0.6/map",
        "evidence_url": "https://www.openstreetmap.org/way/164919548",
        "osm_type": "way",
        "osm_id": 164919548,
        "existence_status": "candidate",
        "price_status": "unknown",
        "rule_status": "unknown",
        "enrichment_status": "needs_review",
        "needs_enrichment": true,
        "confidence": 0.55,
        "ordinary_parking_status": "unknown_pending_access_rule_check",
        "field_conflict_status": "needs_field_review",
        "confidence_reason": "OSM parking area reconciled from the basemap; public access and rules require verification.",
        "tainted": false,
        "raw_tags": {
          "access": "private",
          "amenity": "parking",
          "orientation": "perpendicular",
          "parking": "street_side"
        },
        "raw_properties": {
          "type": "way",
          "id": 164919548,
          "tags": {
            "access": "private",
            "amenity": "parking",
            "orientation": "perpendicular",
            "parking": "street_side"
          },
          "relations": [],
          "meta": {
            "timestamp": "2024-12-07T21:45:26Z",
            "version": "2",
            "changeset": "160040636",
            "user": "Udarian",
            "uid": "6168709"
          }
        }
      }
    },
    {
      "type": "Feature",
      "geometry": {
        "type": "Polygon",
        "coordinates": [
          [
            [
              -80.1357907,
              25.7621666
            ],
            [
              -80.1358747,
              25.762142
            ],
            [
              -80.1358605,
              25.7621026
            ],
            [
              -80.1357764,
              25.7621273
            ],
            [
              -80.1357907,
              25.7621666
            ]
          ]
        ]
      },
      "properties": {
        "source_id": "osm:way:164919549",
        "source_name": "OpenStreetMap bounded basemap reconciliation",
        "name": "Unnamed OSM parking candidate",
        "facility_type": "street_side",
        "parking_evidence_kind": "parking_area_candidate",
        "access": "private",
        "fee": "unknown",
        "operator": "",
        "source_url": "https://www.openstreetmap.org/way/164919549",
        "api_url": "https://api.openstreetmap.org/api/0.6/map",
        "evidence_url": "https://www.openstreetmap.org/way/164919549",
        "osm_type": "way",
        "osm_id": 164919549,
        "existence_status": "candidate",
        "price_status": "unknown",
        "rule_status": "unknown",
        "enrichment_status": "needs_review",
        "needs_enrichment": true,
        "confidence": 0.55,
        "ordinary_parking_status": "unknown_pending_access_rule_check",
        "field_conflict_status": "needs_field_review",
        "confidence_reason": "OSM parking area reconciled from the basemap; public access and rules require verification.",
        "tainted": false,
        "raw_tags": {
          "access": "private",
          "amenity": "parking",
          "orientation": "perpendicular",
          "parking": "street_side"
        },
        "raw_properties": {
          "type": "way",
          "id": 164919549,
          "tags": {
            "access": "private",
            "amenity": "parking",
            "orientation": "perpendicular",
            "parking": "street_side"
          },
          "relations": [],
          "meta": {
            "timestamp": "2024-12-07T21:45:26Z",
            "version": "2",
            "changeset": "160040636",
            "user": "Udarian",
            "uid": "6168709"
          }
        }
      }
    },
    {
      "type": "Feature",
      "geometry": {
        "type": "Polygon",
        "coordinates": [
          [
            [
              -80.1371442,
              25.7604624
            ],
            [
              -80.1371651,
              25.7604279
            ],
            [
              -80.1370693,
              25.7603806
            ],
            [
              -80.1370483,
              25.7604151
            ],
            [
              -80.1371442,
              25.7604624
            ]
          ]
        ]
      },
      "properties": {
        "source_id": "osm:way:164919550",
        "source_name": "OpenStreetMap bounded basemap reconciliation",
        "name": "Unnamed OSM parking candidate",
        "facility_type": "street_side",
        "parking_evidence_kind": "parking_area_candidate",
        "access": "private",
        "fee": "unknown",
        "operator": "",
        "source_url": "https://www.openstreetmap.org/way/164919550",
        "api_url": "https://api.openstreetmap.org/api/0.6/map",
        "evidence_url": "https://www.openstreetmap.org/way/164919550",
        "osm_type": "way",
        "osm_id": 164919550,
        "existence_status": "candidate",
        "price_status": "unknown",
        "rule_status": "unknown",
        "enrichment_status": "needs_review",
        "needs_enrichment": true,
        "confidence": 0.55,
        "ordinary_parking_status": "unknown_pending_access_rule_check",
        "field_conflict_status": "needs_field_review",
        "confidence_reason": "OSM parking area reconciled from the basemap; public access and rules require verification.",
        "tainted": false,
        "raw_tags": {
          "access": "private",
          "amenity": "parking",
          "orientation": "perpendicular",
          "parking": "street_side"
        },
        "raw_properties": {
          "type": "way",
          "id": 164919550,
          "tags": {
            "access": "private",
            "amenity": "parking",
            "orientation": "perpendicular",
            "parking": "street_side"
          },
          "relations": [],
          "meta": {
            "timestamp": "2024-12-07T21:45:26Z",
            "version": "2",
            "changeset": "160040636",
            "user": "Udarian",
            "uid": "6168709"
          }
        }
      }
    },
    {
      "type": "Feature",
      "geometry": {
        "type": "Polygon",
        "coordinates": [
          [
            [
              -80.1369626,
              25.7615601
            ],
            [
              -80.1369809,
              25.7615026
            ],
            [
              -80.136991,
              25.761471
            ],
            [
              -80.1370242,
              25.761388
            ],
            [
              -80.136964,
              25.7613656
            ],
            [
              -80.1369259,
              25.7614579
            ],
            [
              -80.1369038,
              25.7615495
            ],
            [
              -80.1369626,
              25.7615601
            ]
          ]
        ]
      },
      "properties": {
        "source_id": "osm:way:164919551",
        "source_name": "OpenStreetMap bounded basemap reconciliation",
        "name": "Unnamed OSM parking candidate",
        "facility_type": "street_side",
        "parking_evidence_kind": "parking_area_candidate",
        "access": "private",
        "fee": "unknown",
        "operator": "",
        "source_url": "https://www.openstreetmap.org/way/164919551",
        "api_url": "https://api.openstreetmap.org/api/0.6/map",
        "evidence_url": "https://www.openstreetmap.org/way/164919551",
        "osm_type": "way",
        "osm_id": 164919551,
        "existence_status": "candidate",
        "price_status": "unknown",
        "rule_status": "unknown",
        "enrichment_status": "needs_review",
        "needs_enrichment": true,
        "confidence": 0.55,
        "ordinary_parking_status": "unknown_pending_access_rule_check",
        "field_conflict_status": "needs_field_review",
        "confidence_reason": "OSM parking area reconciled from the basemap; public access and rules require verification.",
        "tainted": false,
        "raw_tags": {
          "access": "private",
          "amenity": "parking",
          "orientation": "perpendicular",
          "parking": "street_side"
        },
        "raw_properties": {
          "type": "way",
          "id": 164919551,
          "tags": {
            "access": "private",
            "amenity": "parking",
            "orientation": "perpendicular",
            "parking": "street_side"
          },
          "relations": [],
          "meta": {
            "timestamp": "2024-12-07T21:45:26Z",
            "version": "4",
            "changeset": "160040636",
            "user": "Udarian",
            "uid": "6168709"
          }
        }
      }
    },
    {
      "type": "Feature",
      "geometry": {
        "type": "Polygon",
        "coordinates": [
          [
            [
              -80.1366943,
              25.7677043
            ],
            [
              -80.1366959,
              25.7676142
            ],
            [
              -80.1366789,
              25.7675351
            ],
            [
              -80.136625,
              25.7674269
            ],
            [
              -80.136548,
              25.7673298
            ],
            [
              -80.1364309,
              25.7672368
            ],
            [
              -80.1363046,
              25.7671785
            ],
            [
              -80.1362122,
              25.767155
            ],
            [
              -80.1361228,
              25.7671452
            ],
            [
              -80.1360196,
              25.7671397
            ],
            [
              -80.1359549,
              25.7671494
            ],
            [
              -80.135844,
              25.7676669
            ],
            [
              -80.135921,
              25.7676655
            ],
            [
              -80.1359253,
              25.7677011
            ],
            [
              -80.1359287,
              25.7677293
            ],
            [
              -80.1360134,
              25.7677168
            ],
            [
              -80.1360227,
              25.7677446
            ],
            [
              -80.1361413,
              25.7677279
            ],
            [
              -80.1364795,
              25.7677212
            ],
            [
              -80.1364879,
              25.767721
            ],
            [
              -80.1366142,
              25.7677252
            ],
            [
              -80.1366158,
              25.7676988
            ],
            [
              -80.1366943,
              25.7677043
            ]
          ]
        ]
      },
      "properties": {
        "source_id": "osm:way:301905711",
        "source_name": "OpenStreetMap bounded basemap reconciliation",
        "name": "Unnamed OSM parking candidate",
        "facility_type": "multi-storey",
        "parking_evidence_kind": "parking_area_candidate",
        "access": "",
        "fee": "unknown",
        "operator": "",
        "source_url": "https://www.openstreetmap.org/way/301905711",
        "api_url": "https://api.openstreetmap.org/api/0.6/map",
        "evidence_url": "https://www.openstreetmap.org/way/301905711",
        "osm_type": "way",
        "osm_id": 301905711,
        "existence_status": "candidate",
        "price_status": "unknown",
        "rule_status": "unknown",
        "enrichment_status": "needs_review",
        "needs_enrichment": true,
        "confidence": 0.55,
        "ordinary_parking_status": "unknown_pending_access_rule_check",
        "field_conflict_status": "needs_field_review",
        "confidence_reason": "OSM parking area reconciled from the basemap; public access and rules require verification.",
        "tainted": false,
        "raw_tags": {
          "amenity": "parking",
          "building": "garage",
          "parking": "multi-storey"
        },
        "raw_properties": {
          "type": "way",
          "id": 301905711,
          "tags": {
            "amenity": "parking",
            "building": "garage",
            "parking": "multi-storey"
          },
          "relations": [],
          "meta": {
            "timestamp": "2014-12-28T17:23:17Z",
            "version": "3",
            "changeset": "27758462",
            "user": "ballzif21",
            "uid": "2542089"
          }
        }
      }
    },
    {
      "type": "Feature",
      "geometry": {
        "type": "Polygon",
        "coordinates": [
          [
            [
              -80.1416045,
              25.7574125
            ],
            [
              -80.1417957,
              25.757182
            ],
            [
              -80.141325,
              25.7568402
            ],
            [
              -80.1411301,
              25.757042
            ],
            [
              -80.1416045,
              25.7574125
            ]
          ]
        ]
      },
      "properties": {
        "source_id": "osm:way:313193504",
        "source_name": "OpenStreetMap bounded basemap reconciliation",
        "name": "Unnamed OSM parking candidate",
        "facility_type": "parking",
        "parking_evidence_kind": "parking_area_candidate",
        "access": "private",
        "fee": "unknown",
        "operator": "",
        "source_url": "https://www.openstreetmap.org/way/313193504",
        "api_url": "https://api.openstreetmap.org/api/0.6/map",
        "evidence_url": "https://www.openstreetmap.org/way/313193504",
        "osm_type": "way",
        "osm_id": 313193504,
        "existence_status": "candidate",
        "price_status": "unknown",
        "rule_status": "unknown",
        "enrichment_status": "needs_review",
        "needs_enrichment": true,
        "confidence": 0.55,
        "ordinary_parking_status": "unknown_pending_access_rule_check",
        "field_conflict_status": "needs_field_review",
        "confidence_reason": "OSM parking area reconciled from the basemap; public access and rules require verification.",
        "tainted": false,
        "raw_tags": {
          "access": "private",
          "amenity": "parking"
        },
        "raw_properties": {
          "type": "way",
          "id": 313193504,
          "tags": {
            "access": "private",
            "amenity": "parking"
          },
          "relations": [],
          "meta": {
            "timestamp": "2025-09-12T07:56:03Z",
            "version": "2",
            "changeset": "171816984",
            "user": "Gorger",
            "uid": "20415418"
          }
        }
      }
    },
    {
      "type": "Feature",
      "geometry": {
        "type": "Polygon",
        "coordinates": [
          [
            [
              -80.1431567,
              25.7463589
            ],
            [
              -80.1431312,
              25.7462079
            ],
            [
              -80.1430038,
              25.7462151
            ],
            [
              -80.1430065,
              25.7463939
            ],
            [
              -80.1431567,
              25.7463589
            ]
          ]
        ]
      },
      "properties": {
        "source_id": "osm:way:617983351",
        "source_name": "OpenStreetMap bounded basemap reconciliation",
        "name": "Unnamed OSM parking candidate",
        "facility_type": "parking",
        "parking_evidence_kind": "parking_area_candidate",
        "access": "",
        "fee": "unknown",
        "operator": "",
        "source_url": "https://www.openstreetmap.org/way/617983351",
        "api_url": "https://api.openstreetmap.org/api/0.6/map",
        "evidence_url": "https://www.openstreetmap.org/way/617983351",
        "osm_type": "way",
        "osm_id": 617983351,
        "existence_status": "candidate",
        "price_status": "unknown",
        "rule_status": "unknown",
        "enrichment_status": "needs_review",
        "needs_enrichment": true,
        "confidence": 0.55,
        "ordinary_parking_status": "unknown_pending_access_rule_check",
        "field_conflict_status": "needs_field_review",
        "confidence_reason": "OSM parking area reconciled from the basemap; public access and rules require verification.",
        "tainted": false,
        "raw_tags": {
          "amenity": "parking"
        },
        "raw_properties": {
          "type": "way",
          "id": 617983351,
          "tags": {
            "amenity": "parking"
          },
          "relations": [],
          "meta": {
            "timestamp": "2018-08-19T10:10:34Z",
            "version": "1",
            "changeset": "61789371",
            "user": "Seandebasti",
            "uid": "550560"
          }
        }
      }
    },
    {
      "type": "Feature",
      "geometry": {
        "type": "Polygon",
        "coordinates": [
          [
            [
              -80.1377728,
              25.7605948
            ],
            [
              -80.1377707,
              25.7605464
            ],
            [
              -80.1377163,
              25.7605473
            ],
            [
              -80.1377187,
              25.7605961
            ],
            [
              -80.1377728,
              25.7605948
            ]
          ]
        ]
      },
      "properties": {
        "source_id": "osm:way:1340741485",
        "source_name": "OpenStreetMap bounded basemap reconciliation",
        "name": "OSM parking evidence",
        "facility_type": "parking_space",
        "parking_evidence_kind": "parking_space_evidence",
        "access": "",
        "fee": "unknown",
        "operator": "",
        "source_url": "https://www.openstreetmap.org/way/1340741485",
        "api_url": "https://api.openstreetmap.org/api/0.6/map",
        "evidence_url": "https://www.openstreetmap.org/way/1340741485",
        "osm_type": "way",
        "osm_id": 1340741485,
        "existence_status": "candidate",
        "price_status": "unknown",
        "rule_status": "unknown",
        "enrichment_status": "needs_review",
        "needs_enrichment": true,
        "confidence": 0.35,
        "ordinary_parking_status": "not_ordinary_parking_offer",
        "field_conflict_status": "needs_field_review",
        "confidence_reason": "OSM parking-related evidence reconciled from the basemap; this is not a verified ordinary parking offer.",
        "tainted": false,
        "raw_tags": {
          "amenity": "parking_space",
          "capacity": "2"
        },
        "raw_properties": {
          "type": "way",
          "id": 1340741485,
          "tags": {
            "amenity": "parking_space",
            "capacity": "2"
          },
          "relations": [],
          "meta": {
            "timestamp": "2024-12-07T12:58:39Z",
            "version": "1",
            "changeset": "160026194",
            "user": "ericfromson",
            "uid": "22056074"
          }
        }
      }
    },
    {
      "type": "Feature",
      "geometry": {
        "type": "Polygon",
        "coordinates": [
          [
            [
              -80.1379319,
              25.7607746
            ],
            [
              -80.1378038,
              25.7607771
            ],
            [
              -80.1377452,
              25.7607782
            ],
            [
              -80.1377539,
              25.7610015
            ],
            [
              -80.1379402,
              25.7609968
            ],
            [
              -80.1379319,
              25.7607746
            ]
          ]
        ]
      },
      "properties": {
        "source_id": "osm:way:1340741486",
        "source_name": "OpenStreetMap bounded basemap reconciliation",
        "name": "Unnamed OSM parking candidate",
        "facility_type": "parking",
        "parking_evidence_kind": "parking_area_candidate",
        "access": "customers",
        "fee": "unknown",
        "operator": "",
        "source_url": "https://www.openstreetmap.org/way/1340741486",
        "api_url": "https://api.openstreetmap.org/api/0.6/map",
        "evidence_url": "https://www.openstreetmap.org/way/1340741486",
        "osm_type": "way",
        "osm_id": 1340741486,
        "existence_status": "candidate",
        "price_status": "unknown",
        "rule_status": "unknown",
        "enrichment_status": "needs_review",
        "needs_enrichment": true,
        "confidence": 0.55,
        "ordinary_parking_status": "unknown_pending_access_rule_check",
        "field_conflict_status": "needs_field_review",
        "confidence_reason": "OSM parking area reconciled from the basemap; public access and rules require verification.",
        "tainted": false,
        "raw_tags": {
          "access": "customers",
          "amenity": "parking",
          "capacity": "19",
          "capacity:disabled": "2"
        },
        "raw_properties": {
          "type": "way",
          "id": 1340741486,
          "tags": {
            "access": "customers",
            "amenity": "parking",
            "capacity": "19",
            "capacity:disabled": "2"
          },
          "relations": [],
          "meta": {
            "timestamp": "2024-12-10T19:24:02Z",
            "version": "2",
            "changeset": "160141581",
            "user": "ericfromson",
            "uid": "22056074"
          }
        }
      }
    },
    {
      "type": "Feature",
      "geometry": {
        "type": "Polygon",
        "coordinates": [
          [
            [
              -80.1380198,
              25.7611617
            ],
            [
              -80.137919,
              25.7611588
            ],
            [
              -80.1379152,
              25.7612508
            ],
            [
              -80.1379137,
              25.7612863
            ],
            [
              -80.137916,
              25.7612864
            ],
            [
              -80.1380182,
              25.7612931
            ],
            [
              -80.1380185,
              25.7612718
            ],
            [
              -80.1380198,
              25.7611617
            ]
          ]
        ]
      },
      "properties": {
        "source_id": "osm:way:1340741487",
        "source_name": "OpenStreetMap bounded basemap reconciliation",
        "name": "OSM parking evidence",
        "facility_type": "parking_space",
        "parking_evidence_kind": "parking_space_evidence",
        "access": "",
        "fee": "unknown",
        "operator": "",
        "source_url": "https://www.openstreetmap.org/way/1340741487",
        "api_url": "https://api.openstreetmap.org/api/0.6/map",
        "evidence_url": "https://www.openstreetmap.org/way/1340741487",
        "osm_type": "way",
        "osm_id": 1340741487,
        "existence_status": "candidate",
        "price_status": "unknown",
        "rule_status": "unknown",
        "enrichment_status": "needs_review",
        "needs_enrichment": true,
        "confidence": 0.35,
        "ordinary_parking_status": "not_ordinary_parking_offer",
        "field_conflict_status": "needs_field_review",
        "confidence_reason": "OSM parking-related evidence reconciled from the basemap; this is not a verified ordinary parking offer.",
        "tainted": false,
        "raw_tags": {
          "amenity": "parking_space"
        },
        "raw_properties": {
          "type": "way",
          "id": 1340741487,
          "tags": {
            "amenity": "parking_space"
          },
          "relations": [],
          "meta": {
            "timestamp": "2024-12-10T19:24:02Z",
            "version": "3",
            "changeset": "160141581",
            "user": "ericfromson",
            "uid": "22056074"
          }
        }
      }
    },
    {
      "type": "Feature",
      "geometry": {
        "type": "Polygon",
        "coordinates": [
          [
            [
              -80.1377452,
              25.7607782
            ],
            [
              -80.1378038,
              25.7607771
            ],
            [
              -80.1378031,
              25.7607558
            ],
            [
              -80.1377444,
              25.7607576
            ],
            [
              -80.1377452,
              25.7607782
            ]
          ]
        ]
      },
      "properties": {
        "source_id": "osm:way:1341612615",
        "source_name": "OpenStreetMap bounded basemap reconciliation",
        "name": "OSM parking evidence",
        "facility_type": "parking_space",
        "parking_evidence_kind": "parking_space_evidence",
        "access": "",
        "fee": "unknown",
        "operator": "",
        "source_url": "https://www.openstreetmap.org/way/1341612615",
        "api_url": "https://api.openstreetmap.org/api/0.6/map",
        "evidence_url": "https://www.openstreetmap.org/way/1341612615",
        "osm_type": "way",
        "osm_id": 1341612615,
        "existence_status": "candidate",
        "price_status": "unknown",
        "rule_status": "unknown",
        "enrichment_status": "needs_review",
        "needs_enrichment": true,
        "confidence": 0.35,
        "ordinary_parking_status": "not_ordinary_parking_offer",
        "field_conflict_status": "needs_field_review",
        "confidence_reason": "OSM parking-related evidence reconciled from the basemap; this is not a verified ordinary parking offer.",
        "tainted": false,
        "raw_tags": {
          "amenity": "parking_space"
        },
        "raw_properties": {
          "type": "way",
          "id": 1341612615,
          "tags": {
            "amenity": "parking_space"
          },
          "relations": [],
          "meta": {
            "timestamp": "2024-12-10T19:24:02Z",
            "version": "1",
            "changeset": "160141581",
            "user": "ericfromson",
            "uid": "22056074"
          }
        }
      }
    },
    {
      "type": "Feature",
      "geometry": {
        "type": "Point",
        "coordinates": [
          -80.1419584,
          25.7585048
        ]
      },
      "properties": {
        "source_id": "osm:node:1668020566",
        "source_name": "OpenStreetMap bounded basemap reconciliation",
        "name": "OSM parking evidence",
        "facility_type": "parking_entrance",
        "parking_evidence_kind": "parking_entrance_evidence",
        "access": "",
        "fee": "unknown",
        "operator": "",
        "source_url": "https://www.openstreetmap.org/node/1668020566",
        "api_url": "https://api.openstreetmap.org/api/0.6/map",
        "evidence_url": "https://www.openstreetmap.org/node/1668020566",
        "osm_type": "node",
        "osm_id": "1668020566",
        "existence_status": "candidate",
        "price_status": "unknown",
        "rule_status": "unknown",
        "enrichment_status": "needs_review",
        "needs_enrichment": true,
        "confidence": 0.35,
        "ordinary_parking_status": "not_ordinary_parking_offer",
        "field_conflict_status": "needs_field_review",
        "confidence_reason": "OSM parking-related evidence reconciled from the basemap; this is not a verified ordinary parking offer.",
        "tainted": false,
        "raw_tags": {
          "amenity": "parking_entrance"
        },
        "raw_properties": {
          "type": "node",
          "id": "1668020566",
          "tags": {
            "amenity": "parking_entrance"
          },
          "relations": [],
          "meta": {
            "timestamp": "2024-12-07T03:10:42Z",
            "version": "2",
            "changeset": "160014550",
            "user": "ericfromson",
            "uid": "22056074"
          }
        }
      }
    },
    {
      "type": "Feature",
      "geometry": {
        "type": "Point",
        "coordinates": [
          -80.1350543,
          25.7669435
        ]
      },
      "properties": {
        "source_id": "osm:node:10232512924",
        "source_name": "OpenStreetMap bounded basemap reconciliation",
        "name": "City of Miami Beach",
        "facility_type": "parking",
        "parking_evidence_kind": "parking_area_candidate",
        "access": "yes",
        "fee": "unknown",
        "operator": "City of Miami Beach",
        "source_url": "https://www.openstreetmap.org/node/10232512924",
        "api_url": "https://api.openstreetmap.org/api/0.6/map",
        "evidence_url": "https://www.openstreetmap.org/node/10232512924",
        "osm_type": "node",
        "osm_id": "10232512924",
        "existence_status": "candidate",
        "price_status": "unknown",
        "rule_status": "unknown",
        "enrichment_status": "needs_review",
        "needs_enrichment": true,
        "confidence": 0.55,
        "ordinary_parking_status": "unknown_pending_access_rule_check",
        "field_conflict_status": "needs_field_review",
        "confidence_reason": "OSM parking area reconciled from the basemap; public access and rules require verification.",
        "tainted": false,
        "raw_tags": {
          "access": "yes",
          "amenity": "parking",
          "description": "Miami Beach Parking Lot",
          "operator": "City of Miami Beach",
          "operator:type": "public",
          "surface": "asphalt"
        },
        "raw_properties": {
          "type": "node",
          "id": "10232512924",
          "tags": {
            "access": "yes",
            "amenity": "parking",
            "description": "Miami Beach Parking Lot",
            "operator": "City of Miami Beach",
            "operator:type": "public",
            "surface": "asphalt"
          },
          "relations": [],
          "meta": {
            "timestamp": "2022-12-02T07:48:55Z",
            "version": "1",
            "changeset": "129632599",
            "user": "Brianna Buchler",
            "uid": "17848560"
          }
        }
      }
    },
    {
      "type": "Feature",
      "geometry": {
        "type": "Polygon",
        "coordinates": [
          [
            [
              -80.1733712,
              25.7845689
            ],
            [
              -80.1736516,
              25.7850066
            ],
            [
              -80.1738808,
              25.7848875
            ],
            [
              -80.1738546,
              25.7848466
            ],
            [
              -80.1739377,
              25.7848035
            ],
            [
              -80.1739511,
              25.7848244
            ],
            [
              -80.17402,
              25.7847886
            ],
            [
              -80.1741299,
              25.7847315
            ],
            [
              -80.1741162,
              25.7847101
            ],
            [
              -80.174187,
              25.7846733
            ],
            [
              -80.1742127,
              25.7847134
            ],
            [
              -80.1744445,
              25.784593
            ],
            [
              -80.1738829,
              25.7837164
            ],
            [
              -80.1738387,
              25.7836475
            ],
            [
              -80.1737884,
              25.7836736
            ],
            [
              -80.1737732,
              25.7836815
            ],
            [
              -80.1737146,
              25.7837119
            ],
            [
              -80.1737404,
              25.7837521
            ],
            [
              -80.1734239,
              25.7839165
            ],
            [
              -80.1733866,
              25.7838583
            ],
            [
              -80.1733471,
              25.7838788
            ],
            [
              -80.1732485,
              25.78393
            ],
            [
              -80.1732594,
              25.7839908
            ],
            [
              -80.1732665,
              25.7840306
            ],
            [
              -80.1733712,
              25.7845689
            ]
          ]
        ]
      },
      "properties": {
        "source_id": "osm:way:117926314",
        "source_name": "OpenStreetMap bounded basemap reconciliation",
        "name": "Jungle Island",
        "facility_type": "multi-storey",
        "parking_evidence_kind": "parking_area_candidate",
        "access": "customers",
        "fee": "yes",
        "operator": "",
        "source_url": "https://www.openstreetmap.org/way/117926314",
        "api_url": "https://api.openstreetmap.org/api/0.6/map",
        "evidence_url": "https://www.openstreetmap.org/way/117926314",
        "osm_type": "way",
        "osm_id": 117926314,
        "existence_status": "candidate",
        "price_status": "unknown",
        "rule_status": "unknown",
        "enrichment_status": "needs_review",
        "needs_enrichment": true,
        "confidence": 0.55,
        "ordinary_parking_status": "unknown_pending_access_rule_check",
        "field_conflict_status": "needs_field_review",
        "confidence_reason": "OSM parking area reconciled from the basemap; public access and rules require verification.",
        "tainted": false,
        "raw_tags": {
          "access": "customers",
          "amenity": "parking",
          "building": "yes",
          "building:levels": "2",
          "charge": "20 USD",
          "covered": "yes",
          "fee": "yes",
          "name": "Jungle Island",
          "parking": "multi-storey"
        },
        "raw_properties": {
          "type": "way",
          "id": 117926314,
          "tags": {
            "access": "customers",
            "amenity": "parking",
            "building": "yes",
            "building:levels": "2",
            "charge": "20 USD",
            "covered": "yes",
            "fee": "yes",
            "name": "Jungle Island",
            "parking": "multi-storey"
          },
          "relations": [],
          "meta": {
            "timestamp": "2024-06-17T14:52:36Z",
            "version": "7",
            "changeset": "152807123",
            "user": "pgsm88",
            "uid": "5180656"
          }
        }
      }
    },
    {
      "type": "Feature",
      "geometry": {
        "type": "Polygon",
        "coordinates": [
          [
            [
              -80.1731319,
              25.7850463
            ],
            [
              -80.1728637,
              25.7836527
            ],
            [
              -80.1728503,
              25.7832035
            ],
            [
              -80.1725821,
              25.7830538
            ],
            [
              -80.1724292,
              25.7829088
            ],
            [
              -80.1723935,
              25.7829239
            ],
            [
              -80.1723326,
              25.7829934
            ],
            [
              -80.1722185,
              25.7832161
            ],
            [
              -80.1723151,
              25.7834123
            ],
            [
              -80.1725419,
              25.7839619
            ],
            [
              -80.1726196,
              25.7844111
            ],
            [
              -80.1725714,
              25.7845101
            ],
            [
              -80.1726813,
              25.785097
            ],
            [
              -80.1731319,
              25.7850463
            ]
          ]
        ]
      },
      "properties": {
        "source_id": "osm:way:117926327",
        "source_name": "OpenStreetMap bounded basemap reconciliation",
        "name": "Unnamed OSM parking candidate",
        "facility_type": "surface",
        "parking_evidence_kind": "parking_area_candidate",
        "access": "",
        "fee": "unknown",
        "operator": "",
        "source_url": "https://www.openstreetmap.org/way/117926327",
        "api_url": "https://api.openstreetmap.org/api/0.6/map",
        "evidence_url": "https://www.openstreetmap.org/way/117926327",
        "osm_type": "way",
        "osm_id": 117926327,
        "existence_status": "candidate",
        "price_status": "unknown",
        "rule_status": "unknown",
        "enrichment_status": "needs_review",
        "needs_enrichment": true,
        "confidence": 0.55,
        "ordinary_parking_status": "unknown_pending_access_rule_check",
        "field_conflict_status": "needs_field_review",
        "confidence_reason": "OSM parking area reconciled from the basemap; public access and rules require verification.",
        "tainted": false,
        "raw_tags": {
          "amenity": "parking",
          "parking": "surface"
        },
        "raw_properties": {
          "type": "way",
          "id": 117926327,
          "tags": {
            "amenity": "parking",
            "parking": "surface"
          },
          "relations": [],
          "meta": {
            "timestamp": "2018-05-13T09:01:01Z",
            "version": "3",
            "changeset": "58919017",
            "user": "carciofo",
            "uid": "2533093"
          }
        }
      }
    },
    {
      "type": "Feature",
      "geometry": {
        "type": "Polygon",
        "coordinates": [
          [
            [
              -80.1741779,
              25.7774793
            ],
            [
              -80.1745584,
              25.7767656
            ],
            [
              -80.1728181,
              25.7760082
            ],
            [
              -80.1720618,
              25.7756808
            ],
            [
              -80.1718437,
              25.7760693
            ],
            [
              -80.1718122,
              25.7762286
            ],
            [
              -80.1718631,
              25.7763334
            ],
            [
              -80.172469,
              25.7766783
            ],
            [
              -80.1728326,
              25.7768987
            ],
            [
              -80.1729417,
              25.7769467
            ],
            [
              -80.1741779,
              25.7774793
            ]
          ]
        ]
      },
      "properties": {
        "source_id": "osm:way:189591943",
        "source_name": "OpenStreetMap bounded basemap reconciliation",
        "name": "Lot E",
        "facility_type": "surface",
        "parking_evidence_kind": "parking_area_candidate",
        "access": "",
        "fee": "yes",
        "operator": "",
        "source_url": "https://www.openstreetmap.org/way/189591943",
        "api_url": "https://api.openstreetmap.org/api/0.6/map",
        "evidence_url": "https://www.openstreetmap.org/way/189591943",
        "osm_type": "way",
        "osm_id": 189591943,
        "existence_status": "candidate",
        "price_status": "unknown",
        "rule_status": "unknown",
        "enrichment_status": "needs_review",
        "needs_enrichment": true,
        "confidence": 0.55,
        "ordinary_parking_status": "unknown_pending_access_rule_check",
        "field_conflict_status": "needs_field_review",
        "confidence_reason": "OSM parking area reconciled from the basemap; public access and rules require verification.",
        "tainted": false,
        "raw_tags": {
          "amenity": "parking",
          "fee": "yes",
          "name": "Lot E",
          "parking": "surface",
          "surface": "asphalt"
        },
        "raw_properties": {
          "type": "way",
          "id": 189591943,
          "tags": {
            "amenity": "parking",
            "fee": "yes",
            "name": "Lot E",
            "parking": "surface",
            "surface": "asphalt"
          },
          "relations": [],
          "meta": {
            "timestamp": "2017-01-08T05:33:07Z",
            "version": "3",
            "changeset": "44993869",
            "user": "JessAk71",
            "uid": "381909"
          }
        }
      }
    },
    {
      "type": "Feature",
      "geometry": {
        "type": "Polygon",
        "coordinates": [
          [
            [
              -80.167848,
              25.7746282
            ],
            [
              -80.168059,
              25.7742362
            ],
            [
              -80.1681706,
              25.7740289
            ],
            [
              -80.1680959,
              25.7739964
            ],
            [
              -80.1681084,
              25.7739733
            ],
            [
              -80.1673896,
              25.7736596
            ],
            [
              -80.1673723,
              25.7736918
            ],
            [
              -80.1673359,
              25.7736759
            ],
            [
              -80.1673078,
              25.773728
            ],
            [
              -80.1672485,
              25.7738383
            ],
            [
              -80.1670195,
              25.7742636
            ],
            [
              -80.1673527,
              25.774409
            ],
            [
              -80.1673374,
              25.7744374
            ],
            [
              -80.1674724,
              25.7744964
            ],
            [
              -80.1674864,
              25.7744704
            ],
            [
              -80.167848,
              25.7746282
            ]
          ]
        ]
      },
      "properties": {
        "source_id": "osm:way:480955423",
        "source_name": "OpenStreetMap bounded basemap reconciliation",
        "name": "Garage C",
        "facility_type": "multi-storey",
        "parking_evidence_kind": "parking_area_candidate",
        "access": "",
        "fee": "yes",
        "operator": "",
        "source_url": "https://www.openstreetmap.org/way/480955423",
        "api_url": "https://api.openstreetmap.org/api/0.6/map",
        "evidence_url": "https://www.openstreetmap.org/way/480955423",
        "osm_type": "way",
        "osm_id": 480955423,
        "existence_status": "candidate",
        "price_status": "unknown",
        "rule_status": "unknown",
        "enrichment_status": "needs_review",
        "needs_enrichment": true,
        "confidence": 0.55,
        "ordinary_parking_status": "unknown_pending_access_rule_check",
        "field_conflict_status": "needs_field_review",
        "confidence_reason": "OSM parking area reconciled from the basemap; public access and rules require verification.",
        "tainted": false,
        "raw_tags": {
          "addr:city": "Miami",
          "addr:housenumber": "1630",
          "addr:postcode": "33132",
          "addr:state": "FL",
          "addr:street": "Port Boulevard",
          "amenity": "parking",
          "building": "yes",
          "fee": "yes",
          "height": "24.5",
          "name": "Garage C",
          "parking": "multi-storey",
          "ref:miaaddr": "456807",
          "ref:miabldg": "62913"
        },
        "raw_properties": {
          "type": "way",
          "id": 480955423,
          "tags": {
            "addr:city": "Miami",
            "addr:housenumber": "1630",
            "addr:postcode": "33132",
            "addr:state": "FL",
            "addr:street": "Port Boulevard",
            "amenity": "parking",
            "building": "yes",
            "fee": "yes",
            "height": "24.5",
            "name": "Garage C",
            "parking": "multi-storey",
            "ref:miaaddr": "456807",
            "ref:miabldg": "62913"
          },
          "relations": [],
          "meta": {
            "timestamp": "2024-07-18T11:09:06Z",
            "version": "3",
            "changeset": "154095840",
            "user": "Udarian",
            "uid": "6168709"
          }
        }
      }
    },
    {
      "type": "Feature",
      "geometry": {
        "type": "Polygon",
        "coordinates": [
          [
            [
              -80.1713852,
              25.7760811
            ],
            [
              -80.171612,
              25.775653
            ],
            [
              -80.1715465,
              25.7756307
            ],
            [
              -80.1715575,
              25.77561
            ],
            [
              -80.1715119,
              25.7755901
            ],
            [
              -80.1707633,
              25.7752638
            ],
            [
              -80.1707357,
              25.7753156
            ],
            [
              -80.1706773,
              25.7752902
            ],
            [
              -80.1706494,
              25.7753429
            ],
            [
              -80.1705678,
              25.7754965
            ],
            [
              -80.1704993,
              25.7756257
            ],
            [
              -80.1704939,
              25.7756369
            ],
            [
              -80.170465,
              25.7756976
            ],
            [
              -80.1705251,
              25.7757183
            ],
            [
              -80.170514,
              25.7757366
            ],
            [
              -80.1713132,
              25.7760793
            ],
            [
              -80.1713286,
              25.7760541
            ],
            [
              -80.1713852,
              25.7760811
            ]
          ]
        ]
      },
      "properties": {
        "source_id": "osm:way:480955443",
        "source_name": "OpenStreetMap bounded basemap reconciliation",
        "name": "Garage D",
        "facility_type": "multi-storey",
        "parking_evidence_kind": "parking_area_candidate",
        "access": "",
        "fee": "yes",
        "operator": "",
        "source_url": "https://www.openstreetmap.org/way/480955443",
        "api_url": "https://api.openstreetmap.org/api/0.6/map",
        "evidence_url": "https://www.openstreetmap.org/way/480955443",
        "osm_type": "way",
        "osm_id": 480955443,
        "existence_status": "candidate",
        "price_status": "unknown",
        "rule_status": "unknown",
        "enrichment_status": "needs_review",
        "needs_enrichment": true,
        "confidence": 0.55,
        "ordinary_parking_status": "unknown_pending_access_rule_check",
        "field_conflict_status": "needs_field_review",
        "confidence_reason": "OSM parking area reconciled from the basemap; public access and rules require verification.",
        "tainted": false,
        "raw_tags": {
          "amenity": "parking",
          "building": "yes",
          "fee": "yes",
          "height": "17.4",
          "name": "Garage D",
          "parking": "multi-storey",
          "ref:miabldg": "90626"
        },
        "raw_properties": {
          "type": "way",
          "id": 480955443,
          "tags": {
            "amenity": "parking",
            "building": "yes",
            "fee": "yes",
            "height": "17.4",
            "name": "Garage D",
            "parking": "multi-storey",
            "ref:miabldg": "90626"
          },
          "relations": [],
          "meta": {
            "timestamp": "2023-04-11T12:58:49Z",
            "version": "3",
            "changeset": "134773166",
            "user": "pmarkina_lyft",
            "uid": "12195744"
          }
        }
      }
    },
    {
      "type": "Feature",
      "geometry": {
        "type": "Polygon",
        "coordinates": [
          [
            [
              -80.1734437,
              25.785902
            ],
            [
              -80.1734051,
              25.7857245
            ],
            [
              -80.1731703,
              25.7857364
            ],
            [
              -80.1731845,
              25.7858663
            ],
            [
              -80.1732404,
              25.7858654
            ],
            [
              -80.1732516,
              25.7859121
            ],
            [
              -80.1734437,
              25.785902
            ]
          ]
        ]
      },
      "properties": {
        "source_id": "osm:way:614306551",
        "source_name": "OpenStreetMap bounded basemap reconciliation",
        "name": "Unnamed OSM parking candidate",
        "facility_type": "parking",
        "parking_evidence_kind": "parking_area_candidate",
        "access": "",
        "fee": "unknown",
        "operator": "",
        "source_url": "https://www.openstreetmap.org/way/614306551",
        "api_url": "https://api.openstreetmap.org/api/0.6/map",
        "evidence_url": "https://www.openstreetmap.org/way/614306551",
        "osm_type": "way",
        "osm_id": 614306551,
        "existence_status": "candidate",
        "price_status": "unknown",
        "rule_status": "unknown",
        "enrichment_status": "needs_review",
        "needs_enrichment": true,
        "confidence": 0.55,
        "ordinary_parking_status": "unknown_pending_access_rule_check",
        "field_conflict_status": "needs_field_review",
        "confidence_reason": "OSM parking area reconciled from the basemap; public access and rules require verification.",
        "tainted": false,
        "raw_tags": {
          "amenity": "parking"
        },
        "raw_properties": {
          "type": "way",
          "id": 614306551,
          "tags": {
            "amenity": "parking"
          },
          "relations": [],
          "meta": {
            "timestamp": "2018-08-05T23:55:18Z",
            "version": "1",
            "changeset": "61386264",
            "user": "ColonialDagger",
            "uid": "8649299"
          }
        }
      }
    },
    {
      "type": "Feature",
      "geometry": {
        "type": "Polygon",
        "coordinates": [
          [
            [
              -80.173309,
              25.7851828
            ],
            [
              -80.1732515,
              25.7851836
            ],
            [
              -80.173286,
              25.7853613
            ],
            [
              -80.173347,
              25.7853573
            ],
            [
              -80.1733452,
              25.7852936
            ],
            [
              -80.173309,
              25.7851828
            ]
          ]
        ]
      },
      "properties": {
        "source_id": "osm:way:614306552",
        "source_name": "OpenStreetMap bounded basemap reconciliation",
        "name": "Unnamed OSM parking candidate",
        "facility_type": "parking",
        "parking_evidence_kind": "parking_area_candidate",
        "access": "",
        "fee": "unknown",
        "operator": "",
        "source_url": "https://www.openstreetmap.org/way/614306552",
        "api_url": "https://api.openstreetmap.org/api/0.6/map",
        "evidence_url": "https://www.openstreetmap.org/way/614306552",
        "osm_type": "way",
        "osm_id": 614306552,
        "existence_status": "candidate",
        "price_status": "unknown",
        "rule_status": "unknown",
        "enrichment_status": "needs_review",
        "needs_enrichment": true,
        "confidence": 0.55,
        "ordinary_parking_status": "unknown_pending_access_rule_check",
        "field_conflict_status": "needs_field_review",
        "confidence_reason": "OSM parking area reconciled from the basemap; public access and rules require verification.",
        "tainted": false,
        "raw_tags": {
          "amenity": "parking"
        },
        "raw_properties": {
          "type": "way",
          "id": 614306552,
          "tags": {
            "amenity": "parking"
          },
          "relations": [],
          "meta": {
            "timestamp": "2018-08-05T23:55:18Z",
            "version": "1",
            "changeset": "61386264",
            "user": "ColonialDagger",
            "uid": "8649299"
          }
        }
      }
    },
    {
      "type": "Feature",
      "geometry": {
        "type": "Polygon",
        "coordinates": [
          [
            [
              -80.1733532,
              25.7854067
            ],
            [
              -80.1732895,
              25.7854107
            ],
            [
              -80.1733382,
              25.7856824
            ],
            [
              -80.1734028,
              25.7856792
            ],
            [
              -80.1733532,
              25.7854067
            ]
          ]
        ]
      },
      "properties": {
        "source_id": "osm:way:614306553",
        "source_name": "OpenStreetMap bounded basemap reconciliation",
        "name": "Unnamed OSM parking candidate",
        "facility_type": "parking",
        "parking_evidence_kind": "parking_area_candidate",
        "access": "",
        "fee": "unknown",
        "operator": "",
        "source_url": "https://www.openstreetmap.org/way/614306553",
        "api_url": "https://api.openstreetmap.org/api/0.6/map",
        "evidence_url": "https://www.openstreetmap.org/way/614306553",
        "osm_type": "way",
        "osm_id": 614306553,
        "existence_status": "candidate",
        "price_status": "unknown",
        "rule_status": "unknown",
        "enrichment_status": "needs_review",
        "needs_enrichment": true,
        "confidence": 0.55,
        "ordinary_parking_status": "unknown_pending_access_rule_check",
        "field_conflict_status": "needs_field_review",
        "confidence_reason": "OSM parking area reconciled from the basemap; public access and rules require verification.",
        "tainted": false,
        "raw_tags": {
          "amenity": "parking"
        },
        "raw_properties": {
          "type": "way",
          "id": 614306553,
          "tags": {
            "amenity": "parking"
          },
          "relations": [],
          "meta": {
            "timestamp": "2018-08-05T23:55:18Z",
            "version": "1",
            "changeset": "61386264",
            "user": "ColonialDagger",
            "uid": "8649299"
          }
        }
      }
    },
    {
      "type": "Feature",
      "geometry": {
        "type": "Point",
        "coordinates": [
          -80.168059,
          25.7742362
        ]
      },
      "properties": {
        "source_id": "osm:node:1326303404",
        "source_name": "OpenStreetMap bounded basemap reconciliation",
        "name": "OSM parking evidence",
        "facility_type": "multi-storey",
        "parking_evidence_kind": "parking_entrance_evidence",
        "access": "",
        "fee": "unknown",
        "operator": "",
        "source_url": "https://www.openstreetmap.org/node/1326303404",
        "api_url": "https://api.openstreetmap.org/api/0.6/map",
        "evidence_url": "https://www.openstreetmap.org/node/1326303404",
        "osm_type": "node",
        "osm_id": "1326303404",
        "existence_status": "candidate",
        "price_status": "unknown",
        "rule_status": "unknown",
        "enrichment_status": "needs_review",
        "needs_enrichment": true,
        "confidence": 0.35,
        "ordinary_parking_status": "not_ordinary_parking_offer",
        "field_conflict_status": "needs_field_review",
        "confidence_reason": "OSM parking-related evidence reconciled from the basemap; this is not a verified ordinary parking offer.",
        "tainted": false,
        "raw_tags": {
          "amenity": "parking_entrance",
          "parking": "multi-storey"
        },
        "raw_properties": {
          "type": "node",
          "id": "1326303404",
          "tags": {
            "amenity": "parking_entrance",
            "parking": "multi-storey"
          },
          "relations": [],
          "meta": {
            "timestamp": "2024-07-18T11:09:06Z",
            "version": "5",
            "changeset": "154095840",
            "user": "Udarian",
            "uid": "6168709"
          }
        }
      }
    },
    {
      "type": "Feature",
      "geometry": {
        "type": "Point",
        "coordinates": [
          -80.1673078,
          25.773728
        ]
      },
      "properties": {
        "source_id": "osm:node:1326303410",
        "source_name": "OpenStreetMap bounded basemap reconciliation",
        "name": "OSM parking evidence",
        "facility_type": "multi-storey",
        "parking_evidence_kind": "parking_entrance_evidence",
        "access": "",
        "fee": "unknown",
        "operator": "",
        "source_url": "https://www.openstreetmap.org/node/1326303410",
        "api_url": "https://api.openstreetmap.org/api/0.6/map",
        "evidence_url": "https://www.openstreetmap.org/node/1326303410",
        "osm_type": "node",
        "osm_id": "1326303410",
        "existence_status": "candidate",
        "price_status": "unknown",
        "rule_status": "unknown",
        "enrichment_status": "needs_review",
        "needs_enrichment": true,
        "confidence": 0.35,
        "ordinary_parking_status": "not_ordinary_parking_offer",
        "field_conflict_status": "needs_field_review",
        "confidence_reason": "OSM parking-related evidence reconciled from the basemap; this is not a verified ordinary parking offer.",
        "tainted": false,
        "raw_tags": {
          "amenity": "parking_entrance",
          "parking": "multi-storey"
        },
        "raw_properties": {
          "type": "node",
          "id": "1326303410",
          "tags": {
            "amenity": "parking_entrance",
            "parking": "multi-storey"
          },
          "relations": [],
          "meta": {
            "timestamp": "2024-07-18T11:09:06Z",
            "version": "4",
            "changeset": "154095840",
            "user": "Udarian",
            "uid": "6168709"
          }
        }
      }
    },
    {
      "type": "Feature",
      "geometry": {
        "type": "Point",
        "coordinates": [
          -80.1672485,
          25.7738383
        ]
      },
      "properties": {
        "source_id": "osm:node:1326303422",
        "source_name": "OpenStreetMap bounded basemap reconciliation",
        "name": "OSM parking evidence",
        "facility_type": "multi-storey",
        "parking_evidence_kind": "parking_entrance_evidence",
        "access": "",
        "fee": "unknown",
        "operator": "",
        "source_url": "https://www.openstreetmap.org/node/1326303422",
        "api_url": "https://api.openstreetmap.org/api/0.6/map",
        "evidence_url": "https://www.openstreetmap.org/node/1326303422",
        "osm_type": "node",
        "osm_id": "1326303422",
        "existence_status": "candidate",
        "price_status": "unknown",
        "rule_status": "unknown",
        "enrichment_status": "needs_review",
        "needs_enrichment": true,
        "confidence": 0.35,
        "ordinary_parking_status": "not_ordinary_parking_offer",
        "field_conflict_status": "needs_field_review",
        "confidence_reason": "OSM parking-related evidence reconciled from the basemap; this is not a verified ordinary parking offer.",
        "tainted": false,
        "raw_tags": {
          "amenity": "parking_entrance",
          "parking": "multi-storey"
        },
        "raw_properties": {
          "type": "node",
          "id": "1326303422",
          "tags": {
            "amenity": "parking_entrance",
            "parking": "multi-storey"
          },
          "relations": [],
          "meta": {
            "timestamp": "2024-07-18T11:09:06Z",
            "version": "4",
            "changeset": "154095840",
            "user": "Udarian",
            "uid": "6168709"
          }
        }
      }
    },
    {
      "type": "Feature",
      "geometry": {
        "type": "Point",
        "coordinates": [
          -80.1641021,
          25.7737387
        ]
      },
      "properties": {
        "source_id": "osm:node:9473457392",
        "source_name": "OpenStreetMap bounded basemap reconciliation",
        "name": "OSM parking evidence",
        "facility_type": "multi-storey",
        "parking_evidence_kind": "parking_entrance_evidence",
        "access": "",
        "fee": "unknown",
        "operator": "",
        "source_url": "https://www.openstreetmap.org/node/9473457392",
        "api_url": "https://api.openstreetmap.org/api/0.6/map",
        "evidence_url": "https://www.openstreetmap.org/node/9473457392",
        "osm_type": "node",
        "osm_id": "9473457392",
        "existence_status": "candidate",
        "price_status": "unknown",
        "rule_status": "unknown",
        "enrichment_status": "needs_review",
        "needs_enrichment": true,
        "confidence": 0.35,
        "ordinary_parking_status": "not_ordinary_parking_offer",
        "field_conflict_status": "needs_field_review",
        "confidence_reason": "OSM parking-related evidence reconciled from the basemap; this is not a verified ordinary parking offer.",
        "tainted": false,
        "raw_tags": {
          "amenity": "parking_entrance",
          "level": "0",
          "parking": "multi-storey"
        },
        "raw_properties": {
          "type": "node",
          "id": "9473457392",
          "tags": {
            "amenity": "parking_entrance",
            "level": "0",
            "parking": "multi-storey"
          },
          "relations": [],
          "meta": {
            "timestamp": "2025-05-16T20:13:03Z",
            "version": "3",
            "changeset": "166367934",
            "user": "Udarian",
            "uid": "6168709"
          }
        }
      }
    },
    {
      "type": "Feature",
      "geometry": {
        "type": "Point",
        "coordinates": [
          -80.164496,
          25.7732445
        ]
      },
      "properties": {
        "source_id": "osm:node:10801615354",
        "source_name": "OpenStreetMap bounded basemap reconciliation",
        "name": "OSM parking evidence",
        "facility_type": "multi-storey",
        "parking_evidence_kind": "parking_entrance_evidence",
        "access": "",
        "fee": "unknown",
        "operator": "",
        "source_url": "https://www.openstreetmap.org/node/10801615354",
        "api_url": "https://api.openstreetmap.org/api/0.6/map",
        "evidence_url": "https://www.openstreetmap.org/node/10801615354",
        "osm_type": "node",
        "osm_id": "10801615354",
        "existence_status": "candidate",
        "price_status": "unknown",
        "rule_status": "unknown",
        "enrichment_status": "needs_review",
        "needs_enrichment": true,
        "confidence": 0.35,
        "ordinary_parking_status": "not_ordinary_parking_offer",
        "field_conflict_status": "needs_field_review",
        "confidence_reason": "OSM parking-related evidence reconciled from the basemap; this is not a verified ordinary parking offer.",
        "tainted": false,
        "raw_tags": {
          "amenity": "parking_entrance",
          "level": "0",
          "parking": "multi-storey"
        },
        "raw_properties": {
          "type": "node",
          "id": "10801615354",
          "tags": {
            "amenity": "parking_entrance",
            "level": "0",
            "parking": "multi-storey"
          },
          "relations": [],
          "meta": {
            "timestamp": "2025-05-16T20:13:03Z",
            "version": "2",
            "changeset": "166367934",
            "user": "Udarian",
            "uid": "6168709"
          }
        }
      }
    },
    {
      "type": "Feature",
      "geometry": {
        "type": "Point",
        "coordinates": [
          -80.1648816,
          25.7734179
        ]
      },
      "properties": {
        "source_id": "osm:node:10801615356",
        "source_name": "OpenStreetMap bounded basemap reconciliation",
        "name": "OSM parking evidence",
        "facility_type": "multi-storey",
        "parking_evidence_kind": "parking_entrance_evidence",
        "access": "",
        "fee": "unknown",
        "operator": "",
        "source_url": "https://www.openstreetmap.org/node/10801615356",
        "api_url": "https://api.openstreetmap.org/api/0.6/map",
        "evidence_url": "https://www.openstreetmap.org/node/10801615356",
        "osm_type": "node",
        "osm_id": "10801615356",
        "existence_status": "candidate",
        "price_status": "unknown",
        "rule_status": "unknown",
        "enrichment_status": "needs_review",
        "needs_enrichment": true,
        "confidence": 0.35,
        "ordinary_parking_status": "not_ordinary_parking_offer",
        "field_conflict_status": "needs_field_review",
        "confidence_reason": "OSM parking-related evidence reconciled from the basemap; this is not a verified ordinary parking offer.",
        "tainted": false,
        "raw_tags": {
          "amenity": "parking_entrance",
          "level": "0",
          "parking": "multi-storey"
        },
        "raw_properties": {
          "type": "node",
          "id": "10801615356",
          "tags": {
            "amenity": "parking_entrance",
            "level": "0",
            "parking": "multi-storey"
          },
          "relations": [],
          "meta": {
            "timestamp": "2025-05-16T20:13:03Z",
            "version": "2",
            "changeset": "166367934",
            "user": "Udarian",
            "uid": "6168709"
          }
        }
      }
    },
    {
      "type": "Feature",
      "geometry": {
        "type": "Point",
        "coordinates": [
          -80.1704939,
          25.7756369
        ]
      },
      "properties": {
        "source_id": "osm:node:10801670709",
        "source_name": "OpenStreetMap bounded basemap reconciliation",
        "name": "OSM parking evidence",
        "facility_type": "parking_entrance",
        "parking_evidence_kind": "parking_entrance_evidence",
        "access": "",
        "fee": "unknown",
        "operator": "",
        "source_url": "https://www.openstreetmap.org/node/10801670709",
        "api_url": "https://api.openstreetmap.org/api/0.6/map",
        "evidence_url": "https://www.openstreetmap.org/node/10801670709",
        "osm_type": "node",
        "osm_id": "10801670709",
        "existence_status": "candidate",
        "price_status": "unknown",
        "rule_status": "unknown",
        "enrichment_status": "needs_review",
        "needs_enrichment": true,
        "confidence": 0.35,
        "ordinary_parking_status": "not_ordinary_parking_offer",
        "field_conflict_status": "needs_field_review",
        "confidence_reason": "OSM parking-related evidence reconciled from the basemap; this is not a verified ordinary parking offer.",
        "tainted": false,
        "raw_tags": {
          "amenity": "parking_entrance"
        },
        "raw_properties": {
          "type": "node",
          "id": "10801670709",
          "tags": {
            "amenity": "parking_entrance"
          },
          "relations": [],
          "meta": {
            "timestamp": "2023-04-11T12:58:49Z",
            "version": "1",
            "changeset": "134773166",
            "user": "pmarkina_lyft",
            "uid": "12195744"
          }
        }
      }
    },
    {
      "type": "Feature",
      "geometry": {
        "type": "Point",
        "coordinates": [
          -80.1706494,
          25.7753429
        ]
      },
      "properties": {
        "source_id": "osm:node:10801670710",
        "source_name": "OpenStreetMap bounded basemap reconciliation",
        "name": "OSM parking evidence",
        "facility_type": "parking_entrance",
        "parking_evidence_kind": "parking_entrance_evidence",
        "access": "",
        "fee": "unknown",
        "operator": "",
        "source_url": "https://www.openstreetmap.org/node/10801670710",
        "api_url": "https://api.openstreetmap.org/api/0.6/map",
        "evidence_url": "https://www.openstreetmap.org/node/10801670710",
        "osm_type": "node",
        "osm_id": "10801670710",
        "existence_status": "candidate",
        "price_status": "unknown",
        "rule_status": "unknown",
        "enrichment_status": "needs_review",
        "needs_enrichment": true,
        "confidence": 0.35,
        "ordinary_parking_status": "not_ordinary_parking_offer",
        "field_conflict_status": "needs_field_review",
        "confidence_reason": "OSM parking-related evidence reconciled from the basemap; this is not a verified ordinary parking offer.",
        "tainted": false,
        "raw_tags": {
          "amenity": "parking_entrance"
        },
        "raw_properties": {
          "type": "node",
          "id": "10801670710",
          "tags": {
            "amenity": "parking_entrance"
          },
          "relations": [],
          "meta": {
            "timestamp": "2023-04-11T12:58:49Z",
            "version": "1",
            "changeset": "134773166",
            "user": "pmarkina_lyft",
            "uid": "12195744"
          }
        }
      }
    },
    {
      "type": "Feature",
      "geometry": {
        "type": "Point",
        "coordinates": [
          -80.1705678,
          25.7754965
        ]
      },
      "properties": {
        "source_id": "osm:node:10801670712",
        "source_name": "OpenStreetMap bounded basemap reconciliation",
        "name": "OSM parking evidence",
        "facility_type": "parking_entrance",
        "parking_evidence_kind": "parking_entrance_evidence",
        "access": "",
        "fee": "unknown",
        "operator": "",
        "source_url": "https://www.openstreetmap.org/node/10801670712",
        "api_url": "https://api.openstreetmap.org/api/0.6/map",
        "evidence_url": "https://www.openstreetmap.org/node/10801670712",
        "osm_type": "node",
        "osm_id": "10801670712",
        "existence_status": "candidate",
        "price_status": "unknown",
        "rule_status": "unknown",
        "enrichment_status": "needs_review",
        "needs_enrichment": true,
        "confidence": 0.35,
        "ordinary_parking_status": "not_ordinary_parking_offer",
        "field_conflict_status": "needs_field_review",
        "confidence_reason": "OSM parking-related evidence reconciled from the basemap; this is not a verified ordinary parking offer.",
        "tainted": false,
        "raw_tags": {
          "amenity": "parking_entrance"
        },
        "raw_properties": {
          "type": "node",
          "id": "10801670712",
          "tags": {
            "amenity": "parking_entrance"
          },
          "relations": [],
          "meta": {
            "timestamp": "2023-04-11T12:58:49Z",
            "version": "1",
            "changeset": "134773166",
            "user": "pmarkina_lyft",
            "uid": "12195744"
          }
        }
      }
    },
    {
      "type": "Feature",
      "geometry": {
        "type": "Point",
        "coordinates": [
          -80.1715119,
          25.7755901
        ]
      },
      "properties": {
        "source_id": "osm:node:10801670714",
        "source_name": "OpenStreetMap bounded basemap reconciliation",
        "name": "OSM parking evidence",
        "facility_type": "parking_entrance",
        "parking_evidence_kind": "parking_entrance_evidence",
        "access": "",
        "fee": "unknown",
        "operator": "",
        "source_url": "https://www.openstreetmap.org/node/10801670714",
        "api_url": "https://api.openstreetmap.org/api/0.6/map",
        "evidence_url": "https://www.openstreetmap.org/node/10801670714",
        "osm_type": "node",
        "osm_id": "10801670714",
        "existence_status": "candidate",
        "price_status": "unknown",
        "rule_status": "unknown",
        "enrichment_status": "needs_review",
        "needs_enrichment": true,
        "confidence": 0.35,
        "ordinary_parking_status": "not_ordinary_parking_offer",
        "field_conflict_status": "needs_field_review",
        "confidence_reason": "OSM parking-related evidence reconciled from the basemap; this is not a verified ordinary parking offer.",
        "tainted": false,
        "raw_tags": {
          "amenity": "parking_entrance"
        },
        "raw_properties": {
          "type": "node",
          "id": "10801670714",
          "tags": {
            "amenity": "parking_entrance"
          },
          "relations": [],
          "meta": {
            "timestamp": "2023-04-11T12:58:49Z",
            "version": "1",
            "changeset": "134773166",
            "user": "pmarkina_lyft",
            "uid": "12195744"
          }
        }
      }
    },
    {
      "type": "Feature",
      "geometry": {
        "type": "Polygon",
        "coordinates": [
          [
            [
              -80.1596319,
              25.7722819
            ],
            [
              -80.1596793,
              25.7721937
            ],
            [
              -80.1597861,
              25.7719902
            ],
            [
              -80.1586966,
              25.7715231
            ],
            [
              -80.1586245,
              25.7714922
            ],
            [
              -80.1583268,
              25.7713645
            ],
            [
              -80.1582177,
              25.7715658
            ],
            [
              -80.1581726,
              25.7716562
            ],
            [
              -80.1596319,
              25.7722819
            ]
          ]
        ]
      },
      "properties": {
        "source_id": "osm:way:268564894",
        "source_name": "OpenStreetMap bounded basemap reconciliation",
        "name": "Garage A",
        "facility_type": "multi-storey",
        "parking_evidence_kind": "parking_area_candidate",
        "access": "yes",
        "fee": "yes",
        "operator": "SP Plus Corporation",
        "source_url": "https://www.openstreetmap.org/way/268564894",
        "api_url": "https://api.openstreetmap.org/api/0.6/map",
        "evidence_url": "https://www.openstreetmap.org/way/268564894",
        "osm_type": "way",
        "osm_id": 268564894,
        "existence_status": "candidate",
        "price_status": "unknown",
        "rule_status": "unknown",
        "enrichment_status": "needs_review",
        "needs_enrichment": true,
        "confidence": 0.55,
        "ordinary_parking_status": "unknown_pending_access_rule_check",
        "field_conflict_status": "needs_field_review",
        "confidence_reason": "OSM parking area reconciled from the basemap; public access and rules require verification.",
        "tainted": false,
        "raw_tags": {
          "access": "yes",
          "amenity": "parking",
          "building": "roof",
          "charge": "35 USD",
          "covered": "yes",
          "fee": "yes",
          "name": "Garage A",
          "operator": "SP Plus Corporation",
          "operator:type": "business",
          "parking": "multi-storey",
          "payment:credit_cards": "yes",
          "payment:prepaid_ticket": "yes",
          "surface": "concrete"
        },
        "raw_properties": {
          "type": "way",
          "id": 268564894,
          "tags": {
            "access": "yes",
            "amenity": "parking",
            "building": "roof",
            "charge": "35 USD",
            "covered": "yes",
            "fee": "yes",
            "name": "Garage A",
            "operator": "SP Plus Corporation",
            "operator:type": "business",
            "parking": "multi-storey",
            "payment:credit_cards": "yes",
            "payment:prepaid_ticket": "yes",
            "surface": "concrete"
          },
          "relations": [],
          "meta": {
            "timestamp": "2025-12-07T23:51:56Z",
            "version": "6",
            "changeset": "175643829",
            "user": "Adam850",
            "uid": "13843308"
          }
        }
      }
    },
    {
      "type": "Feature",
      "geometry": {
        "type": "Polygon",
        "coordinates": [
          [
            [
              -80.1577499,
              25.7718611
            ],
            [
              -80.1580999,
              25.7711639
            ],
            [
              -80.1581261,
              25.7711187
            ],
            [
              -80.1581488,
              25.7710671
            ],
            [
              -80.1562454,
              25.7703077
            ],
            [
              -80.1562002,
              25.7703942
            ],
            [
              -80.1558637,
              25.771037
            ],
            [
              -80.1558431,
              25.7710765
            ],
            [
              -80.1562002,
              25.7712235
            ],
            [
              -80.1576616,
              25.7718248
            ],
            [
              -80.1577499,
              25.7718611
            ]
          ]
        ]
      },
      "properties": {
        "source_id": "osm:way:1302246409",
        "source_name": "OpenStreetMap bounded basemap reconciliation",
        "name": "Garage AA",
        "facility_type": "multi-storey",
        "parking_evidence_kind": "parking_area_candidate",
        "access": "",
        "fee": "unknown",
        "operator": "",
        "source_url": "https://www.openstreetmap.org/way/1302246409",
        "api_url": "https://api.openstreetmap.org/api/0.6/map",
        "evidence_url": "https://www.openstreetmap.org/way/1302246409",
        "osm_type": "way",
        "osm_id": 1302246409,
        "existence_status": "candidate",
        "price_status": "unknown",
        "rule_status": "unknown",
        "enrichment_status": "needs_review",
        "needs_enrichment": true,
        "confidence": 0.55,
        "ordinary_parking_status": "unknown_pending_access_rule_check",
        "field_conflict_status": "needs_field_review",
        "confidence_reason": "OSM parking area reconciled from the basemap; public access and rules require verification.",
        "tainted": false,
        "raw_tags": {
          "amenity": "parking",
          "building": "parking",
          "name": "Garage AA",
          "parking": "multi-storey"
        },
        "raw_properties": {
          "type": "way",
          "id": 1302246409,
          "tags": {
            "amenity": "parking",
            "building": "parking",
            "name": "Garage AA",
            "parking": "multi-storey"
          },
          "relations": [],
          "meta": {
            "timestamp": "2025-12-07T23:51:56Z",
            "version": "3",
            "changeset": "175643829",
            "user": "Adam850",
            "uid": "13843308"
          }
        }
      }
    },
    {
      "type": "Feature",
      "geometry": {
        "type": "Point",
        "coordinates": [
          -80.1606546,
          25.7724203
        ]
      },
      "properties": {
        "source_id": "osm:node:9473457401",
        "source_name": "OpenStreetMap bounded basemap reconciliation",
        "name": "OSM parking evidence",
        "facility_type": "multi-storey",
        "parking_evidence_kind": "parking_entrance_evidence",
        "access": "",
        "fee": "unknown",
        "operator": "",
        "source_url": "https://www.openstreetmap.org/node/9473457401",
        "api_url": "https://api.openstreetmap.org/api/0.6/map",
        "evidence_url": "https://www.openstreetmap.org/node/9473457401",
        "osm_type": "node",
        "osm_id": "9473457401",
        "existence_status": "candidate",
        "price_status": "unknown",
        "rule_status": "unknown",
        "enrichment_status": "needs_review",
        "needs_enrichment": true,
        "confidence": 0.35,
        "ordinary_parking_status": "not_ordinary_parking_offer",
        "field_conflict_status": "needs_field_review",
        "confidence_reason": "OSM parking-related evidence reconciled from the basemap; this is not a verified ordinary parking offer.",
        "tainted": false,
        "raw_tags": {
          "amenity": "parking_entrance",
          "parking": "multi-storey"
        },
        "raw_properties": {
          "type": "node",
          "id": "9473457401",
          "tags": {
            "amenity": "parking_entrance",
            "parking": "multi-storey"
          },
          "relations": [],
          "meta": {
            "timestamp": "2024-07-18T11:09:06Z",
            "version": "2",
            "changeset": "154095840",
            "user": "Udarian",
            "uid": "6168709"
          }
        }
      }
    },
    {
      "type": "Feature",
      "geometry": {
        "type": "Point",
        "coordinates": [
          -80.1574212,
          25.7716886
        ]
      },
      "properties": {
        "source_id": "osm:node:12536255451",
        "source_name": "OpenStreetMap bounded basemap reconciliation",
        "name": "OSM parking evidence",
        "facility_type": "rooftop",
        "parking_evidence_kind": "parking_entrance_evidence",
        "access": "",
        "fee": "unknown",
        "operator": "",
        "source_url": "https://www.openstreetmap.org/node/12536255451",
        "api_url": "https://api.openstreetmap.org/api/0.6/map",
        "evidence_url": "https://www.openstreetmap.org/node/12536255451",
        "osm_type": "node",
        "osm_id": "12536255451",
        "existence_status": "candidate",
        "price_status": "unknown",
        "rule_status": "unknown",
        "enrichment_status": "needs_review",
        "needs_enrichment": true,
        "confidence": 0.35,
        "ordinary_parking_status": "not_ordinary_parking_offer",
        "field_conflict_status": "needs_field_review",
        "confidence_reason": "OSM parking-related evidence reconciled from the basemap; this is not a verified ordinary parking offer.",
        "tainted": false,
        "raw_tags": {
          "amenity": "parking_entrance",
          "level": "1",
          "parking": "rooftop"
        },
        "raw_properties": {
          "type": "node",
          "id": "12536255451",
          "tags": {
            "amenity": "parking_entrance",
            "level": "1",
            "parking": "rooftop"
          },
          "relations": [],
          "meta": {
            "timestamp": "2025-01-27T13:12:16Z",
            "version": "1",
            "changeset": "161817833",
            "user": "amakarevich_lyft",
            "uid": "11905428"
          }
        }
      }
    },
    {
      "type": "Feature",
      "geometry": {
        "type": "Point",
        "coordinates": [
          -80.1562109,
          25.7703059
        ]
      },
      "properties": {
        "source_id": "osm:node:13235987147",
        "source_name": "OpenStreetMap bounded basemap reconciliation",
        "name": "OSM parking evidence",
        "facility_type": "parking_entrance",
        "parking_evidence_kind": "parking_entrance_evidence",
        "access": "",
        "fee": "unknown",
        "operator": "",
        "source_url": "https://www.openstreetmap.org/node/13235987147",
        "api_url": "https://api.openstreetmap.org/api/0.6/map",
        "evidence_url": "https://www.openstreetmap.org/node/13235987147",
        "osm_type": "node",
        "osm_id": "13235987147",
        "existence_status": "candidate",
        "price_status": "unknown",
        "rule_status": "unknown",
        "enrichment_status": "needs_review",
        "needs_enrichment": true,
        "confidence": 0.35,
        "ordinary_parking_status": "not_ordinary_parking_offer",
        "field_conflict_status": "needs_field_review",
        "confidence_reason": "OSM parking-related evidence reconciled from the basemap; this is not a verified ordinary parking offer.",
        "tainted": false,
        "raw_tags": {
          "amenity": "parking_entrance"
        },
        "raw_properties": {
          "type": "node",
          "id": "13235987147",
          "tags": {
            "amenity": "parking_entrance"
          },
          "relations": [],
          "meta": {
            "timestamp": "2025-10-16T06:09:43Z",
            "version": "1",
            "changeset": "173348383",
            "user": "tkotnala_lyft",
            "uid": "21672285"
          }
        }
      }
    },
    {
      "type": "Feature",
      "geometry": {
        "type": "Point",
        "coordinates": [
          -80.1542044,
          25.7697754
        ]
      },
      "properties": {
        "source_id": "osm:node:13235987149",
        "source_name": "OpenStreetMap bounded basemap reconciliation",
        "name": "OSM parking evidence",
        "facility_type": "parking_entrance",
        "parking_evidence_kind": "parking_entrance_evidence",
        "access": "",
        "fee": "unknown",
        "operator": "",
        "source_url": "https://www.openstreetmap.org/node/13235987149",
        "api_url": "https://api.openstreetmap.org/api/0.6/map",
        "evidence_url": "https://www.openstreetmap.org/node/13235987149",
        "osm_type": "node",
        "osm_id": "13235987149",
        "existence_status": "candidate",
        "price_status": "unknown",
        "rule_status": "unknown",
        "enrichment_status": "needs_review",
        "needs_enrichment": true,
        "confidence": 0.35,
        "ordinary_parking_status": "not_ordinary_parking_offer",
        "field_conflict_status": "needs_field_review",
        "confidence_reason": "OSM parking-related evidence reconciled from the basemap; this is not a verified ordinary parking offer.",
        "tainted": false,
        "raw_tags": {
          "amenity": "parking_entrance"
        },
        "raw_properties": {
          "type": "node",
          "id": "13235987149",
          "tags": {
            "amenity": "parking_entrance"
          },
          "relations": [],
          "meta": {
            "timestamp": "2025-10-16T06:09:43Z",
            "version": "1",
            "changeset": "173348383",
            "user": "tkotnala_lyft",
            "uid": "21672285"
          }
        }
      }
    },
    {
      "type": "Feature",
      "geometry": {
        "type": "Polygon",
        "coordinates": [
          [
            [
              -80.1462907,
              25.7722213
            ],
            [
              -80.1462032,
              25.7720867
            ],
            [
              -80.1456631,
              25.7723867
            ],
            [
              -80.145676,
              25.7724056
            ],
            [
              -80.1456689,
              25.7724269
            ],
            [
              -80.145642,
              25.77242
            ],
            [
              -80.1456135,
              25.7724208
            ],
            [
              -80.1455921,
              25.7724271
            ],
            [
              -80.1455731,
              25.7724379
            ],
            [
              -80.1455576,
              25.7724525
            ],
            [
              -80.1455466,
              25.7724702
            ],
            [
              -80.1455407,
              25.7724897
            ],
            [
              -80.1455403,
              25.77251
            ],
            [
              -80.145549,
              25.7725372
            ],
            [
              -80.1455674,
              25.7725601
            ],
            [
              -80.1455859,
              25.7725725
            ],
            [
              -80.1456072,
              25.7725804
            ],
            [
              -80.145631,
              25.7725832
            ],
            [
              -80.1456548,
              25.7725803
            ],
            [
              -80.1456792,
              25.7725706
            ],
            [
              -80.1456995,
              25.7725549
            ],
            [
              -80.1457144,
              25.7725336
            ],
            [
              -80.1457213,
              25.7725092
            ],
            [
              -80.1457442,
              25.7724972
            ],
            [
              -80.1457585,
              25.7725194
            ],
            [
              -80.1462843,
              25.7722249
            ],
            [
              -80.1462907,
              25.7722213
            ]
          ]
        ]
      },
      "properties": {
        "source_id": "osm:way:117820915",
        "source_name": "OpenStreetMap bounded basemap reconciliation",
        "name": "United States Coast Guard",
        "facility_type": "surface",
        "parking_evidence_kind": "parking_area_candidate",
        "access": "private",
        "fee": "unknown",
        "operator": "United States Coast Guard",
        "source_url": "https://www.openstreetmap.org/way/117820915",
        "api_url": "https://api.openstreetmap.org/api/0.6/map",
        "evidence_url": "https://www.openstreetmap.org/way/117820915",
        "osm_type": "way",
        "osm_id": 117820915,
        "existence_status": "candidate",
        "price_status": "unknown",
        "rule_status": "unknown",
        "enrichment_status": "needs_review",
        "needs_enrichment": true,
        "confidence": 0.55,
        "ordinary_parking_status": "unknown_pending_access_rule_check",
        "field_conflict_status": "needs_field_review",
        "confidence_reason": "OSM parking area reconciled from the basemap; public access and rules require verification.",
        "tainted": false,
        "raw_tags": {
          "access": "private",
          "amenity": "parking",
          "area": "yes",
          "operator": "United States Coast Guard",
          "operator:short": "USCG",
          "operator:type": "military",
          "operator:wikidata": "Q11224",
          "parking": "surface",
          "surface": "paved"
        },
        "raw_properties": {
          "type": "way",
          "id": 117820915,
          "tags": {
            "access": "private",
            "amenity": "parking",
            "area": "yes",
            "operator": "United States Coast Guard",
            "operator:short": "USCG",
            "operator:type": "military",
            "operator:wikidata": "Q11224",
            "parking": "surface",
            "surface": "paved"
          },
          "relations": [],
          "meta": {
            "timestamp": "2026-04-04T12:34:23Z",
            "version": "4",
            "changeset": "180851503",
            "user": "JRH50",
            "uid": "11392834"
          }
        }
      }
    },
    {
      "type": "Feature",
      "geometry": {
        "type": "Polygon",
        "coordinates": [
          [
            [
              -80.1452901,
              25.7705721
            ],
            [
              -80.145028,
              25.7701951
            ],
            [
              -80.1448175,
              25.7703068
            ],
            [
              -80.1447132,
              25.7703621
            ],
            [
              -80.1446967,
              25.7703372
            ],
            [
              -80.1445797,
              25.7703995
            ],
            [
              -80.1445292,
              25.7704266
            ],
            [
              -80.1444767,
              25.7704545
            ],
            [
              -80.1443248,
              25.7705355
            ],
            [
              -80.1444144,
              25.7706696
            ],
            [
              -80.1445055,
              25.7707981
            ],
            [
              -80.1446094,
              25.7709445
            ],
            [
              -80.1446286,
              25.770934
            ],
            [
              -80.1452901,
              25.7705721
            ]
          ]
        ]
      },
      "properties": {
        "source_id": "osm:way:117820916",
        "source_name": "OpenStreetMap bounded basemap reconciliation",
        "name": "United States Coast Guard",
        "facility_type": "surface",
        "parking_evidence_kind": "parking_area_candidate",
        "access": "private",
        "fee": "unknown",
        "operator": "United States Coast Guard",
        "source_url": "https://www.openstreetmap.org/way/117820916",
        "api_url": "https://api.openstreetmap.org/api/0.6/map",
        "evidence_url": "https://www.openstreetmap.org/way/117820916",
        "osm_type": "way",
        "osm_id": 117820916,
        "existence_status": "candidate",
        "price_status": "unknown",
        "rule_status": "unknown",
        "enrichment_status": "needs_review",
        "needs_enrichment": true,
        "confidence": 0.55,
        "ordinary_parking_status": "unknown_pending_access_rule_check",
        "field_conflict_status": "needs_field_review",
        "confidence_reason": "OSM parking area reconciled from the basemap; public access and rules require verification.",
        "tainted": false,
        "raw_tags": {
          "access": "private",
          "amenity": "parking",
          "area": "yes",
          "operator": "United States Coast Guard",
          "operator:short": "USCG",
          "operator:type": "military",
          "operator:wikidata": "Q11224",
          "parking": "surface",
          "surface": "concrete"
        },
        "raw_properties": {
          "type": "way",
          "id": 117820916,
          "tags": {
            "access": "private",
            "amenity": "parking",
            "area": "yes",
            "operator": "United States Coast Guard",
            "operator:short": "USCG",
            "operator:type": "military",
            "operator:wikidata": "Q11224",
            "parking": "surface",
            "surface": "concrete"
          },
          "relations": [],
          "meta": {
            "timestamp": "2026-04-04T11:15:15Z",
            "version": "4",
            "changeset": "180848286",
            "user": "JRH50",
            "uid": "11392834"
          }
        }
      }
    },
    {
      "type": "Feature",
      "geometry": {
        "type": "Polygon",
        "coordinates": [
          [
            [
              -80.1460877,
              25.7716667
            ],
            [
              -80.1460452,
              25.7716045
            ],
            [
              -80.145884,
              25.7713684
            ],
            [
              -80.1457571,
              25.7711827
            ],
            [
              -80.1456283,
              25.7709941
            ],
            [
              -80.1454274,
              25.7706999
            ],
            [
              -80.1453487,
              25.7707425
            ],
            [
              -80.1456794,
              25.7712251
            ],
            [
              -80.1460127,
              25.7717113
            ],
            [
              -80.1460877,
              25.7716667
            ]
          ]
        ]
      },
      "properties": {
        "source_id": "osm:way:117820924",
        "source_name": "OpenStreetMap bounded basemap reconciliation",
        "name": "United States Coast Guard",
        "facility_type": "street_side",
        "parking_evidence_kind": "parking_area_candidate",
        "access": "private",
        "fee": "unknown",
        "operator": "United States Coast Guard",
        "source_url": "https://www.openstreetmap.org/way/117820924",
        "api_url": "https://api.openstreetmap.org/api/0.6/map",
        "evidence_url": "https://www.openstreetmap.org/way/117820924",
        "osm_type": "way",
        "osm_id": 117820924,
        "existence_status": "candidate",
        "price_status": "unknown",
        "rule_status": "unknown",
        "enrichment_status": "needs_review",
        "needs_enrichment": true,
        "confidence": 0.55,
        "ordinary_parking_status": "unknown_pending_access_rule_check",
        "field_conflict_status": "needs_field_review",
        "confidence_reason": "OSM parking area reconciled from the basemap; public access and rules require verification.",
        "tainted": false,
        "raw_tags": {
          "access": "private",
          "amenity": "parking",
          "area": "yes",
          "operator": "United States Coast Guard",
          "operator:short": "USCG",
          "operator:type": "military",
          "operator:wikidata": "Q11224",
          "orientation": "perpendicular",
          "parking": "street_side",
          "surface": "concrete"
        },
        "raw_properties": {
          "type": "way",
          "id": 117820924,
          "tags": {
            "access": "private",
            "amenity": "parking",
            "area": "yes",
            "operator": "United States Coast Guard",
            "operator:short": "USCG",
            "operator:type": "military",
            "operator:wikidata": "Q11224",
            "orientation": "perpendicular",
            "parking": "street_side",
            "surface": "concrete"
          },
          "relations": [],
          "meta": {
            "timestamp": "2026-04-04T12:34:23Z",
            "version": "6",
            "changeset": "180851503",
            "user": "JRH50",
            "uid": "11392834"
          }
        }
      }
    },
    {
      "type": "Feature",
      "geometry": {
        "type": "Polygon",
        "coordinates": [
          [
            [
              -80.1458123,
              25.7718976
            ],
            [
              -80.1457404,
              25.7718054
            ],
            [
              -80.1457548,
              25.7717975
            ],
            [
              -80.1453382,
              25.7711734
            ],
            [
              -80.1452778,
              25.7712102
            ],
            [
              -80.145286,
              25.7713248
            ],
            [
              -80.1450156,
              25.7714925
            ],
            [
              -80.1454076,
              25.7720648
            ],
            [
              -80.1454523,
              25.772045
            ],
            [
              -80.145486,
              25.7720897
            ],
            [
              -80.1456443,
              25.7720006
            ],
            [
              -80.1456848,
              25.7720609
            ],
            [
              -80.1457877,
              25.7720032
            ],
            [
              -80.1458166,
              25.7720441
            ],
            [
              -80.1459688,
              25.7719597
            ],
            [
              -80.1459417,
              25.771918
            ],
            [
              -80.1458681,
              25.7718837
            ],
            [
              -80.1457945,
              25.7719252
            ],
            [
              -80.1457835,
              25.7719134
            ],
            [
              -80.1458123,
              25.7718976
            ]
          ]
        ]
      },
      "properties": {
        "source_id": "osm:way:117820927",
        "source_name": "OpenStreetMap bounded basemap reconciliation",
        "name": "United States Coast Guard",
        "facility_type": "surface",
        "parking_evidence_kind": "parking_area_candidate",
        "access": "private",
        "fee": "unknown",
        "operator": "United States Coast Guard",
        "source_url": "https://www.openstreetmap.org/way/117820927",
        "api_url": "https://api.openstreetmap.org/api/0.6/map",
        "evidence_url": "https://www.openstreetmap.org/way/117820927",
        "osm_type": "way",
        "osm_id": 117820927,
        "existence_status": "candidate",
        "price_status": "unknown",
        "rule_status": "unknown",
        "enrichment_status": "needs_review",
        "needs_enrichment": true,
        "confidence": 0.55,
        "ordinary_parking_status": "unknown_pending_access_rule_check",
        "field_conflict_status": "needs_field_review",
        "confidence_reason": "OSM parking area reconciled from the basemap; public access and rules require verification.",
        "tainted": false,
        "raw_tags": {
          "access": "private",
          "amenity": "parking",
          "area": "yes",
          "operator": "United States Coast Guard",
          "operator:short": "USCG",
          "operator:type": "military",
          "operator:wikidata": "Q11224",
          "parking": "surface",
          "surface": "concrete"
        },
        "raw_properties": {
          "type": "way",
          "id": 117820927,
          "tags": {
            "access": "private",
            "amenity": "parking",
            "area": "yes",
            "operator": "United States Coast Guard",
            "operator:short": "USCG",
            "operator:type": "military",
            "operator:wikidata": "Q11224",
            "parking": "surface",
            "surface": "concrete"
          },
          "relations": [],
          "meta": {
            "timestamp": "2026-04-06T03:33:46Z",
            "version": "5",
            "changeset": "180922407",
            "user": "Udarian",
            "uid": "6168709"
          }
        }
      }
    },
    {
      "type": "Feature",
      "geometry": {
        "type": "Polygon",
        "coordinates": [
          [
            [
              -80.1447293,
              25.7715645
            ],
            [
              -80.1447747,
              25.7715408
            ],
            [
              -80.1447318,
              25.7714779
            ],
            [
              -80.1447575,
              25.7714659
            ],
            [
              -80.1445553,
              25.7711713
            ],
            [
              -80.1444023,
              25.7712597
            ],
            [
              -80.1446919,
              25.7716775
            ],
            [
              -80.1447721,
              25.771633
            ],
            [
              -80.1447293,
              25.7715645
            ]
          ]
        ]
      },
      "properties": {
        "source_id": "osm:way:117905358",
        "source_name": "OpenStreetMap bounded basemap reconciliation",
        "name": "United States Coast Guard",
        "facility_type": "surface",
        "parking_evidence_kind": "parking_area_candidate",
        "access": "private",
        "fee": "unknown",
        "operator": "United States Coast Guard",
        "source_url": "https://www.openstreetmap.org/way/117905358",
        "api_url": "https://api.openstreetmap.org/api/0.6/map",
        "evidence_url": "https://www.openstreetmap.org/way/117905358",
        "osm_type": "way",
        "osm_id": 117905358,
        "existence_status": "candidate",
        "price_status": "unknown",
        "rule_status": "unknown",
        "enrichment_status": "needs_review",
        "needs_enrichment": true,
        "confidence": 0.55,
        "ordinary_parking_status": "unknown_pending_access_rule_check",
        "field_conflict_status": "needs_field_review",
        "confidence_reason": "OSM parking area reconciled from the basemap; public access and rules require verification.",
        "tainted": false,
        "raw_tags": {
          "access": "private",
          "amenity": "parking",
          "area": "yes",
          "operator": "United States Coast Guard",
          "operator:short": "USCG",
          "operator:type": "military",
          "operator:wikidata": "Q11224",
          "parking": "surface",
          "surface": "paved"
        },
        "raw_properties": {
          "type": "way",
          "id": 117905358,
          "tags": {
            "access": "private",
            "amenity": "parking",
            "area": "yes",
            "operator": "United States Coast Guard",
            "operator:short": "USCG",
            "operator:type": "military",
            "operator:wikidata": "Q11224",
            "parking": "surface",
            "surface": "paved"
          },
          "relations": [],
          "meta": {
            "timestamp": "2026-04-04T11:15:15Z",
            "version": "4",
            "changeset": "180848286",
            "user": "JRH50",
            "uid": "11392834"
          }
        }
      }
    },
    {
      "type": "Feature",
      "geometry": {
        "type": "Polygon",
        "coordinates": [
          [
            [
              -80.1478203,
              25.7715045
            ],
            [
              -80.1478204,
              25.7714591
            ],
            [
              -80.1472123,
              25.7705867
            ],
            [
              -80.1467667,
              25.7708255
            ],
            [
              -80.1467578,
              25.7708303
            ],
            [
              -80.1471247,
              25.7713549
            ],
            [
              -80.1473896,
              25.7717393
            ],
            [
              -80.1474381,
              25.7718183
            ],
            [
              -80.14747,
              25.7718633
            ],
            [
              -80.1474896,
              25.7718532
            ],
            [
              -80.1474988,
              25.7718753
            ],
            [
              -80.1476614,
              25.7718461
            ],
            [
              -80.1477001,
              25.7717619
            ],
            [
              -80.1478203,
              25.7715045
            ]
          ]
        ]
      },
      "properties": {
        "source_id": "osm:way:117915909",
        "source_name": "OpenStreetMap bounded basemap reconciliation",
        "name": "Unnamed OSM parking candidate",
        "facility_type": "surface",
        "parking_evidence_kind": "parking_area_candidate",
        "access": "",
        "fee": "unknown",
        "operator": "",
        "source_url": "https://www.openstreetmap.org/way/117915909",
        "api_url": "https://api.openstreetmap.org/api/0.6/map",
        "evidence_url": "https://www.openstreetmap.org/way/117915909",
        "osm_type": "way",
        "osm_id": 117915909,
        "existence_status": "candidate",
        "price_status": "unknown",
        "rule_status": "unknown",
        "enrichment_status": "needs_review",
        "needs_enrichment": true,
        "confidence": 0.55,
        "ordinary_parking_status": "unknown_pending_access_rule_check",
        "field_conflict_status": "needs_field_review",
        "confidence_reason": "OSM parking area reconciled from the basemap; public access and rules require verification.",
        "tainted": false,
        "raw_tags": {
          "amenity": "parking",
          "parking": "surface"
        },
        "raw_properties": {
          "type": "way",
          "id": 117915909,
          "tags": {
            "amenity": "parking",
            "parking": "surface"
          },
          "relations": [],
          "meta": {
            "timestamp": "2026-04-05T09:50:57Z",
            "version": "6",
            "changeset": "180888094",
            "user": "JRH50",
            "uid": "11392834"
          }
        }
      }
    },
    {
      "type": "Feature",
      "geometry": {
        "type": "Polygon",
        "coordinates": [
          [
            [
              -80.1490714,
              25.7909113
            ],
            [
              -80.1500356,
              25.7905865
            ],
            [
              -80.1499466,
              25.7904408
            ],
            [
              -80.1497373,
              25.7905126
            ],
            [
              -80.14975,
              25.7905449
            ],
            [
              -80.1497315,
              25.7905522
            ],
            [
              -80.1497442,
              25.7905792
            ],
            [
              -80.149261,
              25.7907437
            ],
            [
              -80.1492483,
              25.7907166
            ],
            [
              -80.1492251,
              25.790725
            ],
            [
              -80.1492205,
              25.7907146
            ],
            [
              -80.1491269,
              25.7907447
            ],
            [
              -80.1491014,
              25.7906771
            ],
            [
              -80.1491916,
              25.7906438
            ],
            [
              -80.1491766,
              25.7906021
            ],
            [
              -80.1491962,
              25.7905948
            ],
            [
              -80.1491847,
              25.7905699
            ],
            [
              -80.1495454,
              25.7904439
            ],
            [
              -80.1494587,
              25.7903221
            ],
            [
              -80.1497338,
              25.7901899
            ],
            [
              -80.1497465,
              25.7902097
            ],
            [
              -80.1497893,
              25.7901909
            ],
            [
              -80.1497535,
              25.7901399
            ],
            [
              -80.1494783,
              25.7902763
            ],
            [
              -80.149291,
              25.7903731
            ],
            [
              -80.1491511,
              25.7904626
            ],
            [
              -80.1489303,
              25.7906292
            ],
            [
              -80.1490714,
              25.7909113
            ]
          ]
        ]
      },
      "properties": {
        "source_id": "osm:way:192645624",
        "source_name": "OpenStreetMap bounded basemap reconciliation",
        "name": "Unnamed OSM parking candidate",
        "facility_type": "parking",
        "parking_evidence_kind": "parking_area_candidate",
        "access": "",
        "fee": "unknown",
        "operator": "",
        "source_url": "https://www.openstreetmap.org/way/192645624",
        "api_url": "https://api.openstreetmap.org/api/0.6/map",
        "evidence_url": "https://www.openstreetmap.org/way/192645624",
        "osm_type": "way",
        "osm_id": 192645624,
        "existence_status": "candidate",
        "price_status": "unknown",
        "rule_status": "unknown",
        "enrichment_status": "needs_review",
        "needs_enrichment": true,
        "confidence": 0.55,
        "ordinary_parking_status": "unknown_pending_access_rule_check",
        "field_conflict_status": "needs_field_review",
        "confidence_reason": "OSM parking area reconciled from the basemap; public access and rules require verification.",
        "tainted": false,
        "raw_tags": {
          "amenity": "parking"
        },
        "raw_properties": {
          "type": "way",
          "id": 192645624,
          "tags": {
            "amenity": "parking"
          },
          "relations": [],
          "meta": {
            "timestamp": "2012-11-25T13:44:14Z",
            "version": "1",
            "changeset": "14029078",
            "user": "pitscheplatsch",
            "uid": "52626"
          }
        }
      }
    },
    {
      "type": "Feature",
      "geometry": {
        "type": "Polygon",
        "coordinates": [
          [
            [
              -80.1491564,
              25.7911038
            ],
            [
              -80.1492574,
              25.7910949
            ],
            [
              -80.1497677,
              25.7910724
            ],
            [
              -80.1497642,
              25.7910011
            ],
            [
              -80.149712,
              25.7910031
            ],
            [
              -80.1496662,
              25.7910049
            ],
            [
              -80.149661,
              25.7909172
            ],
            [
              -80.1497047,
              25.7909155
            ],
            [
              -80.1497604,
              25.7909134
            ],
            [
              -80.1497487,
              25.7907179
            ],
            [
              -80.1497466,
              25.7906952
            ],
            [
              -80.149076,
              25.7909201
            ],
            [
              -80.1491275,
              25.7910347
            ],
            [
              -80.1491564,
              25.7911038
            ]
          ]
        ]
      },
      "properties": {
        "source_id": "osm:way:192646825",
        "source_name": "OpenStreetMap bounded basemap reconciliation",
        "name": "Unnamed OSM parking candidate",
        "facility_type": "parking",
        "parking_evidence_kind": "parking_area_candidate",
        "access": "",
        "fee": "unknown",
        "operator": "",
        "source_url": "https://www.openstreetmap.org/way/192646825",
        "api_url": "https://api.openstreetmap.org/api/0.6/map",
        "evidence_url": "https://www.openstreetmap.org/way/192646825",
        "osm_type": "way",
        "osm_id": 192646825,
        "existence_status": "candidate",
        "price_status": "unknown",
        "rule_status": "unknown",
        "enrichment_status": "needs_review",
        "needs_enrichment": true,
        "confidence": 0.55,
        "ordinary_parking_status": "unknown_pending_access_rule_check",
        "field_conflict_status": "needs_field_review",
        "confidence_reason": "OSM parking area reconciled from the basemap; public access and rules require verification.",
        "tainted": false,
        "raw_tags": {
          "amenity": "parking"
        },
        "raw_properties": {
          "type": "way",
          "id": 192646825,
          "tags": {
            "amenity": "parking"
          },
          "relations": [],
          "meta": {
            "timestamp": "2023-05-15T03:43:22Z",
            "version": "3",
            "changeset": "136106807",
            "user": "Swihail",
            "uid": "15458726"
          }
        }
      }
    },
    {
      "type": "Feature",
      "geometry": {
        "type": "Polygon",
        "coordinates": [
          [
            [
              -80.1472768,
              25.790467
            ],
            [
              -80.1470842,
              25.7900625
            ],
            [
              -80.1467381,
              25.7896805
            ],
            [
              -80.1466333,
              25.7897517
            ],
            [
              -80.1466899,
              25.7898179
            ],
            [
              -80.1466402,
              25.7898512
            ],
            [
              -80.1469176,
              25.7901396
            ],
            [
              -80.1469593,
              25.7901104
            ],
            [
              -80.1469777,
              25.7901385
            ],
            [
              -80.1469971,
              25.7901793
            ],
            [
              -80.1470272,
              25.7902378
            ],
            [
              -80.1469777,
              25.7902562
            ],
            [
              -80.1471181,
              25.7905261
            ],
            [
              -80.1471864,
              25.790501
            ],
            [
              -80.1472768,
              25.790467
            ]
          ]
        ]
      },
      "properties": {
        "source_id": "osm:way:192647502",
        "source_name": "OpenStreetMap bounded basemap reconciliation",
        "name": "Unnamed OSM parking candidate",
        "facility_type": "parking",
        "parking_evidence_kind": "parking_area_candidate",
        "access": "",
        "fee": "unknown",
        "operator": "",
        "source_url": "https://www.openstreetmap.org/way/192647502",
        "api_url": "https://api.openstreetmap.org/api/0.6/map",
        "evidence_url": "https://www.openstreetmap.org/way/192647502",
        "osm_type": "way",
        "osm_id": 192647502,
        "existence_status": "candidate",
        "price_status": "unknown",
        "rule_status": "unknown",
        "enrichment_status": "needs_review",
        "needs_enrichment": true,
        "confidence": 0.55,
        "ordinary_parking_status": "unknown_pending_access_rule_check",
        "field_conflict_status": "needs_field_review",
        "confidence_reason": "OSM parking area reconciled from the basemap; public access and rules require verification.",
        "tainted": false,
        "raw_tags": {
          "amenity": "parking"
        },
        "raw_properties": {
          "type": "way",
          "id": 192647502,
          "tags": {
            "amenity": "parking"
          },
          "relations": [],
          "meta": {
            "timestamp": "2015-08-21T14:30:15Z",
            "version": "2",
            "changeset": "33484864",
            "user": "DannyAiquipa",
            "uid": "2226712"
          }
        }
      }
    },
    {
      "type": "Feature",
      "geometry": {
        "type": "Polygon",
        "coordinates": [
          [
            [
              -80.1470344,
              25.7905792
            ],
            [
              -80.1468284,
              25.7903519
            ],
            [
              -80.1467854,
              25.7903834
            ],
            [
              -80.1469914,
              25.7906107
            ],
            [
              -80.1470344,
              25.7905792
            ]
          ]
        ]
      },
      "properties": {
        "source_id": "osm:way:192647503",
        "source_name": "OpenStreetMap bounded basemap reconciliation",
        "name": "Unnamed OSM parking candidate",
        "facility_type": "parking",
        "parking_evidence_kind": "parking_area_candidate",
        "access": "",
        "fee": "unknown",
        "operator": "",
        "source_url": "https://www.openstreetmap.org/way/192647503",
        "api_url": "https://api.openstreetmap.org/api/0.6/map",
        "evidence_url": "https://www.openstreetmap.org/way/192647503",
        "osm_type": "way",
        "osm_id": 192647503,
        "existence_status": "candidate",
        "price_status": "unknown",
        "rule_status": "unknown",
        "enrichment_status": "needs_review",
        "needs_enrichment": true,
        "confidence": 0.55,
        "ordinary_parking_status": "unknown_pending_access_rule_check",
        "field_conflict_status": "needs_field_review",
        "confidence_reason": "OSM parking area reconciled from the basemap; public access and rules require verification.",
        "tainted": false,
        "raw_tags": {
          "amenity": "parking"
        },
        "raw_properties": {
          "type": "way",
          "id": 192647503,
          "tags": {
            "amenity": "parking"
          },
          "relations": [],
          "meta": {
            "timestamp": "2012-11-25T13:56:48Z",
            "version": "1",
            "changeset": "14029309",
            "user": "pitscheplatsch",
            "uid": "52626"
          }
        }
      }
    },
    {
      "type": "Feature",
      "geometry": {
        "type": "Polygon",
        "coordinates": [
          [
            [
              -80.14699,
              25.7906712
            ],
            [
              -80.14675,
              25.7904079
            ],
            [
              -80.1466843,
              25.7904584
            ],
            [
              -80.1466173,
              25.790506
            ],
            [
              -80.1468572,
              25.7907693
            ],
            [
              -80.1469222,
              25.7907213
            ],
            [
              -80.14699,
              25.7906712
            ]
          ]
        ]
      },
      "properties": {
        "source_id": "osm:way:192647504",
        "source_name": "OpenStreetMap bounded basemap reconciliation",
        "name": "Unnamed OSM parking candidate",
        "facility_type": "parking",
        "parking_evidence_kind": "parking_area_candidate",
        "access": "",
        "fee": "unknown",
        "operator": "",
        "source_url": "https://www.openstreetmap.org/way/192647504",
        "api_url": "https://api.openstreetmap.org/api/0.6/map",
        "evidence_url": "https://www.openstreetmap.org/way/192647504",
        "osm_type": "way",
        "osm_id": 192647504,
        "existence_status": "candidate",
        "price_status": "unknown",
        "rule_status": "unknown",
        "enrichment_status": "needs_review",
        "needs_enrichment": true,
        "confidence": 0.55,
        "ordinary_parking_status": "unknown_pending_access_rule_check",
        "field_conflict_status": "needs_field_review",
        "confidence_reason": "OSM parking area reconciled from the basemap; public access and rules require verification.",
        "tainted": false,
        "raw_tags": {
          "amenity": "parking"
        },
        "raw_properties": {
          "type": "way",
          "id": 192647504,
          "tags": {
            "amenity": "parking"
          },
          "relations": [],
          "meta": {
            "timestamp": "2012-11-25T13:56:48Z",
            "version": "1",
            "changeset": "14029309",
            "user": "pitscheplatsch",
            "uid": "52626"
          }
        }
      }
    },
    {
      "type": "Feature",
      "geometry": {
        "type": "Polygon",
        "coordinates": [
          [
            [
              -80.1490505,
              25.7911512
            ],
            [
              -80.1488332,
              25.7907125
            ],
            [
              -80.1487762,
              25.7906372
            ],
            [
              -80.1487331,
              25.7906667
            ],
            [
              -80.148786,
              25.7907418
            ],
            [
              -80.1489993,
              25.791171
            ],
            [
              -80.1490505,
              25.7911512
            ]
          ]
        ]
      },
      "properties": {
        "source_id": "osm:way:588818167",
        "source_name": "OpenStreetMap bounded basemap reconciliation",
        "name": "Unnamed OSM parking candidate",
        "facility_type": "surface",
        "parking_evidence_kind": "parking_area_candidate",
        "access": "",
        "fee": "unknown",
        "operator": "",
        "source_url": "https://www.openstreetmap.org/way/588818167",
        "api_url": "https://api.openstreetmap.org/api/0.6/map",
        "evidence_url": "https://www.openstreetmap.org/way/588818167",
        "osm_type": "way",
        "osm_id": 588818167,
        "existence_status": "candidate",
        "price_status": "unknown",
        "rule_status": "unknown",
        "enrichment_status": "needs_review",
        "needs_enrichment": true,
        "confidence": 0.55,
        "ordinary_parking_status": "unknown_pending_access_rule_check",
        "field_conflict_status": "needs_field_review",
        "confidence_reason": "OSM parking area reconciled from the basemap; public access and rules require verification.",
        "tainted": false,
        "raw_tags": {
          "amenity": "parking",
          "parking": "surface",
          "surface": "asphalt"
        },
        "raw_properties": {
          "type": "way",
          "id": 588818167,
          "tags": {
            "amenity": "parking",
            "parking": "surface",
            "surface": "asphalt"
          },
          "relations": [],
          "meta": {
            "timestamp": "2018-05-17T00:53:01Z",
            "version": "1",
            "changeset": "59033535",
            "user": "lokejul",
            "uid": "2034065"
          }
        }
      }
    },
    {
      "type": "Feature",
      "geometry": {
        "type": "Polygon",
        "coordinates": [
          [
            [
              -80.1487127,
              25.7906413
            ],
            [
              -80.1487298,
              25.7906038
            ],
            [
              -80.1486918,
              25.7905965
            ],
            [
              -80.1486238,
              25.7905933
            ],
            [
              -80.1476107,
              25.7906326
            ],
            [
              -80.1476156,
              25.7906773
            ],
            [
              -80.1486495,
              25.7906308
            ],
            [
              -80.1486791,
              25.7906324
            ],
            [
              -80.1487127,
              25.7906413
            ]
          ]
        ]
      },
      "properties": {
        "source_id": "osm:way:588818168",
        "source_name": "OpenStreetMap bounded basemap reconciliation",
        "name": "Unnamed OSM parking candidate",
        "facility_type": "surface",
        "parking_evidence_kind": "parking_area_candidate",
        "access": "",
        "fee": "unknown",
        "operator": "",
        "source_url": "https://www.openstreetmap.org/way/588818168",
        "api_url": "https://api.openstreetmap.org/api/0.6/map",
        "evidence_url": "https://www.openstreetmap.org/way/588818168",
        "osm_type": "way",
        "osm_id": 588818168,
        "existence_status": "candidate",
        "price_status": "unknown",
        "rule_status": "unknown",
        "enrichment_status": "needs_review",
        "needs_enrichment": true,
        "confidence": 0.55,
        "ordinary_parking_status": "unknown_pending_access_rule_check",
        "field_conflict_status": "needs_field_review",
        "confidence_reason": "OSM parking area reconciled from the basemap; public access and rules require verification.",
        "tainted": false,
        "raw_tags": {
          "amenity": "parking",
          "parking": "surface",
          "surface": "asphalt"
        },
        "raw_properties": {
          "type": "way",
          "id": 588818168,
          "tags": {
            "amenity": "parking",
            "parking": "surface",
            "surface": "asphalt"
          },
          "relations": [],
          "meta": {
            "timestamp": "2018-05-17T00:53:01Z",
            "version": "1",
            "changeset": "59033535",
            "user": "lokejul",
            "uid": "2034065"
          }
        }
      }
    },
    {
      "type": "Feature",
      "geometry": {
        "type": "Polygon",
        "coordinates": [
          [
            [
              -80.1475578,
              25.7906821
            ],
            [
              -80.1475571,
              25.7906375
            ],
            [
              -80.1472901,
              25.790656
            ],
            [
              -80.1472292,
              25.7906745
            ],
            [
              -80.1471882,
              25.7907047
            ],
            [
              -80.1471404,
              25.790751
            ],
            [
              -80.1471046,
              25.7908064
            ],
            [
              -80.1470903,
              25.7908621
            ],
            [
              -80.1470918,
              25.7909218
            ],
            [
              -80.147106,
              25.7909424
            ],
            [
              -80.1471506,
              25.7909226
            ],
            [
              -80.147144,
              25.7909098
            ],
            [
              -80.1471424,
              25.7908588
            ],
            [
              -80.1471506,
              25.7908153
            ],
            [
              -80.1471804,
              25.7907672
            ],
            [
              -80.1472182,
              25.7907369
            ],
            [
              -80.1472517,
              25.7907098
            ],
            [
              -80.1472964,
              25.7906922
            ],
            [
              -80.1475578,
              25.7906821
            ]
          ]
        ]
      },
      "properties": {
        "source_id": "osm:way:588818169",
        "source_name": "OpenStreetMap bounded basemap reconciliation",
        "name": "Unnamed OSM parking candidate",
        "facility_type": "surface",
        "parking_evidence_kind": "parking_area_candidate",
        "access": "",
        "fee": "unknown",
        "operator": "",
        "source_url": "https://www.openstreetmap.org/way/588818169",
        "api_url": "https://api.openstreetmap.org/api/0.6/map",
        "evidence_url": "https://www.openstreetmap.org/way/588818169",
        "osm_type": "way",
        "osm_id": 588818169,
        "existence_status": "candidate",
        "price_status": "unknown",
        "rule_status": "unknown",
        "enrichment_status": "needs_review",
        "needs_enrichment": true,
        "confidence": 0.55,
        "ordinary_parking_status": "unknown_pending_access_rule_check",
        "field_conflict_status": "needs_field_review",
        "confidence_reason": "OSM parking area reconciled from the basemap; public access and rules require verification.",
        "tainted": false,
        "raw_tags": {
          "amenity": "parking",
          "parking": "surface",
          "surface": "asphalt"
        },
        "raw_properties": {
          "type": "way",
          "id": 588818169,
          "tags": {
            "amenity": "parking",
            "parking": "surface",
            "surface": "asphalt"
          },
          "relations": [],
          "meta": {
            "timestamp": "2018-05-17T00:53:02Z",
            "version": "1",
            "changeset": "59033535",
            "user": "lokejul",
            "uid": "2034065"
          }
        }
      }
    },
    {
      "type": "Feature",
      "geometry": {
        "type": "Polygon",
        "coordinates": [
          [
            [
              -80.1473368,
              25.7911616
            ],
            [
              -80.1471794,
              25.7909738
            ],
            [
              -80.1471371,
              25.7910023
            ],
            [
              -80.1472898,
              25.7911915
            ],
            [
              -80.1473368,
              25.7911616
            ]
          ]
        ]
      },
      "properties": {
        "source_id": "osm:way:588818170",
        "source_name": "OpenStreetMap bounded basemap reconciliation",
        "name": "Unnamed OSM parking candidate",
        "facility_type": "surface",
        "parking_evidence_kind": "parking_area_candidate",
        "access": "",
        "fee": "unknown",
        "operator": "",
        "source_url": "https://www.openstreetmap.org/way/588818170",
        "api_url": "https://api.openstreetmap.org/api/0.6/map",
        "evidence_url": "https://www.openstreetmap.org/way/588818170",
        "osm_type": "way",
        "osm_id": 588818170,
        "existence_status": "candidate",
        "price_status": "unknown",
        "rule_status": "unknown",
        "enrichment_status": "needs_review",
        "needs_enrichment": true,
        "confidence": 0.55,
        "ordinary_parking_status": "unknown_pending_access_rule_check",
        "field_conflict_status": "needs_field_review",
        "confidence_reason": "OSM parking area reconciled from the basemap; public access and rules require verification.",
        "tainted": false,
        "raw_tags": {
          "amenity": "parking",
          "parking": "surface",
          "surface": "asphalt"
        },
        "raw_properties": {
          "type": "way",
          "id": 588818170,
          "tags": {
            "amenity": "parking",
            "parking": "surface",
            "surface": "asphalt"
          },
          "relations": [],
          "meta": {
            "timestamp": "2018-05-17T00:53:02Z",
            "version": "1",
            "changeset": "59033535",
            "user": "lokejul",
            "uid": "2034065"
          }
        }
      }
    },
    {
      "type": "Feature",
      "geometry": {
        "type": "Polygon",
        "coordinates": [
          [
            [
              -80.1475844,
              25.7715845
            ],
            [
              -80.1475257,
              25.7714981
            ],
            [
              -80.1476743,
              25.7714162
            ],
            [
              -80.1475268,
              25.7711993
            ],
            [
              -80.1472403,
              25.7707777
            ],
            [
              -80.1472302,
              25.7707832
            ],
            [
              -80.147198,
              25.7707358
            ],
            [
              -80.1469441,
              25.7708758
            ],
            [
              -80.1469814,
              25.7709307
            ],
            [
              -80.1469357,
              25.7709559
            ],
            [
              -80.1472203,
              25.7713745
            ],
            [
              -80.1473913,
              25.771626
            ],
            [
              -80.1474421,
              25.771598
            ],
            [
              -80.1474742,
              25.7716453
            ],
            [
              -80.1475844,
              25.7715845
            ]
          ]
        ]
      },
      "properties": {
        "source_id": "osm:way:828252913",
        "source_name": "OpenStreetMap bounded basemap reconciliation",
        "name": "Unnamed OSM parking candidate",
        "facility_type": "multi-storey",
        "parking_evidence_kind": "parking_area_candidate",
        "access": "",
        "fee": "unknown",
        "operator": "",
        "source_url": "https://www.openstreetmap.org/way/828252913",
        "api_url": "https://api.openstreetmap.org/api/0.6/map",
        "evidence_url": "https://www.openstreetmap.org/way/828252913",
        "osm_type": "way",
        "osm_id": 828252913,
        "existence_status": "candidate",
        "price_status": "unknown",
        "rule_status": "unknown",
        "enrichment_status": "needs_review",
        "needs_enrichment": true,
        "confidence": 0.55,
        "ordinary_parking_status": "unknown_pending_access_rule_check",
        "field_conflict_status": "needs_field_review",
        "confidence_reason": "OSM parking area reconciled from the basemap; public access and rules require verification.",
        "tainted": false,
        "raw_tags": {
          "addr:city": "Miami Beach",
          "addr:housenumber": "180",
          "addr:postcode": "33139",
          "addr:state": "FL",
          "addr:street": "MacArthur Causeway",
          "amenity": "parking",
          "building": "parking",
          "parking": "multi-storey"
        },
        "raw_properties": {
          "type": "way",
          "id": 828252913,
          "tags": {
            "addr:city": "Miami Beach",
            "addr:housenumber": "180",
            "addr:postcode": "33139",
            "addr:state": "FL",
            "addr:street": "MacArthur Causeway",
            "amenity": "parking",
            "building": "parking",
            "parking": "multi-storey"
          },
          "relations": [],
          "meta": {
            "timestamp": "2023-12-31T22:00:01Z",
            "version": "4",
            "changeset": "145747581",
            "user": "snake21",
            "uid": "2591427"
          }
        }
      }
    },
    {
      "type": "Feature",
      "geometry": {
        "type": "Polygon",
        "coordinates": [
          [
            [
              -80.1507654,
              25.7716847
            ],
            [
              -80.1507907,
              25.7716354
            ],
            [
              -80.1506783,
              25.7715886
            ],
            [
              -80.150653,
              25.7716379
            ],
            [
              -80.1507654,
              25.7716847
            ]
          ]
        ]
      },
      "properties": {
        "source_id": "osm:way:1417644119",
        "source_name": "OpenStreetMap bounded basemap reconciliation",
        "name": "Unnamed OSM parking candidate",
        "facility_type": "street_side",
        "parking_evidence_kind": "parking_area_candidate",
        "access": "",
        "fee": "unknown",
        "operator": "",
        "source_url": "https://www.openstreetmap.org/way/1417644119",
        "api_url": "https://api.openstreetmap.org/api/0.6/map",
        "evidence_url": "https://www.openstreetmap.org/way/1417644119",
        "osm_type": "way",
        "osm_id": 1417644119,
        "existence_status": "candidate",
        "price_status": "unknown",
        "rule_status": "unknown",
        "enrichment_status": "needs_review",
        "needs_enrichment": true,
        "confidence": 0.55,
        "ordinary_parking_status": "unknown_pending_access_rule_check",
        "field_conflict_status": "needs_field_review",
        "confidence_reason": "OSM parking area reconciled from the basemap; public access and rules require verification.",
        "tainted": false,
        "raw_tags": {
          "amenity": "parking",
          "orientation": "parallel",
          "parking": "street_side"
        },
        "raw_properties": {
          "type": "way",
          "id": 1417644119,
          "tags": {
            "amenity": "parking",
            "orientation": "parallel",
            "parking": "street_side"
          },
          "relations": [],
          "meta": {
            "timestamp": "2025-07-27T00:59:31Z",
            "version": "1",
            "changeset": "169534025",
            "user": "Udarian",
            "uid": "6168709"
          }
        }
      }
    },
    {
      "type": "Feature",
      "geometry": {
        "type": "Polygon",
        "coordinates": [
          [
            [
              -80.1478883,
              25.7719182
            ],
            [
              -80.147927,
              25.7719956
            ],
            [
              -80.148113,
              25.7719682
            ],
            [
              -80.1482096,
              25.7719384
            ],
            [
              -80.1483157,
              25.7719069
            ],
            [
              -80.1484001,
              25.7718841
            ],
            [
              -80.1484355,
              25.7718578
            ],
            [
              -80.1486138,
              25.7718272
            ],
            [
              -80.1487243,
              25.7718045
            ],
            [
              -80.1487191,
              25.7717476
            ],
            [
              -80.1484292,
              25.771797
            ],
            [
              -80.1481534,
              25.7718601
            ],
            [
              -80.1479814,
              25.7719135
            ],
            [
              -80.1478883,
              25.7719182
            ]
          ]
        ]
      },
      "properties": {
        "source_id": "osm:way:1421549556",
        "source_name": "OpenStreetMap bounded basemap reconciliation",
        "name": "City Parking",
        "facility_type": "parking",
        "parking_evidence_kind": "parking_area_candidate",
        "access": "permit",
        "fee": "no",
        "operator": "",
        "source_url": "https://www.openstreetmap.org/way/1421549556",
        "api_url": "https://api.openstreetmap.org/api/0.6/map",
        "evidence_url": "https://www.openstreetmap.org/way/1421549556",
        "osm_type": "way",
        "osm_id": 1421549556,
        "existence_status": "candidate",
        "price_status": "unknown",
        "rule_status": "unknown",
        "enrichment_status": "needs_review",
        "needs_enrichment": true,
        "confidence": 0.55,
        "ordinary_parking_status": "unknown_pending_access_rule_check",
        "field_conflict_status": "needs_field_review",
        "confidence_reason": "OSM parking area reconciled from the basemap; public access and rules require verification.",
        "tainted": false,
        "raw_tags": {
          "access": "permit",
          "addr:city": "Miami Beach",
          "addr:postcode": "33139",
          "addr:state": "Florida",
          "amenity": "parking",
          "fee": "no",
          "name": "City Parking",
          "supervised": "yes"
        },
        "raw_properties": {
          "type": "way",
          "id": 1421549556,
          "tags": {
            "access": "permit",
            "addr:city": "Miami Beach",
            "addr:postcode": "33139",
            "addr:state": "Florida",
            "amenity": "parking",
            "fee": "no",
            "name": "City Parking",
            "supervised": "yes"
          },
          "relations": [],
          "meta": {
            "timestamp": "2025-08-11T14:02:09Z",
            "version": "1",
            "changeset": "170295621",
            "user": "pgsm88",
            "uid": "5180656"
          }
        }
      }
    },
    {
      "type": "Feature",
      "geometry": {
        "type": "Polygon",
        "coordinates": [
          [
            [
              -80.1441717,
              25.7709594
            ],
            [
              -80.1442631,
              25.7709086
            ],
            [
              -80.1437651,
              25.7701958
            ],
            [
              -80.1436777,
              25.7702393
            ],
            [
              -80.1441717,
              25.7709594
            ]
          ]
        ]
      },
      "properties": {
        "source_id": "osm:way:1496070288",
        "source_name": "OpenStreetMap bounded basemap reconciliation",
        "name": "United States Coast Guard",
        "facility_type": "street_side",
        "parking_evidence_kind": "parking_area_candidate",
        "access": "private",
        "fee": "unknown",
        "operator": "United States Coast Guard",
        "source_url": "https://www.openstreetmap.org/way/1496070288",
        "api_url": "https://api.openstreetmap.org/api/0.6/map",
        "evidence_url": "https://www.openstreetmap.org/way/1496070288",
        "osm_type": "way",
        "osm_id": 1496070288,
        "existence_status": "candidate",
        "price_status": "unknown",
        "rule_status": "unknown",
        "enrichment_status": "needs_review",
        "needs_enrichment": true,
        "confidence": 0.55,
        "ordinary_parking_status": "unknown_pending_access_rule_check",
        "field_conflict_status": "needs_field_review",
        "confidence_reason": "OSM parking area reconciled from the basemap; public access and rules require verification.",
        "tainted": false,
        "raw_tags": {
          "access": "private",
          "amenity": "parking",
          "area": "yes",
          "operator": "United States Coast Guard",
          "operator:short": "USCG",
          "operator:type": "military",
          "operator:wikidata": "Q11224",
          "orientation": "perpendicular",
          "parking": "street_side",
          "surface": "concrete"
        },
        "raw_properties": {
          "type": "way",
          "id": 1496070288,
          "tags": {
            "access": "private",
            "amenity": "parking",
            "area": "yes",
            "operator": "United States Coast Guard",
            "operator:short": "USCG",
            "operator:type": "military",
            "operator:wikidata": "Q11224",
            "orientation": "perpendicular",
            "parking": "street_side",
            "surface": "concrete"
          },
          "relations": [],
          "meta": {
            "timestamp": "2026-04-04T11:15:15Z",
            "version": "1",
            "changeset": "180848286",
            "user": "JRH50",
            "uid": "11392834"
          }
        }
      }
    },
    {
      "type": "Feature",
      "geometry": {
        "type": "Point",
        "coordinates": [
          -80.1477882,
          25.7901397
        ]
      },
      "properties": {
        "source_id": "osm:node:2031903839",
        "source_name": "OpenStreetMap bounded basemap reconciliation",
        "name": "OSM parking evidence",
        "facility_type": "parking_entrance",
        "parking_evidence_kind": "parking_entrance_evidence",
        "access": "",
        "fee": "unknown",
        "operator": "",
        "source_url": "https://www.openstreetmap.org/node/2031903839",
        "api_url": "https://api.openstreetmap.org/api/0.6/map",
        "evidence_url": "https://www.openstreetmap.org/node/2031903839",
        "osm_type": "node",
        "osm_id": "2031903839",
        "existence_status": "candidate",
        "price_status": "unknown",
        "rule_status": "unknown",
        "enrichment_status": "needs_review",
        "needs_enrichment": true,
        "confidence": 0.35,
        "ordinary_parking_status": "not_ordinary_parking_offer",
        "field_conflict_status": "needs_field_review",
        "confidence_reason": "OSM parking-related evidence reconciled from the basemap; this is not a verified ordinary parking offer.",
        "tainted": false,
        "raw_tags": {
          "amenity": "parking_entrance"
        },
        "raw_properties": {
          "type": "node",
          "id": "2031903839",
          "tags": {
            "amenity": "parking_entrance"
          },
          "relations": [],
          "meta": {
            "timestamp": "2025-10-23T09:19:16Z",
            "version": "2",
            "changeset": "173663479",
            "user": "achauhan_Lyft",
            "uid": "21943119"
          }
        }
      }
    },
    {
      "type": "Feature",
      "geometry": {
        "type": "Point",
        "coordinates": [
          -80.1475268,
          25.7711993
        ]
      },
      "properties": {
        "source_id": "osm:node:10801253435",
        "source_name": "OpenStreetMap bounded basemap reconciliation",
        "name": "OSM parking evidence",
        "facility_type": "parking_entrance",
        "parking_evidence_kind": "parking_entrance_evidence",
        "access": "",
        "fee": "unknown",
        "operator": "",
        "source_url": "https://www.openstreetmap.org/node/10801253435",
        "api_url": "https://api.openstreetmap.org/api/0.6/map",
        "evidence_url": "https://www.openstreetmap.org/node/10801253435",
        "osm_type": "node",
        "osm_id": "10801253435",
        "existence_status": "candidate",
        "price_status": "unknown",
        "rule_status": "unknown",
        "enrichment_status": "needs_review",
        "needs_enrichment": true,
        "confidence": 0.35,
        "ordinary_parking_status": "not_ordinary_parking_offer",
        "field_conflict_status": "needs_field_review",
        "confidence_reason": "OSM parking-related evidence reconciled from the basemap; this is not a verified ordinary parking offer.",
        "tainted": false,
        "raw_tags": {
          "amenity": "parking_entrance",
          "level": "0"
        },
        "raw_properties": {
          "type": "node",
          "id": "10801253435",
          "tags": {
            "amenity": "parking_entrance",
            "level": "0"
          },
          "relations": [],
          "meta": {
            "timestamp": "2026-04-05T09:50:57Z",
            "version": "3",
            "changeset": "180888094",
            "user": "JRH50",
            "uid": "11392834"
          }
        }
      }
    },
    {
      "type": "Feature",
      "geometry": {
        "type": "Point",
        "coordinates": [
          -80.1472203,
          25.7713745
        ]
      },
      "properties": {
        "source_id": "osm:node:10801253436",
        "source_name": "OpenStreetMap bounded basemap reconciliation",
        "name": "OSM parking evidence",
        "facility_type": "parking_entrance",
        "parking_evidence_kind": "parking_entrance_evidence",
        "access": "",
        "fee": "unknown",
        "operator": "",
        "source_url": "https://www.openstreetmap.org/node/10801253436",
        "api_url": "https://api.openstreetmap.org/api/0.6/map",
        "evidence_url": "https://www.openstreetmap.org/node/10801253436",
        "osm_type": "node",
        "osm_id": "10801253436",
        "existence_status": "candidate",
        "price_status": "unknown",
        "rule_status": "unknown",
        "enrichment_status": "needs_review",
        "needs_enrichment": true,
        "confidence": 0.35,
        "ordinary_parking_status": "not_ordinary_parking_offer",
        "field_conflict_status": "needs_field_review",
        "confidence_reason": "OSM parking-related evidence reconciled from the basemap; this is not a verified ordinary parking offer.",
        "tainted": false,
        "raw_tags": {
          "amenity": "parking_entrance",
          "level": "0"
        },
        "raw_properties": {
          "type": "node",
          "id": "10801253436",
          "tags": {
            "amenity": "parking_entrance",
            "level": "0"
          },
          "relations": [],
          "meta": {
            "timestamp": "2026-04-05T09:50:57Z",
            "version": "3",
            "changeset": "180888094",
            "user": "JRH50",
            "uid": "11392834"
          }
        }
      }
    },
    {
      "type": "Feature",
      "geometry": {
        "type": "Point",
        "coordinates": [
          -80.142929,
          25.7849484
        ]
      },
      "properties": {
        "source_id": "osm:node:11242965704",
        "source_name": "OpenStreetMap bounded basemap reconciliation",
        "name": "OSM parking evidence",
        "facility_type": "parking_entrance",
        "parking_evidence_kind": "parking_entrance_evidence",
        "access": "",
        "fee": "unknown",
        "operator": "",
        "source_url": "https://www.openstreetmap.org/node/11242965704",
        "api_url": "https://api.openstreetmap.org/api/0.6/map",
        "evidence_url": "https://www.openstreetmap.org/node/11242965704",
        "osm_type": "node",
        "osm_id": "11242965704",
        "existence_status": "candidate",
        "price_status": "unknown",
        "rule_status": "unknown",
        "enrichment_status": "needs_review",
        "needs_enrichment": true,
        "confidence": 0.35,
        "ordinary_parking_status": "not_ordinary_parking_offer",
        "field_conflict_status": "needs_field_review",
        "confidence_reason": "OSM parking-related evidence reconciled from the basemap; this is not a verified ordinary parking offer.",
        "tainted": false,
        "raw_tags": {
          "amenity": "parking_entrance"
        },
        "raw_properties": {
          "type": "node",
          "id": "11242965704",
          "tags": {
            "amenity": "parking_entrance"
          },
          "relations": [],
          "meta": {
            "timestamp": "2023-10-06T07:40:38Z",
            "version": "1",
            "changeset": "142219388",
            "user": "A_Prokopova_lyft",
            "uid": "10976496"
          }
        }
      }
    },
    {
      "type": "Feature",
      "geometry": {
        "type": "Point",
        "coordinates": [
          -80.1435019,
          25.7911062
        ]
      },
      "properties": {
        "source_id": "osm:node:12990793897",
        "source_name": "OpenStreetMap bounded basemap reconciliation",
        "name": "OSM parking evidence",
        "facility_type": "parking_entrance",
        "parking_evidence_kind": "parking_entrance_evidence",
        "access": "",
        "fee": "unknown",
        "operator": "",
        "source_url": "https://www.openstreetmap.org/node/12990793897",
        "api_url": "https://api.openstreetmap.org/api/0.6/map",
        "evidence_url": "https://www.openstreetmap.org/node/12990793897",
        "osm_type": "node",
        "osm_id": "12990793897",
        "existence_status": "candidate",
        "price_status": "unknown",
        "rule_status": "unknown",
        "enrichment_status": "needs_review",
        "needs_enrichment": true,
        "confidence": 0.35,
        "ordinary_parking_status": "not_ordinary_parking_offer",
        "field_conflict_status": "needs_field_review",
        "confidence_reason": "OSM parking-related evidence reconciled from the basemap; this is not a verified ordinary parking offer.",
        "tainted": false,
        "raw_tags": {
          "amenity": "parking_entrance"
        },
        "raw_properties": {
          "type": "node",
          "id": "12990793897",
          "tags": {
            "amenity": "parking_entrance"
          },
          "relations": [],
          "meta": {
            "timestamp": "2025-07-10T01:28:13Z",
            "version": "1",
            "changeset": "168719730",
            "user": "sarya_Lyft",
            "uid": "18784339"
          }
        }
      }
    },
    {
      "type": "Feature",
      "geometry": {
        "type": "Point",
        "coordinates": [
          -80.1434941,
          25.7908798
        ]
      },
      "properties": {
        "source_id": "osm:node:12990825201",
        "source_name": "OpenStreetMap bounded basemap reconciliation",
        "name": "OSM parking evidence",
        "facility_type": "parking_entrance",
        "parking_evidence_kind": "parking_entrance_evidence",
        "access": "",
        "fee": "unknown",
        "operator": "",
        "source_url": "https://www.openstreetmap.org/node/12990825201",
        "api_url": "https://api.openstreetmap.org/api/0.6/map",
        "evidence_url": "https://www.openstreetmap.org/node/12990825201",
        "osm_type": "node",
        "osm_id": "12990825201",
        "existence_status": "candidate",
        "price_status": "unknown",
        "rule_status": "unknown",
        "enrichment_status": "needs_review",
        "needs_enrichment": true,
        "confidence": 0.35,
        "ordinary_parking_status": "not_ordinary_parking_offer",
        "field_conflict_status": "needs_field_review",
        "confidence_reason": "OSM parking-related evidence reconciled from the basemap; this is not a verified ordinary parking offer.",
        "tainted": false,
        "raw_tags": {
          "amenity": "parking_entrance"
        },
        "raw_properties": {
          "type": "node",
          "id": "12990825201",
          "tags": {
            "amenity": "parking_entrance"
          },
          "relations": [],
          "meta": {
            "timestamp": "2025-07-10T01:28:13Z",
            "version": "1",
            "changeset": "168719730",
            "user": "sarya_Lyft",
            "uid": "18784339"
          }
        }
      }
    },
    {
      "type": "Feature",
      "geometry": {
        "type": "Polygon",
        "coordinates": [
          [
            [
              -80.1364357,
              25.7898873
            ],
            [
              -80.1364347,
              25.7898802
            ],
            [
              -80.1364332,
              25.7898543
            ],
            [
              -80.1364039,
              25.7898191
            ],
            [
              -80.1355195,
              25.78984
            ],
            [
              -80.1355561,
              25.7898719
            ],
            [
              -80.1355566,
              25.789899
            ],
            [
              -80.1355573,
              25.7899268
            ],
            [
              -80.1355268,
              25.7899608
            ],
            [
              -80.1363844,
              25.78994
            ],
            [
              -80.1364357,
              25.7898873
            ]
          ]
        ]
      },
      "properties": {
        "source_id": "osm:way:120105971",
        "source_name": "OpenStreetMap bounded basemap reconciliation",
        "name": "Unnamed OSM parking candidate",
        "facility_type": "surface",
        "parking_evidence_kind": "parking_area_candidate",
        "access": "",
        "fee": "yes",
        "operator": "",
        "source_url": "https://www.openstreetmap.org/way/120105971",
        "api_url": "https://api.openstreetmap.org/api/0.6/map",
        "evidence_url": "https://www.openstreetmap.org/way/120105971",
        "osm_type": "way",
        "osm_id": 120105971,
        "existence_status": "candidate",
        "price_status": "unknown",
        "rule_status": "unknown",
        "enrichment_status": "needs_review",
        "needs_enrichment": true,
        "confidence": 0.55,
        "ordinary_parking_status": "unknown_pending_access_rule_check",
        "field_conflict_status": "needs_field_review",
        "confidence_reason": "OSM parking area reconciled from the basemap; public access and rules require verification.",
        "tainted": false,
        "raw_tags": {
          "amenity": "parking",
          "fee": "yes",
          "parking": "surface",
          "source": "Bing Aerial",
          "surface": "paved"
        },
        "raw_properties": {
          "type": "way",
          "id": 120105971,
          "tags": {
            "amenity": "parking",
            "fee": "yes",
            "parking": "surface",
            "source": "Bing Aerial",
            "surface": "paved"
          },
          "relations": [],
          "meta": {
            "timestamp": "2018-03-01T23:34:15Z",
            "version": "2",
            "changeset": "56803606",
            "user": "Constantinum",
            "uid": "7644369"
          }
        }
      }
    },
    {
      "type": "Feature",
      "geometry": {
        "type": "Polygon",
        "coordinates": [
          [
            [
              -80.1393603,
              25.7897376
            ],
            [
              -80.138864,
              25.789752
            ],
            [
              -80.1388687,
              25.7898521
            ],
            [
              -80.1389789,
              25.7898486
            ],
            [
              -80.1389803,
              25.7898881
            ],
            [
              -80.1393648,
              25.7898767
            ],
            [
              -80.1393603,
              25.7897376
            ]
          ]
        ]
      },
      "properties": {
        "source_id": "osm:way:120106694",
        "source_name": "OpenStreetMap bounded basemap reconciliation",
        "name": "Unnamed OSM parking candidate",
        "facility_type": "surface",
        "parking_evidence_kind": "parking_area_candidate",
        "access": "",
        "fee": "yes",
        "operator": "",
        "source_url": "https://www.openstreetmap.org/way/120106694",
        "api_url": "https://api.openstreetmap.org/api/0.6/map",
        "evidence_url": "https://www.openstreetmap.org/way/120106694",
        "osm_type": "way",
        "osm_id": 120106694,
        "existence_status": "candidate",
        "price_status": "unknown",
        "rule_status": "unknown",
        "enrichment_status": "needs_review",
        "needs_enrichment": true,
        "confidence": 0.55,
        "ordinary_parking_status": "unknown_pending_access_rule_check",
        "field_conflict_status": "needs_field_review",
        "confidence_reason": "OSM parking area reconciled from the basemap; public access and rules require verification.",
        "tainted": false,
        "raw_tags": {
          "amenity": "parking",
          "fee": "yes",
          "parking": "surface",
          "source": "Bing Aerial",
          "surface": "paved"
        },
        "raw_properties": {
          "type": "way",
          "id": 120106694,
          "tags": {
            "amenity": "parking",
            "fee": "yes",
            "parking": "surface",
            "source": "Bing Aerial",
            "surface": "paved"
          },
          "relations": [],
          "meta": {
            "timestamp": "2018-03-01T23:05:02Z",
            "version": "3",
            "changeset": "56803141",
            "user": "Constantinum",
            "uid": "7644369"
          }
        }
      }
    },
    {
      "type": "Feature",
      "geometry": {
        "type": "Polygon",
        "coordinates": [
          [
            [
              -80.1386582,
              25.789826
            ],
            [
              -80.1386571,
              25.7897919
            ],
            [
              -80.1386375,
              25.7897602
            ],
            [
              -80.1381905,
              25.7897717
            ],
            [
              -80.1381847,
              25.7896346
            ],
            [
              -80.1378002,
              25.7896434
            ],
            [
              -80.1377894,
              25.7896548
            ],
            [
              -80.137764,
              25.7896803
            ],
            [
              -80.137765,
              25.7899061
            ],
            [
              -80.1386248,
              25.7898806
            ],
            [
              -80.138659,
              25.7898463
            ],
            [
              -80.1386582,
              25.789826
            ]
          ]
        ]
      },
      "properties": {
        "source_id": "osm:way:120106699",
        "source_name": "OpenStreetMap bounded basemap reconciliation",
        "name": "Unnamed OSM parking candidate",
        "facility_type": "surface",
        "parking_evidence_kind": "parking_area_candidate",
        "access": "",
        "fee": "yes",
        "operator": "",
        "source_url": "https://www.openstreetmap.org/way/120106699",
        "api_url": "https://api.openstreetmap.org/api/0.6/map",
        "evidence_url": "https://www.openstreetmap.org/way/120106699",
        "osm_type": "way",
        "osm_id": 120106699,
        "existence_status": "candidate",
        "price_status": "unknown",
        "rule_status": "unknown",
        "enrichment_status": "needs_review",
        "needs_enrichment": true,
        "confidence": 0.55,
        "ordinary_parking_status": "unknown_pending_access_rule_check",
        "field_conflict_status": "needs_field_review",
        "confidence_reason": "OSM parking area reconciled from the basemap; public access and rules require verification.",
        "tainted": false,
        "raw_tags": {
          "amenity": "parking",
          "fee": "yes",
          "parking": "surface",
          "source": "Bing Aerial",
          "surface": "paved"
        },
        "raw_properties": {
          "type": "way",
          "id": 120106699,
          "tags": {
            "amenity": "parking",
            "fee": "yes",
            "parking": "surface",
            "source": "Bing Aerial",
            "surface": "paved"
          },
          "relations": [],
          "meta": {
            "timestamp": "2016-06-15T11:32:24Z",
            "version": "2",
            "changeset": "40036007",
            "user": "dufekin",
            "uid": "30521"
          }
        }
      }
    },
    {
      "type": "Feature",
      "geometry": {
        "type": "Polygon",
        "coordinates": [
          [
            [
              -80.1385675,
              25.7869952
            ],
            [
              -80.1385492,
              25.7865281
            ],
            [
              -80.1377966,
              25.7865521
            ],
            [
              -80.1378149,
              25.7870191
            ],
            [
              -80.1385675,
              25.7869952
            ]
          ]
        ]
      },
      "properties": {
        "source_id": "osm:way:237435646",
        "source_name": "OpenStreetMap bounded basemap reconciliation",
        "name": "Miami Beach Parking Lot (P10)",
        "facility_type": "surface",
        "parking_evidence_kind": "parking_area_candidate",
        "access": "",
        "fee": "unknown",
        "operator": "",
        "source_url": "https://www.openstreetmap.org/way/237435646",
        "api_url": "https://api.openstreetmap.org/api/0.6/map",
        "evidence_url": "https://www.openstreetmap.org/way/237435646",
        "osm_type": "way",
        "osm_id": 237435646,
        "existence_status": "candidate",
        "price_status": "unknown",
        "rule_status": "unknown",
        "enrichment_status": "needs_review",
        "needs_enrichment": true,
        "confidence": 0.55,
        "ordinary_parking_status": "unknown_pending_access_rule_check",
        "field_conflict_status": "needs_field_review",
        "confidence_reason": "OSM parking area reconciled from the basemap; public access and rules require verification.",
        "tainted": false,
        "raw_tags": {
          "access:conditional": "yes @ (09:00-22:00)",
          "amenity": "parking",
          "covered": "no",
          "maxstay:conditional": "3 hours @ (09:00-22:00)",
          "name": "Miami Beach Parking Lot (P10)",
          "parking": "surface",
          "parking:both:direction": "head_in",
          "ref": "P10",
          "surface": "asphalt",
          "wheelchair": "yes"
        },
        "raw_properties": {
          "type": "way",
          "id": 237435646,
          "tags": {
            "access:conditional": "yes @ (09:00-22:00)",
            "amenity": "parking",
            "covered": "no",
            "maxstay:conditional": "3 hours @ (09:00-22:00)",
            "name": "Miami Beach Parking Lot (P10)",
            "parking": "surface",
            "parking:both:direction": "head_in",
            "ref": "P10",
            "surface": "asphalt",
            "wheelchair": "yes"
          },
          "relations": [],
          "meta": {
            "timestamp": "2024-09-05T23:03:55Z",
            "version": "10",
            "changeset": "156250943",
            "user": "carlosassuncao92",
            "uid": "6251065"
          }
        }
      }
    },
    {
      "type": "Feature",
      "geometry": {
        "type": "Polygon",
        "coordinates": [
          [
            [
              -80.1419658,
              25.7803493
            ],
            [
              -80.1419351,
              25.7793422
            ],
            [
              -80.1415656,
              25.7793513
            ],
            [
              -80.1415961,
              25.7803584
            ],
            [
              -80.1419658,
              25.7803493
            ]
          ]
        ]
      },
      "properties": {
        "source_id": "osm:way:255394280",
        "source_name": "OpenStreetMap bounded basemap reconciliation",
        "name": "The Shoppes at West Avenue",
        "facility_type": "multi-storey",
        "parking_evidence_kind": "parking_area_candidate",
        "access": "yes",
        "fee": "yes",
        "operator": "",
        "source_url": "https://www.openstreetmap.org/way/255394280",
        "api_url": "https://api.openstreetmap.org/api/0.6/map",
        "evidence_url": "https://www.openstreetmap.org/way/255394280",
        "osm_type": "way",
        "osm_id": 255394280,
        "existence_status": "candidate",
        "price_status": "unknown",
        "rule_status": "unknown",
        "enrichment_status": "needs_review",
        "needs_enrichment": true,
        "confidence": 0.55,
        "ordinary_parking_status": "unknown_pending_access_rule_check",
        "field_conflict_status": "needs_field_review",
        "confidence_reason": "OSM parking area reconciled from the basemap; public access and rules require verification.",
        "tainted": false,
        "raw_tags": {
          "access": "yes",
          "amenity": "parking",
          "building": "yes",
          "fee": "yes",
          "name": "The Shoppes at West Avenue",
          "parking": "multi-storey",
          "source": "Bing"
        },
        "raw_properties": {
          "type": "way",
          "id": 255394280,
          "tags": {
            "access": "yes",
            "amenity": "parking",
            "building": "yes",
            "fee": "yes",
            "name": "The Shoppes at West Avenue",
            "parking": "multi-storey",
            "source": "Bing"
          },
          "relations": [],
          "meta": {
            "timestamp": "2025-01-15T21:50:58Z",
            "version": "3",
            "changeset": "161397002",
            "user": "FlamingoOSM",
            "uid": "2925062"
          }
        }
      }
    },
    {
      "type": "Feature",
      "geometry": {
        "type": "Polygon",
        "coordinates": [
          [
            [
              -80.1342063,
              25.7920589
            ],
            [
              -80.1341799,
              25.7912594
            ],
            [
              -80.1341793,
              25.791242
            ],
            [
              -80.1337965,
              25.7912522
            ],
            [
              -80.1338115,
              25.7917093
            ],
            [
              -80.1338233,
              25.7920692
            ],
            [
              -80.1338698,
              25.7920679
            ],
            [
              -80.1342063,
              25.7920589
            ]
          ]
        ]
      },
      "properties": {
        "source_id": "osm:way:277037896",
        "source_name": "OpenStreetMap bounded basemap reconciliation",
        "name": "Pennsylvania Avenue Garage",
        "facility_type": "multi-storey",
        "parking_evidence_kind": "parking_area_candidate",
        "access": "",
        "fee": "yes",
        "operator": "",
        "source_url": "https://www.openstreetmap.org/way/277037896",
        "api_url": "https://api.openstreetmap.org/api/0.6/map",
        "evidence_url": "https://www.openstreetmap.org/way/277037896",
        "osm_type": "way",
        "osm_id": 277037896,
        "existence_status": "candidate",
        "price_status": "unknown",
        "rule_status": "unknown",
        "enrichment_status": "needs_review",
        "needs_enrichment": true,
        "confidence": 0.55,
        "ordinary_parking_status": "unknown_pending_access_rule_check",
        "field_conflict_status": "needs_field_review",
        "confidence_reason": "OSM parking area reconciled from the basemap; public access and rules require verification.",
        "tainted": false,
        "raw_tags": {
          "addr:city": "Miami Beach",
          "addr:housenumber": "1661",
          "addr:postcode": "33139",
          "addr:state": "FL",
          "addr:street": "Pennsylvania Avenue",
          "amenity": "parking",
          "building": "garages",
          "building:levels": "5",
          "capacity": "550",
          "fee": "yes",
          "maxstay": "1 day",
          "name": "Pennsylvania Avenue Garage",
          "parking": "multi-storey",
          "supervised": "yes",
          "surface": "concrete"
        },
        "raw_properties": {
          "type": "way",
          "id": 277037896,
          "tags": {
            "addr:city": "Miami Beach",
            "addr:housenumber": "1661",
            "addr:postcode": "33139",
            "addr:state": "FL",
            "addr:street": "Pennsylvania Avenue",
            "amenity": "parking",
            "building": "garages",
            "building:levels": "5",
            "capacity": "550",
            "fee": "yes",
            "maxstay": "1 day",
            "name": "Pennsylvania Avenue Garage",
            "parking": "multi-storey",
            "supervised": "yes",
            "surface": "concrete"
          },
          "relations": [],
          "meta": {
            "timestamp": "2023-09-11T11:36:42Z",
            "version": "5",
            "changeset": "141107607",
            "user": "smikhnouski_lyft",
            "uid": "12195445"
          }
        }
      }
    },
    {
      "type": "Feature",
      "geometry": {
        "type": "Polygon",
        "coordinates": [
          [
            [
              -80.1352583,
              25.7911309
            ],
            [
              -80.1343603,
              25.7911547
            ],
            [
              -80.1343869,
              25.7920588
            ],
            [
              -80.1346058,
              25.7920526
            ],
            [
              -80.1346032,
              25.7919955
            ],
            [
              -80.1347833,
              25.791991
            ],
            [
              -80.134786,
              25.7920486
            ],
            [
              -80.1349121,
              25.7920439
            ],
            [
              -80.1350519,
              25.7920389
            ],
            [
              -80.135602,
              25.792026
            ],
            [
              -80.135581,
              25.7913648
            ],
            [
              -80.1355784,
              25.7912989
            ],
            [
              -80.1355638,
              25.7912821
            ],
            [
              -80.1355064,
              25.7912834
            ],
            [
              -80.1352583,
              25.7911309
            ]
          ]
        ]
      },
      "properties": {
        "source_id": "osm:way:297682281",
        "source_name": "OpenStreetMap bounded basemap reconciliation",
        "name": "17th Street Parking Garage (G5)",
        "facility_type": "multi-storey",
        "parking_evidence_kind": "parking_area_candidate",
        "access": "yes",
        "fee": "yes",
        "operator": "City of Miami Beach",
        "source_url": "https://www.openstreetmap.org/way/297682281",
        "api_url": "https://api.openstreetmap.org/api/0.6/map",
        "evidence_url": "https://www.openstreetmap.org/way/297682281",
        "osm_type": "way",
        "osm_id": 297682281,
        "existence_status": "candidate",
        "price_status": "unknown",
        "rule_status": "unknown",
        "enrichment_status": "needs_review",
        "needs_enrichment": true,
        "confidence": 0.55,
        "ordinary_parking_status": "unknown_pending_access_rule_check",
        "field_conflict_status": "needs_field_review",
        "confidence_reason": "OSM parking area reconciled from the basemap; public access and rules require verification.",
        "tainted": false,
        "raw_tags": {
          "access": "yes",
          "addr:city": "Miami Beach",
          "addr:housenumber": "640",
          "addr:postcode": "33139",
          "addr:state": "FL",
          "addr:street": "17th Street",
          "amenity": "parking",
          "building": "yes",
          "capacity": "1460",
          "fee": "yes",
          "maxstay": "1 day",
          "name": "17th Street Parking Garage (G5)",
          "operator": "City of Miami Beach",
          "parking": "multi-storey",
          "supervised": "yes",
          "surface": "asphalt",
          "website": "https://www.miamibeachfl.gov/city-hall/parking/parking-garages-lot-locations/"
        },
        "raw_properties": {
          "type": "way",
          "id": 297682281,
          "tags": {
            "access": "yes",
            "addr:city": "Miami Beach",
            "addr:housenumber": "640",
            "addr:postcode": "33139",
            "addr:state": "FL",
            "addr:street": "17th Street",
            "amenity": "parking",
            "building": "yes",
            "capacity": "1460",
            "fee": "yes",
            "maxstay": "1 day",
            "name": "17th Street Parking Garage (G5)",
            "operator": "City of Miami Beach",
            "parking": "multi-storey",
            "supervised": "yes",
            "surface": "asphalt",
            "website": "https://www.miamibeachfl.gov/city-hall/parking/parking-garages-lot-locations/"
          },
          "relations": [],
          "meta": {
            "timestamp": "2024-11-15T23:58:23Z",
            "version": "7",
            "changeset": "159191075",
            "user": "FlamingoOSM",
            "uid": "2925062"
          }
        }
      }
    },
    {
      "type": "Feature",
      "geometry": {
        "type": "Polygon",
        "coordinates": [
          [
            [
              -80.140558,
              25.7906109
            ],
            [
              -80.1405656,
              25.7909173
            ],
            [
              -80.1405683,
              25.7910203
            ],
            [
              -80.1405988,
              25.7910198
            ],
            [
              -80.1406124,
              25.7910196
            ],
            [
              -80.1410815,
              25.7910118
            ],
            [
              -80.1410807,
              25.7909767
            ],
            [
              -80.141073,
              25.7906006
            ],
            [
              -80.140558,
              25.7906109
            ]
          ]
        ]
      },
      "properties": {
        "source_id": "osm:way:297682282",
        "source_name": "OpenStreetMap bounded basemap reconciliation",
        "name": "Unnamed OSM parking candidate",
        "facility_type": "multi-storey",
        "parking_evidence_kind": "parking_area_candidate",
        "access": "yes",
        "fee": "unknown",
        "operator": "",
        "source_url": "https://www.openstreetmap.org/way/297682282",
        "api_url": "https://api.openstreetmap.org/api/0.6/map",
        "evidence_url": "https://www.openstreetmap.org/way/297682282",
        "osm_type": "way",
        "osm_id": 297682282,
        "existence_status": "candidate",
        "price_status": "unknown",
        "rule_status": "unknown",
        "enrichment_status": "needs_review",
        "needs_enrichment": true,
        "confidence": 0.55,
        "ordinary_parking_status": "unknown_pending_access_rule_check",
        "field_conflict_status": "needs_field_review",
        "confidence_reason": "OSM parking area reconciled from the basemap; public access and rules require verification.",
        "tainted": false,
        "raw_tags": {
          "access": "yes",
          "amenity": "parking",
          "architect": "Herzog & de Meuron",
          "building": "yes",
          "capacity": "300",
          "description": "Multi-story parking lot for 300 cars also used as event location. Penthouse with sloped garden.",
          "parking": "multi-storey",
          "start_date": "2010"
        },
        "raw_properties": {
          "type": "way",
          "id": 297682282,
          "tags": {
            "access": "yes",
            "amenity": "parking",
            "architect": "Herzog & de Meuron",
            "building": "yes",
            "capacity": "300",
            "description": "Multi-story parking lot for 300 cars also used as event location. Penthouse with sloped garden.",
            "parking": "multi-storey",
            "start_date": "2010"
          },
          "relations": [
            {
              "role": "outer",
              "rel": "12268481",
              "reltags": {
                "addr:city": "Miami Beach",
                "addr:housenumber": "1111",
                "addr:street": "Lincoln Road",
                "architect": "Herzog & de Meuron",
                "building": "yes",
                "description": "Mixed use development consisting of:\na) new built parking lot\nb) existing former Sun Trust office building\nc) two-story building for the Sun Trust bank",
                "layer": "1",
                "name": "1111 Lincoln Road",
                "type": "multipolygon",
                "wikidata": "Q170391",
                "wikipedia": "en:1111 Lincoln Road"
              }
            }
          ],
          "meta": {
            "timestamp": "2022-04-22T20:23:28Z",
            "version": "22",
            "changeset": "120068779",
            "user": "David Andron",
            "uid": "10594286"
          }
        }
      }
    },
    {
      "type": "Feature",
      "geometry": {
        "type": "Polygon",
        "coordinates": [
          [
            [
              -80.1414815,
              25.7891745
            ],
            [
              -80.1414798,
              25.7891234
            ],
            [
              -80.1415309,
              25.7891182
            ],
            [
              -80.1415258,
              25.7890066
            ],
            [
              -80.1414688,
              25.7890084
            ],
            [
              -80.1413994,
              25.7890194
            ],
            [
              -80.1413443,
              25.7890207
            ],
            [
              -80.141344,
              25.7890672
            ],
            [
              -80.1413412,
              25.7891285
            ],
            [
              -80.1413435,
              25.7891766
            ],
            [
              -80.1414815,
              25.7891745
            ]
          ]
        ]
      },
      "properties": {
        "source_id": "osm:way:319274834",
        "source_name": "OpenStreetMap bounded basemap reconciliation",
        "name": "Unnamed OSM parking candidate",
        "facility_type": "surface",
        "parking_evidence_kind": "parking_area_candidate",
        "access": "",
        "fee": "unknown",
        "operator": "",
        "source_url": "https://www.openstreetmap.org/way/319274834",
        "api_url": "https://api.openstreetmap.org/api/0.6/map",
        "evidence_url": "https://www.openstreetmap.org/way/319274834",
        "osm_type": "way",
        "osm_id": 319274834,
        "existence_status": "candidate",
        "price_status": "unknown",
        "rule_status": "unknown",
        "enrichment_status": "needs_review",
        "needs_enrichment": true,
        "confidence": 0.55,
        "ordinary_parking_status": "unknown_pending_access_rule_check",
        "field_conflict_status": "needs_field_review",
        "confidence_reason": "OSM parking area reconciled from the basemap; public access and rules require verification.",
        "tainted": false,
        "raw_tags": {
          "amenity": "parking",
          "parking": "surface",
          "surface": "asphalt"
        },
        "raw_properties": {
          "type": "way",
          "id": 319274834,
          "tags": {
            "amenity": "parking",
            "parking": "surface",
            "surface": "asphalt"
          },
          "relations": [],
          "meta": {
            "timestamp": "2020-01-16T04:12:58Z",
            "version": "2",
            "changeset": "79631133",
            "user": "lokejul",
            "uid": "2034065"
          }
        }
      }
    },
    {
      "type": "Feature",
      "geometry": {
        "type": "Polygon",
        "coordinates": [
          [
            [
              -80.1416561,
              25.7892633
            ],
            [
              -80.1417905,
              25.7892603
            ],
            [
              -80.1417895,
              25.7892244
            ],
            [
              -80.1417833,
              25.7889871
            ],
            [
              -80.1417194,
              25.7889884
            ],
            [
              -80.1416484,
              25.7889922
            ],
            [
              -80.1416561,
              25.7892633
            ]
          ]
        ]
      },
      "properties": {
        "source_id": "osm:way:319274835",
        "source_name": "OpenStreetMap bounded basemap reconciliation",
        "name": "Unnamed OSM parking candidate",
        "facility_type": "parking",
        "parking_evidence_kind": "parking_area_candidate",
        "access": "",
        "fee": "unknown",
        "operator": "",
        "source_url": "https://www.openstreetmap.org/way/319274835",
        "api_url": "https://api.openstreetmap.org/api/0.6/map",
        "evidence_url": "https://www.openstreetmap.org/way/319274835",
        "osm_type": "way",
        "osm_id": 319274835,
        "existence_status": "candidate",
        "price_status": "unknown",
        "rule_status": "unknown",
        "enrichment_status": "needs_review",
        "needs_enrichment": true,
        "confidence": 0.55,
        "ordinary_parking_status": "unknown_pending_access_rule_check",
        "field_conflict_status": "needs_field_review",
        "confidence_reason": "OSM parking area reconciled from the basemap; public access and rules require verification.",
        "tainted": false,
        "raw_tags": {
          "amenity": "parking"
        },
        "raw_properties": {
          "type": "way",
          "id": 319274835,
          "tags": {
            "amenity": "parking"
          },
          "relations": [],
          "meta": {
            "timestamp": "2022-04-14T17:40:52Z",
            "version": "3",
            "changeset": "119723085",
            "user": "maxolasersquad",
            "uid": "55916"
          }
        }
      }
    },
    {
      "type": "Feature",
      "geometry": {
        "type": "Polygon",
        "coordinates": [
          [
            [
              -80.140819,
              25.788531
            ],
            [
              -80.140858,
              25.7885309
            ],
            [
              -80.1408645,
              25.788537
            ],
            [
              -80.14093,
              25.7885358
            ],
            [
              -80.1409293,
              25.7885059
            ],
            [
              -80.1409836,
              25.7885045
            ],
            [
              -80.1409707,
              25.7880325
            ],
            [
              -80.1409182,
              25.7880343
            ],
            [
              -80.1409158,
              25.7879759
            ],
            [
              -80.1409677,
              25.7879762
            ],
            [
              -80.1409529,
              25.7874698
            ],
            [
              -80.1407862,
              25.7874759
            ],
            [
              -80.1407916,
              25.7877304
            ],
            [
              -80.1405658,
              25.7877362
            ],
            [
              -80.1405685,
              25.7878413
            ],
            [
              -80.1407978,
              25.7878375
            ],
            [
              -80.140819,
              25.788531
            ]
          ]
        ]
      },
      "properties": {
        "source_id": "osm:way:319274836",
        "source_name": "OpenStreetMap bounded basemap reconciliation",
        "name": "Unnamed OSM parking candidate",
        "facility_type": "parking",
        "parking_evidence_kind": "parking_area_candidate",
        "access": "",
        "fee": "unknown",
        "operator": "",
        "source_url": "https://www.openstreetmap.org/way/319274836",
        "api_url": "https://api.openstreetmap.org/api/0.6/map",
        "evidence_url": "https://www.openstreetmap.org/way/319274836",
        "osm_type": "way",
        "osm_id": 319274836,
        "existence_status": "candidate",
        "price_status": "unknown",
        "rule_status": "unknown",
        "enrichment_status": "needs_review",
        "needs_enrichment": true,
        "confidence": 0.55,
        "ordinary_parking_status": "unknown_pending_access_rule_check",
        "field_conflict_status": "needs_field_review",
        "confidence_reason": "OSM parking area reconciled from the basemap; public access and rules require verification.",
        "tainted": false,
        "raw_tags": {
          "amenity": "parking"
        },
        "raw_properties": {
          "type": "way",
          "id": 319274836,
          "tags": {
            "amenity": "parking"
          },
          "relations": [],
          "meta": {
            "timestamp": "2020-02-11T02:30:26Z",
            "version": "2",
            "changeset": "80821587",
            "user": "lokejul",
            "uid": "2034065"
          }
        }
      }
    },
    {
      "type": "Feature",
      "geometry": {
        "type": "Polygon",
        "coordinates": [
          [
            [
              -80.1420736,
              25.7899403
            ],
            [
              -80.142141,
              25.789934
            ],
            [
              -80.1422034,
              25.78991
            ],
            [
              -80.1422551,
              25.7898706
            ],
            [
              -80.1422917,
              25.7898192
            ],
            [
              -80.1423098,
              25.7897603
            ],
            [
              -80.1423078,
              25.7896993
            ],
            [
              -80.1422859,
              25.7896415
            ],
            [
              -80.1422461,
              25.7895921
            ],
            [
              -80.1421919,
              25.7895554
            ],
            [
              -80.1421281,
              25.7895348
            ],
            [
              -80.1420604,
              25.789532
            ],
            [
              -80.1419947,
              25.7895473
            ],
            [
              -80.141937,
              25.7895794
            ],
            [
              -80.1418924,
              25.7896253
            ],
            [
              -80.1418647,
              25.7896811
            ],
            [
              -80.1418566,
              25.7897417
            ],
            [
              -80.1418686,
              25.7898018
            ],
            [
              -80.1418998,
              25.789856
            ],
            [
              -80.1419474,
              25.7898995
            ],
            [
              -80.1420071,
              25.7899285
            ],
            [
              -80.1420736,
              25.7899403
            ]
          ]
        ]
      },
      "properties": {
        "source_id": "osm:way:319274837",
        "source_name": "OpenStreetMap bounded basemap reconciliation",
        "name": "Miami Beach Parking Lot",
        "facility_type": "surface",
        "parking_evidence_kind": "parking_area_candidate",
        "access": "yes",
        "fee": "yes",
        "operator": "",
        "source_url": "https://www.openstreetmap.org/way/319274837",
        "api_url": "https://api.openstreetmap.org/api/0.6/map",
        "evidence_url": "https://www.openstreetmap.org/way/319274837",
        "osm_type": "way",
        "osm_id": 319274837,
        "existence_status": "candidate",
        "price_status": "unknown",
        "rule_status": "unknown",
        "enrichment_status": "needs_review",
        "needs_enrichment": true,
        "confidence": 0.55,
        "ordinary_parking_status": "unknown_pending_access_rule_check",
        "field_conflict_status": "needs_field_review",
        "confidence_reason": "OSM parking area reconciled from the basemap; public access and rules require verification.",
        "tainted": false,
        "raw_tags": {
          "access": "yes",
          "amenity": "parking",
          "fee": "yes",
          "name": "Miami Beach Parking Lot",
          "parking": "surface"
        },
        "raw_properties": {
          "type": "way",
          "id": 319274837,
          "tags": {
            "access": "yes",
            "amenity": "parking",
            "fee": "yes",
            "name": "Miami Beach Parking Lot",
            "parking": "surface"
          },
          "relations": [],
          "meta": {
            "timestamp": "2024-11-11T16:34:22Z",
            "version": "3",
            "changeset": "159016510",
            "user": "FlamingoOSM",
            "uid": "2925062"
          }
        }
      }
    },
    {
      "type": "Feature",
      "geometry": {
        "type": "Polygon",
        "coordinates": [
          [
            [
              -80.1423563,
              25.7909644
            ],
            [
              -80.1419003,
              25.7909785
            ],
            [
              -80.1419105,
              25.7912455
            ],
            [
              -80.1423665,
              25.7912313
            ],
            [
              -80.1423563,
              25.7909644
            ]
          ]
        ]
      },
      "properties": {
        "source_id": "osm:way:319274840",
        "source_name": "OpenStreetMap bounded basemap reconciliation",
        "name": "Unnamed OSM parking candidate",
        "facility_type": "parking",
        "parking_evidence_kind": "parking_area_candidate",
        "access": "",
        "fee": "unknown",
        "operator": "",
        "source_url": "https://www.openstreetmap.org/way/319274840",
        "api_url": "https://api.openstreetmap.org/api/0.6/map",
        "evidence_url": "https://www.openstreetmap.org/way/319274840",
        "osm_type": "way",
        "osm_id": 319274840,
        "existence_status": "candidate",
        "price_status": "unknown",
        "rule_status": "unknown",
        "enrichment_status": "needs_review",
        "needs_enrichment": true,
        "confidence": 0.55,
        "ordinary_parking_status": "unknown_pending_access_rule_check",
        "field_conflict_status": "needs_field_review",
        "confidence_reason": "OSM parking area reconciled from the basemap; public access and rules require verification.",
        "tainted": false,
        "raw_tags": {
          "amenity": "parking"
        },
        "raw_properties": {
          "type": "way",
          "id": 319274840,
          "tags": {
            "amenity": "parking"
          },
          "relations": [],
          "meta": {
            "timestamp": "2014-12-28T16:52:36Z",
            "version": "1",
            "changeset": "27757658",
            "user": "ballzif21",
            "uid": "2542089"
          }
        }
      }
    },
    {
      "type": "Feature",
      "geometry": {
        "type": "Polygon",
        "coordinates": [
          [
            [
              -80.1419158,
              25.7913833
            ],
            [
              -80.1423718,
              25.7913692
            ],
            [
              -80.1423665,
              25.7912313
            ],
            [
              -80.1419105,
              25.7912455
            ],
            [
              -80.1419158,
              25.7913833
            ]
          ]
        ]
      },
      "properties": {
        "source_id": "osm:way:319274841",
        "source_name": "OpenStreetMap bounded basemap reconciliation",
        "name": "Unnamed OSM parking candidate",
        "facility_type": "parking",
        "parking_evidence_kind": "parking_area_candidate",
        "access": "",
        "fee": "unknown",
        "operator": "",
        "source_url": "https://www.openstreetmap.org/way/319274841",
        "api_url": "https://api.openstreetmap.org/api/0.6/map",
        "evidence_url": "https://www.openstreetmap.org/way/319274841",
        "osm_type": "way",
        "osm_id": 319274841,
        "existence_status": "candidate",
        "price_status": "unknown",
        "rule_status": "unknown",
        "enrichment_status": "needs_review",
        "needs_enrichment": true,
        "confidence": 0.55,
        "ordinary_parking_status": "unknown_pending_access_rule_check",
        "field_conflict_status": "needs_field_review",
        "confidence_reason": "OSM parking area reconciled from the basemap; public access and rules require verification.",
        "tainted": false,
        "raw_tags": {
          "amenity": "parking"
        },
        "raw_properties": {
          "type": "way",
          "id": 319274841,
          "tags": {
            "amenity": "parking"
          },
          "relations": [],
          "meta": {
            "timestamp": "2014-12-28T16:52:36Z",
            "version": "1",
            "changeset": "27757658",
            "user": "ballzif21",
            "uid": "2542089"
          }
        }
      }
    },
    {
      "type": "Feature",
      "geometry": {
        "type": "Polygon",
        "coordinates": [
          [
            [
              -80.1399037,
              25.791431
            ],
            [
              -80.1398928,
              25.7910893
            ],
            [
              -80.138925,
              25.7911154
            ],
            [
              -80.1389359,
              25.7914571
            ],
            [
              -80.1399037,
              25.791431
            ]
          ]
        ]
      },
      "properties": {
        "source_id": "osm:way:319274843",
        "source_name": "OpenStreetMap bounded basemap reconciliation",
        "name": "Lincoln Road Park",
        "facility_type": "parking",
        "parking_evidence_kind": "parking_area_candidate",
        "access": "",
        "fee": "unknown",
        "operator": "",
        "source_url": "https://www.openstreetmap.org/way/319274843",
        "api_url": "https://api.openstreetmap.org/api/0.6/map",
        "evidence_url": "https://www.openstreetmap.org/way/319274843",
        "osm_type": "way",
        "osm_id": 319274843,
        "existence_status": "candidate",
        "price_status": "unknown",
        "rule_status": "unknown",
        "enrichment_status": "needs_review",
        "needs_enrichment": true,
        "confidence": 0.55,
        "ordinary_parking_status": "unknown_pending_access_rule_check",
        "field_conflict_status": "needs_field_review",
        "confidence_reason": "OSM parking area reconciled from the basemap; public access and rules require verification.",
        "tainted": false,
        "raw_tags": {
          "amenity": "parking",
          "name": "Lincoln Road Park"
        },
        "raw_properties": {
          "type": "way",
          "id": 319274843,
          "tags": {
            "amenity": "parking",
            "name": "Lincoln Road Park"
          },
          "relations": [],
          "meta": {
            "timestamp": "2016-07-01T23:46:30Z",
            "version": "2",
            "changeset": "40430189",
            "user": "thiagoallencar",
            "uid": "4157290"
          }
        }
      }
    },
    {
      "type": "Feature",
      "geometry": {
        "type": "Polygon",
        "coordinates": [
          [
            [
              -80.140584,
              25.7894341
            ],
            [
              -80.1405915,
              25.7899169
            ],
            [
              -80.1410444,
              25.7899106
            ],
            [
              -80.1410422,
              25.7898103
            ],
            [
              -80.141032,
              25.7894799
            ],
            [
              -80.1409798,
              25.7894812
            ],
            [
              -80.1409785,
              25.7894457
            ],
            [
              -80.1409773,
              25.789416
            ],
            [
              -80.140584,
              25.7894341
            ]
          ]
        ]
      },
      "properties": {
        "source_id": "osm:way:319274844",
        "source_name": "OpenStreetMap bounded basemap reconciliation",
        "name": "Lincoln Center Parking",
        "facility_type": "multi-storey",
        "parking_evidence_kind": "parking_area_candidate",
        "access": "yes",
        "fee": "yes",
        "operator": "",
        "source_url": "https://www.openstreetmap.org/way/319274844",
        "api_url": "https://api.openstreetmap.org/api/0.6/map",
        "evidence_url": "https://www.openstreetmap.org/way/319274844",
        "osm_type": "way",
        "osm_id": 319274844,
        "existence_status": "candidate",
        "price_status": "unknown",
        "rule_status": "unknown",
        "enrichment_status": "needs_review",
        "needs_enrichment": true,
        "confidence": 0.55,
        "ordinary_parking_status": "unknown_pending_access_rule_check",
        "field_conflict_status": "needs_field_review",
        "confidence_reason": "OSM parking area reconciled from the basemap; public access and rules require verification.",
        "tainted": false,
        "raw_tags": {
          "access": "yes",
          "amenity": "parking",
          "building": "garage",
          "fee": "yes",
          "name": "Lincoln Center Parking",
          "parking": "multi-storey"
        },
        "raw_properties": {
          "type": "way",
          "id": 319274844,
          "tags": {
            "access": "yes",
            "amenity": "parking",
            "building": "garage",
            "fee": "yes",
            "name": "Lincoln Center Parking",
            "parking": "multi-storey"
          },
          "relations": [],
          "meta": {
            "timestamp": "2025-09-23T13:01:20Z",
            "version": "4",
            "changeset": "172343571",
            "user": "FlamingoOSM",
            "uid": "2925062"
          }
        }
      }
    },
    {
      "type": "Feature",
      "geometry": {
        "type": "Polygon",
        "coordinates": [
          [
            [
              -80.1347782,
              25.7709388
            ],
            [
              -80.1348391,
              25.7706812
            ],
            [
              -80.1344673,
              25.7706099
            ],
            [
              -80.1344064,
              25.7708675
            ],
            [
              -80.1347782,
              25.7709388
            ]
          ]
        ]
      },
      "properties": {
        "source_id": "osm:way:319274845",
        "source_name": "OpenStreetMap bounded basemap reconciliation",
        "name": "Unnamed OSM parking candidate",
        "facility_type": "surface",
        "parking_evidence_kind": "parking_area_candidate",
        "access": "",
        "fee": "yes",
        "operator": "",
        "source_url": "https://www.openstreetmap.org/way/319274845",
        "api_url": "https://api.openstreetmap.org/api/0.6/map",
        "evidence_url": "https://www.openstreetmap.org/way/319274845",
        "osm_type": "way",
        "osm_id": 319274845,
        "existence_status": "candidate",
        "price_status": "unknown",
        "rule_status": "unknown",
        "enrichment_status": "needs_review",
        "needs_enrichment": true,
        "confidence": 0.55,
        "ordinary_parking_status": "unknown_pending_access_rule_check",
        "field_conflict_status": "needs_field_review",
        "confidence_reason": "OSM parking area reconciled from the basemap; public access and rules require verification.",
        "tainted": false,
        "raw_tags": {
          "amenity": "parking",
          "fee": "yes",
          "parking": "surface"
        },
        "raw_properties": {
          "type": "way",
          "id": 319274845,
          "tags": {
            "amenity": "parking",
            "fee": "yes",
            "parking": "surface"
          },
          "relations": [],
          "meta": {
            "timestamp": "2014-12-28T16:52:36Z",
            "version": "1",
            "changeset": "27757658",
            "user": "ballzif21",
            "uid": "2542089"
          }
        }
      }
    },
    {
      "type": "Feature",
      "geometry": {
        "type": "Polygon",
        "coordinates": [
          [
            [
              -80.136136,
              25.7691955
            ],
            [
              -80.1354851,
              25.7692175
            ],
            [
              -80.1354357,
              25.7694667
            ],
            [
              -80.1361463,
              25.7694428
            ],
            [
              -80.136136,
              25.7691955
            ]
          ]
        ]
      },
      "properties": {
        "source_id": "osm:way:319274847",
        "source_name": "OpenStreetMap bounded basemap reconciliation",
        "name": "Unnamed OSM parking candidate",
        "facility_type": "surface",
        "parking_evidence_kind": "parking_area_candidate",
        "access": "customers",
        "fee": "no",
        "operator": "",
        "source_url": "https://www.openstreetmap.org/way/319274847",
        "api_url": "https://api.openstreetmap.org/api/0.6/map",
        "evidence_url": "https://www.openstreetmap.org/way/319274847",
        "osm_type": "way",
        "osm_id": 319274847,
        "existence_status": "candidate",
        "price_status": "unknown",
        "rule_status": "unknown",
        "enrichment_status": "needs_review",
        "needs_enrichment": true,
        "confidence": 0.55,
        "ordinary_parking_status": "unknown_pending_access_rule_check",
        "field_conflict_status": "needs_field_review",
        "confidence_reason": "OSM parking area reconciled from the basemap; public access and rules require verification.",
        "tainted": false,
        "raw_tags": {
          "access": "customers",
          "amenity": "parking",
          "fee": "no",
          "parking": "surface"
        },
        "raw_properties": {
          "type": "way",
          "id": 319274847,
          "tags": {
            "access": "customers",
            "amenity": "parking",
            "fee": "no",
            "parking": "surface"
          },
          "relations": [],
          "meta": {
            "timestamp": "2017-03-14T11:50:34Z",
            "version": "2",
            "changeset": "46838366",
            "user": "hansemann1234",
            "uid": "1057876"
          }
        }
      }
    },
    {
      "type": "Feature",
      "geometry": {
        "type": "Polygon",
        "coordinates": [
          [
            [
              -80.1361653,
              25.7692012
            ],
            [
              -80.1361745,
              25.769448
            ],
            [
              -80.1368988,
              25.7694261
            ],
            [
              -80.1368896,
              25.7691792
            ],
            [
              -80.1361653,
              25.7692012
            ]
          ]
        ]
      },
      "properties": {
        "source_id": "osm:way:319274848",
        "source_name": "OpenStreetMap bounded basemap reconciliation",
        "name": "Unnamed OSM parking candidate",
        "facility_type": "surface",
        "parking_evidence_kind": "parking_area_candidate",
        "access": "no",
        "fee": "no",
        "operator": "",
        "source_url": "https://www.openstreetmap.org/way/319274848",
        "api_url": "https://api.openstreetmap.org/api/0.6/map",
        "evidence_url": "https://www.openstreetmap.org/way/319274848",
        "osm_type": "way",
        "osm_id": 319274848,
        "existence_status": "candidate",
        "price_status": "unknown",
        "rule_status": "unknown",
        "enrichment_status": "needs_review",
        "needs_enrichment": true,
        "confidence": 0.55,
        "ordinary_parking_status": "unknown_pending_access_rule_check",
        "field_conflict_status": "needs_field_review",
        "confidence_reason": "OSM parking area reconciled from the basemap; public access and rules require verification.",
        "tainted": false,
        "raw_tags": {
          "access": "no",
          "amenity": "parking",
          "fee": "no",
          "parking": "surface"
        },
        "raw_properties": {
          "type": "way",
          "id": 319274848,
          "tags": {
            "access": "no",
            "amenity": "parking",
            "fee": "no",
            "parking": "surface"
          },
          "relations": [],
          "meta": {
            "timestamp": "2018-03-09T05:17:27Z",
            "version": "2",
            "changeset": "57020306",
            "user": "thetornado76",
            "uid": "1624486"
          }
        }
      }
    },
    {
      "type": "Feature",
      "geometry": {
        "type": "Polygon",
        "coordinates": [
          [
            [
              -80.1355456,
              25.7697987
            ],
            [
              -80.135536,
              25.7695198
            ],
            [
              -80.1354159,
              25.7695187
            ],
            [
              -80.1353751,
              25.7698041
            ],
            [
              -80.1355456,
              25.7697987
            ]
          ]
        ]
      },
      "properties": {
        "source_id": "osm:way:319275575",
        "source_name": "OpenStreetMap bounded basemap reconciliation",
        "name": "Unnamed OSM parking candidate",
        "facility_type": "surface",
        "parking_evidence_kind": "parking_area_candidate",
        "access": "",
        "fee": "yes",
        "operator": "",
        "source_url": "https://www.openstreetmap.org/way/319275575",
        "api_url": "https://api.openstreetmap.org/api/0.6/map",
        "evidence_url": "https://www.openstreetmap.org/way/319275575",
        "osm_type": "way",
        "osm_id": 319275575,
        "existence_status": "candidate",
        "price_status": "unknown",
        "rule_status": "unknown",
        "enrichment_status": "needs_review",
        "needs_enrichment": true,
        "confidence": 0.55,
        "ordinary_parking_status": "unknown_pending_access_rule_check",
        "field_conflict_status": "needs_field_review",
        "confidence_reason": "OSM parking area reconciled from the basemap; public access and rules require verification.",
        "tainted": false,
        "raw_tags": {
          "amenity": "parking",
          "fee": "yes",
          "parking": "surface"
        },
        "raw_properties": {
          "type": "way",
          "id": 319275575,
          "tags": {
            "amenity": "parking",
            "fee": "yes",
            "parking": "surface"
          },
          "relations": [],
          "meta": {
            "timestamp": "2018-03-09T05:17:27Z",
            "version": "2",
            "changeset": "57020306",
            "user": "thetornado76",
            "uid": "1624486"
          }
        }
      }
    },
    {
      "type": "Feature",
      "geometry": {
        "type": "Polygon",
        "coordinates": [
          [
            [
              -80.1344561,
              25.7684329
            ],
            [
              -80.1343324,
              25.7689095
            ],
            [
              -80.134759,
              25.7689755
            ],
            [
              -80.1348828,
              25.7684168
            ],
            [
              -80.1344561,
              25.7684329
            ]
          ]
        ]
      },
      "properties": {
        "source_id": "osm:way:319423062",
        "source_name": "OpenStreetMap bounded basemap reconciliation",
        "name": "Unnamed OSM parking candidate",
        "facility_type": "surface",
        "parking_evidence_kind": "parking_area_candidate",
        "access": "private",
        "fee": "unknown",
        "operator": "",
        "source_url": "https://www.openstreetmap.org/way/319423062",
        "api_url": "https://api.openstreetmap.org/api/0.6/map",
        "evidence_url": "https://www.openstreetmap.org/way/319423062",
        "osm_type": "way",
        "osm_id": 319423062,
        "existence_status": "candidate",
        "price_status": "unknown",
        "rule_status": "unknown",
        "enrichment_status": "needs_review",
        "needs_enrichment": true,
        "confidence": 0.55,
        "ordinary_parking_status": "unknown_pending_access_rule_check",
        "field_conflict_status": "needs_field_review",
        "confidence_reason": "OSM parking area reconciled from the basemap; public access and rules require verification.",
        "tainted": false,
        "raw_tags": {
          "access": "private",
          "amenity": "parking",
          "parking": "surface"
        },
        "raw_properties": {
          "type": "way",
          "id": 319423062,
          "tags": {
            "access": "private",
            "amenity": "parking",
            "parking": "surface"
          },
          "relations": [],
          "meta": {
            "timestamp": "2017-03-14T11:50:34Z",
            "version": "3",
            "changeset": "46838366",
            "user": "hansemann1234",
            "uid": "1057876"
          }
        }
      }
    },
    {
      "type": "Feature",
      "geometry": {
        "type": "Polygon",
        "coordinates": [
          [
            [
              -80.1405065,
              25.7898314
            ],
            [
              -80.1405065,
              25.7896865
            ],
            [
              -80.1400532,
              25.789701
            ],
            [
              -80.1400612,
              25.7898435
            ],
            [
              -80.1405065,
              25.7898314
            ]
          ]
        ]
      },
      "properties": {
        "source_id": "osm:way:396823495",
        "source_name": "OpenStreetMap bounded basemap reconciliation",
        "name": "Unnamed OSM parking candidate",
        "facility_type": "parking",
        "parking_evidence_kind": "parking_area_candidate",
        "access": "",
        "fee": "unknown",
        "operator": "",
        "source_url": "https://www.openstreetmap.org/way/396823495",
        "api_url": "https://api.openstreetmap.org/api/0.6/map",
        "evidence_url": "https://www.openstreetmap.org/way/396823495",
        "osm_type": "way",
        "osm_id": 396823495,
        "existence_status": "candidate",
        "price_status": "unknown",
        "rule_status": "unknown",
        "enrichment_status": "needs_review",
        "needs_enrichment": true,
        "confidence": 0.55,
        "ordinary_parking_status": "unknown_pending_access_rule_check",
        "field_conflict_status": "needs_field_review",
        "confidence_reason": "OSM parking area reconciled from the basemap; public access and rules require verification.",
        "tainted": false,
        "raw_tags": {
          "amenity": "parking"
        },
        "raw_properties": {
          "type": "way",
          "id": 396823495,
          "tags": {
            "amenity": "parking"
          },
          "relations": [],
          "meta": {
            "timestamp": "2016-02-09T05:20:06Z",
            "version": "1",
            "changeset": "37094118",
            "user": "Quyen Tran",
            "uid": "3090819"
          }
        }
      }
    },
    {
      "type": "Feature",
      "geometry": {
        "type": "Polygon",
        "coordinates": [
          [
            [
              -80.1386916,
              25.7911679
            ],
            [
              -80.1386592,
              25.7911686
            ],
            [
              -80.1386586,
              25.7911474
            ],
            [
              -80.138658,
              25.7911247
            ],
            [
              -80.1378258,
              25.791143
            ],
            [
              -80.1378265,
              25.79117
            ],
            [
              -80.1378356,
              25.7915016
            ],
            [
              -80.1378383,
              25.7916007
            ],
            [
              -80.1382922,
              25.7915907
            ],
            [
              -80.1386741,
              25.7915823
            ],
            [
              -80.1386725,
              25.7915231
            ],
            [
              -80.1386722,
              25.7915125
            ],
            [
              -80.1387009,
              25.7915119
            ],
            [
              -80.1386916,
              25.7911679
            ]
          ]
        ]
      },
      "properties": {
        "source_id": "osm:way:475940180",
        "source_name": "OpenStreetMap bounded basemap reconciliation",
        "name": "The Lincoln Garage",
        "facility_type": "multi-storey",
        "parking_evidence_kind": "parking_area_candidate",
        "access": "customers",
        "fee": "unknown",
        "operator": "",
        "source_url": "https://www.openstreetmap.org/way/475940180",
        "api_url": "https://api.openstreetmap.org/api/0.6/map",
        "evidence_url": "https://www.openstreetmap.org/way/475940180",
        "osm_type": "way",
        "osm_id": 475940180,
        "existence_status": "candidate",
        "price_status": "unknown",
        "rule_status": "unknown",
        "enrichment_status": "needs_review",
        "needs_enrichment": true,
        "confidence": 0.55,
        "ordinary_parking_status": "unknown_pending_access_rule_check",
        "field_conflict_status": "needs_field_review",
        "confidence_reason": "OSM parking area reconciled from the basemap; public access and rules require verification.",
        "tainted": false,
        "raw_tags": {
          "access": "customers",
          "addr:city": "Miami Beach",
          "addr:housenumber": "1691",
          "addr:postcode": "33139",
          "addr:state": "FL",
          "addr:street": "North Lincoln Lane",
          "amenity": "parking",
          "building": "garages",
          "building:levels": "6",
          "name": "The Lincoln Garage",
          "parking": "multi-storey"
        },
        "raw_properties": {
          "type": "way",
          "id": 475940180,
          "tags": {
            "access": "customers",
            "addr:city": "Miami Beach",
            "addr:housenumber": "1691",
            "addr:postcode": "33139",
            "addr:state": "FL",
            "addr:street": "North Lincoln Lane",
            "amenity": "parking",
            "building": "garages",
            "building:levels": "6",
            "name": "The Lincoln Garage",
            "parking": "multi-storey"
          },
          "relations": [],
          "meta": {
            "timestamp": "2025-09-12T11:49:32Z",
            "version": "3",
            "changeset": "171828030",
            "user": "BR_pebble",
            "uid": "15458791"
          }
        }
      }
    },
    {
      "type": "Feature",
      "geometry": {
        "type": "Polygon",
        "coordinates": [
          [
            [
              -80.1401617,
              25.7738213
            ],
            [
              -80.1400564,
              25.7735979
            ],
            [
              -80.1398331,
              25.7735943
            ],
            [
              -80.139868,
              25.7738267
            ],
            [
              -80.1401617,
              25.7738213
            ]
          ]
        ]
      },
      "properties": {
        "source_id": "osm:way:481648919",
        "source_name": "OpenStreetMap bounded basemap reconciliation",
        "name": "Unnamed OSM parking candidate",
        "facility_type": "surface",
        "parking_evidence_kind": "parking_area_candidate",
        "access": "",
        "fee": "unknown",
        "operator": "",
        "source_url": "https://www.openstreetmap.org/way/481648919",
        "api_url": "https://api.openstreetmap.org/api/0.6/map",
        "evidence_url": "https://www.openstreetmap.org/way/481648919",
        "osm_type": "way",
        "osm_id": 481648919,
        "existence_status": "candidate",
        "price_status": "unknown",
        "rule_status": "unknown",
        "enrichment_status": "needs_review",
        "needs_enrichment": true,
        "confidence": 0.55,
        "ordinary_parking_status": "unknown_pending_access_rule_check",
        "field_conflict_status": "needs_field_review",
        "confidence_reason": "OSM parking area reconciled from the basemap; public access and rules require verification.",
        "tainted": false,
        "raw_tags": {
          "amenity": "parking",
          "parking": "surface"
        },
        "raw_properties": {
          "type": "way",
          "id": 481648919,
          "tags": {
            "amenity": "parking",
            "parking": "surface"
          },
          "relations": [],
          "meta": {
            "timestamp": "2018-03-09T05:17:35Z",
            "version": "2",
            "changeset": "57020306",
            "user": "thetornado76",
            "uid": "1624486"
          }
        }
      }
    },
    {
      "type": "Feature",
      "geometry": {
        "type": "Polygon",
        "coordinates": [
          [
            [
              -80.1400303,
              25.7741266
            ],
            [
              -80.140029,
              25.7738597
            ],
            [
              -80.1398298,
              25.7738518
            ],
            [
              -80.139805,
              25.7736024
            ],
            [
              -80.1396186,
              25.7736042
            ],
            [
              -80.1396273,
              25.7739382
            ],
            [
              -80.1398727,
              25.7739412
            ],
            [
              -80.1398794,
              25.7741344
            ],
            [
              -80.1400303,
              25.7741266
            ]
          ]
        ]
      },
      "properties": {
        "source_id": "osm:way:481648921",
        "source_name": "OpenStreetMap bounded basemap reconciliation",
        "name": "Unnamed OSM parking candidate",
        "facility_type": "surface",
        "parking_evidence_kind": "parking_area_candidate",
        "access": "",
        "fee": "unknown",
        "operator": "",
        "source_url": "https://www.openstreetmap.org/way/481648921",
        "api_url": "https://api.openstreetmap.org/api/0.6/map",
        "evidence_url": "https://www.openstreetmap.org/way/481648921",
        "osm_type": "way",
        "osm_id": 481648921,
        "existence_status": "candidate",
        "price_status": "unknown",
        "rule_status": "unknown",
        "enrichment_status": "needs_review",
        "needs_enrichment": true,
        "confidence": 0.55,
        "ordinary_parking_status": "unknown_pending_access_rule_check",
        "field_conflict_status": "needs_field_review",
        "confidence_reason": "OSM parking area reconciled from the basemap; public access and rules require verification.",
        "tainted": false,
        "raw_tags": {
          "amenity": "parking",
          "parking": "surface"
        },
        "raw_properties": {
          "type": "way",
          "id": 481648921,
          "tags": {
            "amenity": "parking",
            "parking": "surface"
          },
          "relations": [],
          "meta": {
            "timestamp": "2018-03-09T05:17:35Z",
            "version": "2",
            "changeset": "57020306",
            "user": "thetornado76",
            "uid": "1624486"
          }
        }
      }
    },
    {
      "type": "Feature",
      "geometry": {
        "type": "Polygon",
        "coordinates": [
          [
            [
              -80.1387965,
              25.7720946
            ],
            [
              -80.1387944,
              25.7717357
            ],
            [
              -80.1385712,
              25.7714593
            ],
            [
              -80.1383727,
              25.7714545
            ],
            [
              -80.1383901,
              25.7721006
            ],
            [
              -80.1387965,
              25.7720946
            ]
          ]
        ]
      },
      "properties": {
        "source_id": "osm:way:481648927",
        "source_name": "OpenStreetMap bounded basemap reconciliation",
        "name": "Unnamed OSM parking candidate",
        "facility_type": "surface",
        "parking_evidence_kind": "parking_area_candidate",
        "access": "private",
        "fee": "unknown",
        "operator": "",
        "source_url": "https://www.openstreetmap.org/way/481648927",
        "api_url": "https://api.openstreetmap.org/api/0.6/map",
        "evidence_url": "https://www.openstreetmap.org/way/481648927",
        "osm_type": "way",
        "osm_id": 481648927,
        "existence_status": "candidate",
        "price_status": "unknown",
        "rule_status": "unknown",
        "enrichment_status": "needs_review",
        "needs_enrichment": true,
        "confidence": 0.55,
        "ordinary_parking_status": "unknown_pending_access_rule_check",
        "field_conflict_status": "needs_field_review",
        "confidence_reason": "OSM parking area reconciled from the basemap; public access and rules require verification.",
        "tainted": false,
        "raw_tags": {
          "access": "private",
          "amenity": "parking",
          "parking": "surface"
        },
        "raw_properties": {
          "type": "way",
          "id": 481648927,
          "tags": {
            "access": "private",
            "amenity": "parking",
            "parking": "surface"
          },
          "relations": [],
          "meta": {
            "timestamp": "2025-06-17T10:34:07Z",
            "version": "3",
            "changeset": "167731854",
            "user": "thetornado76",
            "uid": "1624486"
          }
        }
      }
    },
    {
      "type": "Feature",
      "geometry": {
        "type": "Polygon",
        "coordinates": [
          [
            [
              -80.1394285,
              25.7707824
            ],
            [
              -80.1393628,
              25.7706882
            ],
            [
              -80.1387526,
              25.7710167
            ],
            [
              -80.1388297,
              25.7711194
            ],
            [
              -80.1394285,
              25.7707824
            ]
          ]
        ]
      },
      "properties": {
        "source_id": "osm:way:481648928",
        "source_name": "OpenStreetMap bounded basemap reconciliation",
        "name": "Unnamed OSM parking candidate",
        "facility_type": "surface",
        "parking_evidence_kind": "parking_area_candidate",
        "access": "",
        "fee": "unknown",
        "operator": "",
        "source_url": "https://www.openstreetmap.org/way/481648928",
        "api_url": "https://api.openstreetmap.org/api/0.6/map",
        "evidence_url": "https://www.openstreetmap.org/way/481648928",
        "osm_type": "way",
        "osm_id": 481648928,
        "existence_status": "candidate",
        "price_status": "unknown",
        "rule_status": "unknown",
        "enrichment_status": "needs_review",
        "needs_enrichment": true,
        "confidence": 0.55,
        "ordinary_parking_status": "unknown_pending_access_rule_check",
        "field_conflict_status": "needs_field_review",
        "confidence_reason": "OSM parking area reconciled from the basemap; public access and rules require verification.",
        "tainted": false,
        "raw_tags": {
          "amenity": "parking",
          "parking": "surface"
        },
        "raw_properties": {
          "type": "way",
          "id": 481648928,
          "tags": {
            "amenity": "parking",
            "parking": "surface"
          },
          "relations": [],
          "meta": {
            "timestamp": "2017-03-20T19:29:02Z",
            "version": "1",
            "changeset": "47021485",
            "user": "jlevente_imports",
            "uid": "3975710"
          }
        }
      }
    },
    {
      "type": "Feature",
      "geometry": {
        "type": "Polygon",
        "coordinates": [
          [
            [
              -80.139645,
              25.7711585
            ],
            [
              -80.1394171,
              25.7708143
            ],
            [
              -80.1387756,
              25.7711616
            ],
            [
              -80.1390899,
              25.7716014
            ],
            [
              -80.1394915,
              25.7713764
            ],
            [
              -80.1394555,
              25.7713222
            ],
            [
              -80.1396753,
              25.7712042
            ],
            [
              -80.139645,
              25.7711585
            ]
          ]
        ]
      },
      "properties": {
        "source_id": "osm:way:481648932",
        "source_name": "OpenStreetMap bounded basemap reconciliation",
        "name": "Unnamed OSM parking candidate",
        "facility_type": "surface",
        "parking_evidence_kind": "parking_area_candidate",
        "access": "",
        "fee": "unknown",
        "operator": "",
        "source_url": "https://www.openstreetmap.org/way/481648932",
        "api_url": "https://api.openstreetmap.org/api/0.6/map",
        "evidence_url": "https://www.openstreetmap.org/way/481648932",
        "osm_type": "way",
        "osm_id": 481648932,
        "existence_status": "candidate",
        "price_status": "unknown",
        "rule_status": "unknown",
        "enrichment_status": "needs_review",
        "needs_enrichment": true,
        "confidence": 0.55,
        "ordinary_parking_status": "unknown_pending_access_rule_check",
        "field_conflict_status": "needs_field_review",
        "confidence_reason": "OSM parking area reconciled from the basemap; public access and rules require verification.",
        "tainted": false,
        "raw_tags": {
          "amenity": "parking",
          "parking": "surface"
        },
        "raw_properties": {
          "type": "way",
          "id": 481648932,
          "tags": {
            "amenity": "parking",
            "parking": "surface"
          },
          "relations": [],
          "meta": {
            "timestamp": "2022-05-14T14:56:40Z",
            "version": "2",
            "changeset": "120982711",
            "user": "David Andron",
            "uid": "10594286"
          }
        }
      }
    },
    {
      "type": "Feature",
      "geometry": {
        "type": "Polygon",
        "coordinates": [
          [
            [
              -80.1383566,
              25.7705444
            ],
            [
              -80.1390085,
              25.7701876
            ],
            [
              -80.1388978,
              25.7700235
            ],
            [
              -80.1382458,
              25.7703803
            ],
            [
              -80.1382942,
              25.7704553
            ],
            [
              -80.1383566,
              25.7705444
            ]
          ]
        ]
      },
      "properties": {
        "source_id": "osm:way:481648933",
        "source_name": "OpenStreetMap bounded basemap reconciliation",
        "name": "Unnamed OSM parking candidate",
        "facility_type": "surface",
        "parking_evidence_kind": "parking_area_candidate",
        "access": "",
        "fee": "unknown",
        "operator": "",
        "source_url": "https://www.openstreetmap.org/way/481648933",
        "api_url": "https://api.openstreetmap.org/api/0.6/map",
        "evidence_url": "https://www.openstreetmap.org/way/481648933",
        "osm_type": "way",
        "osm_id": 481648933,
        "existence_status": "candidate",
        "price_status": "unknown",
        "rule_status": "unknown",
        "enrichment_status": "needs_review",
        "needs_enrichment": true,
        "confidence": 0.55,
        "ordinary_parking_status": "unknown_pending_access_rule_check",
        "field_conflict_status": "needs_field_review",
        "confidence_reason": "OSM parking area reconciled from the basemap; public access and rules require verification.",
        "tainted": false,
        "raw_tags": {
          "amenity": "parking",
          "parking": "surface"
        },
        "raw_properties": {
          "type": "way",
          "id": 481648933,
          "tags": {
            "amenity": "parking",
            "parking": "surface"
          },
          "relations": [],
          "meta": {
            "timestamp": "2017-03-20T19:29:02Z",
            "version": "1",
            "changeset": "47021485",
            "user": "jlevente_imports",
            "uid": "3975710"
          }
        }
      }
    },
    {
      "type": "Feature",
      "geometry": {
        "type": "Polygon",
        "coordinates": [
          [
            [
              -80.1389369,
              25.7872857
            ],
            [
              -80.1391625,
              25.787279
            ],
            [
              -80.1396285,
              25.7872657
            ],
            [
              -80.1396264,
              25.7872069
            ],
            [
              -80.1396626,
              25.7872058
            ],
            [
              -80.1396619,
              25.787185
            ],
            [
              -80.1397329,
              25.7871829
            ],
            [
              -80.1397205,
              25.7868358
            ],
            [
              -80.1389217,
              25.7868589
            ],
            [
              -80.1389369,
              25.7872857
            ]
          ]
        ]
      },
      "properties": {
        "source_id": "osm:way:560720624",
        "source_name": "OpenStreetMap bounded basemap reconciliation",
        "name": "Unnamed OSM parking candidate",
        "facility_type": "parking",
        "parking_evidence_kind": "parking_area_candidate",
        "access": "",
        "fee": "unknown",
        "operator": "",
        "source_url": "https://www.openstreetmap.org/way/560720624",
        "api_url": "https://api.openstreetmap.org/api/0.6/map",
        "evidence_url": "https://www.openstreetmap.org/way/560720624",
        "osm_type": "way",
        "osm_id": 560720624,
        "existence_status": "candidate",
        "price_status": "unknown",
        "rule_status": "unknown",
        "enrichment_status": "needs_review",
        "needs_enrichment": true,
        "confidence": 0.55,
        "ordinary_parking_status": "unknown_pending_access_rule_check",
        "field_conflict_status": "needs_field_review",
        "confidence_reason": "OSM parking area reconciled from the basemap; public access and rules require verification.",
        "tainted": false,
        "raw_tags": {
          "amenity": "parking"
        },
        "raw_properties": {
          "type": "way",
          "id": 560720624,
          "tags": {
            "amenity": "parking"
          },
          "relations": [],
          "meta": {
            "timestamp": "2018-02-12T12:59:14Z",
            "version": "1",
            "changeset": "56293732",
            "user": "Alex18356",
            "uid": "5159411"
          }
        }
      }
    },
    {
      "type": "Feature",
      "geometry": {
        "type": "Polygon",
        "coordinates": [
          [
            [
              -80.1375699,
              25.7917274
            ],
            [
              -80.1375467,
              25.7917048
            ],
            [
              -80.137546,
              25.7916835
            ],
            [
              -80.1375936,
              25.7916407
            ],
            [
              -80.1375778,
              25.7911587
            ],
            [
              -80.1367007,
              25.7911781
            ],
            [
              -80.1367154,
              25.7912015
            ],
            [
              -80.1366807,
              25.7912325
            ],
            [
              -80.1366941,
              25.7914674
            ],
            [
              -80.1367273,
              25.7914895
            ],
            [
              -80.1371557,
              25.7914756
            ],
            [
              -80.1371617,
              25.7917265
            ],
            [
              -80.1372653,
              25.7917254
            ],
            [
              -80.1372823,
              25.7917312
            ],
            [
              -80.1373259,
              25.7917616
            ],
            [
              -80.1375427,
              25.7917555
            ],
            [
              -80.1375699,
              25.7917274
            ]
          ]
        ]
      },
      "properties": {
        "source_id": "osm:way:589530602",
        "source_name": "OpenStreetMap bounded basemap reconciliation",
        "name": "Miami Beach Parking Lot",
        "facility_type": "surface",
        "parking_evidence_kind": "parking_area_candidate",
        "access": "yes",
        "fee": "yes",
        "operator": "",
        "source_url": "https://www.openstreetmap.org/way/589530602",
        "api_url": "https://api.openstreetmap.org/api/0.6/map",
        "evidence_url": "https://www.openstreetmap.org/way/589530602",
        "osm_type": "way",
        "osm_id": 589530602,
        "existence_status": "candidate",
        "price_status": "unknown",
        "rule_status": "unknown",
        "enrichment_status": "needs_review",
        "needs_enrichment": true,
        "confidence": 0.55,
        "ordinary_parking_status": "unknown_pending_access_rule_check",
        "field_conflict_status": "needs_field_review",
        "confidence_reason": "OSM parking area reconciled from the basemap; public access and rules require verification.",
        "tainted": false,
        "raw_tags": {
          "access": "yes",
          "amenity": "parking",
          "fee": "yes",
          "name": "Miami Beach Parking Lot",
          "parking": "surface",
          "surface": "asphalt"
        },
        "raw_properties": {
          "type": "way",
          "id": 589530602,
          "tags": {
            "access": "yes",
            "amenity": "parking",
            "fee": "yes",
            "name": "Miami Beach Parking Lot",
            "parking": "surface",
            "surface": "asphalt"
          },
          "relations": [],
          "meta": {
            "timestamp": "2024-11-15T23:54:42Z",
            "version": "2",
            "changeset": "159191032",
            "user": "FlamingoOSM",
            "uid": "2925062"
          }
        }
      }
    },
    {
      "type": "Feature",
      "geometry": {
        "type": "Polygon",
        "coordinates": [
          [
            [
              -80.1408924,
              25.7892771
            ],
            [
              -80.1408881,
              25.7890297
            ],
            [
              -80.1405741,
              25.7890341
            ],
            [
              -80.1405785,
              25.7892815
            ],
            [
              -80.1408924,
              25.7892771
            ]
          ]
        ]
      },
      "properties": {
        "source_id": "osm:way:589663861",
        "source_name": "OpenStreetMap bounded basemap reconciliation",
        "name": "Unnamed OSM parking candidate",
        "facility_type": "surface",
        "parking_evidence_kind": "parking_area_candidate",
        "access": "customers",
        "fee": "unknown",
        "operator": "",
        "source_url": "https://www.openstreetmap.org/way/589663861",
        "api_url": "https://api.openstreetmap.org/api/0.6/map",
        "evidence_url": "https://www.openstreetmap.org/way/589663861",
        "osm_type": "way",
        "osm_id": 589663861,
        "existence_status": "candidate",
        "price_status": "unknown",
        "rule_status": "unknown",
        "enrichment_status": "needs_review",
        "needs_enrichment": true,
        "confidence": 0.55,
        "ordinary_parking_status": "unknown_pending_access_rule_check",
        "field_conflict_status": "needs_field_review",
        "confidence_reason": "OSM parking area reconciled from the basemap; public access and rules require verification.",
        "tainted": false,
        "raw_tags": {
          "access": "customers",
          "amenity": "parking",
          "parking": "surface",
          "surface": "asphalt"
        },
        "raw_properties": {
          "type": "way",
          "id": 589663861,
          "tags": {
            "access": "customers",
            "amenity": "parking",
            "parking": "surface",
            "surface": "asphalt"
          },
          "relations": [],
          "meta": {
            "timestamp": "2018-05-20T16:28:54Z",
            "version": "1",
            "changeset": "59127373",
            "user": "lokejul",
            "uid": "2034065"
          }
        }
      }
    },
    {
      "type": "Feature",
      "geometry": {
        "type": "Polygon",
        "coordinates": [
          [
            [
              -80.14075,
              25.7894252
            ],
            [
              -80.1407478,
              25.7892895
            ],
            [
              -80.1405801,
              25.7892917
            ],
            [
              -80.1405823,
              25.7894273
            ],
            [
              -80.14075,
              25.7894252
            ]
          ]
        ]
      },
      "properties": {
        "source_id": "osm:way:589663863",
        "source_name": "OpenStreetMap bounded basemap reconciliation",
        "name": "Unnamed OSM parking candidate",
        "facility_type": "surface",
        "parking_evidence_kind": "parking_area_candidate",
        "access": "customers",
        "fee": "unknown",
        "operator": "",
        "source_url": "https://www.openstreetmap.org/way/589663863",
        "api_url": "https://api.openstreetmap.org/api/0.6/map",
        "evidence_url": "https://www.openstreetmap.org/way/589663863",
        "osm_type": "way",
        "osm_id": 589663863,
        "existence_status": "candidate",
        "price_status": "unknown",
        "rule_status": "unknown",
        "enrichment_status": "needs_review",
        "needs_enrichment": true,
        "confidence": 0.55,
        "ordinary_parking_status": "unknown_pending_access_rule_check",
        "field_conflict_status": "needs_field_review",
        "confidence_reason": "OSM parking area reconciled from the basemap; public access and rules require verification.",
        "tainted": false,
        "raw_tags": {
          "access": "customers",
          "amenity": "parking",
          "parking": "surface",
          "surface": "asphalt"
        },
        "raw_properties": {
          "type": "way",
          "id": 589663863,
          "tags": {
            "access": "customers",
            "amenity": "parking",
            "parking": "surface",
            "surface": "asphalt"
          },
          "relations": [],
          "meta": {
            "timestamp": "2018-05-20T16:28:54Z",
            "version": "1",
            "changeset": "59127373",
            "user": "lokejul",
            "uid": "2034065"
          }
        }
      }
    },
    {
      "type": "Feature",
      "geometry": {
        "type": "Polygon",
        "coordinates": [
          [
            [
              -80.1341556,
              25.7900064
            ],
            [
              -80.1341855,
              25.789964
            ],
            [
              -80.1341858,
              25.7899257
            ],
            [
              -80.1341477,
              25.7898858
            ],
            [
              -80.1336929,
              25.7898989
            ],
            [
              -80.1336955,
              25.7900152
            ],
            [
              -80.1341556,
              25.7900064
            ]
          ]
        ]
      },
      "properties": {
        "source_id": "osm:way:765627073",
        "source_name": "OpenStreetMap bounded basemap reconciliation",
        "name": "Unnamed OSM parking candidate",
        "facility_type": "surface",
        "parking_evidence_kind": "parking_area_candidate",
        "access": "",
        "fee": "unknown",
        "operator": "",
        "source_url": "https://www.openstreetmap.org/way/765627073",
        "api_url": "https://api.openstreetmap.org/api/0.6/map",
        "evidence_url": "https://www.openstreetmap.org/way/765627073",
        "osm_type": "way",
        "osm_id": 765627073,
        "existence_status": "candidate",
        "price_status": "unknown",
        "rule_status": "unknown",
        "enrichment_status": "needs_review",
        "needs_enrichment": true,
        "confidence": 0.55,
        "ordinary_parking_status": "unknown_pending_access_rule_check",
        "field_conflict_status": "needs_field_review",
        "confidence_reason": "OSM parking area reconciled from the basemap; public access and rules require verification.",
        "tainted": false,
        "raw_tags": {
          "amenity": "parking",
          "parking": "surface",
          "surface": "asphalt"
        },
        "raw_properties": {
          "type": "way",
          "id": 765627073,
          "tags": {
            "amenity": "parking",
            "parking": "surface",
            "surface": "asphalt"
          },
          "relations": [],
          "meta": {
            "timestamp": "2020-01-22T08:16:36Z",
            "version": "1",
            "changeset": "79901426",
            "user": "lokejul",
            "uid": "2034065"
          }
        }
      }
    },
    {
      "type": "Feature",
      "geometry": {
        "type": "Polygon",
        "coordinates": [
          [
            [
              -80.1416111,
              25.7881085
            ],
            [
              -80.141608,
              25.7879899
            ],
            [
              -80.1413053,
              25.7879963
            ],
            [
              -80.1413083,
              25.7881148
            ],
            [
              -80.1416111,
              25.7881085
            ]
          ]
        ]
      },
      "properties": {
        "source_id": "osm:way:770781866",
        "source_name": "OpenStreetMap bounded basemap reconciliation",
        "name": "Unnamed OSM parking candidate",
        "facility_type": "surface",
        "parking_evidence_kind": "parking_area_candidate",
        "access": "",
        "fee": "unknown",
        "operator": "",
        "source_url": "https://www.openstreetmap.org/way/770781866",
        "api_url": "https://api.openstreetmap.org/api/0.6/map",
        "evidence_url": "https://www.openstreetmap.org/way/770781866",
        "osm_type": "way",
        "osm_id": 770781866,
        "existence_status": "candidate",
        "price_status": "unknown",
        "rule_status": "unknown",
        "enrichment_status": "needs_review",
        "needs_enrichment": true,
        "confidence": 0.55,
        "ordinary_parking_status": "unknown_pending_access_rule_check",
        "field_conflict_status": "needs_field_review",
        "confidence_reason": "OSM parking area reconciled from the basemap; public access and rules require verification.",
        "tainted": false,
        "raw_tags": {
          "amenity": "parking",
          "parking": "surface",
          "surface": "asphalt"
        },
        "raw_properties": {
          "type": "way",
          "id": 770781866,
          "tags": {
            "amenity": "parking",
            "parking": "surface",
            "surface": "asphalt"
          },
          "relations": [],
          "meta": {
            "timestamp": "2020-02-08T02:51:24Z",
            "version": "1",
            "changeset": "80713886",
            "user": "lokejul",
            "uid": "2034065"
          }
        }
      }
    },
    {
      "type": "Feature",
      "geometry": {
        "type": "Polygon",
        "coordinates": [
          [
            [
              -80.1413247,
              25.7862607
            ],
            [
              -80.1413192,
              25.7859852
            ],
            [
              -80.1412296,
              25.7859867
            ],
            [
              -80.1412339,
              25.7861992
            ],
            [
              -80.1412605,
              25.7861988
            ],
            [
              -80.1412618,
              25.7862617
            ],
            [
              -80.1413247,
              25.7862607
            ]
          ]
        ]
      },
      "properties": {
        "source_id": "osm:way:770873622",
        "source_name": "OpenStreetMap bounded basemap reconciliation",
        "name": "Unnamed OSM parking candidate",
        "facility_type": "surface",
        "parking_evidence_kind": "parking_area_candidate",
        "access": "",
        "fee": "unknown",
        "operator": "",
        "source_url": "https://www.openstreetmap.org/way/770873622",
        "api_url": "https://api.openstreetmap.org/api/0.6/map",
        "evidence_url": "https://www.openstreetmap.org/way/770873622",
        "osm_type": "way",
        "osm_id": 770873622,
        "existence_status": "candidate",
        "price_status": "unknown",
        "rule_status": "unknown",
        "enrichment_status": "needs_review",
        "needs_enrichment": true,
        "confidence": 0.55,
        "ordinary_parking_status": "unknown_pending_access_rule_check",
        "field_conflict_status": "needs_field_review",
        "confidence_reason": "OSM parking area reconciled from the basemap; public access and rules require verification.",
        "tainted": false,
        "raw_tags": {
          "amenity": "parking",
          "parking": "surface",
          "surface": "asphalt"
        },
        "raw_properties": {
          "type": "way",
          "id": 770873622,
          "tags": {
            "amenity": "parking",
            "parking": "surface",
            "surface": "asphalt"
          },
          "relations": [],
          "meta": {
            "timestamp": "2020-02-08T16:06:36Z",
            "version": "1",
            "changeset": "80727298",
            "user": "lokejul",
            "uid": "2034065"
          }
        }
      }
    },
    {
      "type": "Feature",
      "geometry": {
        "type": "Polygon",
        "coordinates": [
          [
            [
              -80.1417009,
              25.7866583
            ],
            [
              -80.1416947,
              25.7863948
            ],
            [
              -80.1414624,
              25.7863992
            ],
            [
              -80.1414686,
              25.7866628
            ],
            [
              -80.1417009,
              25.7866583
            ]
          ]
        ]
      },
      "properties": {
        "source_id": "osm:way:770873623",
        "source_name": "OpenStreetMap bounded basemap reconciliation",
        "name": "Unnamed OSM parking candidate",
        "facility_type": "surface",
        "parking_evidence_kind": "parking_area_candidate",
        "access": "",
        "fee": "unknown",
        "operator": "",
        "source_url": "https://www.openstreetmap.org/way/770873623",
        "api_url": "https://api.openstreetmap.org/api/0.6/map",
        "evidence_url": "https://www.openstreetmap.org/way/770873623",
        "osm_type": "way",
        "osm_id": 770873623,
        "existence_status": "candidate",
        "price_status": "unknown",
        "rule_status": "unknown",
        "enrichment_status": "needs_review",
        "needs_enrichment": true,
        "confidence": 0.55,
        "ordinary_parking_status": "unknown_pending_access_rule_check",
        "field_conflict_status": "needs_field_review",
        "confidence_reason": "OSM parking area reconciled from the basemap; public access and rules require verification.",
        "tainted": false,
        "raw_tags": {
          "amenity": "parking",
          "parking": "surface",
          "surface": "asphalt"
        },
        "raw_properties": {
          "type": "way",
          "id": 770873623,
          "tags": {
            "amenity": "parking",
            "parking": "surface",
            "surface": "asphalt"
          },
          "relations": [],
          "meta": {
            "timestamp": "2020-02-08T16:06:36Z",
            "version": "1",
            "changeset": "80727298",
            "user": "lokejul",
            "uid": "2034065"
          }
        }
      }
    },
    {
      "type": "Feature",
      "geometry": {
        "type": "Polygon",
        "coordinates": [
          [
            [
              -80.1417431,
              25.7875437
            ],
            [
              -80.14174,
              25.7874211
            ],
            [
              -80.1414932,
              25.7874262
            ],
            [
              -80.1414946,
              25.7874831
            ],
            [
              -80.1415648,
              25.7874817
            ],
            [
              -80.1415659,
              25.7875267
            ],
            [
              -80.1415935,
              25.7875261
            ],
            [
              -80.141594,
              25.7875468
            ],
            [
              -80.1417431,
              25.7875437
            ]
          ]
        ]
      },
      "properties": {
        "source_id": "osm:way:770873628",
        "source_name": "OpenStreetMap bounded basemap reconciliation",
        "name": "Unnamed OSM parking candidate",
        "facility_type": "surface",
        "parking_evidence_kind": "parking_area_candidate",
        "access": "",
        "fee": "yes",
        "operator": "",
        "source_url": "https://www.openstreetmap.org/way/770873628",
        "api_url": "https://api.openstreetmap.org/api/0.6/map",
        "evidence_url": "https://www.openstreetmap.org/way/770873628",
        "osm_type": "way",
        "osm_id": 770873628,
        "existence_status": "candidate",
        "price_status": "unknown",
        "rule_status": "unknown",
        "enrichment_status": "needs_review",
        "needs_enrichment": true,
        "confidence": 0.55,
        "ordinary_parking_status": "unknown_pending_access_rule_check",
        "field_conflict_status": "needs_field_review",
        "confidence_reason": "OSM parking area reconciled from the basemap; public access and rules require verification.",
        "tainted": false,
        "raw_tags": {
          "amenity": "parking",
          "fee": "yes",
          "parking": "surface",
          "surface": "asphalt"
        },
        "raw_properties": {
          "type": "way",
          "id": 770873628,
          "tags": {
            "amenity": "parking",
            "fee": "yes",
            "parking": "surface",
            "surface": "asphalt"
          },
          "relations": [],
          "meta": {
            "timestamp": "2020-02-08T16:06:36Z",
            "version": "1",
            "changeset": "80727298",
            "user": "lokejul",
            "uid": "2034065"
          }
        }
      }
    },
    {
      "type": "Feature",
      "geometry": {
        "type": "Polygon",
        "coordinates": [
          [
            [
              -80.1409206,
              25.7863577
            ],
            [
              -80.1409148,
              25.7860858
            ],
            [
              -80.1408556,
              25.7860869
            ],
            [
              -80.1408565,
              25.7861292
            ],
            [
              -80.1408031,
              25.7861301
            ],
            [
              -80.140807,
              25.786316
            ],
            [
              -80.1408715,
              25.7863148
            ],
            [
              -80.1408724,
              25.7863585
            ],
            [
              -80.1409206,
              25.7863577
            ]
          ]
        ]
      },
      "properties": {
        "source_id": "osm:way:771407946",
        "source_name": "OpenStreetMap bounded basemap reconciliation",
        "name": "Unnamed OSM parking candidate",
        "facility_type": "surface",
        "parking_evidence_kind": "parking_area_candidate",
        "access": "permissive",
        "fee": "unknown",
        "operator": "",
        "source_url": "https://www.openstreetmap.org/way/771407946",
        "api_url": "https://api.openstreetmap.org/api/0.6/map",
        "evidence_url": "https://www.openstreetmap.org/way/771407946",
        "osm_type": "way",
        "osm_id": 771407946,
        "existence_status": "candidate",
        "price_status": "unknown",
        "rule_status": "unknown",
        "enrichment_status": "needs_review",
        "needs_enrichment": true,
        "confidence": 0.55,
        "ordinary_parking_status": "unknown_pending_access_rule_check",
        "field_conflict_status": "needs_field_review",
        "confidence_reason": "OSM parking area reconciled from the basemap; public access and rules require verification.",
        "tainted": false,
        "raw_tags": {
          "access": "permissive",
          "amenity": "parking",
          "parking": "surface",
          "surface": "asphalt"
        },
        "raw_properties": {
          "type": "way",
          "id": 771407946,
          "tags": {
            "access": "permissive",
            "amenity": "parking",
            "parking": "surface",
            "surface": "asphalt"
          },
          "relations": [],
          "meta": {
            "timestamp": "2020-02-10T19:21:53Z",
            "version": "1",
            "changeset": "80812234",
            "user": "lokejul",
            "uid": "2034065"
          }
        }
      }
    },
    {
      "type": "Feature",
      "geometry": {
        "type": "Polygon",
        "coordinates": [
          [
            [
              -80.1408626,
              25.7857351
            ],
            [
              -80.1408613,
              25.7856941
            ],
            [
              -80.1408987,
              25.7856931
            ],
            [
              -80.1408851,
              25.7852752
            ],
            [
              -80.1404599,
              25.7852864
            ],
            [
              -80.1404747,
              25.7857453
            ],
            [
              -80.1408626,
              25.7857351
            ]
          ]
        ]
      },
      "properties": {
        "source_id": "osm:way:771407947",
        "source_name": "OpenStreetMap bounded basemap reconciliation",
        "name": "Unnamed OSM parking candidate",
        "facility_type": "surface",
        "parking_evidence_kind": "parking_area_candidate",
        "access": "permissive",
        "fee": "no",
        "operator": "",
        "source_url": "https://www.openstreetmap.org/way/771407947",
        "api_url": "https://api.openstreetmap.org/api/0.6/map",
        "evidence_url": "https://www.openstreetmap.org/way/771407947",
        "osm_type": "way",
        "osm_id": 771407947,
        "existence_status": "candidate",
        "price_status": "unknown",
        "rule_status": "unknown",
        "enrichment_status": "needs_review",
        "needs_enrichment": true,
        "confidence": 0.55,
        "ordinary_parking_status": "unknown_pending_access_rule_check",
        "field_conflict_status": "needs_field_review",
        "confidence_reason": "OSM parking area reconciled from the basemap; public access and rules require verification.",
        "tainted": false,
        "raw_tags": {
          "access": "permissive",
          "amenity": "parking",
          "fee": "no",
          "parking": "surface",
          "surface": "asphalt"
        },
        "raw_properties": {
          "type": "way",
          "id": 771407947,
          "tags": {
            "access": "permissive",
            "amenity": "parking",
            "fee": "no",
            "parking": "surface",
            "surface": "asphalt"
          },
          "relations": [],
          "meta": {
            "timestamp": "2020-02-10T19:21:53Z",
            "version": "1",
            "changeset": "80812234",
            "user": "lokejul",
            "uid": "2034065"
          }
        }
      }
    },
    {
      "type": "Feature",
      "geometry": {
        "type": "Polygon",
        "coordinates": [
          [
            [
              -80.1409407,
              25.7864902
            ],
            [
              -80.1409382,
              25.7863727
            ],
            [
              -80.1408694,
              25.786374
            ],
            [
              -80.140872,
              25.7864914
            ],
            [
              -80.1409407,
              25.7864902
            ]
          ]
        ]
      },
      "properties": {
        "source_id": "osm:way:771508671",
        "source_name": "OpenStreetMap bounded basemap reconciliation",
        "name": "Unnamed OSM parking candidate",
        "facility_type": "surface",
        "parking_evidence_kind": "parking_area_candidate",
        "access": "permissive",
        "fee": "unknown",
        "operator": "",
        "source_url": "https://www.openstreetmap.org/way/771508671",
        "api_url": "https://api.openstreetmap.org/api/0.6/map",
        "evidence_url": "https://www.openstreetmap.org/way/771508671",
        "osm_type": "way",
        "osm_id": 771508671,
        "existence_status": "candidate",
        "price_status": "unknown",
        "rule_status": "unknown",
        "enrichment_status": "needs_review",
        "needs_enrichment": true,
        "confidence": 0.55,
        "ordinary_parking_status": "unknown_pending_access_rule_check",
        "field_conflict_status": "needs_field_review",
        "confidence_reason": "OSM parking area reconciled from the basemap; public access and rules require verification.",
        "tainted": false,
        "raw_tags": {
          "access": "permissive",
          "amenity": "parking",
          "parking": "surface",
          "surface": "asphalt"
        },
        "raw_properties": {
          "type": "way",
          "id": 771508671,
          "tags": {
            "access": "permissive",
            "amenity": "parking",
            "parking": "surface",
            "surface": "asphalt"
          },
          "relations": [],
          "meta": {
            "timestamp": "2020-02-11T01:29:05Z",
            "version": "1",
            "changeset": "80820112",
            "user": "lokejul",
            "uid": "2034065"
          }
        }
      }
    },
    {
      "type": "Feature",
      "geometry": {
        "type": "Polygon",
        "coordinates": [
          [
            [
              -80.1406253,
              25.7866375
            ],
            [
              -80.1406218,
              25.7865158
            ],
            [
              -80.1405145,
              25.7865183
            ],
            [
              -80.140518,
              25.78664
            ],
            [
              -80.1406253,
              25.7866375
            ]
          ]
        ]
      },
      "properties": {
        "source_id": "osm:way:771508673",
        "source_name": "OpenStreetMap bounded basemap reconciliation",
        "name": "Unnamed OSM parking candidate",
        "facility_type": "surface",
        "parking_evidence_kind": "parking_area_candidate",
        "access": "private",
        "fee": "unknown",
        "operator": "",
        "source_url": "https://www.openstreetmap.org/way/771508673",
        "api_url": "https://api.openstreetmap.org/api/0.6/map",
        "evidence_url": "https://www.openstreetmap.org/way/771508673",
        "osm_type": "way",
        "osm_id": 771508673,
        "existence_status": "candidate",
        "price_status": "unknown",
        "rule_status": "unknown",
        "enrichment_status": "needs_review",
        "needs_enrichment": true,
        "confidence": 0.55,
        "ordinary_parking_status": "unknown_pending_access_rule_check",
        "field_conflict_status": "needs_field_review",
        "confidence_reason": "OSM parking area reconciled from the basemap; public access and rules require verification.",
        "tainted": false,
        "raw_tags": {
          "access": "private",
          "amenity": "parking",
          "parking": "surface",
          "surface": "asphalt"
        },
        "raw_properties": {
          "type": "way",
          "id": 771508673,
          "tags": {
            "access": "private",
            "amenity": "parking",
            "parking": "surface",
            "surface": "asphalt"
          },
          "relations": [],
          "meta": {
            "timestamp": "2020-02-11T01:29:05Z",
            "version": "1",
            "changeset": "80820112",
            "user": "lokejul",
            "uid": "2034065"
          }
        }
      }
    },
    {
      "type": "Feature",
      "geometry": {
        "type": "Polygon",
        "coordinates": [
          [
            [
              -80.140952,
              25.7869735
            ],
            [
              -80.1409431,
              25.7866446
            ],
            [
              -80.1407671,
              25.7866484
            ],
            [
              -80.1407714,
              25.7868081
            ],
            [
              -80.1407824,
              25.7868078
            ],
            [
              -80.140787,
              25.7869771
            ],
            [
              -80.140952,
              25.7869735
            ]
          ]
        ]
      },
      "properties": {
        "source_id": "osm:way:771508674",
        "source_name": "OpenStreetMap bounded basemap reconciliation",
        "name": "Unnamed OSM parking candidate",
        "facility_type": "surface",
        "parking_evidence_kind": "parking_area_candidate",
        "access": "permissive",
        "fee": "unknown",
        "operator": "",
        "source_url": "https://www.openstreetmap.org/way/771508674",
        "api_url": "https://api.openstreetmap.org/api/0.6/map",
        "evidence_url": "https://www.openstreetmap.org/way/771508674",
        "osm_type": "way",
        "osm_id": 771508674,
        "existence_status": "candidate",
        "price_status": "unknown",
        "rule_status": "unknown",
        "enrichment_status": "needs_review",
        "needs_enrichment": true,
        "confidence": 0.55,
        "ordinary_parking_status": "unknown_pending_access_rule_check",
        "field_conflict_status": "needs_field_review",
        "confidence_reason": "OSM parking area reconciled from the basemap; public access and rules require verification.",
        "tainted": false,
        "raw_tags": {
          "access": "permissive",
          "amenity": "parking",
          "parking": "surface",
          "surface": "asphalt"
        },
        "raw_properties": {
          "type": "way",
          "id": 771508674,
          "tags": {
            "access": "permissive",
            "amenity": "parking",
            "parking": "surface",
            "surface": "asphalt"
          },
          "relations": [],
          "meta": {
            "timestamp": "2020-02-11T01:29:05Z",
            "version": "1",
            "changeset": "80820112",
            "user": "lokejul",
            "uid": "2034065"
          }
        }
      }
    },
    {
      "type": "Feature",
      "geometry": {
        "type": "Polygon",
        "coordinates": [
          [
            [
              -80.1337192,
              25.7706752
            ],
            [
              -80.1338104,
              25.7702344
            ],
            [
              -80.1334416,
              25.7701728
            ],
            [
              -80.1333478,
              25.7706124
            ],
            [
              -80.1337192,
              25.7706752
            ]
          ]
        ]
      },
      "properties": {
        "source_id": "osm:way:1105365653",
        "source_name": "OpenStreetMap bounded basemap reconciliation",
        "name": "Unnamed OSM parking candidate",
        "facility_type": "parking",
        "parking_evidence_kind": "parking_area_candidate",
        "access": "",
        "fee": "unknown",
        "operator": "",
        "source_url": "https://www.openstreetmap.org/way/1105365653",
        "api_url": "https://api.openstreetmap.org/api/0.6/map",
        "evidence_url": "https://www.openstreetmap.org/way/1105365653",
        "osm_type": "way",
        "osm_id": 1105365653,
        "existence_status": "candidate",
        "price_status": "unknown",
        "rule_status": "unknown",
        "enrichment_status": "needs_review",
        "needs_enrichment": true,
        "confidence": 0.55,
        "ordinary_parking_status": "unknown_pending_access_rule_check",
        "field_conflict_status": "needs_field_review",
        "confidence_reason": "OSM parking area reconciled from the basemap; public access and rules require verification.",
        "tainted": false,
        "raw_tags": {
          "amenity": "parking"
        },
        "raw_properties": {
          "type": "way",
          "id": 1105365653,
          "tags": {
            "amenity": "parking"
          },
          "relations": [],
          "meta": {
            "timestamp": "2022-10-19T21:28:15Z",
            "version": "1",
            "changeset": "127808890",
            "user": "hshore29",
            "uid": "1181596"
          }
        }
      }
    },
    {
      "type": "Feature",
      "geometry": {
        "type": "Polygon",
        "coordinates": [
          [
            [
              -80.1381474,
              25.7824836
            ],
            [
              -80.1381333,
              25.7819982
            ],
            [
              -80.1380816,
              25.7819982
            ],
            [
              -80.1380816,
              25.7819547
            ],
            [
              -80.13757,
              25.7819625
            ],
            [
              -80.1375888,
              25.7825374
            ],
            [
              -80.1380937,
              25.7825307
            ],
            [
              -80.138093,
              25.7824842
            ],
            [
              -80.1381474,
              25.7824836
            ]
          ]
        ]
      },
      "properties": {
        "source_id": "osm:way:1312377730",
        "source_name": "OpenStreetMap bounded basemap reconciliation",
        "name": "Miami Beach Parking Lot (P9)",
        "facility_type": "surface",
        "parking_evidence_kind": "parking_area_candidate",
        "access": "yes",
        "fee": "yes",
        "operator": "",
        "source_url": "https://www.openstreetmap.org/way/1312377730",
        "api_url": "https://api.openstreetmap.org/api/0.6/map",
        "evidence_url": "https://www.openstreetmap.org/way/1312377730",
        "osm_type": "way",
        "osm_id": 1312377730,
        "existence_status": "candidate",
        "price_status": "unknown",
        "rule_status": "unknown",
        "enrichment_status": "needs_review",
        "needs_enrichment": true,
        "confidence": 0.55,
        "ordinary_parking_status": "unknown_pending_access_rule_check",
        "field_conflict_status": "needs_field_review",
        "confidence_reason": "OSM parking area reconciled from the basemap; public access and rules require verification.",
        "tainted": false,
        "raw_tags": {
          "access": "yes",
          "access:conditional": "yes @ (09:00-22:00)",
          "amenity": "parking",
          "covered": "no",
          "fee": "yes",
          "maxstay:conditional": "3 hours @ (09:00-22:00)",
          "name": "Miami Beach Parking Lot (P9)",
          "parking": "surface",
          "parking:both:direction": "head_in",
          "ref": "P9",
          "surface": "asphalt",
          "wheelchair": "yes"
        },
        "raw_properties": {
          "type": "way",
          "id": 1312377730,
          "tags": {
            "access": "yes",
            "access:conditional": "yes @ (09:00-22:00)",
            "amenity": "parking",
            "covered": "no",
            "fee": "yes",
            "maxstay:conditional": "3 hours @ (09:00-22:00)",
            "name": "Miami Beach Parking Lot (P9)",
            "parking": "surface",
            "parking:both:direction": "head_in",
            "ref": "P9",
            "surface": "asphalt",
            "wheelchair": "yes"
          },
          "relations": [],
          "meta": {
            "timestamp": "2024-11-11T16:34:22Z",
            "version": "4",
            "changeset": "159016510",
            "user": "FlamingoOSM",
            "uid": "2925062"
          }
        }
      }
    },
    {
      "type": "Feature",
      "geometry": {
        "type": "Polygon",
        "coordinates": [
          [
            [
              -80.1333939,
              25.7810422
            ],
            [
              -80.1333957,
              25.7807778
            ],
            [
              -80.1330007,
              25.7807908
            ],
            [
              -80.1329582,
              25.7810422
            ],
            [
              -80.1333939,
              25.7810422
            ]
          ]
        ]
      },
      "properties": {
        "source_id": "osm:way:1332905523",
        "source_name": "OpenStreetMap bounded basemap reconciliation",
        "name": "Miami Beach Parking Lot",
        "facility_type": "parking",
        "parking_evidence_kind": "parking_area_candidate",
        "access": "yes",
        "fee": "yes",
        "operator": "",
        "source_url": "https://www.openstreetmap.org/way/1332905523",
        "api_url": "https://api.openstreetmap.org/api/0.6/map",
        "evidence_url": "https://www.openstreetmap.org/way/1332905523",
        "osm_type": "way",
        "osm_id": 1332905523,
        "existence_status": "candidate",
        "price_status": "unknown",
        "rule_status": "unknown",
        "enrichment_status": "needs_review",
        "needs_enrichment": true,
        "confidence": 0.55,
        "ordinary_parking_status": "unknown_pending_access_rule_check",
        "field_conflict_status": "needs_field_review",
        "confidence_reason": "OSM parking area reconciled from the basemap; public access and rules require verification.",
        "tainted": false,
        "raw_tags": {
          "access": "yes",
          "amenity": "parking",
          "fee": "yes",
          "name": "Miami Beach Parking Lot"
        },
        "raw_properties": {
          "type": "way",
          "id": 1332905523,
          "tags": {
            "access": "yes",
            "amenity": "parking",
            "fee": "yes",
            "name": "Miami Beach Parking Lot"
          },
          "relations": [],
          "meta": {
            "timestamp": "2024-11-11T16:20:10Z",
            "version": "1",
            "changeset": "159015857",
            "user": "FlamingoOSM",
            "uid": "2925062"
          }
        }
      }
    },
    {
      "type": "Feature",
      "geometry": {
        "type": "Polygon",
        "coordinates": [
          [
            [
              -80.1429839,
              25.7900628
            ],
            [
              -80.1429772,
              25.7899052
            ],
            [
              -80.1425352,
              25.7899181
            ],
            [
              -80.1425344,
              25.7900748
            ],
            [
              -80.1429839,
              25.7900628
            ]
          ]
        ]
      },
      "properties": {
        "source_id": "osm:way:1333034472",
        "source_name": "OpenStreetMap bounded basemap reconciliation",
        "name": "Unnamed OSM parking candidate",
        "facility_type": "parking",
        "parking_evidence_kind": "parking_area_candidate",
        "access": "customers",
        "fee": "unknown",
        "operator": "",
        "source_url": "https://www.openstreetmap.org/way/1333034472",
        "api_url": "https://api.openstreetmap.org/api/0.6/map",
        "evidence_url": "https://www.openstreetmap.org/way/1333034472",
        "osm_type": "way",
        "osm_id": 1333034472,
        "existence_status": "candidate",
        "price_status": "unknown",
        "rule_status": "unknown",
        "enrichment_status": "needs_review",
        "needs_enrichment": true,
        "confidence": 0.55,
        "ordinary_parking_status": "unknown_pending_access_rule_check",
        "field_conflict_status": "needs_field_review",
        "confidence_reason": "OSM parking area reconciled from the basemap; public access and rules require verification.",
        "tainted": false,
        "raw_tags": {
          "access": "customers",
          "amenity": "parking"
        },
        "raw_properties": {
          "type": "way",
          "id": 1333034472,
          "tags": {
            "access": "customers",
            "amenity": "parking"
          },
          "relations": [],
          "meta": {
            "timestamp": "2024-11-11T22:03:06Z",
            "version": "1",
            "changeset": "159028348",
            "user": "FlamingoOSM",
            "uid": "2925062"
          }
        }
      }
    },
    {
      "type": "Feature",
      "geometry": {
        "type": "Point",
        "coordinates": [
          -80.1374036,
          25.7898541
        ]
      },
      "properties": {
        "source_id": "osm:node:631764068",
        "source_name": "OpenStreetMap bounded basemap reconciliation",
        "name": "Unnamed OSM parking candidate",
        "facility_type": "parking",
        "parking_evidence_kind": "parking_area_candidate",
        "access": "",
        "fee": "unknown",
        "operator": "",
        "source_url": "https://www.openstreetmap.org/node/631764068",
        "api_url": "https://api.openstreetmap.org/api/0.6/map",
        "evidence_url": "https://www.openstreetmap.org/node/631764068",
        "osm_type": "node",
        "osm_id": "631764068",
        "existence_status": "candidate",
        "price_status": "unknown",
        "rule_status": "unknown",
        "enrichment_status": "needs_review",
        "needs_enrichment": true,
        "confidence": 0.55,
        "ordinary_parking_status": "unknown_pending_access_rule_check",
        "field_conflict_status": "needs_field_review",
        "confidence_reason": "OSM parking area reconciled from the basemap; public access and rules require verification.",
        "tainted": false,
        "raw_tags": {
          "amenity": "parking"
        },
        "raw_properties": {
          "type": "node",
          "id": "631764068",
          "tags": {
            "amenity": "parking"
          },
          "relations": [],
          "meta": {
            "timestamp": "2011-07-03T02:24:12Z",
            "version": "2",
            "changeset": "8614114",
            "user": "jaakkoh",
            "uid": "24440"
          }
        }
      }
    },
    {
      "type": "Feature",
      "geometry": {
        "type": "Point",
        "coordinates": [
          -80.1350519,
          25.7920389
        ]
      },
      "properties": {
        "source_id": "osm:node:4244180530",
        "source_name": "OpenStreetMap bounded basemap reconciliation",
        "name": "OSM parking evidence",
        "facility_type": "parking_entrance",
        "parking_evidence_kind": "parking_entrance_evidence",
        "access": "",
        "fee": "unknown",
        "operator": "",
        "source_url": "https://www.openstreetmap.org/node/4244180530",
        "api_url": "https://api.openstreetmap.org/api/0.6/map",
        "evidence_url": "https://www.openstreetmap.org/node/4244180530",
        "osm_type": "node",
        "osm_id": "4244180530",
        "existence_status": "candidate",
        "price_status": "unknown",
        "rule_status": "unknown",
        "enrichment_status": "needs_review",
        "needs_enrichment": true,
        "confidence": 0.35,
        "ordinary_parking_status": "not_ordinary_parking_offer",
        "field_conflict_status": "needs_field_review",
        "confidence_reason": "OSM parking-related evidence reconciled from the basemap; this is not a verified ordinary parking offer.",
        "tainted": false,
        "raw_tags": {
          "amenity": "parking_entrance",
          "level": "0"
        },
        "raw_properties": {
          "type": "node",
          "id": "4244180530",
          "tags": {
            "amenity": "parking_entrance",
            "level": "0"
          },
          "relations": [],
          "meta": {
            "timestamp": "2022-05-16T13:26:00Z",
            "version": "4",
            "changeset": "121054347",
            "user": "David Andron",
            "uid": "10594286"
          }
        }
      }
    },
    {
      "type": "Feature",
      "geometry": {
        "type": "Point",
        "coordinates": [
          -80.1349121,
          25.7920439
        ]
      },
      "properties": {
        "source_id": "osm:node:4244180548",
        "source_name": "OpenStreetMap bounded basemap reconciliation",
        "name": "OSM parking evidence",
        "facility_type": "parking_entrance",
        "parking_evidence_kind": "parking_entrance_evidence",
        "access": "",
        "fee": "unknown",
        "operator": "",
        "source_url": "https://www.openstreetmap.org/node/4244180548",
        "api_url": "https://api.openstreetmap.org/api/0.6/map",
        "evidence_url": "https://www.openstreetmap.org/node/4244180548",
        "osm_type": "node",
        "osm_id": "4244180548",
        "existence_status": "candidate",
        "price_status": "unknown",
        "rule_status": "unknown",
        "enrichment_status": "needs_review",
        "needs_enrichment": true,
        "confidence": 0.35,
        "ordinary_parking_status": "not_ordinary_parking_offer",
        "field_conflict_status": "needs_field_review",
        "confidence_reason": "OSM parking-related evidence reconciled from the basemap; this is not a verified ordinary parking offer.",
        "tainted": false,
        "raw_tags": {
          "amenity": "parking_entrance",
          "level": "0"
        },
        "raw_properties": {
          "type": "node",
          "id": "4244180548",
          "tags": {
            "amenity": "parking_entrance",
            "level": "0"
          },
          "relations": [],
          "meta": {
            "timestamp": "2022-05-16T13:26:00Z",
            "version": "5",
            "changeset": "121054347",
            "user": "David Andron",
            "uid": "10594286"
          }
        }
      }
    },
    {
      "type": "Feature",
      "geometry": {
        "type": "Point",
        "coordinates": [
          -80.1427571,
          25.7815944
        ]
      },
      "properties": {
        "source_id": "osm:node:5441144087",
        "source_name": "OpenStreetMap bounded basemap reconciliation",
        "name": "OSM parking evidence",
        "facility_type": "parking_entrance",
        "parking_evidence_kind": "parking_entrance_evidence",
        "access": "",
        "fee": "unknown",
        "operator": "",
        "source_url": "https://www.openstreetmap.org/node/5441144087",
        "api_url": "https://api.openstreetmap.org/api/0.6/map",
        "evidence_url": "https://www.openstreetmap.org/node/5441144087",
        "osm_type": "node",
        "osm_id": "5441144087",
        "existence_status": "candidate",
        "price_status": "unknown",
        "rule_status": "unknown",
        "enrichment_status": "needs_review",
        "needs_enrichment": true,
        "confidence": 0.35,
        "ordinary_parking_status": "not_ordinary_parking_offer",
        "field_conflict_status": "needs_field_review",
        "confidence_reason": "OSM parking-related evidence reconciled from the basemap; this is not a verified ordinary parking offer.",
        "tainted": false,
        "raw_tags": {
          "amenity": "parking_entrance"
        },
        "raw_properties": {
          "type": "node",
          "id": "5441144087",
          "tags": {
            "amenity": "parking_entrance"
          },
          "relations": [],
          "meta": {
            "timestamp": "2021-02-19T13:03:42Z",
            "version": "3",
            "changeset": "99596293",
            "user": "Aleg Surta",
            "uid": "12264982"
          }
        }
      }
    },
    {
      "type": "Feature",
      "geometry": {
        "type": "Point",
        "coordinates": [
          -80.1428032,
          25.7822761
        ]
      },
      "properties": {
        "source_id": "osm:node:5441144093",
        "source_name": "OpenStreetMap bounded basemap reconciliation",
        "name": "OSM parking evidence",
        "facility_type": "parking_entrance",
        "parking_evidence_kind": "parking_entrance_evidence",
        "access": "",
        "fee": "unknown",
        "operator": "",
        "source_url": "https://www.openstreetmap.org/node/5441144093",
        "api_url": "https://api.openstreetmap.org/api/0.6/map",
        "evidence_url": "https://www.openstreetmap.org/node/5441144093",
        "osm_type": "node",
        "osm_id": "5441144093",
        "existence_status": "candidate",
        "price_status": "unknown",
        "rule_status": "unknown",
        "enrichment_status": "needs_review",
        "needs_enrichment": true,
        "confidence": 0.35,
        "ordinary_parking_status": "not_ordinary_parking_offer",
        "field_conflict_status": "needs_field_review",
        "confidence_reason": "OSM parking-related evidence reconciled from the basemap; this is not a verified ordinary parking offer.",
        "tainted": false,
        "raw_tags": {
          "amenity": "parking_entrance"
        },
        "raw_properties": {
          "type": "node",
          "id": "5441144093",
          "tags": {
            "amenity": "parking_entrance"
          },
          "relations": [],
          "meta": {
            "timestamp": "2022-02-08T21:20:47Z",
            "version": "2",
            "changeset": "117177628",
            "user": "maxolasersquad",
            "uid": "55916"
          }
        }
      }
    },
    {
      "type": "Feature",
      "geometry": {
        "type": "Point",
        "coordinates": [
          -80.1410807,
          25.7909767
        ]
      },
      "properties": {
        "source_id": "osm:node:5614448853",
        "source_name": "OpenStreetMap bounded basemap reconciliation",
        "name": "OSM parking evidence",
        "facility_type": "multi-storey",
        "parking_evidence_kind": "parking_entrance_evidence",
        "access": "",
        "fee": "unknown",
        "operator": "",
        "source_url": "https://www.openstreetmap.org/node/5614448853",
        "api_url": "https://api.openstreetmap.org/api/0.6/map",
        "evidence_url": "https://www.openstreetmap.org/node/5614448853",
        "osm_type": "node",
        "osm_id": "5614448853",
        "existence_status": "candidate",
        "price_status": "unknown",
        "rule_status": "unknown",
        "enrichment_status": "needs_review",
        "needs_enrichment": true,
        "confidence": 0.35,
        "ordinary_parking_status": "not_ordinary_parking_offer",
        "field_conflict_status": "needs_field_review",
        "confidence_reason": "OSM parking-related evidence reconciled from the basemap; this is not a verified ordinary parking offer.",
        "tainted": false,
        "raw_tags": {
          "amenity": "parking_entrance",
          "parking": "multi-storey"
        },
        "raw_properties": {
          "type": "node",
          "id": "5614448853",
          "tags": {
            "amenity": "parking_entrance",
            "parking": "multi-storey"
          },
          "relations": [],
          "meta": {
            "timestamp": "2022-04-22T20:23:28Z",
            "version": "5",
            "changeset": "120068779",
            "user": "David Andron",
            "uid": "10594286"
          }
        }
      }
    },
    {
      "type": "Feature",
      "geometry": {
        "type": "Point",
        "coordinates": [
          -80.1406416,
          25.791001
        ]
      },
      "properties": {
        "source_id": "osm:node:5614448854",
        "source_name": "OpenStreetMap bounded basemap reconciliation",
        "name": "OSM parking evidence",
        "facility_type": "parking_entrance",
        "parking_evidence_kind": "parking_entrance_evidence",
        "access": "",
        "fee": "unknown",
        "operator": "",
        "source_url": "https://www.openstreetmap.org/node/5614448854",
        "api_url": "https://api.openstreetmap.org/api/0.6/map",
        "evidence_url": "https://www.openstreetmap.org/node/5614448854",
        "osm_type": "node",
        "osm_id": "5614448854",
        "existence_status": "candidate",
        "price_status": "unknown",
        "rule_status": "unknown",
        "enrichment_status": "needs_review",
        "needs_enrichment": true,
        "confidence": 0.35,
        "ordinary_parking_status": "not_ordinary_parking_offer",
        "field_conflict_status": "needs_field_review",
        "confidence_reason": "OSM parking-related evidence reconciled from the basemap; this is not a verified ordinary parking offer.",
        "tainted": false,
        "raw_tags": {
          "amenity": "parking_entrance",
          "covered": "yes"
        },
        "raw_properties": {
          "type": "node",
          "id": "5614448854",
          "tags": {
            "amenity": "parking_entrance",
            "covered": "yes"
          },
          "relations": [],
          "meta": {
            "timestamp": "2018-05-13T02:31:39Z",
            "version": "1",
            "changeset": "58914572",
            "user": "lokejul",
            "uid": "2034065"
          }
        }
      }
    },
    {
      "type": "Feature",
      "geometry": {
        "type": "Point",
        "coordinates": [
          -80.1338698,
          25.7920679
        ]
      },
      "properties": {
        "source_id": "osm:node:5633591722",
        "source_name": "OpenStreetMap bounded basemap reconciliation",
        "name": "OSM parking evidence",
        "facility_type": "parking_entrance",
        "parking_evidence_kind": "parking_entrance_evidence",
        "access": "",
        "fee": "unknown",
        "operator": "",
        "source_url": "https://www.openstreetmap.org/node/5633591722",
        "api_url": "https://api.openstreetmap.org/api/0.6/map",
        "evidence_url": "https://www.openstreetmap.org/node/5633591722",
        "osm_type": "node",
        "osm_id": "5633591722",
        "existence_status": "candidate",
        "price_status": "unknown",
        "rule_status": "unknown",
        "enrichment_status": "needs_review",
        "needs_enrichment": true,
        "confidence": 0.35,
        "ordinary_parking_status": "not_ordinary_parking_offer",
        "field_conflict_status": "needs_field_review",
        "confidence_reason": "OSM parking-related evidence reconciled from the basemap; this is not a verified ordinary parking offer.",
        "tainted": false,
        "raw_tags": {
          "amenity": "parking_entrance",
          "level": "0"
        },
        "raw_properties": {
          "type": "node",
          "id": "5633591722",
          "tags": {
            "amenity": "parking_entrance",
            "level": "0"
          },
          "relations": [],
          "meta": {
            "timestamp": "2020-02-03T16:41:05Z",
            "version": "2",
            "changeset": "80490253",
            "user": "Flugzeug149",
            "uid": "3603647"
          }
        }
      }
    },
    {
      "type": "Feature",
      "geometry": {
        "type": "Point",
        "coordinates": [
          -80.1409785,
          25.7894457
        ]
      },
      "properties": {
        "source_id": "osm:node:7134733359",
        "source_name": "OpenStreetMap bounded basemap reconciliation",
        "name": "OSM parking evidence",
        "facility_type": "multi-storey",
        "parking_evidence_kind": "parking_entrance_evidence",
        "access": "customers",
        "fee": "yes",
        "operator": "",
        "source_url": "https://www.openstreetmap.org/node/7134733359",
        "api_url": "https://api.openstreetmap.org/api/0.6/map",
        "evidence_url": "https://www.openstreetmap.org/node/7134733359",
        "osm_type": "node",
        "osm_id": "7134733359",
        "existence_status": "candidate",
        "price_status": "unknown",
        "rule_status": "unknown",
        "enrichment_status": "needs_review",
        "needs_enrichment": true,
        "confidence": 0.35,
        "ordinary_parking_status": "not_ordinary_parking_offer",
        "field_conflict_status": "needs_field_review",
        "confidence_reason": "OSM parking-related evidence reconciled from the basemap; this is not a verified ordinary parking offer.",
        "tainted": false,
        "raw_tags": {
          "access": "customers",
          "amenity": "parking_entrance",
          "fee": "yes",
          "level": "0",
          "parking": "multi-storey"
        },
        "raw_properties": {
          "type": "node",
          "id": "7134733359",
          "tags": {
            "access": "customers",
            "amenity": "parking_entrance",
            "fee": "yes",
            "level": "0",
            "parking": "multi-storey"
          },
          "relations": [],
          "meta": {
            "timestamp": "2020-01-16T03:18:44Z",
            "version": "1",
            "changeset": "79629761",
            "user": "lokejul",
            "uid": "2034065"
          }
        }
      }
    },
    {
      "type": "Feature",
      "geometry": {
        "type": "Point",
        "coordinates": [
          -80.1410422,
          25.7898103
        ]
      },
      "properties": {
        "source_id": "osm:node:7134733362",
        "source_name": "OpenStreetMap bounded basemap reconciliation",
        "name": "OSM parking evidence",
        "facility_type": "parking_entrance",
        "parking_evidence_kind": "parking_entrance_evidence",
        "access": "",
        "fee": "unknown",
        "operator": "",
        "source_url": "https://www.openstreetmap.org/node/7134733362",
        "api_url": "https://api.openstreetmap.org/api/0.6/map",
        "evidence_url": "https://www.openstreetmap.org/node/7134733362",
        "osm_type": "node",
        "osm_id": "7134733362",
        "existence_status": "candidate",
        "price_status": "unknown",
        "rule_status": "unknown",
        "enrichment_status": "needs_review",
        "needs_enrichment": true,
        "confidence": 0.35,
        "ordinary_parking_status": "not_ordinary_parking_offer",
        "field_conflict_status": "needs_field_review",
        "confidence_reason": "OSM parking-related evidence reconciled from the basemap; this is not a verified ordinary parking offer.",
        "tainted": false,
        "raw_tags": {
          "amenity": "parking_entrance",
          "entrance": "staircase",
          "foot": "yes",
          "motor_vehicle": "no"
        },
        "raw_properties": {
          "type": "node",
          "id": "7134733362",
          "tags": {
            "amenity": "parking_entrance",
            "entrance": "staircase",
            "foot": "yes",
            "motor_vehicle": "no"
          },
          "relations": [],
          "meta": {
            "timestamp": "2020-01-16T03:18:44Z",
            "version": "1",
            "changeset": "79629761",
            "user": "lokejul",
            "uid": "2034065"
          }
        }
      }
    },
    {
      "type": "Feature",
      "geometry": {
        "type": "Point",
        "coordinates": [
          -80.1386586,
          25.7911474
        ]
      },
      "properties": {
        "source_id": "osm:node:7141713781",
        "source_name": "OpenStreetMap bounded basemap reconciliation",
        "name": "OSM parking evidence",
        "facility_type": "multi-storey",
        "parking_evidence_kind": "parking_entrance_evidence",
        "access": "customers",
        "fee": "yes",
        "operator": "",
        "source_url": "https://www.openstreetmap.org/node/7141713781",
        "api_url": "https://api.openstreetmap.org/api/0.6/map",
        "evidence_url": "https://www.openstreetmap.org/node/7141713781",
        "osm_type": "node",
        "osm_id": "7141713781",
        "existence_status": "candidate",
        "price_status": "unknown",
        "rule_status": "unknown",
        "enrichment_status": "needs_review",
        "needs_enrichment": true,
        "confidence": 0.35,
        "ordinary_parking_status": "not_ordinary_parking_offer",
        "field_conflict_status": "needs_field_review",
        "confidence_reason": "OSM parking-related evidence reconciled from the basemap; this is not a verified ordinary parking offer.",
        "tainted": false,
        "raw_tags": {
          "access": "customers",
          "amenity": "parking_entrance",
          "fee": "yes",
          "foot": "no",
          "level": "0",
          "motor_vehicle": "customers",
          "parking": "multi-storey"
        },
        "raw_properties": {
          "type": "node",
          "id": "7141713781",
          "tags": {
            "access": "customers",
            "amenity": "parking_entrance",
            "fee": "yes",
            "foot": "no",
            "level": "0",
            "motor_vehicle": "customers",
            "parking": "multi-storey"
          },
          "relations": [],
          "meta": {
            "timestamp": "2020-01-18T22:56:03Z",
            "version": "1",
            "changeset": "79743514",
            "user": "lokejul",
            "uid": "2034065"
          }
        }
      }
    },
    {
      "type": "Feature",
      "geometry": {
        "type": "Point",
        "coordinates": [
          -80.1378356,
          25.7915016
        ]
      },
      "properties": {
        "source_id": "osm:node:7141713783",
        "source_name": "OpenStreetMap bounded basemap reconciliation",
        "name": "OSM parking evidence",
        "facility_type": "multi-storey",
        "parking_evidence_kind": "parking_entrance_evidence",
        "access": "customers",
        "fee": "yes",
        "operator": "",
        "source_url": "https://www.openstreetmap.org/node/7141713783",
        "api_url": "https://api.openstreetmap.org/api/0.6/map",
        "evidence_url": "https://www.openstreetmap.org/node/7141713783",
        "osm_type": "node",
        "osm_id": "7141713783",
        "existence_status": "candidate",
        "price_status": "unknown",
        "rule_status": "unknown",
        "enrichment_status": "needs_review",
        "needs_enrichment": true,
        "confidence": 0.35,
        "ordinary_parking_status": "not_ordinary_parking_offer",
        "field_conflict_status": "needs_field_review",
        "confidence_reason": "OSM parking-related evidence reconciled from the basemap; this is not a verified ordinary parking offer.",
        "tainted": false,
        "raw_tags": {
          "access": "customers",
          "amenity": "parking_entrance",
          "fee": "yes",
          "foot": "no",
          "level": "0",
          "motor_vehicle": "customers",
          "parking": "multi-storey"
        },
        "raw_properties": {
          "type": "node",
          "id": "7141713783",
          "tags": {
            "access": "customers",
            "amenity": "parking_entrance",
            "fee": "yes",
            "foot": "no",
            "level": "0",
            "motor_vehicle": "customers",
            "parking": "multi-storey"
          },
          "relations": [],
          "meta": {
            "timestamp": "2020-01-18T22:56:03Z",
            "version": "1",
            "changeset": "79743514",
            "user": "lokejul",
            "uid": "2034065"
          }
        }
      }
    },
    {
      "type": "Feature",
      "geometry": {
        "type": "Point",
        "coordinates": [
          -80.1378265,
          25.79117
        ]
      },
      "properties": {
        "source_id": "osm:node:7141837790",
        "source_name": "OpenStreetMap bounded basemap reconciliation",
        "name": "OSM parking evidence",
        "facility_type": "multi-storey",
        "parking_evidence_kind": "parking_entrance_evidence",
        "access": "customers",
        "fee": "unknown",
        "operator": "",
        "source_url": "https://www.openstreetmap.org/node/7141837790",
        "api_url": "https://api.openstreetmap.org/api/0.6/map",
        "evidence_url": "https://www.openstreetmap.org/node/7141837790",
        "osm_type": "node",
        "osm_id": "7141837790",
        "existence_status": "candidate",
        "price_status": "unknown",
        "rule_status": "unknown",
        "enrichment_status": "needs_review",
        "needs_enrichment": true,
        "confidence": 0.35,
        "ordinary_parking_status": "not_ordinary_parking_offer",
        "field_conflict_status": "needs_field_review",
        "confidence_reason": "OSM parking-related evidence reconciled from the basemap; this is not a verified ordinary parking offer.",
        "tainted": false,
        "raw_tags": {
          "access": "customers",
          "amenity": "parking_entrance",
          "entrance": "yes",
          "foot": "yes",
          "level": "0",
          "motor_vehicle": "no",
          "parking": "multi-storey"
        },
        "raw_properties": {
          "type": "node",
          "id": "7141837790",
          "tags": {
            "access": "customers",
            "amenity": "parking_entrance",
            "entrance": "yes",
            "foot": "yes",
            "level": "0",
            "motor_vehicle": "no",
            "parking": "multi-storey"
          },
          "relations": [],
          "meta": {
            "timestamp": "2020-01-18T22:56:03Z",
            "version": "1",
            "changeset": "79743514",
            "user": "lokejul",
            "uid": "2034065"
          }
        }
      }
    },
    {
      "type": "Feature",
      "geometry": {
        "type": "Point",
        "coordinates": [
          -80.1386725,
          25.7915231
        ]
      },
      "properties": {
        "source_id": "osm:node:7141837795",
        "source_name": "OpenStreetMap bounded basemap reconciliation",
        "name": "OSM parking evidence",
        "facility_type": "multi-storey",
        "parking_evidence_kind": "parking_entrance_evidence",
        "access": "customers",
        "fee": "unknown",
        "operator": "",
        "source_url": "https://www.openstreetmap.org/node/7141837795",
        "api_url": "https://api.openstreetmap.org/api/0.6/map",
        "evidence_url": "https://www.openstreetmap.org/node/7141837795",
        "osm_type": "node",
        "osm_id": "7141837795",
        "existence_status": "candidate",
        "price_status": "unknown",
        "rule_status": "unknown",
        "enrichment_status": "needs_review",
        "needs_enrichment": true,
        "confidence": 0.35,
        "ordinary_parking_status": "not_ordinary_parking_offer",
        "field_conflict_status": "needs_field_review",
        "confidence_reason": "OSM parking-related evidence reconciled from the basemap; this is not a verified ordinary parking offer.",
        "tainted": false,
        "raw_tags": {
          "access": "customers",
          "amenity": "parking_entrance",
          "entrance": "yes",
          "foot": "yes",
          "level": "0",
          "motor_vehicle": "no",
          "parking": "multi-storey"
        },
        "raw_properties": {
          "type": "node",
          "id": "7141837795",
          "tags": {
            "access": "customers",
            "amenity": "parking_entrance",
            "entrance": "yes",
            "foot": "yes",
            "level": "0",
            "motor_vehicle": "no",
            "parking": "multi-storey"
          },
          "relations": [],
          "meta": {
            "timestamp": "2020-01-18T22:56:03Z",
            "version": "1",
            "changeset": "79743514",
            "user": "lokejul",
            "uid": "2034065"
          }
        }
      }
    },
    {
      "type": "Feature",
      "geometry": {
        "type": "Point",
        "coordinates": [
          -80.1396125,
          25.7752017
        ]
      },
      "properties": {
        "source_id": "osm:node:8253995108",
        "source_name": "OpenStreetMap bounded basemap reconciliation",
        "name": "OSM parking evidence",
        "facility_type": "parking_entrance",
        "parking_evidence_kind": "parking_entrance_evidence",
        "access": "",
        "fee": "unknown",
        "operator": "",
        "source_url": "https://www.openstreetmap.org/node/8253995108",
        "api_url": "https://api.openstreetmap.org/api/0.6/map",
        "evidence_url": "https://www.openstreetmap.org/node/8253995108",
        "osm_type": "node",
        "osm_id": "8253995108",
        "existence_status": "candidate",
        "price_status": "unknown",
        "rule_status": "unknown",
        "enrichment_status": "needs_review",
        "needs_enrichment": true,
        "confidence": 0.35,
        "ordinary_parking_status": "not_ordinary_parking_offer",
        "field_conflict_status": "needs_field_review",
        "confidence_reason": "OSM parking-related evidence reconciled from the basemap; this is not a verified ordinary parking offer.",
        "tainted": false,
        "raw_tags": {
          "amenity": "parking_entrance"
        },
        "raw_properties": {
          "type": "node",
          "id": "8253995108",
          "tags": {
            "amenity": "parking_entrance"
          },
          "relations": [],
          "meta": {
            "timestamp": "2022-05-14T19:05:29Z",
            "version": "2",
            "changeset": "120990050",
            "user": "David Andron",
            "uid": "10594286"
          }
        }
      }
    },
    {
      "type": "Feature",
      "geometry": {
        "type": "Point",
        "coordinates": [
          -80.135758,
          25.7749968
        ]
      },
      "properties": {
        "source_id": "osm:node:9653031472",
        "source_name": "OpenStreetMap bounded basemap reconciliation",
        "name": "Unnamed OSM parking candidate",
        "facility_type": "parking",
        "parking_evidence_kind": "parking_area_candidate",
        "access": "",
        "fee": "unknown",
        "operator": "",
        "source_url": "https://www.openstreetmap.org/node/9653031472",
        "api_url": "https://api.openstreetmap.org/api/0.6/map",
        "evidence_url": "https://www.openstreetmap.org/node/9653031472",
        "osm_type": "node",
        "osm_id": "9653031472",
        "existence_status": "candidate",
        "price_status": "unknown",
        "rule_status": "unknown",
        "enrichment_status": "needs_review",
        "needs_enrichment": true,
        "confidence": 0.55,
        "ordinary_parking_status": "unknown_pending_access_rule_check",
        "field_conflict_status": "needs_field_review",
        "confidence_reason": "OSM parking area reconciled from the basemap; public access and rules require verification.",
        "tainted": false,
        "raw_tags": {
          "amenity": "parking"
        },
        "raw_properties": {
          "type": "node",
          "id": "9653031472",
          "tags": {
            "amenity": "parking"
          },
          "relations": [],
          "meta": {
            "timestamp": "2022-04-09T01:59:16Z",
            "version": "1",
            "changeset": "119489614",
            "user": "CurlingMan13",
            "uid": "6641970"
          }
        }
      }
    },
    {
      "type": "Feature",
      "geometry": {
        "type": "Point",
        "coordinates": [
          -80.1363865,
          25.7750301
        ]
      },
      "properties": {
        "source_id": "osm:node:9653031473",
        "source_name": "OpenStreetMap bounded basemap reconciliation",
        "name": "Unnamed OSM parking candidate",
        "facility_type": "parking",
        "parking_evidence_kind": "parking_area_candidate",
        "access": "",
        "fee": "unknown",
        "operator": "",
        "source_url": "https://www.openstreetmap.org/node/9653031473",
        "api_url": "https://api.openstreetmap.org/api/0.6/map",
        "evidence_url": "https://www.openstreetmap.org/node/9653031473",
        "osm_type": "node",
        "osm_id": "9653031473",
        "existence_status": "candidate",
        "price_status": "unknown",
        "rule_status": "unknown",
        "enrichment_status": "needs_review",
        "needs_enrichment": true,
        "confidence": 0.55,
        "ordinary_parking_status": "unknown_pending_access_rule_check",
        "field_conflict_status": "needs_field_review",
        "confidence_reason": "OSM parking area reconciled from the basemap; public access and rules require verification.",
        "tainted": false,
        "raw_tags": {
          "amenity": "parking"
        },
        "raw_properties": {
          "type": "node",
          "id": "9653031473",
          "tags": {
            "amenity": "parking"
          },
          "relations": [],
          "meta": {
            "timestamp": "2022-04-09T01:59:16Z",
            "version": "1",
            "changeset": "119489614",
            "user": "CurlingMan13",
            "uid": "6641970"
          }
        }
      }
    },
    {
      "type": "Feature",
      "geometry": {
        "type": "Point",
        "coordinates": [
          -80.1368163,
          25.7755878
        ]
      },
      "properties": {
        "source_id": "osm:node:9653031474",
        "source_name": "OpenStreetMap bounded basemap reconciliation",
        "name": "Unnamed OSM parking candidate",
        "facility_type": "parking",
        "parking_evidence_kind": "parking_area_candidate",
        "access": "",
        "fee": "unknown",
        "operator": "",
        "source_url": "https://www.openstreetmap.org/node/9653031474",
        "api_url": "https://api.openstreetmap.org/api/0.6/map",
        "evidence_url": "https://www.openstreetmap.org/node/9653031474",
        "osm_type": "node",
        "osm_id": "9653031474",
        "existence_status": "candidate",
        "price_status": "unknown",
        "rule_status": "unknown",
        "enrichment_status": "needs_review",
        "needs_enrichment": true,
        "confidence": 0.55,
        "ordinary_parking_status": "unknown_pending_access_rule_check",
        "field_conflict_status": "needs_field_review",
        "confidence_reason": "OSM parking area reconciled from the basemap; public access and rules require verification.",
        "tainted": false,
        "raw_tags": {
          "amenity": "parking"
        },
        "raw_properties": {
          "type": "node",
          "id": "9653031474",
          "tags": {
            "amenity": "parking"
          },
          "relations": [],
          "meta": {
            "timestamp": "2022-04-09T01:59:16Z",
            "version": "1",
            "changeset": "119489614",
            "user": "CurlingMan13",
            "uid": "6641970"
          }
        }
      }
    },
    {
      "type": "Feature",
      "geometry": {
        "type": "Point",
        "coordinates": [
          -80.1417194,
          25.7889884
        ]
      },
      "properties": {
        "source_id": "osm:node:9666476430",
        "source_name": "OpenStreetMap bounded basemap reconciliation",
        "name": "OSM parking evidence",
        "facility_type": "parking_entrance",
        "parking_evidence_kind": "parking_entrance_evidence",
        "access": "",
        "fee": "unknown",
        "operator": "",
        "source_url": "https://www.openstreetmap.org/node/9666476430",
        "api_url": "https://api.openstreetmap.org/api/0.6/map",
        "evidence_url": "https://www.openstreetmap.org/node/9666476430",
        "osm_type": "node",
        "osm_id": "9666476430",
        "existence_status": "candidate",
        "price_status": "unknown",
        "rule_status": "unknown",
        "enrichment_status": "needs_review",
        "needs_enrichment": true,
        "confidence": 0.35,
        "ordinary_parking_status": "not_ordinary_parking_offer",
        "field_conflict_status": "needs_field_review",
        "confidence_reason": "OSM parking-related evidence reconciled from the basemap; this is not a verified ordinary parking offer.",
        "tainted": false,
        "raw_tags": {
          "amenity": "parking_entrance"
        },
        "raw_properties": {
          "type": "node",
          "id": "9666476430",
          "tags": {
            "amenity": "parking_entrance"
          },
          "relations": [],
          "meta": {
            "timestamp": "2023-08-26T20:54:11Z",
            "version": "2",
            "changeset": "140428925",
            "user": "KB-01",
            "uid": "9509339"
          }
        }
      }
    },
    {
      "type": "Feature",
      "geometry": {
        "type": "Point",
        "coordinates": [
          -80.1417895,
          25.7892244
        ]
      },
      "properties": {
        "source_id": "osm:node:9666476431",
        "source_name": "OpenStreetMap bounded basemap reconciliation",
        "name": "OSM parking evidence",
        "facility_type": "parking_entrance",
        "parking_evidence_kind": "parking_entrance_evidence",
        "access": "",
        "fee": "unknown",
        "operator": "",
        "source_url": "https://www.openstreetmap.org/node/9666476431",
        "api_url": "https://api.openstreetmap.org/api/0.6/map",
        "evidence_url": "https://www.openstreetmap.org/node/9666476431",
        "osm_type": "node",
        "osm_id": "9666476431",
        "existence_status": "candidate",
        "price_status": "unknown",
        "rule_status": "unknown",
        "enrichment_status": "needs_review",
        "needs_enrichment": true,
        "confidence": 0.35,
        "ordinary_parking_status": "not_ordinary_parking_offer",
        "field_conflict_status": "needs_field_review",
        "confidence_reason": "OSM parking-related evidence reconciled from the basemap; this is not a verified ordinary parking offer.",
        "tainted": false,
        "raw_tags": {
          "amenity": "parking_entrance"
        },
        "raw_properties": {
          "type": "node",
          "id": "9666476431",
          "tags": {
            "amenity": "parking_entrance"
          },
          "relations": [],
          "meta": {
            "timestamp": "2022-04-14T17:40:52Z",
            "version": "1",
            "changeset": "119723085",
            "user": "maxolasersquad",
            "uid": "55916"
          }
        }
      }
    },
    {
      "type": "Feature",
      "geometry": {
        "type": "Point",
        "coordinates": [
          -80.1336342,
          25.7753117
        ]
      },
      "properties": {
        "source_id": "osm:node:10820659080",
        "source_name": "OpenStreetMap bounded basemap reconciliation",
        "name": "Unnamed OSM parking candidate",
        "facility_type": "multi-storey",
        "parking_evidence_kind": "parking_area_candidate",
        "access": "customers",
        "fee": "yes",
        "operator": "",
        "source_url": "https://www.openstreetmap.org/node/10820659080",
        "api_url": "https://api.openstreetmap.org/api/0.6/map",
        "evidence_url": "https://www.openstreetmap.org/node/10820659080",
        "osm_type": "node",
        "osm_id": "10820659080",
        "existence_status": "candidate",
        "price_status": "unknown",
        "rule_status": "unknown",
        "enrichment_status": "needs_review",
        "needs_enrichment": true,
        "confidence": 0.55,
        "ordinary_parking_status": "unknown_pending_access_rule_check",
        "field_conflict_status": "needs_field_review",
        "confidence_reason": "OSM parking area reconciled from the basemap; public access and rules require verification.",
        "tainted": false,
        "raw_tags": {
          "access": "customers",
          "amenity": "parking",
          "charge": "30 USD",
          "fee": "yes",
          "lit": "yes",
          "parking": "multi-storey"
        },
        "raw_properties": {
          "type": "node",
          "id": "10820659080",
          "tags": {
            "access": "customers",
            "amenity": "parking",
            "charge": "30 USD",
            "fee": "yes",
            "lit": "yes",
            "parking": "multi-storey"
          },
          "relations": [],
          "meta": {
            "timestamp": "2024-09-04T05:31:01Z",
            "version": "2",
            "changeset": "156168687",
            "user": "pluton_od",
            "uid": "2411240"
          }
        }
      }
    },
    {
      "type": "Feature",
      "geometry": {
        "type": "Point",
        "coordinates": [
          -80.1335076,
          25.7754828
        ]
      },
      "properties": {
        "source_id": "osm:node:10820659081",
        "source_name": "OpenStreetMap bounded basemap reconciliation",
        "name": "OSM parking evidence",
        "facility_type": "parking_entrance",
        "parking_evidence_kind": "parking_entrance_evidence",
        "access": "",
        "fee": "unknown",
        "operator": "",
        "source_url": "https://www.openstreetmap.org/node/10820659081",
        "api_url": "https://api.openstreetmap.org/api/0.6/map",
        "evidence_url": "https://www.openstreetmap.org/node/10820659081",
        "osm_type": "node",
        "osm_id": "10820659081",
        "existence_status": "candidate",
        "price_status": "unknown",
        "rule_status": "unknown",
        "enrichment_status": "needs_review",
        "needs_enrichment": true,
        "confidence": 0.35,
        "ordinary_parking_status": "not_ordinary_parking_offer",
        "field_conflict_status": "needs_field_review",
        "confidence_reason": "OSM parking-related evidence reconciled from the basemap; this is not a verified ordinary parking offer.",
        "tainted": false,
        "raw_tags": {
          "amenity": "parking_entrance"
        },
        "raw_properties": {
          "type": "node",
          "id": "10820659081",
          "tags": {
            "amenity": "parking_entrance"
          },
          "relations": [],
          "meta": {
            "timestamp": "2023-04-18T00:29:00Z",
            "version": "1",
            "changeset": "135036523",
            "user": "geohobbes",
            "uid": "1581137"
          }
        }
      }
    },
    {
      "type": "Feature",
      "geometry": {
        "type": "Point",
        "coordinates": [
          -80.1341799,
          25.7912594
        ]
      },
      "properties": {
        "source_id": "osm:node:11183140699",
        "source_name": "OpenStreetMap bounded basemap reconciliation",
        "name": "OSM parking evidence",
        "facility_type": "parking_entrance",
        "parking_evidence_kind": "parking_entrance_evidence",
        "access": "",
        "fee": "unknown",
        "operator": "",
        "source_url": "https://www.openstreetmap.org/node/11183140699",
        "api_url": "https://api.openstreetmap.org/api/0.6/map",
        "evidence_url": "https://www.openstreetmap.org/node/11183140699",
        "osm_type": "node",
        "osm_id": "11183140699",
        "existence_status": "candidate",
        "price_status": "unknown",
        "rule_status": "unknown",
        "enrichment_status": "needs_review",
        "needs_enrichment": true,
        "confidence": 0.35,
        "ordinary_parking_status": "not_ordinary_parking_offer",
        "field_conflict_status": "needs_field_review",
        "confidence_reason": "OSM parking-related evidence reconciled from the basemap; this is not a verified ordinary parking offer.",
        "tainted": false,
        "raw_tags": {
          "amenity": "parking_entrance"
        },
        "raw_properties": {
          "type": "node",
          "id": "11183140699",
          "tags": {
            "amenity": "parking_entrance"
          },
          "relations": [],
          "meta": {
            "timestamp": "2023-09-11T11:36:42Z",
            "version": "1",
            "changeset": "141107607",
            "user": "smikhnouski_lyft",
            "uid": "12195445"
          }
        }
      }
    },
    {
      "type": "Feature",
      "geometry": {
        "type": "Point",
        "coordinates": [
          -80.1409397,
          25.7751301
        ]
      },
      "properties": {
        "source_id": "osm:node:12375135949",
        "source_name": "OpenStreetMap bounded basemap reconciliation",
        "name": "OSM parking evidence",
        "facility_type": "parking_entrance",
        "parking_evidence_kind": "parking_entrance_evidence",
        "access": "",
        "fee": "unknown",
        "operator": "",
        "source_url": "https://www.openstreetmap.org/node/12375135949",
        "api_url": "https://api.openstreetmap.org/api/0.6/map",
        "evidence_url": "https://www.openstreetmap.org/node/12375135949",
        "osm_type": "node",
        "osm_id": "12375135949",
        "existence_status": "candidate",
        "price_status": "unknown",
        "rule_status": "unknown",
        "enrichment_status": "needs_review",
        "needs_enrichment": true,
        "confidence": 0.35,
        "ordinary_parking_status": "not_ordinary_parking_offer",
        "field_conflict_status": "needs_field_review",
        "confidence_reason": "OSM parking-related evidence reconciled from the basemap; this is not a verified ordinary parking offer.",
        "tainted": false,
        "raw_tags": {
          "amenity": "parking_entrance"
        },
        "raw_properties": {
          "type": "node",
          "id": "12375135949",
          "tags": {
            "amenity": "parking_entrance"
          },
          "relations": [],
          "meta": {
            "timestamp": "2026-04-16T14:43:16Z",
            "version": "3",
            "changeset": "181417769",
            "user": "Udarian",
            "uid": "6168709"
          }
        }
      }
    },
    {
      "type": "Feature",
      "geometry": {
        "type": "Point",
        "coordinates": [
          -80.142569,
          25.7906641
        ]
      },
      "properties": {
        "source_id": "osm:node:12990825203",
        "source_name": "OpenStreetMap bounded basemap reconciliation",
        "name": "OSM parking evidence",
        "facility_type": "parking_entrance",
        "parking_evidence_kind": "parking_entrance_evidence",
        "access": "",
        "fee": "unknown",
        "operator": "",
        "source_url": "https://www.openstreetmap.org/node/12990825203",
        "api_url": "https://api.openstreetmap.org/api/0.6/map",
        "evidence_url": "https://www.openstreetmap.org/node/12990825203",
        "osm_type": "node",
        "osm_id": "12990825203",
        "existence_status": "candidate",
        "price_status": "unknown",
        "rule_status": "unknown",
        "enrichment_status": "needs_review",
        "needs_enrichment": true,
        "confidence": 0.35,
        "ordinary_parking_status": "not_ordinary_parking_offer",
        "field_conflict_status": "needs_field_review",
        "confidence_reason": "OSM parking-related evidence reconciled from the basemap; this is not a verified ordinary parking offer.",
        "tainted": false,
        "raw_tags": {
          "amenity": "parking_entrance"
        },
        "raw_properties": {
          "type": "node",
          "id": "12990825203",
          "tags": {
            "amenity": "parking_entrance"
          },
          "relations": [],
          "meta": {
            "timestamp": "2025-07-10T01:28:13Z",
            "version": "1",
            "changeset": "168719730",
            "user": "sarya_Lyft",
            "uid": "18784339"
          }
        }
      }
    },
    {
      "type": "Feature",
      "geometry": {
        "type": "Point",
        "coordinates": [
          -80.1415464,
          25.7754377
        ]
      },
      "properties": {
        "source_id": "osm:node:13733999395",
        "source_name": "OpenStreetMap bounded basemap reconciliation",
        "name": "OSM parking evidence",
        "facility_type": "parking_entrance",
        "parking_evidence_kind": "parking_entrance_evidence",
        "access": "",
        "fee": "unknown",
        "operator": "",
        "source_url": "https://www.openstreetmap.org/node/13733999395",
        "api_url": "https://api.openstreetmap.org/api/0.6/map",
        "evidence_url": "https://www.openstreetmap.org/node/13733999395",
        "osm_type": "node",
        "osm_id": "13733999395",
        "existence_status": "candidate",
        "price_status": "unknown",
        "rule_status": "unknown",
        "enrichment_status": "needs_review",
        "needs_enrichment": true,
        "confidence": 0.35,
        "ordinary_parking_status": "not_ordinary_parking_offer",
        "field_conflict_status": "needs_field_review",
        "confidence_reason": "OSM parking-related evidence reconciled from the basemap; this is not a verified ordinary parking offer.",
        "tainted": false,
        "raw_tags": {
          "amenity": "parking_entrance"
        },
        "raw_properties": {
          "type": "node",
          "id": "13733999395",
          "tags": {
            "amenity": "parking_entrance"
          },
          "relations": [],
          "meta": {
            "timestamp": "2026-04-16T06:36:32Z",
            "version": "1",
            "changeset": "181396985",
            "user": "sarya_Lyft",
            "uid": "18784339"
          }
        }
      }
    },
    {
      "type": "Feature",
      "geometry": {
        "type": "Point",
        "coordinates": [
          -80.1402218,
          25.772149
        ]
      },
      "properties": {
        "source_id": "osm:node:13893600410",
        "source_name": "OpenStreetMap bounded basemap reconciliation",
        "name": "OSM parking evidence",
        "facility_type": "parking_entrance",
        "parking_evidence_kind": "parking_entrance_evidence",
        "access": "",
        "fee": "unknown",
        "operator": "",
        "source_url": "https://www.openstreetmap.org/node/13893600410",
        "api_url": "https://api.openstreetmap.org/api/0.6/map",
        "evidence_url": "https://www.openstreetmap.org/node/13893600410",
        "osm_type": "node",
        "osm_id": "13893600410",
        "existence_status": "candidate",
        "price_status": "unknown",
        "rule_status": "unknown",
        "enrichment_status": "needs_review",
        "needs_enrichment": true,
        "confidence": 0.35,
        "ordinary_parking_status": "not_ordinary_parking_offer",
        "field_conflict_status": "needs_field_review",
        "confidence_reason": "OSM parking-related evidence reconciled from the basemap; this is not a verified ordinary parking offer.",
        "tainted": false,
        "raw_tags": {
          "amenity": "parking_entrance"
        },
        "raw_properties": {
          "type": "node",
          "id": "13893600410",
          "tags": {
            "amenity": "parking_entrance"
          },
          "relations": [],
          "meta": {
            "timestamp": "2026-05-29T10:50:06Z",
            "version": "1",
            "changeset": "183348791",
            "user": "bhartinegi_lyft",
            "uid": "23086961"
          }
        }
      }
    },
    {
      "type": "Feature",
      "geometry": {
        "type": "Polygon",
        "coordinates": [
          [
            [
              -80.1330683,
              25.7689475
            ],
            [
              -80.1329885,
              25.7689324
            ],
            [
              -80.1329832,
              25.7689186
            ],
            [
              -80.1329885,
              25.768898
            ],
            [
              -80.1330368,
              25.7689071
            ],
            [
              -80.1330992,
              25.7686058
            ],
            [
              -80.1330348,
              25.7685943
            ],
            [
              -80.1330281,
              25.768587
            ],
            [
              -80.1330261,
              25.7685387
            ],
            [
              -80.1327941,
              25.7685472
            ],
            [
              -80.1327948,
              25.7685937
            ],
            [
              -80.1327746,
              25.7685943
            ],
            [
              -80.132774,
              25.7685484
            ],
            [
              -80.1325902,
              25.7685538
            ],
            [
              -80.1325916,
              25.7685973
            ],
            [
              -80.1325433,
              25.7685985
            ],
            [
              -80.1325433,
              25.7685562
            ],
            [
              -80.1322355,
              25.7685653
            ],
            [
              -80.1322369,
              25.7686094
            ],
            [
              -80.1322167,
              25.7686094
            ],
            [
              -80.13221,
              25.7686722
            ],
            [
              -80.1322322,
              25.7686716
            ],
            [
              -80.1322342,
              25.7687151
            ],
            [
              -80.1324528,
              25.7687096
            ],
            [
              -80.1324521,
              25.7686655
            ],
            [
              -80.1324803,
              25.7686655
            ],
            [
              -80.1324964,
              25.7686673
            ],
            [
              -80.1325037,
              25.7686806
            ],
            [
              -80.1324213,
              25.769043
            ],
            [
              -80.1325889,
              25.7690725
            ],
            [
              -80.1326358,
              25.7690689
            ],
            [
              -80.1326935,
              25.7690496
            ],
            [
              -80.1327384,
              25.769014
            ],
            [
              -80.1327827,
              25.7689566
            ],
            [
              -80.1330556,
              25.7690037
            ],
            [
              -80.1330683,
              25.7689475
            ]
          ],
          [
            [
              -80.1326922,
              25.7689457
            ],
            [
              -80.1327076,
              25.7688847
            ],
            [
              -80.1326761,
              25.7688769
            ],
            [
              -80.1326868,
              25.7688358
            ],
            [
              -80.1325587,
              25.7688135
            ],
            [
              -80.1325487,
              25.7688552
            ],
            [
              -80.1325285,
              25.7688527
            ],
            [
              -80.1325379,
              25.7688201
            ],
            [
              -80.1325567,
              25.7687942
            ],
            [
              -80.1325855,
              25.7687803
            ],
            [
              -80.1326204,
              25.7687773
            ],
            [
              -80.1326559,
              25.7687815
            ],
            [
              -80.1326875,
              25.7687984
            ],
            [
              -80.1327109,
              25.7688219
            ],
            [
              -80.1327284,
              25.7688509
            ],
            [
              -80.1327317,
              25.7688902
            ],
            [
              -80.1327237,
              25.76893
            ],
            [
              -80.1327056,
              25.7689645
            ],
            [
              -80.1326834,
              25.7689904
            ],
            [
              -80.1326472,
              25.7690122
            ],
            [
              -80.1326023,
              25.7690182
            ],
            [
              -80.1325547,
              25.7690091
            ],
            [
              -80.1325272,
              25.7689904
            ],
            [
              -80.1325118,
              25.7689687
            ],
            [
              -80.1325098,
              25.7689415
            ],
            [
              -80.1325158,
              25.7689137
            ],
            [
              -80.1325346,
              25.7689173
            ],
            [
              -80.1325245,
              25.7689602
            ],
            [
              -80.1326539,
              25.7689832
            ],
            [
              -80.132664,
              25.7689409
            ],
            [
              -80.1326922,
              25.7689457
            ]
          ],
          [
            [
              -80.1327545,
              25.7687585
            ],
            [
              -80.1327411,
              25.7687628
            ],
            [
              -80.1327277,
              25.7687537
            ],
            [
              -80.1326969,
              25.7687368
            ],
            [
              -80.1326439,
              25.7687217
            ],
            [
              -80.1325869,
              25.7687138
            ],
            [
              -80.1325775,
              25.7687066
            ],
            [
              -80.1325762,
              25.7686885
            ],
            [
              -80.1325775,
              25.7686734
            ],
            [
              -80.1325876,
              25.7686631
            ],
            [
              -80.1326036,
              25.7686601
            ],
            [
              -80.1326063,
              25.768703
            ],
            [
              -80.1327606,
              25.7686987
            ],
            [
              -80.1327599,
              25.7686535
            ],
            [
              -80.1327713,
              25.7686535
            ],
            [
              -80.1327766,
              25.7686673
            ],
            [
              -80.1327545,
              25.7687585
            ]
          ],
          [
            [
              -80.1329,
              25.7689192
            ],
            [
              -80.1328048,
              25.7689004
            ],
            [
              -80.1327974,
              25.7688817
            ],
            [
              -80.1328001,
              25.768866
            ],
            [
              -80.1328491,
              25.7688751
            ],
            [
              -80.1328947,
              25.7686649
            ],
            [
              -80.1328444,
              25.7686577
            ],
            [
              -80.132845,
              25.7686516
            ],
            [
              -80.1329604,
              25.7686474
            ],
            [
              -80.1329691,
              25.7686547
            ],
            [
              -80.1329637,
              25.7686782
            ],
            [
              -80.1329168,
              25.7686704
            ],
            [
              -80.1328705,
              25.7688793
            ],
            [
              -80.1329181,
              25.7688884
            ],
            [
              -80.1329134,
              25.7689053
            ],
            [
              -80.1329,
              25.7689192
            ]
          ]
        ]
      },
      "properties": {
        "source_id": "osm:relation:11149388",
        "source_name": "OpenStreetMap bounded basemap reconciliation",
        "name": "Unnamed OSM parking candidate",
        "facility_type": "surface",
        "parking_evidence_kind": "parking_area_candidate",
        "access": "customers",
        "fee": "yes",
        "operator": "",
        "source_url": "https://www.openstreetmap.org/relation/11149388",
        "api_url": "https://api.openstreetmap.org/api/0.6/map",
        "evidence_url": "https://www.openstreetmap.org/relation/11149388",
        "osm_type": "relation",
        "osm_id": 11149388,
        "existence_status": "candidate",
        "price_status": "unknown",
        "rule_status": "unknown",
        "enrichment_status": "needs_review",
        "needs_enrichment": true,
        "confidence": 0.55,
        "ordinary_parking_status": "unknown_pending_access_rule_check",
        "field_conflict_status": "needs_field_review",
        "confidence_reason": "OSM parking area reconciled from the basemap; public access and rules require verification.",
        "tainted": false,
        "raw_tags": {
          "access": "customers",
          "amenity": "parking",
          "covered": "no",
          "fee": "yes",
          "parking": "surface",
          "surface": "asphalt",
          "type": "multipolygon",
          "wheelchair": "yes"
        },
        "raw_properties": {
          "type": "relation",
          "id": 11149388,
          "tags": {
            "access": "customers",
            "amenity": "parking",
            "covered": "no",
            "fee": "yes",
            "parking": "surface",
            "surface": "asphalt",
            "type": "multipolygon",
            "wheelchair": "yes"
          },
          "relations": [],
          "meta": {
            "timestamp": "2024-08-26T01:48:25Z",
            "version": "3",
            "changeset": "155760402",
            "user": "carlosassuncao92",
            "uid": "6251065"
          }
        }
      }
    },
    {
      "type": "Feature",
      "geometry": {
        "type": "Polygon",
        "coordinates": [
          [
            [
              -80.131409,
              25.7814182
            ],
            [
              -80.1314914,
              25.78103
            ],
            [
              -80.1310824,
              25.7809596
            ],
            [
              -80.131,
              25.7813479
            ],
            [
              -80.131409,
              25.7814182
            ]
          ]
        ]
      },
      "properties": {
        "source_id": "osm:way:255402041",
        "source_name": "OpenStreetMap bounded basemap reconciliation",
        "name": "Pelican Garage Parking",
        "facility_type": "multi-storey",
        "parking_evidence_kind": "parking_area_candidate",
        "access": "",
        "fee": "yes",
        "operator": "",
        "source_url": "https://www.openstreetmap.org/way/255402041",
        "api_url": "https://api.openstreetmap.org/api/0.6/map",
        "evidence_url": "https://www.openstreetmap.org/way/255402041",
        "osm_type": "way",
        "osm_id": 255402041,
        "existence_status": "candidate",
        "price_status": "unknown",
        "rule_status": "unknown",
        "enrichment_status": "needs_review",
        "needs_enrichment": true,
        "confidence": 0.55,
        "ordinary_parking_status": "unknown_pending_access_rule_check",
        "field_conflict_status": "needs_field_review",
        "confidence_reason": "OSM parking area reconciled from the basemap; public access and rules require verification.",
        "tainted": false,
        "raw_tags": {
          "amenity": "parking",
          "building": "yes",
          "fee": "yes",
          "name": "Pelican Garage Parking",
          "parking": "multi-storey",
          "source": "Bing"
        },
        "raw_properties": {
          "type": "way",
          "id": 255402041,
          "tags": {
            "amenity": "parking",
            "building": "yes",
            "fee": "yes",
            "name": "Pelican Garage Parking",
            "parking": "multi-storey",
            "source": "Bing"
          },
          "relations": [],
          "meta": {
            "timestamp": "2025-09-01T23:54:20Z",
            "version": "3",
            "changeset": "171337690",
            "user": "FlamingoOSM",
            "uid": "2925062"
          }
        }
      }
    },
    {
      "type": "Feature",
      "geometry": {
        "type": "Polygon",
        "coordinates": [
          [
            [
              -80.1306521,
              25.7917957
            ],
            [
              -80.1306362,
              25.7912643
            ],
            [
              -80.1303114,
              25.7912732
            ],
            [
              -80.1303253,
              25.7918082
            ],
            [
              -80.1306521,
              25.7917957
            ]
          ]
        ]
      },
      "properties": {
        "source_id": "osm:way:277037903",
        "source_name": "OpenStreetMap bounded basemap reconciliation",
        "name": "Unnamed OSM parking candidate",
        "facility_type": "surface",
        "parking_evidence_kind": "parking_area_candidate",
        "access": "",
        "fee": "unknown",
        "operator": "",
        "source_url": "https://www.openstreetmap.org/way/277037903",
        "api_url": "https://api.openstreetmap.org/api/0.6/map",
        "evidence_url": "https://www.openstreetmap.org/way/277037903",
        "osm_type": "way",
        "osm_id": 277037903,
        "existence_status": "candidate",
        "price_status": "unknown",
        "rule_status": "unknown",
        "enrichment_status": "needs_review",
        "needs_enrichment": true,
        "confidence": 0.55,
        "ordinary_parking_status": "unknown_pending_access_rule_check",
        "field_conflict_status": "needs_field_review",
        "confidence_reason": "OSM parking area reconciled from the basemap; public access and rules require verification.",
        "tainted": false,
        "raw_tags": {
          "amenity": "parking",
          "parking": "surface"
        },
        "raw_properties": {
          "type": "way",
          "id": 277037903,
          "tags": {
            "amenity": "parking",
            "parking": "surface"
          },
          "relations": [],
          "meta": {
            "timestamp": "2018-03-08T06:45:37Z",
            "version": "2",
            "changeset": "56989118",
            "user": "thetornado76",
            "uid": "1624486"
          }
        }
      }
    },
    {
      "type": "Feature",
      "geometry": {
        "type": "Polygon",
        "coordinates": [
          [
            [
              -80.1330312,
              25.7769524
            ],
            [
              -80.1332094,
              25.7761438
            ],
            [
              -80.1330237,
              25.7761106
            ],
            [
              -80.1327976,
              25.7760701
            ],
            [
              -80.1327679,
              25.7762051
            ],
            [
              -80.1327579,
              25.7762504
            ],
            [
              -80.1327381,
              25.7763402
            ],
            [
              -80.1327193,
              25.7764257
            ],
            [
              -80.1326994,
              25.7765157
            ],
            [
              -80.1326804,
              25.7766021
            ],
            [
              -80.1326653,
              25.7766706
            ],
            [
              -80.1326497,
              25.7767412
            ],
            [
              -80.1326194,
              25.7768788
            ],
            [
              -80.132847,
              25.7769195
            ],
            [
              -80.132902,
              25.7769293
            ],
            [
              -80.1330312,
              25.7769524
            ]
          ]
        ]
      },
      "properties": {
        "source_id": "osm:way:319424911",
        "source_name": "OpenStreetMap bounded basemap reconciliation",
        "name": "7th Street Parking Garage (G1)",
        "facility_type": "multi-storey",
        "parking_evidence_kind": "parking_area_candidate",
        "access": "",
        "fee": "yes",
        "operator": "City of Miami Beach",
        "source_url": "https://www.openstreetmap.org/way/319424911",
        "api_url": "https://api.openstreetmap.org/api/0.6/map",
        "evidence_url": "https://www.openstreetmap.org/way/319424911",
        "osm_type": "way",
        "osm_id": 319424911,
        "existence_status": "candidate",
        "price_status": "unknown",
        "rule_status": "unknown",
        "enrichment_status": "needs_review",
        "needs_enrichment": true,
        "confidence": 0.55,
        "ordinary_parking_status": "unknown_pending_access_rule_check",
        "field_conflict_status": "needs_field_review",
        "confidence_reason": "OSM parking area reconciled from the basemap; public access and rules require verification.",
        "tainted": false,
        "raw_tags": {
          "amenity": "parking",
          "building": "garage",
          "fee": "yes",
          "name": "7th Street Parking Garage (G1)",
          "operator": "City of Miami Beach",
          "parking": "multi-storey",
          "website": "https://www.miamibeachfl.gov/city-hall/parking/parking-garages-lot-locations/"
        },
        "raw_properties": {
          "type": "way",
          "id": 319424911,
          "tags": {
            "amenity": "parking",
            "building": "garage",
            "fee": "yes",
            "name": "7th Street Parking Garage (G1)",
            "operator": "City of Miami Beach",
            "parking": "multi-storey",
            "website": "https://www.miamibeachfl.gov/city-hall/parking/parking-garages-lot-locations/"
          },
          "relations": [],
          "meta": {
            "timestamp": "2023-06-03T11:25:42Z",
            "version": "4",
            "changeset": "136898648",
            "user": "VulpesInculta",
            "uid": "10922978"
          }
        }
      }
    },
    {
      "type": "Feature",
      "geometry": {
        "type": "Polygon",
        "coordinates": [
          [
            [
              -80.1304699,
              25.7887067
            ],
            [
              -80.1304192,
              25.789022
            ],
            [
              -80.1304326,
              25.789063
            ],
            [
              -80.1304587,
              25.7890887
            ],
            [
              -80.1304956,
              25.7891027
            ],
            [
              -80.1306652,
              25.7891015
            ],
            [
              -80.1306647,
              25.789054
            ],
            [
              -80.1308006,
              25.789053
            ],
            [
              -80.1309448,
              25.7890519
            ],
            [
              -80.131593,
              25.7890474
            ],
            [
              -80.1315933,
              25.7890747
            ],
            [
              -80.1316203,
              25.7890744
            ],
            [
              -80.1316451,
              25.7890743
            ],
            [
              -80.1316443,
              25.789008
            ],
            [
              -80.1316567,
              25.7890079
            ],
            [
              -80.1316563,
              25.7889828
            ],
            [
              -80.1316248,
              25.7889832
            ],
            [
              -80.1316213,
              25.788801
            ],
            [
              -80.1316466,
              25.7888006
            ],
            [
              -80.1316445,
              25.7887035
            ],
            [
              -80.130651,
              25.7887211
            ],
            [
              -80.1306506,
              25.7887028
            ],
            [
              -80.1304699,
              25.7887067
            ]
          ]
        ]
      },
      "properties": {
        "source_id": "osm:way:381111098",
        "source_name": "OpenStreetMap bounded basemap reconciliation",
        "name": "16th and Collins",
        "facility_type": "multi-storey",
        "parking_evidence_kind": "parking_area_candidate",
        "access": "",
        "fee": "yes",
        "operator": "City of Miami Beach",
        "source_url": "https://www.openstreetmap.org/way/381111098",
        "api_url": "https://api.openstreetmap.org/api/0.6/map",
        "evidence_url": "https://www.openstreetmap.org/way/381111098",
        "osm_type": "way",
        "osm_id": 381111098,
        "existence_status": "candidate",
        "price_status": "unknown",
        "rule_status": "unknown",
        "enrichment_status": "needs_review",
        "needs_enrichment": true,
        "confidence": 0.55,
        "ordinary_parking_status": "unknown_pending_access_rule_check",
        "field_conflict_status": "needs_field_review",
        "confidence_reason": "OSM parking area reconciled from the basemap; public access and rules require verification.",
        "tainted": false,
        "raw_tags": {
          "amenity": "parking",
          "building": "garages",
          "building:levels": "7",
          "capacity": "600",
          "fee": "yes",
          "maxstay": "8 hours",
          "name": "16th and Collins",
          "operator": "City of Miami Beach",
          "parking": "multi-storey",
          "park_ride": "no",
          "source:geometry": "Bing",
          "supervised": "no"
        },
        "raw_properties": {
          "type": "way",
          "id": 381111098,
          "tags": {
            "amenity": "parking",
            "building": "garages",
            "building:levels": "7",
            "capacity": "600",
            "fee": "yes",
            "maxstay": "8 hours",
            "name": "16th and Collins",
            "operator": "City of Miami Beach",
            "parking": "multi-storey",
            "park_ride": "no",
            "source:geometry": "Bing",
            "supervised": "no"
          },
          "relations": [],
          "meta": {
            "timestamp": "2023-11-21T00:33:10Z",
            "version": "7",
            "changeset": "144266924",
            "user": "Friendly_Ghost",
            "uid": "10875409"
          }
        }
      }
    },
    {
      "type": "Feature",
      "geometry": {
        "type": "Polygon",
        "coordinates": [
          [
            [
              -80.1317202,
              25.7747777
            ],
            [
              -80.1317182,
              25.7747268
            ],
            [
              -80.131277,
              25.774741
            ],
            [
              -80.1312791,
              25.7747919
            ],
            [
              -80.1317202,
              25.7747777
            ]
          ]
        ]
      },
      "properties": {
        "source_id": "osm:way:414284799",
        "source_name": "OpenStreetMap bounded basemap reconciliation",
        "name": "Unnamed OSM parking candidate",
        "facility_type": "surface",
        "parking_evidence_kind": "parking_area_candidate",
        "access": "yes",
        "fee": "no",
        "operator": "",
        "source_url": "https://www.openstreetmap.org/way/414284799",
        "api_url": "https://api.openstreetmap.org/api/0.6/map",
        "evidence_url": "https://www.openstreetmap.org/way/414284799",
        "osm_type": "way",
        "osm_id": 414284799,
        "existence_status": "candidate",
        "price_status": "unknown",
        "rule_status": "unknown",
        "enrichment_status": "needs_review",
        "needs_enrichment": true,
        "confidence": 0.55,
        "ordinary_parking_status": "unknown_pending_access_rule_check",
        "field_conflict_status": "needs_field_review",
        "confidence_reason": "OSM parking area reconciled from the basemap; public access and rules require verification.",
        "tainted": false,
        "raw_tags": {
          "access": "yes",
          "amenity": "parking",
          "covered": "no",
          "fee": "no",
          "parking": "surface",
          "surface": "asphalt",
          "wheelchair": "yes"
        },
        "raw_properties": {
          "type": "way",
          "id": 414284799,
          "tags": {
            "access": "yes",
            "amenity": "parking",
            "covered": "no",
            "fee": "no",
            "parking": "surface",
            "surface": "asphalt",
            "wheelchair": "yes"
          },
          "relations": [],
          "meta": {
            "timestamp": "2024-08-27T02:50:01Z",
            "version": "5",
            "changeset": "155808497",
            "user": "carlosassuncao92",
            "uid": "6251065"
          }
        }
      }
    },
    {
      "type": "Feature",
      "geometry": {
        "type": "Polygon",
        "coordinates": [
          [
            [
              -80.1329692,
              25.7892527
            ],
            [
              -80.1329657,
              25.7892373
            ],
            [
              -80.1329581,
              25.7892274
            ],
            [
              -80.132946,
              25.7892197
            ],
            [
              -80.1329347,
              25.7892159
            ],
            [
              -80.1327038,
              25.7892211
            ],
            [
              -80.1325856,
              25.7892249
            ],
            [
              -80.1326088,
              25.789949
            ],
            [
              -80.1326099,
              25.7899865
            ],
            [
              -80.1329924,
              25.7899766
            ],
            [
              -80.1329913,
              25.7899404
            ],
            [
              -80.1329692,
              25.7892527
            ]
          ]
        ]
      },
      "properties": {
        "source_id": "osm:way:564987071",
        "source_name": "OpenStreetMap bounded basemap reconciliation",
        "name": "Public Parking",
        "facility_type": "multi-storey",
        "parking_evidence_kind": "parking_area_candidate",
        "access": "customers",
        "fee": "yes",
        "operator": "",
        "source_url": "https://www.openstreetmap.org/way/564987071",
        "api_url": "https://api.openstreetmap.org/api/0.6/map",
        "evidence_url": "https://www.openstreetmap.org/way/564987071",
        "osm_type": "way",
        "osm_id": 564987071,
        "existence_status": "candidate",
        "price_status": "unknown",
        "rule_status": "unknown",
        "enrichment_status": "needs_review",
        "needs_enrichment": true,
        "confidence": 0.55,
        "ordinary_parking_status": "unknown_pending_access_rule_check",
        "field_conflict_status": "needs_field_review",
        "confidence_reason": "OSM parking area reconciled from the basemap; public access and rules require verification.",
        "tainted": false,
        "raw_tags": {
          "access": "customers",
          "amenity": "parking",
          "building": "garages",
          "fee": "yes",
          "name": "Public Parking",
          "parking": "multi-storey"
        },
        "raw_properties": {
          "type": "way",
          "id": 564987071,
          "tags": {
            "access": "customers",
            "amenity": "parking",
            "building": "garages",
            "fee": "yes",
            "name": "Public Parking",
            "parking": "multi-storey"
          },
          "relations": [],
          "meta": {
            "timestamp": "2023-06-02T11:24:23Z",
            "version": "4",
            "changeset": "136864073",
            "user": "VulpesInculta",
            "uid": "10922978"
          }
        }
      }
    },
    {
      "type": "Feature",
      "geometry": {
        "type": "Polygon",
        "coordinates": [
          [
            [
              -80.1314313,
              25.7901331
            ],
            [
              -80.1314232,
              25.789802
            ],
            [
              -80.1313647,
              25.7898031
            ],
            [
              -80.1313515,
              25.7892568
            ],
            [
              -80.1310577,
              25.7892626
            ],
            [
              -80.1310032,
              25.7892637
            ],
            [
              -80.1310165,
              25.7898088
            ],
            [
              -80.1311958,
              25.7898052
            ],
            [
              -80.1312039,
              25.7901377
            ],
            [
              -80.1314313,
              25.7901331
            ]
          ]
        ]
      },
      "properties": {
        "source_id": "osm:way:590645539",
        "source_name": "OpenStreetMap bounded basemap reconciliation",
        "name": "Unnamed OSM parking candidate",
        "facility_type": "multi-storey",
        "parking_evidence_kind": "parking_area_candidate",
        "access": "",
        "fee": "unknown",
        "operator": "",
        "source_url": "https://www.openstreetmap.org/way/590645539",
        "api_url": "https://api.openstreetmap.org/api/0.6/map",
        "evidence_url": "https://www.openstreetmap.org/way/590645539",
        "osm_type": "way",
        "osm_id": 590645539,
        "existence_status": "candidate",
        "price_status": "unknown",
        "rule_status": "unknown",
        "enrichment_status": "needs_review",
        "needs_enrichment": true,
        "confidence": 0.55,
        "ordinary_parking_status": "unknown_pending_access_rule_check",
        "field_conflict_status": "needs_field_review",
        "confidence_reason": "OSM parking area reconciled from the basemap; public access and rules require verification.",
        "tainted": false,
        "raw_tags": {
          "amenity": "parking",
          "building": "garages",
          "building:levels": "4",
          "parking": "multi-storey"
        },
        "raw_properties": {
          "type": "way",
          "id": 590645539,
          "tags": {
            "amenity": "parking",
            "building": "garages",
            "building:levels": "4",
            "parking": "multi-storey"
          },
          "relations": [],
          "meta": {
            "timestamp": "2018-05-24T04:27:45Z",
            "version": "1",
            "changeset": "59229856",
            "user": "lokejul",
            "uid": "2034065"
          }
        }
      }
    },
    {
      "type": "Feature",
      "geometry": {
        "type": "Polygon",
        "coordinates": [
          [
            [
              -80.1313808,
              25.7746499
            ],
            [
              -80.1313808,
              25.7746221
            ],
            [
              -80.1314062,
              25.7746245
            ],
            [
              -80.1314123,
              25.774607
            ],
            [
              -80.1314257,
              25.7745859
            ],
            [
              -80.1314304,
              25.7745345
            ],
            [
              -80.1314418,
              25.7744941
            ],
            [
              -80.1311353,
              25.7744415
            ],
            [
              -80.1311306,
              25.7744621
            ],
            [
              -80.1310361,
              25.7744476
            ],
            [
              -80.1310106,
              25.7745871
            ],
            [
              -80.1308376,
              25.7745955
            ],
            [
              -80.1308229,
              25.7746716
            ],
            [
              -80.1313808,
              25.7746499
            ]
          ]
        ]
      },
      "properties": {
        "source_id": "osm:way:1105259028",
        "source_name": "OpenStreetMap bounded basemap reconciliation",
        "name": "Unnamed OSM parking candidate",
        "facility_type": "surface",
        "parking_evidence_kind": "parking_area_candidate",
        "access": "private",
        "fee": "unknown",
        "operator": "",
        "source_url": "https://www.openstreetmap.org/way/1105259028",
        "api_url": "https://api.openstreetmap.org/api/0.6/map",
        "evidence_url": "https://www.openstreetmap.org/way/1105259028",
        "osm_type": "way",
        "osm_id": 1105259028,
        "existence_status": "candidate",
        "price_status": "unknown",
        "rule_status": "unknown",
        "enrichment_status": "needs_review",
        "needs_enrichment": true,
        "confidence": 0.55,
        "ordinary_parking_status": "unknown_pending_access_rule_check",
        "field_conflict_status": "needs_field_review",
        "confidence_reason": "OSM parking area reconciled from the basemap; public access and rules require verification.",
        "tainted": false,
        "raw_tags": {
          "access": "private",
          "amenity": "parking",
          "parking": "surface",
          "surface": "asphalt"
        },
        "raw_properties": {
          "type": "way",
          "id": 1105259028,
          "tags": {
            "access": "private",
            "amenity": "parking",
            "parking": "surface",
            "surface": "asphalt"
          },
          "relations": [],
          "meta": {
            "timestamp": "2024-08-27T02:51:26Z",
            "version": "3",
            "changeset": "155808518",
            "user": "carlosassuncao92",
            "uid": "6251065"
          }
        }
      }
    },
    {
      "type": "Feature",
      "geometry": {
        "type": "Polygon",
        "coordinates": [
          [
            [
              -80.1325418,
              25.7739435
            ],
            [
              -80.1326021,
              25.7736839
            ],
            [
              -80.1322762,
              25.7736271
            ],
            [
              -80.1322172,
              25.7738904
            ],
            [
              -80.1325418,
              25.7739435
            ]
          ]
        ]
      },
      "properties": {
        "source_id": "osm:way:1105291006",
        "source_name": "OpenStreetMap bounded basemap reconciliation",
        "name": "Unnamed OSM parking candidate",
        "facility_type": "parking",
        "parking_evidence_kind": "parking_area_candidate",
        "access": "",
        "fee": "yes",
        "operator": "",
        "source_url": "https://www.openstreetmap.org/way/1105291006",
        "api_url": "https://api.openstreetmap.org/api/0.6/map",
        "evidence_url": "https://www.openstreetmap.org/way/1105291006",
        "osm_type": "way",
        "osm_id": 1105291006,
        "existence_status": "candidate",
        "price_status": "unknown",
        "rule_status": "unknown",
        "enrichment_status": "needs_review",
        "needs_enrichment": true,
        "confidence": 0.55,
        "ordinary_parking_status": "unknown_pending_access_rule_check",
        "field_conflict_status": "needs_field_review",
        "confidence_reason": "OSM parking area reconciled from the basemap; public access and rules require verification.",
        "tainted": false,
        "raw_tags": {
          "amenity": "parking",
          "charge": "20 USD",
          "fee": "yes"
        },
        "raw_properties": {
          "type": "way",
          "id": 1105291006,
          "tags": {
            "amenity": "parking",
            "charge": "20 USD",
            "fee": "yes"
          },
          "relations": [],
          "meta": {
            "timestamp": "2022-10-19T16:39:46Z",
            "version": "1",
            "changeset": "127793536",
            "user": "hshore29",
            "uid": "1181596"
          }
        }
      }
    },
    {
      "type": "Feature",
      "geometry": {
        "type": "Polygon",
        "coordinates": [
          [
            [
              -80.1329126,
              25.7744218
            ],
            [
              -80.1329434,
              25.7742859
            ],
            [
              -80.1327121,
              25.7742412
            ],
            [
              -80.1326812,
              25.7743813
            ],
            [
              -80.1329126,
              25.7744218
            ]
          ]
        ]
      },
      "properties": {
        "source_id": "osm:way:1105291011",
        "source_name": "OpenStreetMap bounded basemap reconciliation",
        "name": "Unnamed OSM parking candidate",
        "facility_type": "parking",
        "parking_evidence_kind": "parking_area_candidate",
        "access": "private",
        "fee": "unknown",
        "operator": "",
        "source_url": "https://www.openstreetmap.org/way/1105291011",
        "api_url": "https://api.openstreetmap.org/api/0.6/map",
        "evidence_url": "https://www.openstreetmap.org/way/1105291011",
        "osm_type": "way",
        "osm_id": 1105291011,
        "existence_status": "candidate",
        "price_status": "unknown",
        "rule_status": "unknown",
        "enrichment_status": "needs_review",
        "needs_enrichment": true,
        "confidence": 0.55,
        "ordinary_parking_status": "unknown_pending_access_rule_check",
        "field_conflict_status": "needs_field_review",
        "confidence_reason": "OSM parking area reconciled from the basemap; public access and rules require verification.",
        "tainted": false,
        "raw_tags": {
          "access": "private",
          "amenity": "parking"
        },
        "raw_properties": {
          "type": "way",
          "id": 1105291011,
          "tags": {
            "access": "private",
            "amenity": "parking"
          },
          "relations": [],
          "meta": {
            "timestamp": "2022-10-19T16:39:46Z",
            "version": "1",
            "changeset": "127793536",
            "user": "hshore29",
            "uid": "1181596"
          }
        }
      }
    },
    {
      "type": "Feature",
      "geometry": {
        "type": "Polygon",
        "coordinates": [
          [
            [
              -80.1315885,
              25.7837031
            ],
            [
              -80.1311822,
              25.7836568
            ],
            [
              -80.131132,
              25.7839795
            ],
            [
              -80.1315394,
              25.7840268
            ],
            [
              -80.1315885,
              25.7837031
            ]
          ]
        ]
      },
      "properties": {
        "source_id": "osm:way:1279193872",
        "source_name": "OpenStreetMap bounded basemap reconciliation",
        "name": "Unnamed OSM parking candidate",
        "facility_type": "parking",
        "parking_evidence_kind": "parking_area_candidate",
        "access": "",
        "fee": "unknown",
        "operator": "",
        "source_url": "https://www.openstreetmap.org/way/1279193872",
        "api_url": "https://api.openstreetmap.org/api/0.6/map",
        "evidence_url": "https://www.openstreetmap.org/way/1279193872",
        "osm_type": "way",
        "osm_id": 1279193872,
        "existence_status": "candidate",
        "price_status": "unknown",
        "rule_status": "unknown",
        "enrichment_status": "needs_review",
        "needs_enrichment": true,
        "confidence": 0.55,
        "ordinary_parking_status": "unknown_pending_access_rule_check",
        "field_conflict_status": "needs_field_review",
        "confidence_reason": "OSM parking area reconciled from the basemap; public access and rules require verification.",
        "tainted": false,
        "raw_tags": {
          "amenity": "parking",
          "note": "Split from node 2082949625"
        },
        "raw_properties": {
          "type": "way",
          "id": 1279193872,
          "tags": {
            "amenity": "parking",
            "note": "Split from node 2082949625"
          },
          "relations": [],
          "meta": {
            "timestamp": "2024-05-02T20:40:51Z",
            "version": "1",
            "changeset": "150811230",
            "user": "CurlingMan13",
            "uid": "6641970"
          }
        }
      }
    },
    {
      "type": "Feature",
      "geometry": {
        "type": "Point",
        "coordinates": [
          -80.1308877,
          25.7829681
        ]
      },
      "properties": {
        "source_id": "osm:node:903627370",
        "source_name": "OpenStreetMap bounded basemap reconciliation",
        "name": "Unnamed OSM parking candidate",
        "facility_type": "parking",
        "parking_evidence_kind": "parking_area_candidate",
        "access": "",
        "fee": "unknown",
        "operator": "",
        "source_url": "https://www.openstreetmap.org/node/903627370",
        "api_url": "https://api.openstreetmap.org/api/0.6/map",
        "evidence_url": "https://www.openstreetmap.org/node/903627370",
        "osm_type": "node",
        "osm_id": "903627370",
        "existence_status": "candidate",
        "price_status": "unknown",
        "rule_status": "unknown",
        "enrichment_status": "needs_review",
        "needs_enrichment": true,
        "confidence": 0.55,
        "ordinary_parking_status": "unknown_pending_access_rule_check",
        "field_conflict_status": "needs_field_review",
        "confidence_reason": "OSM parking area reconciled from the basemap; public access and rules require verification.",
        "tainted": false,
        "raw_tags": {
          "amenity": "parking"
        },
        "raw_properties": {
          "type": "node",
          "id": "903627370",
          "tags": {
            "amenity": "parking"
          },
          "relations": [],
          "meta": {
            "timestamp": "2010-09-08T22:46:27Z",
            "version": "1",
            "changeset": "5728775",
            "user": "user_119748",
            "uid": "119748"
          }
        }
      }
    },
    {
      "type": "Feature",
      "geometry": {
        "type": "Point",
        "coordinates": [
          -80.1307092,
          25.784152
        ]
      },
      "properties": {
        "source_id": "osm:node:2082916739",
        "source_name": "OpenStreetMap bounded basemap reconciliation",
        "name": "13th Street Garage",
        "facility_type": "multi-storey",
        "parking_evidence_kind": "parking_area_candidate",
        "access": "",
        "fee": "yes",
        "operator": "City of Miami Beach",
        "source_url": "https://www.openstreetmap.org/node/2082916739",
        "api_url": "https://api.openstreetmap.org/api/0.6/map",
        "evidence_url": "https://www.openstreetmap.org/node/2082916739",
        "osm_type": "node",
        "osm_id": "2082916739",
        "existence_status": "candidate",
        "price_status": "unknown",
        "rule_status": "unknown",
        "enrichment_status": "needs_review",
        "needs_enrichment": true,
        "confidence": 0.55,
        "ordinary_parking_status": "unknown_pending_access_rule_check",
        "field_conflict_status": "needs_field_review",
        "confidence_reason": "OSM parking area reconciled from the basemap; public access and rules require verification.",
        "tainted": false,
        "raw_tags": {
          "amenity": "parking",
          "capacity": "286",
          "charge": "1 USD/hour",
          "fee": "yes",
          "name": "13th Street Garage",
          "operator": "City of Miami Beach",
          "parking": "multi-storey"
        },
        "raw_properties": {
          "type": "node",
          "id": "2082916739",
          "tags": {
            "amenity": "parking",
            "capacity": "286",
            "charge": "1 USD/hour",
            "fee": "yes",
            "name": "13th Street Garage",
            "operator": "City of Miami Beach",
            "parking": "multi-storey"
          },
          "relations": [],
          "meta": {
            "timestamp": "2024-09-04T05:31:01Z",
            "version": "2",
            "changeset": "156168687",
            "user": "pluton_od",
            "uid": "2411240"
          }
        }
      }
    },
    {
      "type": "Feature",
      "geometry": {
        "type": "Point",
        "coordinates": [
          -80.1288126,
          25.7875143
        ]
      },
      "properties": {
        "source_id": "osm:node:4336461001",
        "source_name": "OpenStreetMap bounded basemap reconciliation",
        "name": "OSM parking evidence",
        "facility_type": "parking_entrance",
        "parking_evidence_kind": "parking_entrance_evidence",
        "access": "",
        "fee": "unknown",
        "operator": "",
        "source_url": "https://www.openstreetmap.org/node/4336461001",
        "api_url": "https://api.openstreetmap.org/api/0.6/map",
        "evidence_url": "https://www.openstreetmap.org/node/4336461001",
        "osm_type": "node",
        "osm_id": "4336461001",
        "existence_status": "candidate",
        "price_status": "unknown",
        "rule_status": "unknown",
        "enrichment_status": "needs_review",
        "needs_enrichment": true,
        "confidence": 0.35,
        "ordinary_parking_status": "not_ordinary_parking_offer",
        "field_conflict_status": "needs_field_review",
        "confidence_reason": "OSM parking-related evidence reconciled from the basemap; this is not a verified ordinary parking offer.",
        "tainted": false,
        "raw_tags": {
          "amenity": "parking_entrance"
        },
        "raw_properties": {
          "type": "node",
          "id": "4336461001",
          "tags": {
            "amenity": "parking_entrance"
          },
          "relations": [],
          "meta": {
            "timestamp": "2025-01-17T07:52:02Z",
            "version": "2",
            "changeset": "161444633",
            "user": "anautiyal_lyft",
            "uid": "21668467"
          }
        }
      }
    },
    {
      "type": "Feature",
      "geometry": {
        "type": "Point",
        "coordinates": [
          -80.1308006,
          25.789053
        ]
      },
      "properties": {
        "source_id": "osm:node:5611563163",
        "source_name": "OpenStreetMap bounded basemap reconciliation",
        "name": "OSM parking evidence",
        "facility_type": "multi-storey",
        "parking_evidence_kind": "parking_entrance_evidence",
        "access": "",
        "fee": "unknown",
        "operator": "",
        "source_url": "https://www.openstreetmap.org/node/5611563163",
        "api_url": "https://api.openstreetmap.org/api/0.6/map",
        "evidence_url": "https://www.openstreetmap.org/node/5611563163",
        "osm_type": "node",
        "osm_id": "5611563163",
        "existence_status": "candidate",
        "price_status": "unknown",
        "rule_status": "unknown",
        "enrichment_status": "needs_review",
        "needs_enrichment": true,
        "confidence": 0.35,
        "ordinary_parking_status": "not_ordinary_parking_offer",
        "field_conflict_status": "needs_field_review",
        "confidence_reason": "OSM parking-related evidence reconciled from the basemap; this is not a verified ordinary parking offer.",
        "tainted": false,
        "raw_tags": {
          "amenity": "parking_entrance",
          "parking": "multi-storey"
        },
        "raw_properties": {
          "type": "node",
          "id": "5611563163",
          "tags": {
            "amenity": "parking_entrance",
            "parking": "multi-storey"
          },
          "relations": [],
          "meta": {
            "timestamp": "2018-06-08T04:37:21Z",
            "version": "2",
            "changeset": "59654650",
            "user": "thetornado76",
            "uid": "1624486"
          }
        }
      }
    },
    {
      "type": "Feature",
      "geometry": {
        "type": "Point",
        "coordinates": [
          -80.1310577,
          25.7892626
        ]
      },
      "properties": {
        "source_id": "osm:node:5638863133",
        "source_name": "OpenStreetMap bounded basemap reconciliation",
        "name": "OSM parking evidence",
        "facility_type": "multi-storey",
        "parking_evidence_kind": "parking_entrance_evidence",
        "access": "",
        "fee": "unknown",
        "operator": "",
        "source_url": "https://www.openstreetmap.org/node/5638863133",
        "api_url": "https://api.openstreetmap.org/api/0.6/map",
        "evidence_url": "https://www.openstreetmap.org/node/5638863133",
        "osm_type": "node",
        "osm_id": "5638863133",
        "existence_status": "candidate",
        "price_status": "unknown",
        "rule_status": "unknown",
        "enrichment_status": "needs_review",
        "needs_enrichment": true,
        "confidence": 0.35,
        "ordinary_parking_status": "not_ordinary_parking_offer",
        "field_conflict_status": "needs_field_review",
        "confidence_reason": "OSM parking-related evidence reconciled from the basemap; this is not a verified ordinary parking offer.",
        "tainted": false,
        "raw_tags": {
          "amenity": "parking_entrance",
          "level": "0",
          "parking": "multi-storey"
        },
        "raw_properties": {
          "type": "node",
          "id": "5638863133",
          "tags": {
            "amenity": "parking_entrance",
            "level": "0",
            "parking": "multi-storey"
          },
          "relations": [],
          "meta": {
            "timestamp": "2022-02-04T18:17:35Z",
            "version": "3",
            "changeset": "117017539",
            "user": "David Andron",
            "uid": "10594286"
          }
        }
      }
    },
    {
      "type": "Feature",
      "geometry": {
        "type": "Point",
        "coordinates": [
          -80.1313833,
          25.7892523
        ]
      },
      "properties": {
        "source_id": "osm:node:5638863226",
        "source_name": "OpenStreetMap bounded basemap reconciliation",
        "name": "OSM parking evidence",
        "facility_type": "multi-storey",
        "parking_evidence_kind": "parking_entrance_evidence",
        "access": "",
        "fee": "unknown",
        "operator": "",
        "source_url": "https://www.openstreetmap.org/node/5638863226",
        "api_url": "https://api.openstreetmap.org/api/0.6/map",
        "evidence_url": "https://www.openstreetmap.org/node/5638863226",
        "osm_type": "node",
        "osm_id": "5638863226",
        "existence_status": "candidate",
        "price_status": "unknown",
        "rule_status": "unknown",
        "enrichment_status": "needs_review",
        "needs_enrichment": true,
        "confidence": 0.35,
        "ordinary_parking_status": "not_ordinary_parking_offer",
        "field_conflict_status": "needs_field_review",
        "confidence_reason": "OSM parking-related evidence reconciled from the basemap; this is not a verified ordinary parking offer.",
        "tainted": false,
        "raw_tags": {
          "amenity": "parking_entrance",
          "entrance": "yes",
          "foot": "yes",
          "level": "0",
          "parking": "multi-storey",
          "vehicle": "no"
        },
        "raw_properties": {
          "type": "node",
          "id": "5638863226",
          "tags": {
            "amenity": "parking_entrance",
            "entrance": "yes",
            "foot": "yes",
            "level": "0",
            "parking": "multi-storey",
            "vehicle": "no"
          },
          "relations": [],
          "meta": {
            "timestamp": "2018-06-08T04:37:21Z",
            "version": "2",
            "changeset": "59654650",
            "user": "thetornado76",
            "uid": "1624486"
          }
        }
      }
    },
    {
      "type": "Feature",
      "geometry": {
        "type": "Point",
        "coordinates": [
          -80.1316203,
          25.7890744
        ]
      },
      "properties": {
        "source_id": "osm:node:5641755021",
        "source_name": "OpenStreetMap bounded basemap reconciliation",
        "name": "OSM parking evidence",
        "facility_type": "rooftop",
        "parking_evidence_kind": "parking_entrance_evidence",
        "access": "",
        "fee": "unknown",
        "operator": "",
        "source_url": "https://www.openstreetmap.org/node/5641755021",
        "api_url": "https://api.openstreetmap.org/api/0.6/map",
        "evidence_url": "https://www.openstreetmap.org/node/5641755021",
        "osm_type": "node",
        "osm_id": "5641755021",
        "existence_status": "candidate",
        "price_status": "unknown",
        "rule_status": "unknown",
        "enrichment_status": "needs_review",
        "needs_enrichment": true,
        "confidence": 0.35,
        "ordinary_parking_status": "not_ordinary_parking_offer",
        "field_conflict_status": "needs_field_review",
        "confidence_reason": "OSM parking-related evidence reconciled from the basemap; this is not a verified ordinary parking offer.",
        "tainted": false,
        "raw_tags": {
          "amenity": "parking_entrance",
          "entrance": "yes",
          "foot": "yes",
          "level": "0",
          "parking": "rooftop",
          "vehicle": "no"
        },
        "raw_properties": {
          "type": "node",
          "id": "5641755021",
          "tags": {
            "amenity": "parking_entrance",
            "entrance": "yes",
            "foot": "yes",
            "level": "0",
            "parking": "rooftop",
            "vehicle": "no"
          },
          "relations": [],
          "meta": {
            "timestamp": "2018-06-08T04:37:21Z",
            "version": "2",
            "changeset": "59654650",
            "user": "thetornado76",
            "uid": "1624486"
          }
        }
      }
    },
    {
      "type": "Feature",
      "geometry": {
        "type": "Point",
        "coordinates": [
          -80.1327038,
          25.7892211
        ]
      },
      "properties": {
        "source_id": "osm:node:5647616821",
        "source_name": "OpenStreetMap bounded basemap reconciliation",
        "name": "420 Lincoln Road Public Parking",
        "facility_type": "multi-storey",
        "parking_evidence_kind": "parking_entrance_evidence",
        "access": "",
        "fee": "unknown",
        "operator": "",
        "source_url": "https://www.openstreetmap.org/node/5647616821",
        "api_url": "https://api.openstreetmap.org/api/0.6/map",
        "evidence_url": "https://www.openstreetmap.org/node/5647616821",
        "osm_type": "node",
        "osm_id": "5647616821",
        "existence_status": "candidate",
        "price_status": "unknown",
        "rule_status": "unknown",
        "enrichment_status": "needs_review",
        "needs_enrichment": true,
        "confidence": 0.35,
        "ordinary_parking_status": "not_ordinary_parking_offer",
        "field_conflict_status": "needs_field_review",
        "confidence_reason": "OSM parking-related evidence reconciled from the basemap; this is not a verified ordinary parking offer.",
        "tainted": false,
        "raw_tags": {
          "amenity": "parking_entrance",
          "level": "0",
          "name": "420 Lincoln Road Public Parking",
          "parking": "multi-storey"
        },
        "raw_properties": {
          "type": "node",
          "id": "5647616821",
          "tags": {
            "amenity": "parking_entrance",
            "level": "0",
            "name": "420 Lincoln Road Public Parking",
            "parking": "multi-storey"
          },
          "relations": [],
          "meta": {
            "timestamp": "2018-06-08T04:37:21Z",
            "version": "2",
            "changeset": "59654650",
            "user": "thetornado76",
            "uid": "1624486"
          }
        }
      }
    },
    {
      "type": "Feature",
      "geometry": {
        "type": "Point",
        "coordinates": [
          -80.132902,
          25.7769293
        ]
      },
      "properties": {
        "source_id": "osm:node:7179546562",
        "source_name": "OpenStreetMap bounded basemap reconciliation",
        "name": "OSM parking evidence",
        "facility_type": "parking_entrance",
        "parking_evidence_kind": "parking_entrance_evidence",
        "access": "",
        "fee": "unknown",
        "operator": "",
        "source_url": "https://www.openstreetmap.org/node/7179546562",
        "api_url": "https://api.openstreetmap.org/api/0.6/map",
        "evidence_url": "https://www.openstreetmap.org/node/7179546562",
        "osm_type": "node",
        "osm_id": "7179546562",
        "existence_status": "candidate",
        "price_status": "unknown",
        "rule_status": "unknown",
        "enrichment_status": "needs_review",
        "needs_enrichment": true,
        "confidence": 0.35,
        "ordinary_parking_status": "not_ordinary_parking_offer",
        "field_conflict_status": "needs_field_review",
        "confidence_reason": "OSM parking-related evidence reconciled from the basemap; this is not a verified ordinary parking offer.",
        "tainted": false,
        "raw_tags": {
          "amenity": "parking_entrance"
        },
        "raw_properties": {
          "type": "node",
          "id": "7179546562",
          "tags": {
            "amenity": "parking_entrance"
          },
          "relations": [],
          "meta": {
            "timestamp": "2023-06-03T11:25:42Z",
            "version": "2",
            "changeset": "136898648",
            "user": "VulpesInculta",
            "uid": "10922978"
          }
        }
      }
    },
    {
      "type": "Feature",
      "geometry": {
        "type": "Point",
        "coordinates": [
          -80.1292645,
          25.7909284
        ]
      },
      "properties": {
        "source_id": "osm:node:9078816565",
        "source_name": "OpenStreetMap bounded basemap reconciliation",
        "name": "OSM parking evidence",
        "facility_type": "parking_entrance",
        "parking_evidence_kind": "parking_entrance_evidence",
        "access": "",
        "fee": "unknown",
        "operator": "",
        "source_url": "https://www.openstreetmap.org/node/9078816565",
        "api_url": "https://api.openstreetmap.org/api/0.6/map",
        "evidence_url": "https://www.openstreetmap.org/node/9078816565",
        "osm_type": "node",
        "osm_id": "9078816565",
        "existence_status": "candidate",
        "price_status": "unknown",
        "rule_status": "unknown",
        "enrichment_status": "needs_review",
        "needs_enrichment": true,
        "confidence": 0.35,
        "ordinary_parking_status": "not_ordinary_parking_offer",
        "field_conflict_status": "needs_field_review",
        "confidence_reason": "OSM parking-related evidence reconciled from the basemap; this is not a verified ordinary parking offer.",
        "tainted": false,
        "raw_tags": {
          "amenity": "parking_entrance"
        },
        "raw_properties": {
          "type": "node",
          "id": "9078816565",
          "tags": {
            "amenity": "parking_entrance"
          },
          "relations": [],
          "meta": {
            "timestamp": "2022-04-14T17:40:52Z",
            "version": "2",
            "changeset": "119723085",
            "user": "maxolasersquad",
            "uid": "55916"
          }
        }
      }
    },
    {
      "type": "Feature",
      "geometry": {
        "type": "Point",
        "coordinates": [
          -80.1290157,
          25.7909109
        ]
      },
      "properties": {
        "source_id": "osm:node:9078816569",
        "source_name": "OpenStreetMap bounded basemap reconciliation",
        "name": "OSM parking evidence",
        "facility_type": "parking_entrance",
        "parking_evidence_kind": "parking_entrance_evidence",
        "access": "",
        "fee": "unknown",
        "operator": "",
        "source_url": "https://www.openstreetmap.org/node/9078816569",
        "api_url": "https://api.openstreetmap.org/api/0.6/map",
        "evidence_url": "https://www.openstreetmap.org/node/9078816569",
        "osm_type": "node",
        "osm_id": "9078816569",
        "existence_status": "candidate",
        "price_status": "unknown",
        "rule_status": "unknown",
        "enrichment_status": "needs_review",
        "needs_enrichment": true,
        "confidence": 0.35,
        "ordinary_parking_status": "not_ordinary_parking_offer",
        "field_conflict_status": "needs_field_review",
        "confidence_reason": "OSM parking-related evidence reconciled from the basemap; this is not a verified ordinary parking offer.",
        "tainted": false,
        "raw_tags": {
          "amenity": "parking_entrance"
        },
        "raw_properties": {
          "type": "node",
          "id": "9078816569",
          "tags": {
            "amenity": "parking_entrance"
          },
          "relations": [],
          "meta": {
            "timestamp": "2022-04-14T17:40:52Z",
            "version": "2",
            "changeset": "119723085",
            "user": "maxolasersquad",
            "uid": "55916"
          }
        }
      }
    },
    {
      "type": "Feature",
      "geometry": {
        "type": "Point",
        "coordinates": [
          -80.1297851,
          25.7900075
        ]
      },
      "properties": {
        "source_id": "osm:node:11297323520",
        "source_name": "OpenStreetMap bounded basemap reconciliation",
        "name": "OSM parking evidence",
        "facility_type": "parking_entrance",
        "parking_evidence_kind": "parking_entrance_evidence",
        "access": "",
        "fee": "unknown",
        "operator": "",
        "source_url": "https://www.openstreetmap.org/node/11297323520",
        "api_url": "https://api.openstreetmap.org/api/0.6/map",
        "evidence_url": "https://www.openstreetmap.org/node/11297323520",
        "osm_type": "node",
        "osm_id": "11297323520",
        "existence_status": "candidate",
        "price_status": "unknown",
        "rule_status": "unknown",
        "enrichment_status": "needs_review",
        "needs_enrichment": true,
        "confidence": 0.35,
        "ordinary_parking_status": "not_ordinary_parking_offer",
        "field_conflict_status": "needs_field_review",
        "confidence_reason": "OSM parking-related evidence reconciled from the basemap; this is not a verified ordinary parking offer.",
        "tainted": false,
        "raw_tags": {
          "amenity": "parking_entrance"
        },
        "raw_properties": {
          "type": "node",
          "id": "11297323520",
          "tags": {
            "amenity": "parking_entrance"
          },
          "relations": [],
          "meta": {
            "timestamp": "2023-10-29T07:10:52Z",
            "version": "1",
            "changeset": "143298382",
            "user": "kmarkish_lyft",
            "uid": "11824233"
          }
        }
      }
    },
    {
      "type": "Feature",
      "geometry": {
        "type": "Point",
        "coordinates": [
          -80.1292436,
          25.7874114
        ]
      },
      "properties": {
        "source_id": "osm:node:12508856218",
        "source_name": "OpenStreetMap bounded basemap reconciliation",
        "name": "OSM parking evidence",
        "facility_type": "parking_entrance",
        "parking_evidence_kind": "parking_entrance_evidence",
        "access": "",
        "fee": "unknown",
        "operator": "",
        "source_url": "https://www.openstreetmap.org/node/12508856218",
        "api_url": "https://api.openstreetmap.org/api/0.6/map",
        "evidence_url": "https://www.openstreetmap.org/node/12508856218",
        "osm_type": "node",
        "osm_id": "12508856218",
        "existence_status": "candidate",
        "price_status": "unknown",
        "rule_status": "unknown",
        "enrichment_status": "needs_review",
        "needs_enrichment": true,
        "confidence": 0.35,
        "ordinary_parking_status": "not_ordinary_parking_offer",
        "field_conflict_status": "needs_field_review",
        "confidence_reason": "OSM parking-related evidence reconciled from the basemap; this is not a verified ordinary parking offer.",
        "tainted": false,
        "raw_tags": {
          "amenity": "parking_entrance"
        },
        "raw_properties": {
          "type": "node",
          "id": "12508856218",
          "tags": {
            "amenity": "parking_entrance"
          },
          "relations": [],
          "meta": {
            "timestamp": "2025-01-17T07:52:02Z",
            "version": "1",
            "changeset": "161444633",
            "user": "anautiyal_lyft",
            "uid": "21668467"
          }
        }
      }
    },
    {
      "type": "Feature",
      "geometry": {
        "type": "Point",
        "coordinates": [
          -80.1331963,
          25.7827078
        ]
      },
      "properties": {
        "source_id": "osm:node:13891402801",
        "source_name": "OpenStreetMap bounded basemap reconciliation",
        "name": "SP+ Parking Miami Beach",
        "facility_type": "parking",
        "parking_evidence_kind": "parking_area_candidate",
        "access": "",
        "fee": "unknown",
        "operator": "Miami Beach City",
        "source_url": "https://www.openstreetmap.org/node/13891402801",
        "api_url": "https://api.openstreetmap.org/api/0.6/map",
        "evidence_url": "https://www.openstreetmap.org/node/13891402801",
        "osm_type": "node",
        "osm_id": "13891402801",
        "existence_status": "candidate",
        "price_status": "unknown",
        "rule_status": "unknown",
        "enrichment_status": "needs_review",
        "needs_enrichment": true,
        "confidence": 0.55,
        "ordinary_parking_status": "unknown_pending_access_rule_check",
        "field_conflict_status": "needs_field_review",
        "confidence_reason": "OSM parking area reconciled from the basemap; public access and rules require verification.",
        "tainted": false,
        "raw_tags": {
          "amenity": "parking",
          "name": "SP+ Parking Miami Beach",
          "opening_hours": "24/7",
          "operator": "Miami Beach City"
        },
        "raw_properties": {
          "type": "node",
          "id": "13891402801",
          "tags": {
            "amenity": "parking",
            "name": "SP+ Parking Miami Beach",
            "opening_hours": "24/7",
            "operator": "Miami Beach City"
          },
          "relations": [],
          "meta": {
            "timestamp": "2026-05-28T12:26:20Z",
            "version": "1",
            "changeset": "183303374",
            "user": "Fern45",
            "uid": "17062293"
          }
        }
      }
    },
    {
      "type": "Feature",
      "geometry": {
        "type": "Polygon",
        "coordinates": [
          [
            [
              -80.1471317,
              25.7915646
            ],
            [
              -80.146831,
              25.791575
            ],
            [
              -80.1468329,
              25.7916193
            ],
            [
              -80.1471336,
              25.7916089
            ],
            [
              -80.1471317,
              25.7915646
            ]
          ]
        ]
      },
      "properties": {
        "source_id": "osm:way:192460675",
        "source_name": "OpenStreetMap bounded basemap reconciliation",
        "name": "Unnamed OSM parking candidate",
        "facility_type": "parking",
        "parking_evidence_kind": "parking_area_candidate",
        "access": "",
        "fee": "unknown",
        "operator": "",
        "source_url": "https://www.openstreetmap.org/way/192460675",
        "api_url": "https://api.openstreetmap.org/api/0.6/map",
        "evidence_url": "https://www.openstreetmap.org/way/192460675",
        "osm_type": "way",
        "osm_id": 192460675,
        "existence_status": "candidate",
        "price_status": "unknown",
        "rule_status": "unknown",
        "enrichment_status": "needs_review",
        "needs_enrichment": true,
        "confidence": 0.55,
        "ordinary_parking_status": "unknown_pending_access_rule_check",
        "field_conflict_status": "needs_field_review",
        "confidence_reason": "OSM parking area reconciled from the basemap; public access and rules require verification.",
        "tainted": false,
        "raw_tags": {
          "amenity": "parking"
        },
        "raw_properties": {
          "type": "way",
          "id": 192460675,
          "tags": {
            "amenity": "parking"
          },
          "relations": [],
          "meta": {
            "timestamp": "2012-11-24T15:09:18Z",
            "version": "1",
            "changeset": "14013845",
            "user": "pitscheplatsch",
            "uid": "52626"
          }
        }
      }
    },
    {
      "type": "Feature",
      "geometry": {
        "type": "Polygon",
        "coordinates": [
          [
            [
              -80.1491123,
              25.7915774
            ],
            [
              -80.1491087,
              25.7915253
            ],
            [
              -80.1477674,
              25.7916011
            ],
            [
              -80.147771,
              25.7916532
            ],
            [
              -80.1491123,
              25.7915774
            ]
          ]
        ]
      },
      "properties": {
        "source_id": "osm:way:192460677",
        "source_name": "OpenStreetMap bounded basemap reconciliation",
        "name": "Unnamed OSM parking candidate",
        "facility_type": "parking",
        "parking_evidence_kind": "parking_area_candidate",
        "access": "",
        "fee": "unknown",
        "operator": "",
        "source_url": "https://www.openstreetmap.org/way/192460677",
        "api_url": "https://api.openstreetmap.org/api/0.6/map",
        "evidence_url": "https://www.openstreetmap.org/way/192460677",
        "osm_type": "way",
        "osm_id": 192460677,
        "existence_status": "candidate",
        "price_status": "unknown",
        "rule_status": "unknown",
        "enrichment_status": "needs_review",
        "needs_enrichment": true,
        "confidence": 0.55,
        "ordinary_parking_status": "unknown_pending_access_rule_check",
        "field_conflict_status": "needs_field_review",
        "confidence_reason": "OSM parking area reconciled from the basemap; public access and rules require verification.",
        "tainted": false,
        "raw_tags": {
          "amenity": "parking"
        },
        "raw_properties": {
          "type": "way",
          "id": 192460677,
          "tags": {
            "amenity": "parking"
          },
          "relations": [],
          "meta": {
            "timestamp": "2012-11-24T15:09:19Z",
            "version": "1",
            "changeset": "14013845",
            "user": "pitscheplatsch",
            "uid": "52626"
          }
        }
      }
    },
    {
      "type": "Feature",
      "geometry": {
        "type": "Polygon",
        "coordinates": [
          [
            [
              -80.1436455,
              25.795364
            ],
            [
              -80.1436221,
              25.7948347
            ],
            [
              -80.1435922,
              25.794836
            ],
            [
              -80.1435921,
              25.794814
            ],
            [
              -80.143592,
              25.7947914
            ],
            [
              -80.1429325,
              25.7948083
            ],
            [
              -80.1428824,
              25.794827
            ],
            [
              -80.1428509,
              25.7948496
            ],
            [
              -80.1428252,
              25.7948805
            ],
            [
              -80.1428091,
              25.7949283
            ],
            [
              -80.1428108,
              25.7951777
            ],
            [
              -80.1428144,
              25.7951934
            ],
            [
              -80.1428252,
              25.7952043
            ],
            [
              -80.142826,
              25.7952313
            ],
            [
              -80.1428299,
              25.7952504
            ],
            [
              -80.1428463,
              25.7952613
            ],
            [
              -80.1428712,
              25.7952656
            ],
            [
              -80.142872,
              25.7953008
            ],
            [
              -80.142817,
              25.7953108
            ],
            [
              -80.1428223,
              25.7953382
            ],
            [
              -80.1427617,
              25.7953526
            ],
            [
              -80.1427444,
              25.7953611
            ],
            [
              -80.142734,
              25.7953737
            ],
            [
              -80.1427432,
              25.7953847
            ],
            [
              -80.142762,
              25.7953935
            ],
            [
              -80.1428112,
              25.7954054
            ],
            [
              -80.1428722,
              25.7954102
            ],
            [
              -80.1428718,
              25.7954252
            ],
            [
              -80.143046,
              25.7954362
            ],
            [
              -80.1431478,
              25.7954396
            ],
            [
              -80.1432853,
              25.7954426
            ],
            [
              -80.1434487,
              25.7954437
            ],
            [
              -80.143506,
              25.7953617
            ],
            [
              -80.1436455,
              25.795364
            ]
          ]
        ]
      },
      "properties": {
        "source_id": "osm:way:586749089",
        "source_name": "OpenStreetMap bounded basemap reconciliation",
        "name": "Unnamed OSM parking candidate",
        "facility_type": "multi-storey",
        "parking_evidence_kind": "parking_area_candidate",
        "access": "customers",
        "fee": "unknown",
        "operator": "",
        "source_url": "https://www.openstreetmap.org/way/586749089",
        "api_url": "https://api.openstreetmap.org/api/0.6/map",
        "evidence_url": "https://www.openstreetmap.org/way/586749089",
        "osm_type": "way",
        "osm_id": 586749089,
        "existence_status": "candidate",
        "price_status": "unknown",
        "rule_status": "unknown",
        "enrichment_status": "needs_review",
        "needs_enrichment": true,
        "confidence": 0.55,
        "ordinary_parking_status": "unknown_pending_access_rule_check",
        "field_conflict_status": "needs_field_review",
        "confidence_reason": "OSM parking area reconciled from the basemap; public access and rules require verification.",
        "tainted": false,
        "raw_tags": {
          "access": "customers",
          "amenity": "parking",
          "building": "retail",
          "parking": "multi-storey"
        },
        "raw_properties": {
          "type": "way",
          "id": 586749089,
          "tags": {
            "access": "customers",
            "amenity": "parking",
            "building": "retail",
            "parking": "multi-storey"
          },
          "relations": [],
          "meta": {
            "timestamp": "2025-09-12T04:37:12Z",
            "version": "2",
            "changeset": "171811025",
            "user": "Metauro",
            "uid": "20432920"
          }
        }
      }
    },
    {
      "type": "Feature",
      "geometry": {
        "type": "Polygon",
        "coordinates": [
          [
            [
              -80.1433529,
              25.812819
            ],
            [
              -80.1435687,
              25.812588
            ],
            [
              -80.1434636,
              25.811662
            ],
            [
              -80.1432046,
              25.811675
            ],
            [
              -80.1433529,
              25.812819
            ]
          ]
        ]
      },
      "properties": {
        "source_id": "osm:way:1493108892",
        "source_name": "OpenStreetMap bounded basemap reconciliation",
        "name": "Unnamed OSM parking candidate",
        "facility_type": "parking",
        "parking_evidence_kind": "parking_area_candidate",
        "access": "",
        "fee": "unknown",
        "operator": "",
        "source_url": "https://www.openstreetmap.org/way/1493108892",
        "api_url": "https://api.openstreetmap.org/api/0.6/map",
        "evidence_url": "https://www.openstreetmap.org/way/1493108892",
        "osm_type": "way",
        "osm_id": 1493108892,
        "existence_status": "candidate",
        "price_status": "unknown",
        "rule_status": "unknown",
        "enrichment_status": "needs_review",
        "needs_enrichment": true,
        "confidence": 0.55,
        "ordinary_parking_status": "unknown_pending_access_rule_check",
        "field_conflict_status": "needs_field_review",
        "confidence_reason": "OSM parking area reconciled from the basemap; public access and rules require verification.",
        "tainted": false,
        "raw_tags": {
          "amenity": "parking"
        },
        "raw_properties": {
          "type": "way",
          "id": 1493108892,
          "tags": {
            "amenity": "parking"
          },
          "relations": [],
          "meta": {
            "timestamp": "2026-03-26T14:48:37Z",
            "version": "1",
            "changeset": "180457697",
            "user": "FlamingoOSM",
            "uid": "2925062"
          }
        }
      }
    },
    {
      "type": "Feature",
      "geometry": {
        "type": "Point",
        "coordinates": [
          -80.1428144,
          25.7951934
        ]
      },
      "properties": {
        "source_id": "osm:node:5605976532",
        "source_name": "OpenStreetMap bounded basemap reconciliation",
        "name": "OSM parking evidence",
        "facility_type": "parking_entrance",
        "parking_evidence_kind": "parking_entrance_evidence",
        "access": "",
        "fee": "unknown",
        "operator": "",
        "source_url": "https://www.openstreetmap.org/node/5605976532",
        "api_url": "https://api.openstreetmap.org/api/0.6/map",
        "evidence_url": "https://www.openstreetmap.org/node/5605976532",
        "osm_type": "node",
        "osm_id": "5605976532",
        "existence_status": "candidate",
        "price_status": "unknown",
        "rule_status": "unknown",
        "enrichment_status": "needs_review",
        "needs_enrichment": true,
        "confidence": 0.35,
        "ordinary_parking_status": "not_ordinary_parking_offer",
        "field_conflict_status": "needs_field_review",
        "confidence_reason": "OSM parking-related evidence reconciled from the basemap; this is not a verified ordinary parking offer.",
        "tainted": false,
        "raw_tags": {
          "amenity": "parking_entrance",
          "level": "0"
        },
        "raw_properties": {
          "type": "node",
          "id": "5605976532",
          "tags": {
            "amenity": "parking_entrance",
            "level": "0"
          },
          "relations": [],
          "meta": {
            "timestamp": "2020-07-30T23:40:19Z",
            "version": "2",
            "changeset": "88755102",
            "user": "drynwk",
            "uid": "9592020"
          }
        }
      }
    },
    {
      "type": "Feature",
      "geometry": {
        "type": "Point",
        "coordinates": [
          -80.1435921,
          25.794814
        ]
      },
      "properties": {
        "source_id": "osm:node:5605976533",
        "source_name": "OpenStreetMap bounded basemap reconciliation",
        "name": "OSM parking evidence",
        "facility_type": "parking_entrance",
        "parking_evidence_kind": "parking_entrance_evidence",
        "access": "",
        "fee": "unknown",
        "operator": "",
        "source_url": "https://www.openstreetmap.org/node/5605976533",
        "api_url": "https://api.openstreetmap.org/api/0.6/map",
        "evidence_url": "https://www.openstreetmap.org/node/5605976533",
        "osm_type": "node",
        "osm_id": "5605976533",
        "existence_status": "candidate",
        "price_status": "unknown",
        "rule_status": "unknown",
        "enrichment_status": "needs_review",
        "needs_enrichment": true,
        "confidence": 0.35,
        "ordinary_parking_status": "not_ordinary_parking_offer",
        "field_conflict_status": "needs_field_review",
        "confidence_reason": "OSM parking-related evidence reconciled from the basemap; this is not a verified ordinary parking offer.",
        "tainted": false,
        "raw_tags": {
          "amenity": "parking_entrance",
          "level": "0"
        },
        "raw_properties": {
          "type": "node",
          "id": "5605976533",
          "tags": {
            "amenity": "parking_entrance",
            "level": "0"
          },
          "relations": [],
          "meta": {
            "timestamp": "2020-07-30T23:40:19Z",
            "version": "2",
            "changeset": "88755102",
            "user": "drynwk",
            "uid": "9592020"
          }
        }
      }
    },
    {
      "type": "Feature",
      "geometry": {
        "type": "Polygon",
        "coordinates": [
          [
            [
              -80.1385033,
              25.8147623
            ],
            [
              -80.1391658,
              25.8146512
            ],
            [
              -80.1391569,
              25.8146081
            ],
            [
              -80.1391743,
              25.8145853
            ],
            [
              -80.1392187,
              25.8145779
            ],
            [
              -80.1391058,
              25.8140319
            ],
            [
              -80.1390517,
              25.8140409
            ],
            [
              -80.1390466,
              25.8140162
            ],
            [
              -80.139021,
              25.8139787
            ],
            [
              -80.1389833,
              25.8139505
            ],
            [
              -80.1389376,
              25.8139349
            ],
            [
              -80.1388887,
              25.8139333
            ],
            [
              -80.1388418,
              25.813946
            ],
            [
              -80.138802,
              25.8139717
            ],
            [
              -80.1387735,
              25.8140075
            ],
            [
              -80.1387594,
              25.8140497
            ],
            [
              -80.1387612,
              25.8140937
            ],
            [
              -80.1387788,
              25.8141789
            ],
            [
              -80.138663,
              25.8141983
            ],
            [
              -80.1386745,
              25.8142541
            ],
            [
              -80.1386264,
              25.8142622
            ],
            [
              -80.1386497,
              25.8143748
            ],
            [
              -80.1385896,
              25.8143849
            ],
            [
              -80.1386004,
              25.8144374
            ],
            [
              -80.1385504,
              25.8144458
            ],
            [
              -80.1385741,
              25.8145603
            ],
            [
              -80.1385137,
              25.8145704
            ],
            [
              -80.1385248,
              25.8146237
            ],
            [
              -80.1384764,
              25.8146318
            ],
            [
              -80.1385033,
              25.8147623
            ]
          ],
          [
            [
              -80.1388474,
              25.8141081
            ],
            [
              -80.1388496,
              25.8140868
            ],
            [
              -80.1388571,
              25.8140696
            ],
            [
              -80.1388704,
              25.8140555
            ],
            [
              -80.1388879,
              25.814046
            ],
            [
              -80.138908,
              25.8140421
            ],
            [
              -80.1389284,
              25.8140441
            ],
            [
              -80.138947,
              25.814052
            ],
            [
              -80.1389617,
              25.8140649
            ],
            [
              -80.1389712,
              25.8140813
            ],
            [
              -80.1389828,
              25.8141375
            ],
            [
              -80.1388578,
              25.8141584
            ],
            [
              -80.1388474,
              25.8141081
            ]
          ]
        ]
      },
      "properties": {
        "source_id": "osm:relation:6577324",
        "source_name": "OpenStreetMap bounded basemap reconciliation",
        "name": "Unnamed OSM parking candidate",
        "facility_type": "multi-storey",
        "parking_evidence_kind": "parking_area_candidate",
        "access": "",
        "fee": "unknown",
        "operator": "",
        "source_url": "https://www.openstreetmap.org/relation/6577324",
        "api_url": "https://api.openstreetmap.org/api/0.6/map",
        "evidence_url": "https://www.openstreetmap.org/relation/6577324",
        "osm_type": "relation",
        "osm_id": 6577324,
        "existence_status": "candidate",
        "price_status": "unknown",
        "rule_status": "unknown",
        "enrichment_status": "needs_review",
        "needs_enrichment": true,
        "confidence": 0.55,
        "ordinary_parking_status": "unknown_pending_access_rule_check",
        "field_conflict_status": "needs_field_review",
        "confidence_reason": "OSM parking area reconciled from the basemap; public access and rules require verification.",
        "tainted": false,
        "raw_tags": {
          "amenity": "parking",
          "building": "yes",
          "parking": "multi-storey",
          "type": "multipolygon"
        },
        "raw_properties": {
          "type": "relation",
          "id": 6577324,
          "tags": {
            "amenity": "parking",
            "building": "yes",
            "parking": "multi-storey",
            "type": "multipolygon"
          },
          "relations": [],
          "meta": {
            "timestamp": "2016-09-10T18:20:18Z",
            "version": "1",
            "changeset": "42064323",
            "user": "cowdog",
            "uid": "3125856"
          }
        }
      }
    },
    {
      "type": "Feature",
      "geometry": {
        "type": "Polygon",
        "coordinates": [
          [
            [
              -80.1357963,
              25.793268
            ],
            [
              -80.136183,
              25.7932453
            ],
            [
              -80.1363228,
              25.7932513
            ],
            [
              -80.136392,
              25.7932488
            ],
            [
              -80.1363919,
              25.7932352
            ],
            [
              -80.1363919,
              25.7932218
            ],
            [
              -80.1365075,
              25.7932178
            ],
            [
              -80.1364885,
              25.7926249
            ],
            [
              -80.1364498,
              25.7926246
            ],
            [
              -80.13645,
              25.7926067
            ],
            [
              -80.1363288,
              25.7926259
            ],
            [
              -80.1363269,
              25.7925775
            ],
            [
              -80.1362113,
              25.7925797
            ],
            [
              -80.1362126,
              25.7926134
            ],
            [
              -80.1360653,
              25.7926083
            ],
            [
              -80.1359181,
              25.7926232
            ],
            [
              -80.1357721,
              25.7926105
            ],
            [
              -80.1357951,
              25.7927901
            ],
            [
              -80.1357963,
              25.793268
            ]
          ]
        ]
      },
      "properties": {
        "source_id": "osm:way:296949745",
        "source_name": "OpenStreetMap bounded basemap reconciliation",
        "name": "Municipal Garage No. 7",
        "facility_type": "multi-storey",
        "parking_evidence_kind": "parking_area_candidate",
        "access": "yes",
        "fee": "yes",
        "operator": "",
        "source_url": "https://www.openstreetmap.org/way/296949745",
        "api_url": "https://api.openstreetmap.org/api/0.6/map",
        "evidence_url": "https://www.openstreetmap.org/way/296949745",
        "osm_type": "way",
        "osm_id": 296949745,
        "existence_status": "candidate",
        "price_status": "unknown",
        "rule_status": "unknown",
        "enrichment_status": "needs_review",
        "needs_enrichment": true,
        "confidence": 0.55,
        "ordinary_parking_status": "unknown_pending_access_rule_check",
        "field_conflict_status": "needs_field_review",
        "confidence_reason": "OSM parking area reconciled from the basemap; public access and rules require verification.",
        "tainted": false,
        "raw_tags": {
          "access": "yes",
          "addr:city": "Miami Beach",
          "addr:housenumber": "1755",
          "addr:postcode": "33139",
          "addr:state": "FL",
          "addr:street": "Meridian Avenue",
          "amenity": "parking",
          "building": "yes",
          "building:levels": "5",
          "fee": "yes",
          "name": "Municipal Garage No. 7",
          "parking": "multi-storey"
        },
        "raw_properties": {
          "type": "way",
          "id": 296949745,
          "tags": {
            "access": "yes",
            "addr:city": "Miami Beach",
            "addr:housenumber": "1755",
            "addr:postcode": "33139",
            "addr:state": "FL",
            "addr:street": "Meridian Avenue",
            "amenity": "parking",
            "building": "yes",
            "building:levels": "5",
            "fee": "yes",
            "name": "Municipal Garage No. 7",
            "parking": "multi-storey"
          },
          "relations": [],
          "meta": {
            "timestamp": "2024-11-15T23:58:23Z",
            "version": "4",
            "changeset": "159191075",
            "user": "FlamingoOSM",
            "uid": "2925062"
          }
        }
      }
    },
    {
      "type": "Feature",
      "geometry": {
        "type": "Polygon",
        "coordinates": [
          [
            [
              -80.1419204,
              25.791524
            ],
            [
              -80.1423741,
              25.7915117
            ],
            [
              -80.1423718,
              25.7913692
            ],
            [
              -80.1419158,
              25.7913833
            ],
            [
              -80.1419204,
              25.791524
            ]
          ]
        ]
      },
      "properties": {
        "source_id": "osm:way:319274839",
        "source_name": "OpenStreetMap bounded basemap reconciliation",
        "name": "Unnamed OSM parking candidate",
        "facility_type": "parking",
        "parking_evidence_kind": "parking_area_candidate",
        "access": "customers",
        "fee": "unknown",
        "operator": "",
        "source_url": "https://www.openstreetmap.org/way/319274839",
        "api_url": "https://api.openstreetmap.org/api/0.6/map",
        "evidence_url": "https://www.openstreetmap.org/way/319274839",
        "osm_type": "way",
        "osm_id": 319274839,
        "existence_status": "candidate",
        "price_status": "unknown",
        "rule_status": "unknown",
        "enrichment_status": "needs_review",
        "needs_enrichment": true,
        "confidence": 0.55,
        "ordinary_parking_status": "unknown_pending_access_rule_check",
        "field_conflict_status": "needs_field_review",
        "confidence_reason": "OSM parking area reconciled from the basemap; public access and rules require verification.",
        "tainted": false,
        "raw_tags": {
          "access": "customers",
          "amenity": "parking"
        },
        "raw_properties": {
          "type": "way",
          "id": 319274839,
          "tags": {
            "access": "customers",
            "amenity": "parking"
          },
          "relations": [],
          "meta": {
            "timestamp": "2025-09-12T10:20:48Z",
            "version": "3",
            "changeset": "171823959",
            "user": "Gorger",
            "uid": "20415418"
          }
        }
      }
    },
    {
      "type": "Feature",
      "geometry": {
        "type": "Polygon",
        "coordinates": [
          [
            [
              -80.1405601,
              25.7919465
            ],
            [
              -80.1405414,
              25.7913651
            ],
            [
              -80.1401191,
              25.791373
            ],
            [
              -80.1401361,
              25.7919128
            ],
            [
              -80.1401942,
              25.7919114
            ],
            [
              -80.1402445,
              25.7919505
            ],
            [
              -80.1405601,
              25.7919465
            ]
          ]
        ]
      },
      "properties": {
        "source_id": "osm:way:319274842",
        "source_name": "OpenStreetMap bounded basemap reconciliation",
        "name": "Lot P25",
        "facility_type": "surface",
        "parking_evidence_kind": "parking_area_candidate",
        "access": "",
        "fee": "yes",
        "operator": "",
        "source_url": "https://www.openstreetmap.org/way/319274842",
        "api_url": "https://api.openstreetmap.org/api/0.6/map",
        "evidence_url": "https://www.openstreetmap.org/way/319274842",
        "osm_type": "way",
        "osm_id": 319274842,
        "existence_status": "candidate",
        "price_status": "unknown",
        "rule_status": "unknown",
        "enrichment_status": "needs_review",
        "needs_enrichment": true,
        "confidence": 0.55,
        "ordinary_parking_status": "unknown_pending_access_rule_check",
        "field_conflict_status": "needs_field_review",
        "confidence_reason": "OSM parking area reconciled from the basemap; public access and rules require verification.",
        "tainted": false,
        "raw_tags": {
          "amenity": "parking",
          "fee": "yes",
          "name": "Lot P25",
          "parking": "surface",
          "surface": "asphalt"
        },
        "raw_properties": {
          "type": "way",
          "id": 319274842,
          "tags": {
            "amenity": "parking",
            "fee": "yes",
            "name": "Lot P25",
            "parking": "surface",
            "surface": "asphalt"
          },
          "relations": [],
          "meta": {
            "timestamp": "2020-01-15T18:38:34Z",
            "version": "3",
            "changeset": "79618079",
            "user": "lokejul",
            "uid": "2034065"
          }
        }
      }
    },
    {
      "type": "Feature",
      "geometry": {
        "type": "Polygon",
        "coordinates": [
          [
            [
              -80.141522,
              25.8143324
            ],
            [
              -80.142146,
              25.8138254
            ],
            [
              -80.142243,
              25.8138413
            ],
            [
              -80.1427054,
              25.8134778
            ],
            [
              -80.1429595,
              25.8132432
            ],
            [
              -80.1432005,
              25.8129882
            ],
            [
              -80.1432526,
              25.8129237
            ],
            [
              -80.1432656,
              25.8128445
            ],
            [
              -80.1432721,
              25.8127038
            ],
            [
              -80.1429324,
              25.8124048
            ],
            [
              -80.1421398,
              25.8124879
            ],
            [
              -80.142151,
              25.812541
            ],
            [
              -80.1418222,
              25.8125689
            ],
            [
              -80.1416359,
              25.8126442
            ],
            [
              -80.1414475,
              25.8128185
            ],
            [
              -80.1414,
              25.812945
            ],
            [
              -80.1414169,
              25.8130374
            ],
            [
              -80.141482,
              25.8131135
            ],
            [
              -80.1415852,
              25.8131475
            ],
            [
              -80.1416971,
              25.8132184
            ],
            [
              -80.1416329,
              25.8132721
            ],
            [
              -80.1417658,
              25.813392
            ],
            [
              -80.1414614,
              25.8136611
            ],
            [
              -80.1411013,
              25.8140216
            ],
            [
              -80.1412103,
              25.8141195
            ],
            [
              -80.1414304,
              25.8143059
            ],
            [
              -80.1414923,
              25.8143507
            ],
            [
              -80.141522,
              25.8143324
            ]
          ]
        ]
      },
      "properties": {
        "source_id": "osm:way:319431681",
        "source_name": "OpenStreetMap bounded basemap reconciliation",
        "name": "Unnamed OSM parking candidate",
        "facility_type": "parking",
        "parking_evidence_kind": "parking_area_candidate",
        "access": "",
        "fee": "unknown",
        "operator": "",
        "source_url": "https://www.openstreetmap.org/way/319431681",
        "api_url": "https://api.openstreetmap.org/api/0.6/map",
        "evidence_url": "https://www.openstreetmap.org/way/319431681",
        "osm_type": "way",
        "osm_id": 319431681,
        "existence_status": "candidate",
        "price_status": "unknown",
        "rule_status": "unknown",
        "enrichment_status": "needs_review",
        "needs_enrichment": true,
        "confidence": 0.55,
        "ordinary_parking_status": "unknown_pending_access_rule_check",
        "field_conflict_status": "needs_field_review",
        "confidence_reason": "OSM parking area reconciled from the basemap; public access and rules require verification.",
        "tainted": false,
        "raw_tags": {
          "amenity": "parking"
        },
        "raw_properties": {
          "type": "way",
          "id": 319431681,
          "tags": {
            "amenity": "parking"
          },
          "relations": [],
          "meta": {
            "timestamp": "2024-11-16T18:24:21Z",
            "version": "3",
            "changeset": "159218641",
            "user": "VulpesInculta",
            "uid": "10922978"
          }
        }
      }
    },
    {
      "type": "Feature",
      "geometry": {
        "type": "Polygon",
        "coordinates": [
          [
            [
              -80.1355628,
              25.8120667
            ],
            [
              -80.1356733,
              25.8115576
            ],
            [
              -80.1356585,
              25.8115143
            ],
            [
              -80.1353407,
              25.8114562
            ],
            [
              -80.1352655,
              25.8118549
            ],
            [
              -80.1351698,
              25.8118446
            ],
            [
              -80.1351641,
              25.8118742
            ],
            [
              -80.1351231,
              25.8118674
            ],
            [
              -80.1351117,
              25.81193
            ],
            [
              -80.1350286,
              25.8119175
            ],
            [
              -80.1349978,
              25.8120701
            ],
            [
              -80.1354808,
              25.812102
            ],
            [
              -80.1355138,
              25.8120963
            ],
            [
              -80.1355628,
              25.8120667
            ]
          ]
        ]
      },
      "properties": {
        "source_id": "osm:way:466147461",
        "source_name": "OpenStreetMap bounded basemap reconciliation",
        "name": "Unnamed OSM parking candidate",
        "facility_type": "surface",
        "parking_evidence_kind": "parking_area_candidate",
        "access": "",
        "fee": "unknown",
        "operator": "",
        "source_url": "https://www.openstreetmap.org/way/466147461",
        "api_url": "https://api.openstreetmap.org/api/0.6/map",
        "evidence_url": "https://www.openstreetmap.org/way/466147461",
        "osm_type": "way",
        "osm_id": 466147461,
        "existence_status": "candidate",
        "price_status": "unknown",
        "rule_status": "unknown",
        "enrichment_status": "needs_review",
        "needs_enrichment": true,
        "confidence": 0.55,
        "ordinary_parking_status": "unknown_pending_access_rule_check",
        "field_conflict_status": "needs_field_review",
        "confidence_reason": "OSM parking area reconciled from the basemap; public access and rules require verification.",
        "tainted": false,
        "raw_tags": {
          "amenity": "parking",
          "parking": "surface"
        },
        "raw_properties": {
          "type": "way",
          "id": 466147461,
          "tags": {
            "amenity": "parking",
            "parking": "surface"
          },
          "relations": [],
          "meta": {
            "timestamp": "2018-06-08T05:32:04Z",
            "version": "2",
            "changeset": "59655619",
            "user": "thetornado76",
            "uid": "1624486"
          }
        }
      }
    },
    {
      "type": "Feature",
      "geometry": {
        "type": "Polygon",
        "coordinates": [
          [
            [
              -80.1405671,
              25.7953904
            ],
            [
              -80.1402573,
              25.7951682
            ],
            [
              -80.1402211,
              25.7952057
            ],
            [
              -80.140201,
              25.7952008
            ],
            [
              -80.1402024,
              25.7951501
            ],
            [
              -80.1401192,
              25.7951513
            ],
            [
              -80.1401179,
              25.7951996
            ],
            [
              -80.1401152,
              25.7953493
            ],
            [
              -80.1400334,
              25.7954411
            ],
            [
              -80.1403284,
              25.7956464
            ],
            [
              -80.1405671,
              25.7953904
            ]
          ]
        ]
      },
      "properties": {
        "source_id": "osm:way:480393663",
        "source_name": "OpenStreetMap bounded basemap reconciliation",
        "name": "Unnamed OSM parking candidate",
        "facility_type": "surface",
        "parking_evidence_kind": "parking_area_candidate",
        "access": "",
        "fee": "unknown",
        "operator": "",
        "source_url": "https://www.openstreetmap.org/way/480393663",
        "api_url": "https://api.openstreetmap.org/api/0.6/map",
        "evidence_url": "https://www.openstreetmap.org/way/480393663",
        "osm_type": "way",
        "osm_id": 480393663,
        "existence_status": "candidate",
        "price_status": "unknown",
        "rule_status": "unknown",
        "enrichment_status": "needs_review",
        "needs_enrichment": true,
        "confidence": 0.55,
        "ordinary_parking_status": "unknown_pending_access_rule_check",
        "field_conflict_status": "needs_field_review",
        "confidence_reason": "OSM parking area reconciled from the basemap; public access and rules require verification.",
        "tainted": false,
        "raw_tags": {
          "amenity": "parking",
          "parking": "surface"
        },
        "raw_properties": {
          "type": "way",
          "id": 480393663,
          "tags": {
            "amenity": "parking",
            "parking": "surface"
          },
          "relations": [],
          "meta": {
            "timestamp": "2017-03-14T11:56:14Z",
            "version": "1",
            "changeset": "46838549",
            "user": "hansemann1234",
            "uid": "1057876"
          }
        }
      }
    },
    {
      "type": "Feature",
      "geometry": {
        "type": "Polygon",
        "coordinates": [
          [
            [
              -80.1420005,
              25.7927056
            ],
            [
              -80.1419938,
              25.792143
            ],
            [
              -80.141941,
              25.7921435
            ],
            [
              -80.1419478,
              25.7927062
            ],
            [
              -80.1420005,
              25.7927056
            ]
          ]
        ]
      },
      "properties": {
        "source_id": "osm:way:586108019",
        "source_name": "OpenStreetMap bounded basemap reconciliation",
        "name": "Unnamed OSM parking candidate",
        "facility_type": "surface",
        "parking_evidence_kind": "parking_area_candidate",
        "access": "customers",
        "fee": "unknown",
        "operator": "",
        "source_url": "https://www.openstreetmap.org/way/586108019",
        "api_url": "https://api.openstreetmap.org/api/0.6/map",
        "evidence_url": "https://www.openstreetmap.org/way/586108019",
        "osm_type": "way",
        "osm_id": 586108019,
        "existence_status": "candidate",
        "price_status": "unknown",
        "rule_status": "unknown",
        "enrichment_status": "needs_review",
        "needs_enrichment": true,
        "confidence": 0.55,
        "ordinary_parking_status": "unknown_pending_access_rule_check",
        "field_conflict_status": "needs_field_review",
        "confidence_reason": "OSM parking area reconciled from the basemap; public access and rules require verification.",
        "tainted": false,
        "raw_tags": {
          "access": "customers",
          "amenity": "parking",
          "parking": "surface",
          "surface": "asphalt"
        },
        "raw_properties": {
          "type": "way",
          "id": 586108019,
          "tags": {
            "access": "customers",
            "amenity": "parking",
            "parking": "surface",
            "surface": "asphalt"
          },
          "relations": [],
          "meta": {
            "timestamp": "2018-05-06T19:15:29Z",
            "version": "1",
            "changeset": "58738075",
            "user": "lokejul",
            "uid": "2034065"
          }
        }
      }
    },
    {
      "type": "Feature",
      "geometry": {
        "type": "Polygon",
        "coordinates": [
          [
            [
              -80.1430476,
              25.7933199
            ],
            [
              -80.1430465,
              25.7932733
            ],
            [
              -80.1430933,
              25.7932724
            ],
            [
              -80.143091,
              25.7931784
            ],
            [
              -80.1430537,
              25.7931791
            ],
            [
              -80.1430527,
              25.7931344
            ],
            [
              -80.1430206,
              25.7931351
            ],
            [
              -80.1430192,
              25.7930768
            ],
            [
              -80.1426502,
              25.793084
            ],
            [
              -80.1426561,
              25.7933275
            ],
            [
              -80.1430476,
              25.7933199
            ]
          ]
        ]
      },
      "properties": {
        "source_id": "osm:way:586358031",
        "source_name": "OpenStreetMap bounded basemap reconciliation",
        "name": "Unnamed OSM parking candidate",
        "facility_type": "surface",
        "parking_evidence_kind": "parking_area_candidate",
        "access": "customers",
        "fee": "unknown",
        "operator": "",
        "source_url": "https://www.openstreetmap.org/way/586358031",
        "api_url": "https://api.openstreetmap.org/api/0.6/map",
        "evidence_url": "https://www.openstreetmap.org/way/586358031",
        "osm_type": "way",
        "osm_id": 586358031,
        "existence_status": "candidate",
        "price_status": "unknown",
        "rule_status": "unknown",
        "enrichment_status": "needs_review",
        "needs_enrichment": true,
        "confidence": 0.55,
        "ordinary_parking_status": "unknown_pending_access_rule_check",
        "field_conflict_status": "needs_field_review",
        "confidence_reason": "OSM parking area reconciled from the basemap; public access and rules require verification.",
        "tainted": false,
        "raw_tags": {
          "access": "customers",
          "amenity": "parking",
          "parking": "surface",
          "surface": "concrete"
        },
        "raw_properties": {
          "type": "way",
          "id": 586358031,
          "tags": {
            "access": "customers",
            "amenity": "parking",
            "parking": "surface",
            "surface": "concrete"
          },
          "relations": [],
          "meta": {
            "timestamp": "2021-06-12T14:41:57Z",
            "version": "2",
            "changeset": "106255821",
            "user": "Osmosefixer2021",
            "uid": "10820890"
          }
        }
      }
    },
    {
      "type": "Feature",
      "geometry": {
        "type": "Polygon",
        "coordinates": [
          [
            [
              -80.139889,
              25.794767
            ],
            [
              -80.1398857,
              25.7946402
            ],
            [
              -80.139836,
              25.7946386
            ],
            [
              -80.1398342,
              25.7945289
            ],
            [
              -80.1398852,
              25.7945291
            ],
            [
              -80.1398849,
              25.7943843
            ],
            [
              -80.1404989,
              25.7943744
            ],
            [
              -80.1404924,
              25.7940789
            ],
            [
              -80.1404894,
              25.7939452
            ],
            [
              -80.1390778,
              25.7947101
            ],
            [
              -80.1391131,
              25.7947771
            ],
            [
              -80.139889,
              25.794767
            ]
          ]
        ]
      },
      "properties": {
        "source_id": "osm:way:586763177",
        "source_name": "OpenStreetMap bounded basemap reconciliation",
        "name": "Unnamed OSM parking candidate",
        "facility_type": "surface",
        "parking_evidence_kind": "parking_area_candidate",
        "access": "permissive",
        "fee": "unknown",
        "operator": "",
        "source_url": "https://www.openstreetmap.org/way/586763177",
        "api_url": "https://api.openstreetmap.org/api/0.6/map",
        "evidence_url": "https://www.openstreetmap.org/way/586763177",
        "osm_type": "way",
        "osm_id": 586763177,
        "existence_status": "candidate",
        "price_status": "unknown",
        "rule_status": "unknown",
        "enrichment_status": "needs_review",
        "needs_enrichment": true,
        "confidence": 0.55,
        "ordinary_parking_status": "unknown_pending_access_rule_check",
        "field_conflict_status": "needs_field_review",
        "confidence_reason": "OSM parking area reconciled from the basemap; public access and rules require verification.",
        "tainted": false,
        "raw_tags": {
          "access": "permissive",
          "amenity": "parking",
          "parking": "surface",
          "surface": "asphalt"
        },
        "raw_properties": {
          "type": "way",
          "id": 586763177,
          "tags": {
            "access": "permissive",
            "amenity": "parking",
            "parking": "surface",
            "surface": "asphalt"
          },
          "relations": [],
          "meta": {
            "timestamp": "2024-08-04T00:10:50Z",
            "version": "2",
            "changeset": "154793134",
            "user": "VulpesInculta",
            "uid": "10922978"
          }
        }
      }
    },
    {
      "type": "Feature",
      "geometry": {
        "type": "Polygon",
        "coordinates": [
          [
            [
              -80.1364266,
              25.7951154
            ],
            [
              -80.1364242,
              25.7950074
            ],
            [
              -80.135931,
              25.7950165
            ],
            [
              -80.1359335,
              25.7951245
            ],
            [
              -80.1364266,
              25.7951154
            ]
          ]
        ]
      },
      "properties": {
        "source_id": "osm:way:588999170",
        "source_name": "OpenStreetMap bounded basemap reconciliation",
        "name": "Miami Beach Parking Lot (P33)",
        "facility_type": "surface",
        "parking_evidence_kind": "parking_area_candidate",
        "access": "yes",
        "fee": "yes",
        "operator": "",
        "source_url": "https://www.openstreetmap.org/way/588999170",
        "api_url": "https://api.openstreetmap.org/api/0.6/map",
        "evidence_url": "https://www.openstreetmap.org/way/588999170",
        "osm_type": "way",
        "osm_id": 588999170,
        "existence_status": "candidate",
        "price_status": "unknown",
        "rule_status": "unknown",
        "enrichment_status": "needs_review",
        "needs_enrichment": true,
        "confidence": 0.55,
        "ordinary_parking_status": "unknown_pending_access_rule_check",
        "field_conflict_status": "needs_field_review",
        "confidence_reason": "OSM parking area reconciled from the basemap; public access and rules require verification.",
        "tainted": false,
        "raw_tags": {
          "access": "yes",
          "amenity": "parking",
          "fee": "yes",
          "name": "Miami Beach Parking Lot (P33)",
          "parking": "surface",
          "surface": "asphalt"
        },
        "raw_properties": {
          "type": "way",
          "id": 588999170,
          "tags": {
            "access": "yes",
            "amenity": "parking",
            "fee": "yes",
            "name": "Miami Beach Parking Lot (P33)",
            "parking": "surface",
            "surface": "asphalt"
          },
          "relations": [],
          "meta": {
            "timestamp": "2024-11-11T16:39:42Z",
            "version": "2",
            "changeset": "159016691",
            "user": "FlamingoOSM",
            "uid": "2925062"
          }
        }
      }
    },
    {
      "type": "Feature",
      "geometry": {
        "type": "Polygon",
        "coordinates": [
          [
            [
              -80.1411175,
              25.7931794
            ],
            [
              -80.1410581,
              25.7930808
            ],
            [
              -80.1410023,
              25.7930708
            ],
            [
              -80.1406906,
              25.7932429
            ],
            [
              -80.1406891,
              25.7934173
            ],
            [
              -80.1411175,
              25.7931794
            ]
          ]
        ]
      },
      "properties": {
        "source_id": "osm:way:589109290",
        "source_name": "OpenStreetMap bounded basemap reconciliation",
        "name": "Unnamed OSM parking candidate",
        "facility_type": "surface",
        "parking_evidence_kind": "parking_area_candidate",
        "access": "",
        "fee": "unknown",
        "operator": "",
        "source_url": "https://www.openstreetmap.org/way/589109290",
        "api_url": "https://api.openstreetmap.org/api/0.6/map",
        "evidence_url": "https://www.openstreetmap.org/way/589109290",
        "osm_type": "way",
        "osm_id": 589109290,
        "existence_status": "candidate",
        "price_status": "unknown",
        "rule_status": "unknown",
        "enrichment_status": "needs_review",
        "needs_enrichment": true,
        "confidence": 0.55,
        "ordinary_parking_status": "unknown_pending_access_rule_check",
        "field_conflict_status": "needs_field_review",
        "confidence_reason": "OSM parking area reconciled from the basemap; public access and rules require verification.",
        "tainted": false,
        "raw_tags": {
          "amenity": "parking",
          "parking": "surface",
          "surface": "asphalt"
        },
        "raw_properties": {
          "type": "way",
          "id": 589109290,
          "tags": {
            "amenity": "parking",
            "parking": "surface",
            "surface": "asphalt"
          },
          "relations": [],
          "meta": {
            "timestamp": "2018-05-18T02:31:58Z",
            "version": "1",
            "changeset": "59066062",
            "user": "lokejul",
            "uid": "2034065"
          }
        }
      }
    },
    {
      "type": "Feature",
      "geometry": {
        "type": "Polygon",
        "coordinates": [
          [
            [
              -80.1432017,
              25.8123297
            ],
            [
              -80.1431357,
              25.8118234
            ],
            [
              -80.1430511,
              25.8118323
            ],
            [
              -80.1430075,
              25.8118369
            ],
            [
              -80.1421011,
              25.8119326
            ],
            [
              -80.1421671,
              25.812439
            ],
            [
              -80.1430883,
              25.8123417
            ],
            [
              -80.1432017,
              25.8123297
            ]
          ]
        ]
      },
      "properties": {
        "source_id": "osm:way:596756662",
        "source_name": "OpenStreetMap bounded basemap reconciliation",
        "name": "Unnamed OSM parking candidate",
        "facility_type": "multi-storey",
        "parking_evidence_kind": "parking_area_candidate",
        "access": "",
        "fee": "unknown",
        "operator": "",
        "source_url": "https://www.openstreetmap.org/way/596756662",
        "api_url": "https://api.openstreetmap.org/api/0.6/map",
        "evidence_url": "https://www.openstreetmap.org/way/596756662",
        "osm_type": "way",
        "osm_id": 596756662,
        "existence_status": "candidate",
        "price_status": "unknown",
        "rule_status": "unknown",
        "enrichment_status": "needs_review",
        "needs_enrichment": true,
        "confidence": 0.55,
        "ordinary_parking_status": "unknown_pending_access_rule_check",
        "field_conflict_status": "needs_field_review",
        "confidence_reason": "OSM parking area reconciled from the basemap; public access and rules require verification.",
        "tainted": false,
        "raw_tags": {
          "amenity": "parking",
          "building": "parking",
          "parking": "multi-storey"
        },
        "raw_properties": {
          "type": "way",
          "id": 596756662,
          "tags": {
            "amenity": "parking",
            "building": "parking",
            "parking": "multi-storey"
          },
          "relations": [],
          "meta": {
            "timestamp": "2019-11-28T03:36:43Z",
            "version": "2",
            "changeset": "77659778",
            "user": "Rootberg",
            "uid": "7431534"
          }
        }
      }
    },
    {
      "type": "Feature",
      "geometry": {
        "type": "Polygon",
        "coordinates": [
          [
            [
              -80.1399195,
              25.7918379
            ],
            [
              -80.1399157,
              25.7917211
            ],
            [
              -80.13945,
              25.7917335
            ],
            [
              -80.1394588,
              25.7920017
            ],
            [
              -80.1395876,
              25.7919983
            ],
            [
              -80.1395826,
              25.7918469
            ],
            [
              -80.1399195,
              25.7918379
            ]
          ]
        ]
      },
      "properties": {
        "source_id": "osm:way:763447700",
        "source_name": "OpenStreetMap bounded basemap reconciliation",
        "name": "Unnamed OSM parking candidate",
        "facility_type": "surface",
        "parking_evidence_kind": "parking_area_candidate",
        "access": "",
        "fee": "yes",
        "operator": "",
        "source_url": "https://www.openstreetmap.org/way/763447700",
        "api_url": "https://api.openstreetmap.org/api/0.6/map",
        "evidence_url": "https://www.openstreetmap.org/way/763447700",
        "osm_type": "way",
        "osm_id": 763447700,
        "existence_status": "candidate",
        "price_status": "unknown",
        "rule_status": "unknown",
        "enrichment_status": "needs_review",
        "needs_enrichment": true,
        "confidence": 0.55,
        "ordinary_parking_status": "unknown_pending_access_rule_check",
        "field_conflict_status": "needs_field_review",
        "confidence_reason": "OSM parking area reconciled from the basemap; public access and rules require verification.",
        "tainted": false,
        "raw_tags": {
          "amenity": "parking",
          "fee": "yes",
          "parking": "surface",
          "surface": "paved"
        },
        "raw_properties": {
          "type": "way",
          "id": 763447700,
          "tags": {
            "amenity": "parking",
            "fee": "yes",
            "parking": "surface",
            "surface": "paved"
          },
          "relations": [],
          "meta": {
            "timestamp": "2020-01-15T18:38:34Z",
            "version": "1",
            "changeset": "79618079",
            "user": "lokejul",
            "uid": "2034065"
          }
        }
      }
    },
    {
      "type": "Feature",
      "geometry": {
        "type": "Polygon",
        "coordinates": [
          [
            [
              -80.1411646,
              25.794038
            ],
            [
              -80.1410446,
              25.7940395
            ],
            [
              -80.1410446,
              25.794063
            ],
            [
              -80.1405458,
              25.7940762
            ],
            [
              -80.1404924,
              25.7940789
            ],
            [
              -80.1404989,
              25.7943744
            ],
            [
              -80.1405142,
              25.7947528
            ],
            [
              -80.140664,
              25.794751
            ],
            [
              -80.1406632,
              25.7946897
            ],
            [
              -80.1406614,
              25.7945443
            ],
            [
              -80.1406568,
              25.7943299
            ],
            [
              -80.1406558,
              25.7942142
            ],
            [
              -80.1410535,
              25.7942073
            ],
            [
              -80.1411695,
              25.7942053
            ],
            [
              -80.1411646,
              25.794038
            ]
          ]
        ]
      },
      "properties": {
        "source_id": "osm:way:1305478446",
        "source_name": "OpenStreetMap bounded basemap reconciliation",
        "name": "Unnamed OSM parking candidate",
        "facility_type": "surface",
        "parking_evidence_kind": "parking_area_candidate",
        "access": "private",
        "fee": "unknown",
        "operator": "",
        "source_url": "https://www.openstreetmap.org/way/1305478446",
        "api_url": "https://api.openstreetmap.org/api/0.6/map",
        "evidence_url": "https://www.openstreetmap.org/way/1305478446",
        "osm_type": "way",
        "osm_id": 1305478446,
        "existence_status": "candidate",
        "price_status": "unknown",
        "rule_status": "unknown",
        "enrichment_status": "needs_review",
        "needs_enrichment": true,
        "confidence": 0.55,
        "ordinary_parking_status": "unknown_pending_access_rule_check",
        "field_conflict_status": "needs_field_review",
        "confidence_reason": "OSM parking area reconciled from the basemap; public access and rules require verification.",
        "tainted": false,
        "raw_tags": {
          "access": "private",
          "amenity": "parking",
          "parking": "surface"
        },
        "raw_properties": {
          "type": "way",
          "id": 1305478446,
          "tags": {
            "access": "private",
            "amenity": "parking",
            "parking": "surface"
          },
          "relations": [],
          "meta": {
            "timestamp": "2024-08-04T00:10:50Z",
            "version": "1",
            "changeset": "154793134",
            "user": "VulpesInculta",
            "uid": "10922978"
          }
        }
      }
    },
    {
      "type": "Feature",
      "geometry": {
        "type": "Polygon",
        "coordinates": [
          [
            [
              -80.1411695,
              25.7942053
            ],
            [
              -80.1410535,
              25.7942073
            ],
            [
              -80.1410597,
              25.7945372
            ],
            [
              -80.141046,
              25.7945376
            ],
            [
              -80.1406614,
              25.7945443
            ],
            [
              -80.1406632,
              25.7946897
            ],
            [
              -80.1408196,
              25.7946871
            ],
            [
              -80.1408213,
              25.7947238
            ],
            [
              -80.1411458,
              25.7947182
            ],
            [
              -80.1411758,
              25.7945928
            ],
            [
              -80.1411695,
              25.7942053
            ]
          ]
        ]
      },
      "properties": {
        "source_id": "osm:way:1305478447",
        "source_name": "OpenStreetMap bounded basemap reconciliation",
        "name": "Unnamed OSM parking candidate",
        "facility_type": "surface",
        "parking_evidence_kind": "parking_area_candidate",
        "access": "customers",
        "fee": "unknown",
        "operator": "",
        "source_url": "https://www.openstreetmap.org/way/1305478447",
        "api_url": "https://api.openstreetmap.org/api/0.6/map",
        "evidence_url": "https://www.openstreetmap.org/way/1305478447",
        "osm_type": "way",
        "osm_id": 1305478447,
        "existence_status": "candidate",
        "price_status": "unknown",
        "rule_status": "unknown",
        "enrichment_status": "needs_review",
        "needs_enrichment": true,
        "confidence": 0.55,
        "ordinary_parking_status": "unknown_pending_access_rule_check",
        "field_conflict_status": "needs_field_review",
        "confidence_reason": "OSM parking area reconciled from the basemap; public access and rules require verification.",
        "tainted": false,
        "raw_tags": {
          "access": "customers",
          "amenity": "parking",
          "parking": "surface"
        },
        "raw_properties": {
          "type": "way",
          "id": 1305478447,
          "tags": {
            "access": "customers",
            "amenity": "parking",
            "parking": "surface"
          },
          "relations": [],
          "meta": {
            "timestamp": "2024-08-04T00:10:50Z",
            "version": "1",
            "changeset": "154793134",
            "user": "VulpesInculta",
            "uid": "10922978"
          }
        }
      }
    },
    {
      "type": "Feature",
      "geometry": {
        "type": "Polygon",
        "coordinates": [
          [
            [
              -80.1343968,
              25.8144626
            ],
            [
              -80.1343849,
              25.8142857
            ],
            [
              -80.1343151,
              25.8141125
            ],
            [
              -80.1338955,
              25.814288
            ],
            [
              -80.1340504,
              25.8146006
            ],
            [
              -80.1343968,
              25.8144626
            ]
          ]
        ]
      },
      "properties": {
        "source_id": "osm:way:1332901201",
        "source_name": "OpenStreetMap bounded basemap reconciliation",
        "name": "Miami Beach Parking Lot (P62)",
        "facility_type": "parking",
        "parking_evidence_kind": "parking_area_candidate",
        "access": "yes",
        "fee": "yes",
        "operator": "",
        "source_url": "https://www.openstreetmap.org/way/1332901201",
        "api_url": "https://api.openstreetmap.org/api/0.6/map",
        "evidence_url": "https://www.openstreetmap.org/way/1332901201",
        "osm_type": "way",
        "osm_id": 1332901201,
        "existence_status": "candidate",
        "price_status": "unknown",
        "rule_status": "unknown",
        "enrichment_status": "needs_review",
        "needs_enrichment": true,
        "confidence": 0.55,
        "ordinary_parking_status": "unknown_pending_access_rule_check",
        "field_conflict_status": "needs_field_review",
        "confidence_reason": "OSM parking area reconciled from the basemap; public access and rules require verification.",
        "tainted": false,
        "raw_tags": {
          "access": "yes",
          "amenity": "parking",
          "fee": "yes",
          "name": "Miami Beach Parking Lot (P62)"
        },
        "raw_properties": {
          "type": "way",
          "id": 1332901201,
          "tags": {
            "access": "yes",
            "amenity": "parking",
            "fee": "yes",
            "name": "Miami Beach Parking Lot (P62)"
          },
          "relations": [],
          "meta": {
            "timestamp": "2024-11-11T16:03:35Z",
            "version": "1",
            "changeset": "159015259",
            "user": "FlamingoOSM",
            "uid": "2925062"
          }
        }
      }
    },
    {
      "type": "Feature",
      "geometry": {
        "type": "Polygon",
        "coordinates": [
          [
            [
              -80.1340376,
              25.814599
            ],
            [
              -80.1338793,
              25.8142926
            ],
            [
              -80.1337159,
              25.8143623
            ],
            [
              -80.1338674,
              25.8146672
            ],
            [
              -80.1340376,
              25.814599
            ]
          ]
        ]
      },
      "properties": {
        "source_id": "osm:way:1332901202",
        "source_name": "OpenStreetMap bounded basemap reconciliation",
        "name": "Unnamed OSM parking candidate",
        "facility_type": "parking",
        "parking_evidence_kind": "parking_area_candidate",
        "access": "private",
        "fee": "unknown",
        "operator": "",
        "source_url": "https://www.openstreetmap.org/way/1332901202",
        "api_url": "https://api.openstreetmap.org/api/0.6/map",
        "evidence_url": "https://www.openstreetmap.org/way/1332901202",
        "osm_type": "way",
        "osm_id": 1332901202,
        "existence_status": "candidate",
        "price_status": "unknown",
        "rule_status": "unknown",
        "enrichment_status": "needs_review",
        "needs_enrichment": true,
        "confidence": 0.55,
        "ordinary_parking_status": "unknown_pending_access_rule_check",
        "field_conflict_status": "needs_field_review",
        "confidence_reason": "OSM parking area reconciled from the basemap; public access and rules require verification.",
        "tainted": false,
        "raw_tags": {
          "access": "private",
          "amenity": "parking"
        },
        "raw_properties": {
          "type": "way",
          "id": 1332901202,
          "tags": {
            "access": "private",
            "amenity": "parking"
          },
          "relations": [],
          "meta": {
            "timestamp": "2024-11-11T16:03:35Z",
            "version": "1",
            "changeset": "159015259",
            "user": "FlamingoOSM",
            "uid": "2925062"
          }
        }
      }
    },
    {
      "type": "Feature",
      "geometry": {
        "type": "Polygon",
        "coordinates": [
          [
            [
              -80.1361428,
              25.8138315
            ],
            [
              -80.1358658,
              25.8135327
            ],
            [
              -80.1357822,
              25.8136551
            ],
            [
              -80.1357335,
              25.8137854
            ],
            [
              -80.1359157,
              25.8139775
            ],
            [
              -80.1361428,
              25.8138315
            ]
          ]
        ]
      },
      "properties": {
        "source_id": "osm:way:1332902712",
        "source_name": "OpenStreetMap bounded basemap reconciliation",
        "name": "Miami Beach Parking Lot (P61)",
        "facility_type": "parking",
        "parking_evidence_kind": "parking_area_candidate",
        "access": "yes",
        "fee": "yes",
        "operator": "",
        "source_url": "https://www.openstreetmap.org/way/1332902712",
        "api_url": "https://api.openstreetmap.org/api/0.6/map",
        "evidence_url": "https://www.openstreetmap.org/way/1332902712",
        "osm_type": "way",
        "osm_id": 1332902712,
        "existence_status": "candidate",
        "price_status": "unknown",
        "rule_status": "unknown",
        "enrichment_status": "needs_review",
        "needs_enrichment": true,
        "confidence": 0.55,
        "ordinary_parking_status": "unknown_pending_access_rule_check",
        "field_conflict_status": "needs_field_review",
        "confidence_reason": "OSM parking area reconciled from the basemap; public access and rules require verification.",
        "tainted": false,
        "raw_tags": {
          "access": "yes",
          "amenity": "parking",
          "fee": "yes",
          "name": "Miami Beach Parking Lot (P61)",
          "surface": "paved"
        },
        "raw_properties": {
          "type": "way",
          "id": 1332902712,
          "tags": {
            "access": "yes",
            "amenity": "parking",
            "fee": "yes",
            "name": "Miami Beach Parking Lot (P61)",
            "surface": "paved"
          },
          "relations": [],
          "meta": {
            "timestamp": "2024-11-11T16:05:49Z",
            "version": "1",
            "changeset": "159015340",
            "user": "FlamingoOSM",
            "uid": "2925062"
          }
        }
      }
    },
    {
      "type": "Feature",
      "geometry": {
        "type": "Polygon",
        "coordinates": [
          [
            [
              -80.1344247,
              25.797432
            ],
            [
              -80.1341035,
              25.7975896
            ],
            [
              -80.133975,
              25.7979286
            ],
            [
              -80.1337446,
              25.7979226
            ],
            [
              -80.1333569,
              25.7982996
            ],
            [
              -80.1332307,
              25.7986785
            ],
            [
              -80.133862,
              25.79887
            ],
            [
              -80.1344845,
              25.7975018
            ],
            [
              -80.1344247,
              25.797432
            ]
          ]
        ]
      },
      "properties": {
        "source_id": "osm:way:1332907332",
        "source_name": "OpenStreetMap bounded basemap reconciliation",
        "name": "Miami Beach Senior High School Parking Lot",
        "facility_type": "parking",
        "parking_evidence_kind": "parking_area_candidate",
        "access": "customers",
        "fee": "unknown",
        "operator": "Miami Beach Senior High School",
        "source_url": "https://www.openstreetmap.org/way/1332907332",
        "api_url": "https://api.openstreetmap.org/api/0.6/map",
        "evidence_url": "https://www.openstreetmap.org/way/1332907332",
        "osm_type": "way",
        "osm_id": 1332907332,
        "existence_status": "candidate",
        "price_status": "unknown",
        "rule_status": "unknown",
        "enrichment_status": "needs_review",
        "needs_enrichment": true,
        "confidence": 0.55,
        "ordinary_parking_status": "unknown_pending_access_rule_check",
        "field_conflict_status": "needs_field_review",
        "confidence_reason": "OSM parking area reconciled from the basemap; public access and rules require verification.",
        "tainted": false,
        "raw_tags": {
          "access": "customers",
          "amenity": "parking",
          "name": "Miami Beach Senior High School Parking Lot",
          "operator": "Miami Beach Senior High School",
          "operator:type": "school"
        },
        "raw_properties": {
          "type": "way",
          "id": 1332907332,
          "tags": {
            "access": "customers",
            "amenity": "parking",
            "name": "Miami Beach Senior High School Parking Lot",
            "operator": "Miami Beach Senior High School",
            "operator:type": "school"
          },
          "relations": [],
          "meta": {
            "timestamp": "2024-11-11T16:29:42Z",
            "version": "1",
            "changeset": "159016287",
            "user": "FlamingoOSM",
            "uid": "2925062"
          }
        }
      }
    },
    {
      "type": "Feature",
      "geometry": {
        "type": "Polygon",
        "coordinates": [
          [
            [
              -80.1429693,
              25.8117724
            ],
            [
              -80.1429561,
              25.811678
            ],
            [
              -80.1430241,
              25.8116703
            ],
            [
              -80.1429568,
              25.8111877
            ],
            [
              -80.1429241,
              25.8111425
            ],
            [
              -80.1428435,
              25.8110745
            ],
            [
              -80.1427192,
              25.8110354
            ],
            [
              -80.1423929,
              25.8110717
            ],
            [
              -80.1424734,
              25.8116574
            ],
            [
              -80.1421226,
              25.8116965
            ],
            [
              -80.1421253,
              25.8117168
            ],
            [
              -80.1420653,
              25.8117235
            ],
            [
              -80.1420859,
              25.8118721
            ],
            [
              -80.1429693,
              25.8117724
            ]
          ]
        ]
      },
      "properties": {
        "source_id": "osm:way:1334561031",
        "source_name": "OpenStreetMap bounded basemap reconciliation",
        "name": "Sidman Family Parking",
        "facility_type": "multi-storey",
        "parking_evidence_kind": "parking_area_candidate",
        "access": "",
        "fee": "unknown",
        "operator": "",
        "source_url": "https://www.openstreetmap.org/way/1334561031",
        "api_url": "https://api.openstreetmap.org/api/0.6/map",
        "evidence_url": "https://www.openstreetmap.org/way/1334561031",
        "osm_type": "way",
        "osm_id": 1334561031,
        "existence_status": "candidate",
        "price_status": "unknown",
        "rule_status": "unknown",
        "enrichment_status": "needs_review",
        "needs_enrichment": true,
        "confidence": 0.55,
        "ordinary_parking_status": "unknown_pending_access_rule_check",
        "field_conflict_status": "needs_field_review",
        "confidence_reason": "OSM parking area reconciled from the basemap; public access and rules require verification.",
        "tainted": false,
        "raw_tags": {
          "amenity": "parking",
          "building": "yes",
          "name": "Sidman Family Parking",
          "parking": "multi-storey"
        },
        "raw_properties": {
          "type": "way",
          "id": 1334561031,
          "tags": {
            "amenity": "parking",
            "building": "yes",
            "name": "Sidman Family Parking",
            "parking": "multi-storey"
          },
          "relations": [],
          "meta": {
            "timestamp": "2024-11-16T18:24:21Z",
            "version": "1",
            "changeset": "159218641",
            "user": "VulpesInculta",
            "uid": "10922978"
          }
        }
      }
    },
    {
      "type": "Feature",
      "geometry": {
        "type": "Polygon",
        "coordinates": [
          [
            [
              -80.1416077,
              25.8112449
            ],
            [
              -80.1406482,
              25.8114783
            ],
            [
              -80.1409732,
              25.8117112
            ],
            [
              -80.1411934,
              25.8116179
            ],
            [
              -80.1416927,
              25.8114833
            ],
            [
              -80.1416077,
              25.8112449
            ]
          ]
        ]
      },
      "properties": {
        "source_id": "osm:way:1493108893",
        "source_name": "OpenStreetMap bounded basemap reconciliation",
        "name": "Unnamed OSM parking candidate",
        "facility_type": "parking",
        "parking_evidence_kind": "parking_area_candidate",
        "access": "",
        "fee": "unknown",
        "operator": "",
        "source_url": "https://www.openstreetmap.org/way/1493108893",
        "api_url": "https://api.openstreetmap.org/api/0.6/map",
        "evidence_url": "https://www.openstreetmap.org/way/1493108893",
        "osm_type": "way",
        "osm_id": 1493108893,
        "existence_status": "candidate",
        "price_status": "unknown",
        "rule_status": "unknown",
        "enrichment_status": "needs_review",
        "needs_enrichment": true,
        "confidence": 0.55,
        "ordinary_parking_status": "unknown_pending_access_rule_check",
        "field_conflict_status": "needs_field_review",
        "confidence_reason": "OSM parking area reconciled from the basemap; public access and rules require verification.",
        "tainted": false,
        "raw_tags": {
          "amenity": "parking"
        },
        "raw_properties": {
          "type": "way",
          "id": 1493108893,
          "tags": {
            "amenity": "parking"
          },
          "relations": [],
          "meta": {
            "timestamp": "2026-03-26T14:48:37Z",
            "version": "1",
            "changeset": "180457697",
            "user": "FlamingoOSM",
            "uid": "2925062"
          }
        }
      }
    },
    {
      "type": "Feature",
      "geometry": {
        "type": "Polygon",
        "coordinates": [
          [
            [
              -80.1404487,
              25.8119762
            ],
            [
              -80.1405137,
              25.811904
            ],
            [
              -80.1404151,
              25.8116271
            ],
            [
              -80.1403048,
              25.8115758
            ],
            [
              -80.1397579,
              25.8117817
            ],
            [
              -80.1394212,
              25.8120462
            ],
            [
              -80.1394258,
              25.8121612
            ],
            [
              -80.1394839,
              25.8122239
            ],
            [
              -80.1404487,
              25.8119762
            ]
          ]
        ]
      },
      "properties": {
        "source_id": "osm:way:1493108894",
        "source_name": "OpenStreetMap bounded basemap reconciliation",
        "name": "Unnamed OSM parking candidate",
        "facility_type": "parking",
        "parking_evidence_kind": "parking_area_candidate",
        "access": "",
        "fee": "unknown",
        "operator": "",
        "source_url": "https://www.openstreetmap.org/way/1493108894",
        "api_url": "https://api.openstreetmap.org/api/0.6/map",
        "evidence_url": "https://www.openstreetmap.org/way/1493108894",
        "osm_type": "way",
        "osm_id": 1493108894,
        "existence_status": "candidate",
        "price_status": "unknown",
        "rule_status": "unknown",
        "enrichment_status": "needs_review",
        "needs_enrichment": true,
        "confidence": 0.55,
        "ordinary_parking_status": "unknown_pending_access_rule_check",
        "field_conflict_status": "needs_field_review",
        "confidence_reason": "OSM parking area reconciled from the basemap; public access and rules require verification.",
        "tainted": false,
        "raw_tags": {
          "amenity": "parking"
        },
        "raw_properties": {
          "type": "way",
          "id": 1493108894,
          "tags": {
            "amenity": "parking"
          },
          "relations": [],
          "meta": {
            "timestamp": "2026-03-26T14:48:37Z",
            "version": "1",
            "changeset": "180457697",
            "user": "FlamingoOSM",
            "uid": "2925062"
          }
        }
      }
    },
    {
      "type": "Feature",
      "geometry": {
        "type": "Polygon",
        "coordinates": [
          [
            [
              -80.1391071,
              25.8138986
            ],
            [
              -80.1391662,
              25.8134329
            ],
            [
              -80.1388161,
              25.8134076
            ],
            [
              -80.1387725,
              25.8138796
            ],
            [
              -80.1391071,
              25.8138986
            ]
          ]
        ]
      },
      "properties": {
        "source_id": "osm:way:1493108895",
        "source_name": "OpenStreetMap bounded basemap reconciliation",
        "name": "Unnamed OSM parking candidate",
        "facility_type": "parking",
        "parking_evidence_kind": "parking_area_candidate",
        "access": "",
        "fee": "unknown",
        "operator": "",
        "source_url": "https://www.openstreetmap.org/way/1493108895",
        "api_url": "https://api.openstreetmap.org/api/0.6/map",
        "evidence_url": "https://www.openstreetmap.org/way/1493108895",
        "osm_type": "way",
        "osm_id": 1493108895,
        "existence_status": "candidate",
        "price_status": "unknown",
        "rule_status": "unknown",
        "enrichment_status": "needs_review",
        "needs_enrichment": true,
        "confidence": 0.55,
        "ordinary_parking_status": "unknown_pending_access_rule_check",
        "field_conflict_status": "needs_field_review",
        "confidence_reason": "OSM parking area reconciled from the basemap; public access and rules require verification.",
        "tainted": false,
        "raw_tags": {
          "amenity": "parking"
        },
        "raw_properties": {
          "type": "way",
          "id": 1493108895,
          "tags": {
            "amenity": "parking"
          },
          "relations": [],
          "meta": {
            "timestamp": "2026-03-26T14:48:37Z",
            "version": "1",
            "changeset": "180457697",
            "user": "FlamingoOSM",
            "uid": "2925062"
          }
        }
      }
    },
    {
      "type": "Feature",
      "geometry": {
        "type": "Polygon",
        "coordinates": [
          [
            [
              -80.1393625,
              25.8149449
            ],
            [
              -80.1386772,
              25.8150652
            ],
            [
              -80.1387906,
              25.815917
            ],
            [
              -80.138574,
              25.8159151
            ],
            [
              -80.1387144,
              25.8156833
            ],
            [
              -80.1385748,
              25.8156148
            ],
            [
              -80.1384628,
              25.8158395
            ],
            [
              -80.1380774,
              25.8156429
            ],
            [
              -80.1379883,
              25.8157639
            ],
            [
              -80.1383389,
              25.8160325
            ],
            [
              -80.1386686,
              25.8160743
            ],
            [
              -80.1390738,
              25.8161015
            ],
            [
              -80.1393583,
              25.8160409
            ],
            [
              -80.1395708,
              25.8159677
            ],
            [
              -80.1400468,
              25.8156481
            ],
            [
              -80.1400736,
              25.8155572
            ],
            [
              -80.1394367,
              25.8156184
            ],
            [
              -80.1393625,
              25.8149449
            ]
          ]
        ]
      },
      "properties": {
        "source_id": "osm:way:1493108896",
        "source_name": "OpenStreetMap bounded basemap reconciliation",
        "name": "Unnamed OSM parking candidate",
        "facility_type": "parking",
        "parking_evidence_kind": "parking_area_candidate",
        "access": "",
        "fee": "unknown",
        "operator": "",
        "source_url": "https://www.openstreetmap.org/way/1493108896",
        "api_url": "https://api.openstreetmap.org/api/0.6/map",
        "evidence_url": "https://www.openstreetmap.org/way/1493108896",
        "osm_type": "way",
        "osm_id": 1493108896,
        "existence_status": "candidate",
        "price_status": "unknown",
        "rule_status": "unknown",
        "enrichment_status": "needs_review",
        "needs_enrichment": true,
        "confidence": 0.55,
        "ordinary_parking_status": "unknown_pending_access_rule_check",
        "field_conflict_status": "needs_field_review",
        "confidence_reason": "OSM parking area reconciled from the basemap; public access and rules require verification.",
        "tainted": false,
        "raw_tags": {
          "amenity": "parking"
        },
        "raw_properties": {
          "type": "way",
          "id": 1493108896,
          "tags": {
            "amenity": "parking"
          },
          "relations": [],
          "meta": {
            "timestamp": "2026-03-26T14:48:37Z",
            "version": "1",
            "changeset": "180457697",
            "user": "FlamingoOSM",
            "uid": "2925062"
          }
        }
      }
    },
    {
      "type": "Feature",
      "geometry": {
        "type": "Point",
        "coordinates": [
          -80.1322721,
          25.7965985
        ]
      },
      "properties": {
        "source_id": "osm:node:99357532",
        "source_name": "OpenStreetMap bounded basemap reconciliation",
        "name": "OSM parking evidence",
        "facility_type": "parking_entrance",
        "parking_evidence_kind": "parking_entrance_evidence",
        "access": "",
        "fee": "unknown",
        "operator": "",
        "source_url": "https://www.openstreetmap.org/node/99357532",
        "api_url": "https://api.openstreetmap.org/api/0.6/map",
        "evidence_url": "https://www.openstreetmap.org/node/99357532",
        "osm_type": "node",
        "osm_id": "99357532",
        "existence_status": "candidate",
        "price_status": "unknown",
        "rule_status": "unknown",
        "enrichment_status": "needs_review",
        "needs_enrichment": true,
        "confidence": 0.35,
        "ordinary_parking_status": "not_ordinary_parking_offer",
        "field_conflict_status": "needs_field_review",
        "confidence_reason": "OSM parking-related evidence reconciled from the basemap; this is not a verified ordinary parking offer.",
        "tainted": false,
        "raw_tags": {
          "amenity": "parking_entrance"
        },
        "raw_properties": {
          "type": "node",
          "id": "99357532",
          "tags": {
            "amenity": "parking_entrance"
          },
          "relations": [],
          "meta": {
            "timestamp": "2022-01-10T20:47:08Z",
            "version": "4",
            "changeset": "115997730",
            "user": "David Andron",
            "uid": "10594286"
          }
        }
      }
    },
    {
      "type": "Feature",
      "geometry": {
        "type": "Point",
        "coordinates": [
          -80.1430511,
          25.8118323
        ]
      },
      "properties": {
        "source_id": "osm:node:5445860777",
        "source_name": "OpenStreetMap bounded basemap reconciliation",
        "name": "OSM parking evidence",
        "facility_type": "parking_entrance",
        "parking_evidence_kind": "parking_entrance_evidence",
        "access": "",
        "fee": "unknown",
        "operator": "",
        "source_url": "https://www.openstreetmap.org/node/5445860777",
        "api_url": "https://api.openstreetmap.org/api/0.6/map",
        "evidence_url": "https://www.openstreetmap.org/node/5445860777",
        "osm_type": "node",
        "osm_id": "5445860777",
        "existence_status": "candidate",
        "price_status": "unknown",
        "rule_status": "unknown",
        "enrichment_status": "needs_review",
        "needs_enrichment": true,
        "confidence": 0.35,
        "ordinary_parking_status": "not_ordinary_parking_offer",
        "field_conflict_status": "needs_field_review",
        "confidence_reason": "OSM parking-related evidence reconciled from the basemap; this is not a verified ordinary parking offer.",
        "tainted": false,
        "raw_tags": {
          "amenity": "parking_entrance"
        },
        "raw_properties": {
          "type": "node",
          "id": "5445860777",
          "tags": {
            "amenity": "parking_entrance"
          },
          "relations": [],
          "meta": {
            "timestamp": "2019-11-28T03:36:43Z",
            "version": "3",
            "changeset": "77659778",
            "user": "Rootberg",
            "uid": "7431534"
          }
        }
      }
    },
    {
      "type": "Feature",
      "geometry": {
        "type": "Point",
        "coordinates": [
          -80.1430075,
          25.8118369
        ]
      },
      "properties": {
        "source_id": "osm:node:5445860795",
        "source_name": "OpenStreetMap bounded basemap reconciliation",
        "name": "OSM parking evidence",
        "facility_type": "parking_entrance",
        "parking_evidence_kind": "parking_entrance_evidence",
        "access": "",
        "fee": "unknown",
        "operator": "",
        "source_url": "https://www.openstreetmap.org/node/5445860795",
        "api_url": "https://api.openstreetmap.org/api/0.6/map",
        "evidence_url": "https://www.openstreetmap.org/node/5445860795",
        "osm_type": "node",
        "osm_id": "5445860795",
        "existence_status": "candidate",
        "price_status": "unknown",
        "rule_status": "unknown",
        "enrichment_status": "needs_review",
        "needs_enrichment": true,
        "confidence": 0.35,
        "ordinary_parking_status": "not_ordinary_parking_offer",
        "field_conflict_status": "needs_field_review",
        "confidence_reason": "OSM parking-related evidence reconciled from the basemap; this is not a verified ordinary parking offer.",
        "tainted": false,
        "raw_tags": {
          "amenity": "parking_entrance"
        },
        "raw_properties": {
          "type": "node",
          "id": "5445860795",
          "tags": {
            "amenity": "parking_entrance"
          },
          "relations": [],
          "meta": {
            "timestamp": "2019-11-28T03:36:43Z",
            "version": "3",
            "changeset": "77659778",
            "user": "Rootberg",
            "uid": "7431534"
          }
        }
      }
    },
    {
      "type": "Feature",
      "geometry": {
        "type": "Point",
        "coordinates": [
          -80.1420067,
          25.7922554
        ]
      },
      "properties": {
        "source_id": "osm:node:5600672041",
        "source_name": "OpenStreetMap bounded basemap reconciliation",
        "name": "OSM parking evidence",
        "facility_type": "parking_entrance",
        "parking_evidence_kind": "parking_entrance_evidence",
        "access": "",
        "fee": "unknown",
        "operator": "",
        "source_url": "https://www.openstreetmap.org/node/5600672041",
        "api_url": "https://api.openstreetmap.org/api/0.6/map",
        "evidence_url": "https://www.openstreetmap.org/node/5600672041",
        "osm_type": "node",
        "osm_id": "5600672041",
        "existence_status": "candidate",
        "price_status": "unknown",
        "rule_status": "unknown",
        "enrichment_status": "needs_review",
        "needs_enrichment": true,
        "confidence": 0.35,
        "ordinary_parking_status": "not_ordinary_parking_offer",
        "field_conflict_status": "needs_field_review",
        "confidence_reason": "OSM parking-related evidence reconciled from the basemap; this is not a verified ordinary parking offer.",
        "tainted": false,
        "raw_tags": {
          "amenity": "parking_entrance",
          "level": "0"
        },
        "raw_properties": {
          "type": "node",
          "id": "5600672041",
          "tags": {
            "amenity": "parking_entrance",
            "level": "0"
          },
          "relations": [],
          "meta": {
            "timestamp": "2018-05-06T19:04:44Z",
            "version": "1",
            "changeset": "58738075",
            "user": "lokejul",
            "uid": "2034065"
          }
        }
      }
    },
    {
      "type": "Feature",
      "geometry": {
        "type": "Point",
        "coordinates": [
          -80.1421933,
          25.7921288
        ]
      },
      "properties": {
        "source_id": "osm:node:5600672124",
        "source_name": "OpenStreetMap bounded basemap reconciliation",
        "name": "OSM parking evidence",
        "facility_type": "parking_entrance",
        "parking_evidence_kind": "parking_entrance_evidence",
        "access": "",
        "fee": "unknown",
        "operator": "",
        "source_url": "https://www.openstreetmap.org/node/5600672124",
        "api_url": "https://api.openstreetmap.org/api/0.6/map",
        "evidence_url": "https://www.openstreetmap.org/node/5600672124",
        "osm_type": "node",
        "osm_id": "5600672124",
        "existence_status": "candidate",
        "price_status": "unknown",
        "rule_status": "unknown",
        "enrichment_status": "needs_review",
        "needs_enrichment": true,
        "confidence": 0.35,
        "ordinary_parking_status": "not_ordinary_parking_offer",
        "field_conflict_status": "needs_field_review",
        "confidence_reason": "OSM parking-related evidence reconciled from the basemap; this is not a verified ordinary parking offer.",
        "tainted": false,
        "raw_tags": {
          "amenity": "parking_entrance",
          "level": "0"
        },
        "raw_properties": {
          "type": "node",
          "id": "5600672124",
          "tags": {
            "amenity": "parking_entrance",
            "level": "0"
          },
          "relations": [],
          "meta": {
            "timestamp": "2018-05-06T23:22:14Z",
            "version": "2",
            "changeset": "58742447",
            "user": "lokejul",
            "uid": "2034065"
          }
        }
      }
    },
    {
      "type": "Feature",
      "geometry": {
        "type": "Point",
        "coordinates": [
          -80.142661,
          25.7939036
        ]
      },
      "properties": {
        "source_id": "osm:node:5623495521",
        "source_name": "OpenStreetMap bounded basemap reconciliation",
        "name": "OSM parking evidence",
        "facility_type": "parking_entrance",
        "parking_evidence_kind": "parking_entrance_evidence",
        "access": "",
        "fee": "unknown",
        "operator": "",
        "source_url": "https://www.openstreetmap.org/node/5623495521",
        "api_url": "https://api.openstreetmap.org/api/0.6/map",
        "evidence_url": "https://www.openstreetmap.org/node/5623495521",
        "osm_type": "node",
        "osm_id": "5623495521",
        "existence_status": "candidate",
        "price_status": "unknown",
        "rule_status": "unknown",
        "enrichment_status": "needs_review",
        "needs_enrichment": true,
        "confidence": 0.35,
        "ordinary_parking_status": "not_ordinary_parking_offer",
        "field_conflict_status": "needs_field_review",
        "confidence_reason": "OSM parking-related evidence reconciled from the basemap; this is not a verified ordinary parking offer.",
        "tainted": false,
        "raw_tags": {
          "amenity": "parking_entrance",
          "level": "0"
        },
        "raw_properties": {
          "type": "node",
          "id": "5623495521",
          "tags": {
            "amenity": "parking_entrance",
            "level": "0"
          },
          "relations": [],
          "meta": {
            "timestamp": "2018-05-17T04:17:17Z",
            "version": "1",
            "changeset": "59035627",
            "user": "lokejul",
            "uid": "2034065"
          }
        }
      }
    },
    {
      "type": "Feature",
      "geometry": {
        "type": "Point",
        "coordinates": [
          -80.1363919,
          25.7932352
        ]
      },
      "properties": {
        "source_id": "osm:node:5629495523",
        "source_name": "OpenStreetMap bounded basemap reconciliation",
        "name": "OSM parking evidence",
        "facility_type": "parking_entrance",
        "parking_evidence_kind": "parking_entrance_evidence",
        "access": "no",
        "fee": "unknown",
        "operator": "",
        "source_url": "https://www.openstreetmap.org/node/5629495523",
        "api_url": "https://api.openstreetmap.org/api/0.6/map",
        "evidence_url": "https://www.openstreetmap.org/node/5629495523",
        "osm_type": "node",
        "osm_id": "5629495523",
        "existence_status": "candidate",
        "price_status": "unknown",
        "rule_status": "unknown",
        "enrichment_status": "needs_review",
        "needs_enrichment": true,
        "confidence": 0.35,
        "ordinary_parking_status": "not_ordinary_parking_offer",
        "field_conflict_status": "needs_field_review",
        "confidence_reason": "OSM parking-related evidence reconciled from the basemap; this is not a verified ordinary parking offer.",
        "tainted": false,
        "raw_tags": {
          "access": "no",
          "amenity": "parking_entrance",
          "foot": "yes"
        },
        "raw_properties": {
          "type": "node",
          "id": "5629495523",
          "tags": {
            "access": "no",
            "amenity": "parking_entrance",
            "foot": "yes"
          },
          "relations": [],
          "meta": {
            "timestamp": "2018-05-19T22:00:24Z",
            "version": "1",
            "changeset": "59112236",
            "user": "lokejul",
            "uid": "2034065"
          }
        }
      }
    },
    {
      "type": "Feature",
      "geometry": {
        "type": "Point",
        "coordinates": [
          -80.1430883,
          25.8123417
        ]
      },
      "properties": {
        "source_id": "osm:node:5684019423",
        "source_name": "OpenStreetMap bounded basemap reconciliation",
        "name": "OSM parking evidence",
        "facility_type": "parking_entrance",
        "parking_evidence_kind": "parking_entrance_evidence",
        "access": "",
        "fee": "unknown",
        "operator": "",
        "source_url": "https://www.openstreetmap.org/node/5684019423",
        "api_url": "https://api.openstreetmap.org/api/0.6/map",
        "evidence_url": "https://www.openstreetmap.org/node/5684019423",
        "osm_type": "node",
        "osm_id": "5684019423",
        "existence_status": "candidate",
        "price_status": "unknown",
        "rule_status": "unknown",
        "enrichment_status": "needs_review",
        "needs_enrichment": true,
        "confidence": 0.35,
        "ordinary_parking_status": "not_ordinary_parking_offer",
        "field_conflict_status": "needs_field_review",
        "confidence_reason": "OSM parking-related evidence reconciled from the basemap; this is not a verified ordinary parking offer.",
        "tainted": false,
        "raw_tags": {
          "amenity": "parking_entrance"
        },
        "raw_properties": {
          "type": "node",
          "id": "5684019423",
          "tags": {
            "amenity": "parking_entrance"
          },
          "relations": [],
          "meta": {
            "timestamp": "2019-11-28T03:36:43Z",
            "version": "2",
            "changeset": "77659778",
            "user": "Rootberg",
            "uid": "7431534"
          }
        }
      }
    },
    {
      "type": "Feature",
      "geometry": {
        "type": "Point",
        "coordinates": [
          -80.140497,
          25.8147297
        ]
      },
      "properties": {
        "source_id": "osm:node:10928080853",
        "source_name": "OpenStreetMap bounded basemap reconciliation",
        "name": "OSM parking evidence",
        "facility_type": "parking_entrance",
        "parking_evidence_kind": "parking_entrance_evidence",
        "access": "",
        "fee": "unknown",
        "operator": "",
        "source_url": "https://www.openstreetmap.org/node/10928080853",
        "api_url": "https://api.openstreetmap.org/api/0.6/map",
        "evidence_url": "https://www.openstreetmap.org/node/10928080853",
        "osm_type": "node",
        "osm_id": "10928080853",
        "existence_status": "candidate",
        "price_status": "unknown",
        "rule_status": "unknown",
        "enrichment_status": "needs_review",
        "needs_enrichment": true,
        "confidence": 0.35,
        "ordinary_parking_status": "not_ordinary_parking_offer",
        "field_conflict_status": "needs_field_review",
        "confidence_reason": "OSM parking-related evidence reconciled from the basemap; this is not a verified ordinary parking offer.",
        "tainted": false,
        "raw_tags": {
          "amenity": "parking_entrance"
        },
        "raw_properties": {
          "type": "node",
          "id": "10928080853",
          "tags": {
            "amenity": "parking_entrance"
          },
          "relations": [],
          "meta": {
            "timestamp": "2023-05-26T07:43:46Z",
            "version": "1",
            "changeset": "136572866",
            "user": "smikhnouski_lyft",
            "uid": "12195445"
          }
        }
      }
    },
    {
      "type": "Feature",
      "geometry": {
        "type": "Point",
        "coordinates": [
          -80.1406411,
          25.8147179
        ]
      },
      "properties": {
        "source_id": "osm:node:10928080855",
        "source_name": "OpenStreetMap bounded basemap reconciliation",
        "name": "OSM parking evidence",
        "facility_type": "parking_entrance",
        "parking_evidence_kind": "parking_entrance_evidence",
        "access": "",
        "fee": "unknown",
        "operator": "",
        "source_url": "https://www.openstreetmap.org/node/10928080855",
        "api_url": "https://api.openstreetmap.org/api/0.6/map",
        "evidence_url": "https://www.openstreetmap.org/node/10928080855",
        "osm_type": "node",
        "osm_id": "10928080855",
        "existence_status": "candidate",
        "price_status": "unknown",
        "rule_status": "unknown",
        "enrichment_status": "needs_review",
        "needs_enrichment": true,
        "confidence": 0.35,
        "ordinary_parking_status": "not_ordinary_parking_offer",
        "field_conflict_status": "needs_field_review",
        "confidence_reason": "OSM parking-related evidence reconciled from the basemap; this is not a verified ordinary parking offer.",
        "tainted": false,
        "raw_tags": {
          "amenity": "parking_entrance"
        },
        "raw_properties": {
          "type": "node",
          "id": "10928080855",
          "tags": {
            "amenity": "parking_entrance"
          },
          "relations": [],
          "meta": {
            "timestamp": "2023-05-26T07:43:46Z",
            "version": "1",
            "changeset": "136572866",
            "user": "smikhnouski_lyft",
            "uid": "12195445"
          }
        }
      }
    },
    {
      "type": "Feature",
      "geometry": {
        "type": "Point",
        "coordinates": [
          -80.1414616,
          25.7926703
        ]
      },
      "properties": {
        "source_id": "osm:node:12272464957",
        "source_name": "OpenStreetMap bounded basemap reconciliation",
        "name": "OSM parking evidence",
        "facility_type": "parking_entrance",
        "parking_evidence_kind": "parking_entrance_evidence",
        "access": "",
        "fee": "unknown",
        "operator": "",
        "source_url": "https://www.openstreetmap.org/node/12272464957",
        "api_url": "https://api.openstreetmap.org/api/0.6/map",
        "evidence_url": "https://www.openstreetmap.org/node/12272464957",
        "osm_type": "node",
        "osm_id": "12272464957",
        "existence_status": "candidate",
        "price_status": "unknown",
        "rule_status": "unknown",
        "enrichment_status": "needs_review",
        "needs_enrichment": true,
        "confidence": 0.35,
        "ordinary_parking_status": "not_ordinary_parking_offer",
        "field_conflict_status": "needs_field_review",
        "confidence_reason": "OSM parking-related evidence reconciled from the basemap; this is not a verified ordinary parking offer.",
        "tainted": false,
        "raw_tags": {
          "amenity": "parking_entrance"
        },
        "raw_properties": {
          "type": "node",
          "id": "12272464957",
          "tags": {
            "amenity": "parking_entrance"
          },
          "relations": [],
          "meta": {
            "timestamp": "2024-10-21T02:59:07Z",
            "version": "1",
            "changeset": "158151172",
            "user": "grawat_Lyft",
            "uid": "18783549"
          }
        }
      }
    },
    {
      "type": "Feature",
      "geometry": {
        "type": "Point",
        "coordinates": [
          -80.1362332,
          25.8112618
        ]
      },
      "properties": {
        "source_id": "osm:node:13524617431",
        "source_name": "OpenStreetMap bounded basemap reconciliation",
        "name": "OSM parking evidence",
        "facility_type": "parking_entrance",
        "parking_evidence_kind": "parking_entrance_evidence",
        "access": "",
        "fee": "unknown",
        "operator": "",
        "source_url": "https://www.openstreetmap.org/node/13524617431",
        "api_url": "https://api.openstreetmap.org/api/0.6/map",
        "evidence_url": "https://www.openstreetmap.org/node/13524617431",
        "osm_type": "node",
        "osm_id": "13524617431",
        "existence_status": "candidate",
        "price_status": "unknown",
        "rule_status": "unknown",
        "enrichment_status": "needs_review",
        "needs_enrichment": true,
        "confidence": 0.35,
        "ordinary_parking_status": "not_ordinary_parking_offer",
        "field_conflict_status": "needs_field_review",
        "confidence_reason": "OSM parking-related evidence reconciled from the basemap; this is not a verified ordinary parking offer.",
        "tainted": false,
        "raw_tags": {
          "amenity": "parking_entrance"
        },
        "raw_properties": {
          "type": "node",
          "id": "13524617431",
          "tags": {
            "amenity": "parking_entrance"
          },
          "relations": [],
          "meta": {
            "timestamp": "2026-02-04T17:06:31Z",
            "version": "1",
            "changeset": "178103917",
            "user": "sanjanasharma_lyft",
            "uid": "21668461"
          }
        }
      }
    },
    {
      "type": "Feature",
      "geometry": {
        "type": "Point",
        "coordinates": [
          -80.1361929,
          25.8114731
        ]
      },
      "properties": {
        "source_id": "osm:node:13524617432",
        "source_name": "OpenStreetMap bounded basemap reconciliation",
        "name": "OSM parking evidence",
        "facility_type": "parking_entrance",
        "parking_evidence_kind": "parking_entrance_evidence",
        "access": "",
        "fee": "unknown",
        "operator": "",
        "source_url": "https://www.openstreetmap.org/node/13524617432",
        "api_url": "https://api.openstreetmap.org/api/0.6/map",
        "evidence_url": "https://www.openstreetmap.org/node/13524617432",
        "osm_type": "node",
        "osm_id": "13524617432",
        "existence_status": "candidate",
        "price_status": "unknown",
        "rule_status": "unknown",
        "enrichment_status": "needs_review",
        "needs_enrichment": true,
        "confidence": 0.35,
        "ordinary_parking_status": "not_ordinary_parking_offer",
        "field_conflict_status": "needs_field_review",
        "confidence_reason": "OSM parking-related evidence reconciled from the basemap; this is not a verified ordinary parking offer.",
        "tainted": false,
        "raw_tags": {
          "amenity": "parking_entrance"
        },
        "raw_properties": {
          "type": "node",
          "id": "13524617432",
          "tags": {
            "amenity": "parking_entrance"
          },
          "relations": [],
          "meta": {
            "timestamp": "2026-02-04T17:06:31Z",
            "version": "1",
            "changeset": "178103917",
            "user": "sanjanasharma_lyft",
            "uid": "21668461"
          }
        }
      }
    },
    {
      "type": "Feature",
      "geometry": {
        "type": "Point",
        "coordinates": [
          -80.1416077,
          25.8112449
        ]
      },
      "properties": {
        "source_id": "osm:node:13682001120",
        "source_name": "OpenStreetMap bounded basemap reconciliation",
        "name": "Unnamed OSM parking candidate",
        "facility_type": "parking",
        "parking_evidence_kind": "parking_area_candidate",
        "access": "",
        "fee": "unknown",
        "operator": "",
        "source_url": "https://www.openstreetmap.org/node/13682001120",
        "api_url": "https://api.openstreetmap.org/api/0.6/map",
        "evidence_url": "https://www.openstreetmap.org/node/13682001120",
        "osm_type": "node",
        "osm_id": "13682001120",
        "existence_status": "candidate",
        "price_status": "unknown",
        "rule_status": "unknown",
        "enrichment_status": "needs_review",
        "needs_enrichment": true,
        "confidence": 0.55,
        "ordinary_parking_status": "unknown_pending_access_rule_check",
        "field_conflict_status": "needs_field_review",
        "confidence_reason": "OSM parking area reconciled from the basemap; public access and rules require verification.",
        "tainted": false,
        "raw_tags": {
          "amenity": "parking"
        },
        "raw_properties": {
          "type": "node",
          "id": "13682001120",
          "tags": {
            "amenity": "parking"
          },
          "relations": [],
          "meta": {
            "timestamp": "2026-03-26T14:48:37Z",
            "version": "1",
            "changeset": "180457697",
            "user": "FlamingoOSM",
            "uid": "2925062"
          }
        }
      }
    },
    {
      "type": "Feature",
      "geometry": {
        "type": "Polygon",
        "coordinates": [
          [
            [
              -80.1302786,
              25.814956
            ],
            [
              -80.1303183,
              25.8143941
            ],
            [
              -80.1292754,
              25.8142749
            ],
            [
              -80.1291974,
              25.8147971
            ],
            [
              -80.1302786,
              25.814956
            ]
          ]
        ]
      },
      "properties": {
        "source_id": "osm:way:319436119",
        "source_name": "OpenStreetMap bounded basemap reconciliation",
        "name": "Miami Beach Parking Lot (P63)",
        "facility_type": "surface",
        "parking_evidence_kind": "parking_area_candidate",
        "access": "yes",
        "fee": "yes",
        "operator": "Free from 5:00pm - 8:00am",
        "source_url": "https://www.openstreetmap.org/way/319436119",
        "api_url": "https://api.openstreetmap.org/api/0.6/map",
        "evidence_url": "https://www.openstreetmap.org/way/319436119",
        "osm_type": "way",
        "osm_id": 319436119,
        "existence_status": "candidate",
        "price_status": "unknown",
        "rule_status": "unknown",
        "enrichment_status": "needs_review",
        "needs_enrichment": true,
        "confidence": 0.55,
        "ordinary_parking_status": "unknown_pending_access_rule_check",
        "field_conflict_status": "needs_field_review",
        "confidence_reason": "OSM parking area reconciled from the basemap; public access and rules require verification.",
        "tainted": false,
        "raw_tags": {
          "access": "yes",
          "amenity": "parking",
          "fee": "yes",
          "name": "Miami Beach Parking Lot (P63)",
          "operator": "Free from 5:00pm - 8:00am",
          "parking": "surface"
        },
        "raw_properties": {
          "type": "way",
          "id": 319436119,
          "tags": {
            "access": "yes",
            "amenity": "parking",
            "fee": "yes",
            "name": "Miami Beach Parking Lot (P63)",
            "operator": "Free from 5:00pm - 8:00am",
            "parking": "surface"
          },
          "relations": [],
          "meta": {
            "timestamp": "2024-11-11T21:53:11Z",
            "version": "4",
            "changeset": "159028113",
            "user": "FlamingoOSM",
            "uid": "2925062"
          }
        }
      }
    },
    {
      "type": "Feature",
      "geometry": {
        "type": "Polygon",
        "coordinates": [
          [
            [
              -80.128869,
              25.8147536
            ],
            [
              -80.1289343,
              25.8143958
            ],
            [
              -80.1282502,
              25.8143069
            ],
            [
              -80.1282423,
              25.814362
            ],
            [
              -80.127657,
              25.8142926
            ],
            [
              -80.1276175,
              25.8145685
            ],
            [
              -80.128869,
              25.8147536
            ]
          ]
        ]
      },
      "properties": {
        "source_id": "osm:way:319437953",
        "source_name": "OpenStreetMap bounded basemap reconciliation",
        "name": "Miami Beach Parking Garage (G6)",
        "facility_type": "multi-storey",
        "parking_evidence_kind": "parking_area_candidate",
        "access": "yes",
        "fee": "yes",
        "operator": "",
        "source_url": "https://www.openstreetmap.org/way/319437953",
        "api_url": "https://api.openstreetmap.org/api/0.6/map",
        "evidence_url": "https://www.openstreetmap.org/way/319437953",
        "osm_type": "way",
        "osm_id": 319437953,
        "existence_status": "candidate",
        "price_status": "unknown",
        "rule_status": "unknown",
        "enrichment_status": "needs_review",
        "needs_enrichment": true,
        "confidence": 0.55,
        "ordinary_parking_status": "unknown_pending_access_rule_check",
        "field_conflict_status": "needs_field_review",
        "confidence_reason": "OSM parking area reconciled from the basemap; public access and rules require verification.",
        "tainted": false,
        "raw_tags": {
          "access": "yes",
          "amenity": "parking",
          "building": "garage",
          "charge": "8 USD/24 hours",
          "covered": "yes",
          "fee": "yes",
          "name": "Miami Beach Parking Garage (G6)",
          "parking": "multi-storey"
        },
        "raw_properties": {
          "type": "way",
          "id": 319437953,
          "tags": {
            "access": "yes",
            "amenity": "parking",
            "building": "garage",
            "charge": "8 USD/24 hours",
            "covered": "yes",
            "fee": "yes",
            "name": "Miami Beach Parking Garage (G6)",
            "parking": "multi-storey"
          },
          "relations": [],
          "meta": {
            "timestamp": "2025-01-08T04:41:04Z",
            "version": "4",
            "changeset": "161119138",
            "user": "FlamingoOSM",
            "uid": "2925062"
          }
        }
      }
    },
    {
      "type": "Feature",
      "geometry": {
        "type": "Polygon",
        "coordinates": [
          [
            [
              -80.1311725,
              25.815301
            ],
            [
              -80.1311844,
              25.8152582
            ],
            [
              -80.1312259,
              25.8152618
            ],
            [
              -80.1312338,
              25.8152173
            ],
            [
              -80.1312832,
              25.8152351
            ],
            [
              -80.1314434,
              25.81484
            ],
            [
              -80.1314908,
              25.8147189
            ],
            [
              -80.1312832,
              25.8146745
            ],
            [
              -80.1311705,
              25.8147599
            ],
            [
              -80.1311053,
              25.814735
            ],
            [
              -80.1309629,
              25.8150625
            ],
            [
              -80.1310124,
              25.8150838
            ],
            [
              -80.1309689,
              25.8152422
            ],
            [
              -80.1311725,
              25.815301
            ]
          ]
        ]
      },
      "properties": {
        "source_id": "osm:way:319440742",
        "source_name": "OpenStreetMap bounded basemap reconciliation",
        "name": "Unnamed OSM parking candidate",
        "facility_type": "surface",
        "parking_evidence_kind": "parking_area_candidate",
        "access": "",
        "fee": "unknown",
        "operator": "",
        "source_url": "https://www.openstreetmap.org/way/319440742",
        "api_url": "https://api.openstreetmap.org/api/0.6/map",
        "evidence_url": "https://www.openstreetmap.org/way/319440742",
        "osm_type": "way",
        "osm_id": 319440742,
        "existence_status": "candidate",
        "price_status": "unknown",
        "rule_status": "unknown",
        "enrichment_status": "needs_review",
        "needs_enrichment": true,
        "confidence": 0.55,
        "ordinary_parking_status": "unknown_pending_access_rule_check",
        "field_conflict_status": "needs_field_review",
        "confidence_reason": "OSM parking area reconciled from the basemap; public access and rules require verification.",
        "tainted": false,
        "raw_tags": {
          "amenity": "parking",
          "parking": "surface"
        },
        "raw_properties": {
          "type": "way",
          "id": 319440742,
          "tags": {
            "amenity": "parking",
            "parking": "surface"
          },
          "relations": [],
          "meta": {
            "timestamp": "2018-06-08T05:32:03Z",
            "version": "2",
            "changeset": "59655619",
            "user": "thetornado76",
            "uid": "1624486"
          }
        }
      }
    },
    {
      "type": "Feature",
      "geometry": {
        "type": "Polygon",
        "coordinates": [
          [
            [
              -80.1314908,
              25.8146673
            ],
            [
              -80.1315185,
              25.8145944
            ],
            [
              -80.1314552,
              25.814573
            ],
            [
              -80.1314691,
              25.814541
            ],
            [
              -80.1315343,
              25.8145516
            ],
            [
              -80.1315422,
              25.8144769
            ],
            [
              -80.1313781,
              25.814452
            ],
            [
              -80.1313584,
              25.8145
            ],
            [
              -80.1312674,
              25.814605
            ],
            [
              -80.1314908,
              25.8146673
            ]
          ]
        ]
      },
      "properties": {
        "source_id": "osm:way:319440752",
        "source_name": "OpenStreetMap bounded basemap reconciliation",
        "name": "Unnamed OSM parking candidate",
        "facility_type": "surface",
        "parking_evidence_kind": "parking_area_candidate",
        "access": "",
        "fee": "unknown",
        "operator": "",
        "source_url": "https://www.openstreetmap.org/way/319440752",
        "api_url": "https://api.openstreetmap.org/api/0.6/map",
        "evidence_url": "https://www.openstreetmap.org/way/319440752",
        "osm_type": "way",
        "osm_id": 319440752,
        "existence_status": "candidate",
        "price_status": "unknown",
        "rule_status": "unknown",
        "enrichment_status": "needs_review",
        "needs_enrichment": true,
        "confidence": 0.55,
        "ordinary_parking_status": "unknown_pending_access_rule_check",
        "field_conflict_status": "needs_field_review",
        "confidence_reason": "OSM parking area reconciled from the basemap; public access and rules require verification.",
        "tainted": false,
        "raw_tags": {
          "amenity": "parking",
          "parking": "surface"
        },
        "raw_properties": {
          "type": "way",
          "id": 319440752,
          "tags": {
            "amenity": "parking",
            "parking": "surface"
          },
          "relations": [],
          "meta": {
            "timestamp": "2018-06-08T05:32:03Z",
            "version": "2",
            "changeset": "59655619",
            "user": "thetornado76",
            "uid": "1624486"
          }
        }
      }
    },
    {
      "type": "Feature",
      "geometry": {
        "type": "Polygon",
        "coordinates": [
          [
            [
              -80.1323233,
              25.8134108
            ],
            [
              -80.132347,
              25.8128127
            ],
            [
              -80.1318587,
              25.8127825
            ],
            [
              -80.1318745,
              25.813352
            ],
            [
              -80.1317796,
              25.8133449
            ],
            [
              -80.1317796,
              25.8134303
            ],
            [
              -80.1322739,
              25.8134481
            ],
            [
              -80.1322719,
              25.8134072
            ],
            [
              -80.1323233,
              25.8134108
            ]
          ]
        ]
      },
      "properties": {
        "source_id": "osm:way:319444024",
        "source_name": "OpenStreetMap bounded basemap reconciliation",
        "name": "Miami Beach Parking Lot (P60)",
        "facility_type": "surface",
        "parking_evidence_kind": "parking_area_candidate",
        "access": "yes",
        "fee": "yes",
        "operator": "",
        "source_url": "https://www.openstreetmap.org/way/319444024",
        "api_url": "https://api.openstreetmap.org/api/0.6/map",
        "evidence_url": "https://www.openstreetmap.org/way/319444024",
        "osm_type": "way",
        "osm_id": 319444024,
        "existence_status": "candidate",
        "price_status": "unknown",
        "rule_status": "unknown",
        "enrichment_status": "needs_review",
        "needs_enrichment": true,
        "confidence": 0.55,
        "ordinary_parking_status": "unknown_pending_access_rule_check",
        "field_conflict_status": "needs_field_review",
        "confidence_reason": "OSM parking area reconciled from the basemap; public access and rules require verification.",
        "tainted": false,
        "raw_tags": {
          "access": "yes",
          "amenity": "parking",
          "fee": "yes",
          "name": "Miami Beach Parking Lot (P60)",
          "parking": "surface"
        },
        "raw_properties": {
          "type": "way",
          "id": 319444024,
          "tags": {
            "access": "yes",
            "amenity": "parking",
            "fee": "yes",
            "name": "Miami Beach Parking Lot (P60)",
            "parking": "surface"
          },
          "relations": [],
          "meta": {
            "timestamp": "2024-11-11T16:07:18Z",
            "version": "3",
            "changeset": "159015402",
            "user": "FlamingoOSM",
            "uid": "2925062"
          }
        }
      }
    },
    {
      "type": "Feature",
      "geometry": {
        "type": "Polygon",
        "coordinates": [
          [
            [
              -80.1288543,
              25.8006565
            ],
            [
              -80.1288069,
              25.8006497
            ],
            [
              -80.1285366,
              25.8006108
            ],
            [
              -80.1284935,
              25.8008536
            ],
            [
              -80.1288112,
              25.8008993
            ],
            [
              -80.1288543,
              25.8006565
            ]
          ]
        ]
      },
      "properties": {
        "source_id": "osm:way:321579398",
        "source_name": "OpenStreetMap bounded basemap reconciliation",
        "name": "Unnamed OSM parking candidate",
        "facility_type": "surface",
        "parking_evidence_kind": "parking_area_candidate",
        "access": "",
        "fee": "unknown",
        "operator": "",
        "source_url": "https://www.openstreetmap.org/way/321579398",
        "api_url": "https://api.openstreetmap.org/api/0.6/map",
        "evidence_url": "https://www.openstreetmap.org/way/321579398",
        "osm_type": "way",
        "osm_id": 321579398,
        "existence_status": "candidate",
        "price_status": "unknown",
        "rule_status": "unknown",
        "enrichment_status": "needs_review",
        "needs_enrichment": true,
        "confidence": 0.55,
        "ordinary_parking_status": "unknown_pending_access_rule_check",
        "field_conflict_status": "needs_field_review",
        "confidence_reason": "OSM parking area reconciled from the basemap; public access and rules require verification.",
        "tainted": false,
        "raw_tags": {
          "amenity": "parking",
          "parking": "surface"
        },
        "raw_properties": {
          "type": "way",
          "id": 321579398,
          "tags": {
            "amenity": "parking",
            "parking": "surface"
          },
          "relations": [],
          "meta": {
            "timestamp": "2022-02-09T20:45:40Z",
            "version": "2",
            "changeset": "117218645",
            "user": "MapMapper_",
            "uid": "12958636"
          }
        }
      }
    },
    {
      "type": "Feature",
      "geometry": {
        "type": "Polygon",
        "coordinates": [
          [
            [
              -80.127448,
              25.8007238
            ],
            [
              -80.1274035,
              25.8008033
            ],
            [
              -80.1273626,
              25.8008765
            ],
            [
              -80.1273757,
              25.8008819
            ],
            [
              -80.1273814,
              25.8008863
            ],
            [
              -80.1273853,
              25.8008929
            ],
            [
              -80.1273863,
              25.8008999
            ],
            [
              -80.1273816,
              25.8009105
            ],
            [
              -80.1276432,
              25.801008
            ],
            [
              -80.1276554,
              25.800984
            ],
            [
              -80.1277156,
              25.8008437
            ],
            [
              -80.127448,
              25.8007238
            ]
          ]
        ]
      },
      "properties": {
        "source_id": "osm:way:321579920",
        "source_name": "OpenStreetMap bounded basemap reconciliation",
        "name": "Unnamed OSM parking candidate",
        "facility_type": "surface",
        "parking_evidence_kind": "parking_area_candidate",
        "access": "",
        "fee": "unknown",
        "operator": "",
        "source_url": "https://www.openstreetmap.org/way/321579920",
        "api_url": "https://api.openstreetmap.org/api/0.6/map",
        "evidence_url": "https://www.openstreetmap.org/way/321579920",
        "osm_type": "way",
        "osm_id": 321579920,
        "existence_status": "candidate",
        "price_status": "unknown",
        "rule_status": "unknown",
        "enrichment_status": "needs_review",
        "needs_enrichment": true,
        "confidence": 0.55,
        "ordinary_parking_status": "unknown_pending_access_rule_check",
        "field_conflict_status": "needs_field_review",
        "confidence_reason": "OSM parking area reconciled from the basemap; public access and rules require verification.",
        "tainted": false,
        "raw_tags": {
          "amenity": "parking",
          "parking": "surface"
        },
        "raw_properties": {
          "type": "way",
          "id": 321579920,
          "tags": {
            "amenity": "parking",
            "parking": "surface"
          },
          "relations": [],
          "meta": {
            "timestamp": "2016-07-23T07:02:16Z",
            "version": "2",
            "changeset": "40965272",
            "user": "dufekin",
            "uid": "30521"
          }
        }
      }
    },
    {
      "type": "Feature",
      "geometry": {
        "type": "Polygon",
        "coordinates": [
          [
            [
              -80.1291918,
              25.8133533
            ],
            [
              -80.1292278,
              25.8130212
            ],
            [
              -80.1291399,
              25.8130149
            ],
            [
              -80.1289386,
              25.8129954
            ],
            [
              -80.1288397,
              25.812987
            ],
            [
              -80.1288036,
              25.8133191
            ],
            [
              -80.1288995,
              25.8133262
            ],
            [
              -80.129098,
              25.8133443
            ],
            [
              -80.1291918,
              25.8133533
            ]
          ]
        ]
      },
      "properties": {
        "source_id": "osm:way:397475005",
        "source_name": "OpenStreetMap bounded basemap reconciliation",
        "name": "Miami Beach Parking Lot (P58)",
        "facility_type": "surface",
        "parking_evidence_kind": "parking_area_candidate",
        "access": "yes",
        "fee": "yes",
        "operator": "",
        "source_url": "https://www.openstreetmap.org/way/397475005",
        "api_url": "https://api.openstreetmap.org/api/0.6/map",
        "evidence_url": "https://www.openstreetmap.org/way/397475005",
        "osm_type": "way",
        "osm_id": 397475005,
        "existence_status": "candidate",
        "price_status": "unknown",
        "rule_status": "unknown",
        "enrichment_status": "needs_review",
        "needs_enrichment": true,
        "confidence": 0.55,
        "ordinary_parking_status": "unknown_pending_access_rule_check",
        "field_conflict_status": "needs_field_review",
        "confidence_reason": "OSM parking area reconciled from the basemap; public access and rules require verification.",
        "tainted": false,
        "raw_tags": {
          "access": "yes",
          "amenity": "parking",
          "fee": "yes",
          "name": "Miami Beach Parking Lot (P58)",
          "parking": "surface",
          "surface": "asphalt"
        },
        "raw_properties": {
          "type": "way",
          "id": 397475005,
          "tags": {
            "access": "yes",
            "amenity": "parking",
            "fee": "yes",
            "name": "Miami Beach Parking Lot (P58)",
            "parking": "surface",
            "surface": "asphalt"
          },
          "relations": [],
          "meta": {
            "timestamp": "2024-11-11T21:51:11Z",
            "version": "3",
            "changeset": "159028064",
            "user": "FlamingoOSM",
            "uid": "2925062"
          }
        }
      }
    },
    {
      "type": "Feature",
      "geometry": {
        "type": "Polygon",
        "coordinates": [
          [
            [
              -80.127571,
              25.7964988
            ],
            [
              -80.1284284,
              25.7967918
            ],
            [
              -80.1284851,
              25.7966998
            ],
            [
              -80.1285419,
              25.7966305
            ],
            [
              -80.1285706,
              25.7965815
            ],
            [
              -80.128571,
              25.7965364
            ],
            [
              -80.1285566,
              25.7964913
            ],
            [
              -80.1285859,
              25.7964247
            ],
            [
              -80.1277162,
              25.7961424
            ],
            [
              -80.1276706,
              25.7962517
            ],
            [
              -80.1276477,
              25.7962701
            ],
            [
              -80.1276262,
              25.7962737
            ],
            [
              -80.1276115,
              25.7962685
            ],
            [
              -80.1275818,
              25.7963454
            ],
            [
              -80.1275953,
              25.7963512
            ],
            [
              -80.1276068,
              25.7963614
            ],
            [
              -80.1276142,
              25.7963847
            ],
            [
              -80.127571,
              25.7964988
            ]
          ]
        ]
      },
      "properties": {
        "source_id": "osm:way:432544379",
        "source_name": "OpenStreetMap bounded basemap reconciliation",
        "name": "Miami Beach Parking Lot",
        "facility_type": "surface",
        "parking_evidence_kind": "parking_area_candidate",
        "access": "yes",
        "fee": "yes",
        "operator": "",
        "source_url": "https://www.openstreetmap.org/way/432544379",
        "api_url": "https://api.openstreetmap.org/api/0.6/map",
        "evidence_url": "https://www.openstreetmap.org/way/432544379",
        "osm_type": "way",
        "osm_id": 432544379,
        "existence_status": "candidate",
        "price_status": "unknown",
        "rule_status": "unknown",
        "enrichment_status": "needs_review",
        "needs_enrichment": true,
        "confidence": 0.55,
        "ordinary_parking_status": "unknown_pending_access_rule_check",
        "field_conflict_status": "needs_field_review",
        "confidence_reason": "OSM parking area reconciled from the basemap; public access and rules require verification.",
        "tainted": false,
        "raw_tags": {
          "access": "yes",
          "amenity": "parking",
          "covered": "no",
          "fee": "yes",
          "name": "Miami Beach Parking Lot",
          "parking": "surface",
          "surface": "asphalt",
          "wheelchair": "yes"
        },
        "raw_properties": {
          "type": "way",
          "id": 432544379,
          "tags": {
            "access": "yes",
            "amenity": "parking",
            "covered": "no",
            "fee": "yes",
            "name": "Miami Beach Parking Lot",
            "parking": "surface",
            "surface": "asphalt",
            "wheelchair": "yes"
          },
          "relations": [],
          "meta": {
            "timestamp": "2024-11-11T16:20:10Z",
            "version": "6",
            "changeset": "159015857",
            "user": "FlamingoOSM",
            "uid": "2925062"
          }
        }
      }
    },
    {
      "type": "Feature",
      "geometry": {
        "type": "Polygon",
        "coordinates": [
          [
            [
              -80.1233926,
              25.809544
            ],
            [
              -80.1234579,
              25.809129
            ],
            [
              -80.1228519,
              25.8090517
            ],
            [
              -80.1227866,
              25.8094667
            ],
            [
              -80.1233926,
              25.809544
            ]
          ]
        ]
      },
      "properties": {
        "source_id": "osm:way:441800731",
        "source_name": "OpenStreetMap bounded basemap reconciliation",
        "name": "Miami Beach Parking Lot",
        "facility_type": "surface",
        "parking_evidence_kind": "parking_area_candidate",
        "access": "yes",
        "fee": "yes",
        "operator": "",
        "source_url": "https://www.openstreetmap.org/way/441800731",
        "api_url": "https://api.openstreetmap.org/api/0.6/map",
        "evidence_url": "https://www.openstreetmap.org/way/441800731",
        "osm_type": "way",
        "osm_id": 441800731,
        "existence_status": "candidate",
        "price_status": "unknown",
        "rule_status": "unknown",
        "enrichment_status": "needs_review",
        "needs_enrichment": true,
        "confidence": 0.55,
        "ordinary_parking_status": "unknown_pending_access_rule_check",
        "field_conflict_status": "needs_field_review",
        "confidence_reason": "OSM parking area reconciled from the basemap; public access and rules require verification.",
        "tainted": false,
        "raw_tags": {
          "access": "yes",
          "amenity": "parking",
          "covered": "no",
          "fee": "yes",
          "name": "Miami Beach Parking Lot",
          "parking": "surface",
          "surface": "asphalt",
          "wheelchair": "yes"
        },
        "raw_properties": {
          "type": "way",
          "id": 441800731,
          "tags": {
            "access": "yes",
            "amenity": "parking",
            "covered": "no",
            "fee": "yes",
            "name": "Miami Beach Parking Lot",
            "parking": "surface",
            "surface": "asphalt",
            "wheelchair": "yes"
          },
          "relations": [],
          "meta": {
            "timestamp": "2024-11-11T21:44:34Z",
            "version": "5",
            "changeset": "159027867",
            "user": "FlamingoOSM",
            "uid": "2925062"
          }
        }
      }
    },
    {
      "type": "Feature",
      "geometry": {
        "type": "Polygon",
        "coordinates": [
          [
            [
              -80.1228249,
              25.8153044
            ],
            [
              -80.1233171,
              25.8153652
            ],
            [
              -80.1233149,
              25.8153799
            ],
            [
              -80.1233596,
              25.8153854
            ],
            [
              -80.1233753,
              25.8152824
            ],
            [
              -80.1233281,
              25.8152766
            ],
            [
              -80.1234197,
              25.8146756
            ],
            [
              -80.12293,
              25.8146151
            ],
            [
              -80.1228249,
              25.8153044
            ]
          ]
        ]
      },
      "properties": {
        "source_id": "osm:way:441800753",
        "source_name": "OpenStreetMap bounded basemap reconciliation",
        "name": "Unnamed OSM parking candidate",
        "facility_type": "multi-storey",
        "parking_evidence_kind": "parking_area_candidate",
        "access": "",
        "fee": "unknown",
        "operator": "",
        "source_url": "https://www.openstreetmap.org/way/441800753",
        "api_url": "https://api.openstreetmap.org/api/0.6/map",
        "evidence_url": "https://www.openstreetmap.org/way/441800753",
        "osm_type": "way",
        "osm_id": 441800753,
        "existence_status": "candidate",
        "price_status": "unknown",
        "rule_status": "unknown",
        "enrichment_status": "needs_review",
        "needs_enrichment": true,
        "confidence": 0.55,
        "ordinary_parking_status": "unknown_pending_access_rule_check",
        "field_conflict_status": "needs_field_review",
        "confidence_reason": "OSM parking area reconciled from the basemap; public access and rules require verification.",
        "tainted": false,
        "raw_tags": {
          "amenity": "parking",
          "building": "yes",
          "parking": "multi-storey"
        },
        "raw_properties": {
          "type": "way",
          "id": 441800753,
          "tags": {
            "amenity": "parking",
            "building": "yes",
            "parking": "multi-storey"
          },
          "relations": [],
          "meta": {
            "timestamp": "2016-09-10T17:12:47Z",
            "version": "1",
            "changeset": "42063147",
            "user": "cowdog",
            "uid": "3125856"
          }
        }
      }
    },
    {
      "type": "Feature",
      "geometry": {
        "type": "Polygon",
        "coordinates": [
          [
            [
              -80.1303525,
              25.7974588
            ],
            [
              -80.1303718,
              25.797404
            ],
            [
              -80.1303748,
              25.7973527
            ],
            [
              -80.1303587,
              25.7973402
            ],
            [
              -80.1303687,
              25.7973083
            ],
            [
              -80.130391,
              25.7972355
            ],
            [
              -80.1304873,
              25.7972099
            ],
            [
              -80.1305227,
              25.7972036
            ],
            [
              -80.1305728,
              25.7972126
            ],
            [
              -80.1305905,
              25.7971682
            ],
            [
              -80.1305728,
              25.7971682
            ],
            [
              -80.1305548,
              25.7971647
            ],
            [
              -80.1305374,
              25.7971613
            ],
            [
              -80.1305127,
              25.7971391
            ],
            [
              -80.1305042,
              25.7971079
            ],
            [
              -80.1305027,
              25.7970836
            ],
            [
              -80.1304164,
              25.7970802
            ],
            [
              -80.1303603,
              25.7970969
            ],
            [
              -80.1303325,
              25.7971051
            ],
            [
              -80.1302601,
              25.7971391
            ],
            [
              -80.1302685,
              25.7971904
            ],
            [
              -80.1302701,
              25.7972258
            ],
            [
              -80.1302277,
              25.7972702
            ],
            [
              -80.1301776,
              25.7974054
            ],
            [
              -80.1303525,
              25.7974588
            ]
          ]
        ]
      },
      "properties": {
        "source_id": "osm:way:501792515",
        "source_name": "OpenStreetMap bounded basemap reconciliation",
        "name": "Miami Beach Parking Lot (P48)",
        "facility_type": "parking",
        "parking_evidence_kind": "parking_area_candidate",
        "access": "yes",
        "fee": "yes",
        "operator": "",
        "source_url": "https://www.openstreetmap.org/way/501792515",
        "api_url": "https://api.openstreetmap.org/api/0.6/map",
        "evidence_url": "https://www.openstreetmap.org/way/501792515",
        "osm_type": "way",
        "osm_id": 501792515,
        "existence_status": "candidate",
        "price_status": "unknown",
        "rule_status": "unknown",
        "enrichment_status": "needs_review",
        "needs_enrichment": true,
        "confidence": 0.55,
        "ordinary_parking_status": "unknown_pending_access_rule_check",
        "field_conflict_status": "needs_field_review",
        "confidence_reason": "OSM parking area reconciled from the basemap; public access and rules require verification.",
        "tainted": false,
        "raw_tags": {
          "access": "yes",
          "amenity": "parking",
          "fee": "yes",
          "name": "Miami Beach Parking Lot (P48)"
        },
        "raw_properties": {
          "type": "way",
          "id": 501792515,
          "tags": {
            "access": "yes",
            "amenity": "parking",
            "fee": "yes",
            "name": "Miami Beach Parking Lot (P48)"
          },
          "relations": [],
          "meta": {
            "timestamp": "2024-11-11T21:48:30Z",
            "version": "3",
            "changeset": "159027989",
            "user": "FlamingoOSM",
            "uid": "2925062"
          }
        }
      }
    },
    {
      "type": "Feature",
      "geometry": {
        "type": "Polygon",
        "coordinates": [
          [
            [
              -80.1262106,
              25.8126843
            ],
            [
              -80.1253094,
              25.8125938
            ],
            [
              -80.1252772,
              25.8128147
            ],
            [
              -80.1257177,
              25.8128672
            ],
            [
              -80.1257224,
              25.8128389
            ],
            [
              -80.1260805,
              25.8128829
            ],
            [
              -80.1262911,
              25.8128377
            ],
            [
              -80.1262106,
              25.8126843
            ]
          ]
        ]
      },
      "properties": {
        "source_id": "osm:way:567457235",
        "source_name": "OpenStreetMap bounded basemap reconciliation",
        "name": "Unnamed OSM parking candidate",
        "facility_type": "surface",
        "parking_evidence_kind": "parking_area_candidate",
        "access": "",
        "fee": "unknown",
        "operator": "",
        "source_url": "https://www.openstreetmap.org/way/567457235",
        "api_url": "https://api.openstreetmap.org/api/0.6/map",
        "evidence_url": "https://www.openstreetmap.org/way/567457235",
        "osm_type": "way",
        "osm_id": 567457235,
        "existence_status": "candidate",
        "price_status": "unknown",
        "rule_status": "unknown",
        "enrichment_status": "needs_review",
        "needs_enrichment": true,
        "confidence": 0.55,
        "ordinary_parking_status": "unknown_pending_access_rule_check",
        "field_conflict_status": "needs_field_review",
        "confidence_reason": "OSM parking area reconciled from the basemap; public access and rules require verification.",
        "tainted": false,
        "raw_tags": {
          "amenity": "parking",
          "parking": "surface"
        },
        "raw_properties": {
          "type": "way",
          "id": 567457235,
          "tags": {
            "amenity": "parking",
            "parking": "surface"
          },
          "relations": [],
          "meta": {
            "timestamp": "2018-03-07T12:17:57Z",
            "version": "1",
            "changeset": "56966836",
            "user": "thetornado76",
            "uid": "1624486"
          }
        }
      }
    },
    {
      "type": "Feature",
      "geometry": {
        "type": "Polygon",
        "coordinates": [
          [
            [
              -80.1282035,
              25.7973781
            ],
            [
              -80.1281906,
              25.797325
            ],
            [
              -80.1282342,
              25.7973119
            ],
            [
              -80.1282732,
              25.7972843
            ],
            [
              -80.1282936,
              25.7972588
            ],
            [
              -80.1283125,
              25.7972264
            ],
            [
              -80.1283149,
              25.7971751
            ],
            [
              -80.128322,
              25.7970946
            ],
            [
              -80.1283345,
              25.7970228
            ],
            [
              -80.1274739,
              25.7967343
            ],
            [
              -80.1274325,
              25.796842
            ],
            [
              -80.1274125,
              25.7968617
            ],
            [
              -80.1273902,
              25.796866
            ],
            [
              -80.1273736,
              25.7968611
            ],
            [
              -80.1273463,
              25.7969322
            ],
            [
              -80.127364,
              25.7969404
            ],
            [
              -80.1273777,
              25.7969584
            ],
            [
              -80.1273833,
              25.7969734
            ],
            [
              -80.1273376,
              25.7970982
            ],
            [
              -80.1281917,
              25.7973845
            ],
            [
              -80.1282035,
              25.7973781
            ]
          ]
        ]
      },
      "properties": {
        "source_id": "osm:way:594907390",
        "source_name": "OpenStreetMap bounded basemap reconciliation",
        "name": "Miami Beach Parking Lot",
        "facility_type": "surface",
        "parking_evidence_kind": "parking_area_candidate",
        "access": "yes",
        "fee": "yes",
        "operator": "",
        "source_url": "https://www.openstreetmap.org/way/594907390",
        "api_url": "https://api.openstreetmap.org/api/0.6/map",
        "evidence_url": "https://www.openstreetmap.org/way/594907390",
        "osm_type": "way",
        "osm_id": 594907390,
        "existence_status": "candidate",
        "price_status": "unknown",
        "rule_status": "unknown",
        "enrichment_status": "needs_review",
        "needs_enrichment": true,
        "confidence": 0.55,
        "ordinary_parking_status": "unknown_pending_access_rule_check",
        "field_conflict_status": "needs_field_review",
        "confidence_reason": "OSM parking area reconciled from the basemap; public access and rules require verification.",
        "tainted": false,
        "raw_tags": {
          "access": "yes",
          "amenity": "parking",
          "covered": "no",
          "fee": "yes",
          "name": "Miami Beach Parking Lot",
          "parking": "surface",
          "surface": "asphalt",
          "wheelchair": "yes"
        },
        "raw_properties": {
          "type": "way",
          "id": 594907390,
          "tags": {
            "access": "yes",
            "amenity": "parking",
            "covered": "no",
            "fee": "yes",
            "name": "Miami Beach Parking Lot",
            "parking": "surface",
            "surface": "asphalt",
            "wheelchair": "yes"
          },
          "relations": [],
          "meta": {
            "timestamp": "2024-11-11T16:20:10Z",
            "version": "6",
            "changeset": "159015857",
            "user": "FlamingoOSM",
            "uid": "2925062"
          }
        }
      }
    },
    {
      "type": "Feature",
      "geometry": {
        "type": "Polygon",
        "coordinates": [
          [
            [
              -80.1285982,
              25.7995141
            ],
            [
              -80.1287711,
              25.7990957
            ],
            [
              -80.1284275,
              25.7989727
            ],
            [
              -80.1283748,
              25.7990382
            ],
            [
              -80.1282901,
              25.7990131
            ],
            [
              -80.1282814,
              25.7989307
            ],
            [
              -80.1279573,
              25.7988261
            ],
            [
              -80.1277867,
              25.7992474
            ],
            [
              -80.1281891,
              25.7993524
            ],
            [
              -80.128231,
              25.7993671
            ],
            [
              -80.1285982,
              25.7995141
            ]
          ]
        ]
      },
      "properties": {
        "source_id": "osm:way:594907391",
        "source_name": "OpenStreetMap bounded basemap reconciliation",
        "name": "Unnamed OSM parking candidate",
        "facility_type": "multi-storey",
        "parking_evidence_kind": "parking_area_candidate",
        "access": "private",
        "fee": "unknown",
        "operator": "",
        "source_url": "https://www.openstreetmap.org/way/594907391",
        "api_url": "https://api.openstreetmap.org/api/0.6/map",
        "evidence_url": "https://www.openstreetmap.org/way/594907391",
        "osm_type": "way",
        "osm_id": 594907391,
        "existence_status": "candidate",
        "price_status": "unknown",
        "rule_status": "unknown",
        "enrichment_status": "needs_review",
        "needs_enrichment": true,
        "confidence": 0.55,
        "ordinary_parking_status": "unknown_pending_access_rule_check",
        "field_conflict_status": "needs_field_review",
        "confidence_reason": "OSM parking area reconciled from the basemap; public access and rules require verification.",
        "tainted": false,
        "raw_tags": {
          "access": "private",
          "amenity": "parking",
          "building": "yes",
          "layer": "1",
          "parking": "multi-storey"
        },
        "raw_properties": {
          "type": "way",
          "id": 594907391,
          "tags": {
            "access": "private",
            "amenity": "parking",
            "building": "yes",
            "layer": "1",
            "parking": "multi-storey"
          },
          "relations": [],
          "meta": {
            "timestamp": "2024-01-10T10:50:13Z",
            "version": "2",
            "changeset": "146099102",
            "user": "Daneel76",
            "uid": "9057313"
          }
        }
      }
    },
    {
      "type": "Feature",
      "geometry": {
        "type": "Polygon",
        "coordinates": [
          [
            [
              -80.1315864,
              25.8134039
            ],
            [
              -80.1315904,
              25.8132155
            ],
            [
              -80.131168,
              25.8132083
            ],
            [
              -80.131164,
              25.8133967
            ],
            [
              -80.1315864,
              25.8134039
            ]
          ]
        ]
      },
      "properties": {
        "source_id": "osm:way:595303356",
        "source_name": "OpenStreetMap bounded basemap reconciliation",
        "name": "Unnamed OSM parking candidate",
        "facility_type": "surface",
        "parking_evidence_kind": "parking_area_candidate",
        "access": "",
        "fee": "unknown",
        "operator": "",
        "source_url": "https://www.openstreetmap.org/way/595303356",
        "api_url": "https://api.openstreetmap.org/api/0.6/map",
        "evidence_url": "https://www.openstreetmap.org/way/595303356",
        "osm_type": "way",
        "osm_id": 595303356,
        "existence_status": "candidate",
        "price_status": "unknown",
        "rule_status": "unknown",
        "enrichment_status": "needs_review",
        "needs_enrichment": true,
        "confidence": 0.55,
        "ordinary_parking_status": "unknown_pending_access_rule_check",
        "field_conflict_status": "needs_field_review",
        "confidence_reason": "OSM parking area reconciled from the basemap; public access and rules require verification.",
        "tainted": false,
        "raw_tags": {
          "amenity": "parking",
          "parking": "surface"
        },
        "raw_properties": {
          "type": "way",
          "id": 595303356,
          "tags": {
            "amenity": "parking",
            "parking": "surface"
          },
          "relations": [],
          "meta": {
            "timestamp": "2018-06-08T05:31:57Z",
            "version": "1",
            "changeset": "59655619",
            "user": "thetornado76",
            "uid": "1624486"
          }
        }
      }
    },
    {
      "type": "Feature",
      "geometry": {
        "type": "Polygon",
        "coordinates": [
          [
            [
              -80.126348,
              25.8135074
            ],
            [
              -80.1263719,
              25.8133078
            ],
            [
              -80.1257218,
              25.8132448
            ],
            [
              -80.125698,
              25.8134444
            ],
            [
              -80.126348,
              25.8135074
            ]
          ]
        ]
      },
      "properties": {
        "source_id": "osm:way:595303358",
        "source_name": "OpenStreetMap bounded basemap reconciliation",
        "name": "Unnamed OSM parking candidate",
        "facility_type": "surface",
        "parking_evidence_kind": "parking_area_candidate",
        "access": "",
        "fee": "unknown",
        "operator": "",
        "source_url": "https://www.openstreetmap.org/way/595303358",
        "api_url": "https://api.openstreetmap.org/api/0.6/map",
        "evidence_url": "https://www.openstreetmap.org/way/595303358",
        "osm_type": "way",
        "osm_id": 595303358,
        "existence_status": "candidate",
        "price_status": "unknown",
        "rule_status": "unknown",
        "enrichment_status": "needs_review",
        "needs_enrichment": true,
        "confidence": 0.55,
        "ordinary_parking_status": "unknown_pending_access_rule_check",
        "field_conflict_status": "needs_field_review",
        "confidence_reason": "OSM parking area reconciled from the basemap; public access and rules require verification.",
        "tainted": false,
        "raw_tags": {
          "amenity": "parking",
          "parking": "surface"
        },
        "raw_properties": {
          "type": "way",
          "id": 595303358,
          "tags": {
            "amenity": "parking",
            "parking": "surface"
          },
          "relations": [],
          "meta": {
            "timestamp": "2018-06-08T05:31:58Z",
            "version": "1",
            "changeset": "59655619",
            "user": "thetornado76",
            "uid": "1624486"
          }
        }
      }
    },
    {
      "type": "Feature",
      "geometry": {
        "type": "Polygon",
        "coordinates": [
          [
            [
              -80.1275744,
              25.8131905
            ],
            [
              -80.1276204,
              25.8128502
            ],
            [
              -80.1271066,
              25.8127939
            ],
            [
              -80.1270605,
              25.8131342
            ],
            [
              -80.1275744,
              25.8131905
            ]
          ]
        ]
      },
      "properties": {
        "source_id": "osm:way:595303359",
        "source_name": "OpenStreetMap bounded basemap reconciliation",
        "name": "Unnamed OSM parking candidate",
        "facility_type": "surface",
        "parking_evidence_kind": "parking_area_candidate",
        "access": "private",
        "fee": "yes",
        "operator": "",
        "source_url": "https://www.openstreetmap.org/way/595303359",
        "api_url": "https://api.openstreetmap.org/api/0.6/map",
        "evidence_url": "https://www.openstreetmap.org/way/595303359",
        "osm_type": "way",
        "osm_id": 595303359,
        "existence_status": "candidate",
        "price_status": "unknown",
        "rule_status": "unknown",
        "enrichment_status": "needs_review",
        "needs_enrichment": true,
        "confidence": 0.55,
        "ordinary_parking_status": "unknown_pending_access_rule_check",
        "field_conflict_status": "needs_field_review",
        "confidence_reason": "OSM parking area reconciled from the basemap; public access and rules require verification.",
        "tainted": false,
        "raw_tags": {
          "access": "private",
          "amenity": "parking",
          "fee": "yes",
          "parking": "surface"
        },
        "raw_properties": {
          "type": "way",
          "id": 595303359,
          "tags": {
            "access": "private",
            "amenity": "parking",
            "fee": "yes",
            "parking": "surface"
          },
          "relations": [],
          "meta": {
            "timestamp": "2026-05-01T19:19:24Z",
            "version": "3",
            "changeset": "182090044",
            "user": "FlamingoOSM",
            "uid": "2925062"
          }
        }
      }
    },
    {
      "type": "Feature",
      "geometry": {
        "type": "Polygon",
        "coordinates": [
          [
            [
              -80.1294096,
              25.8034593
            ],
            [
              -80.1297957,
              25.8035136
            ],
            [
              -80.1299139,
              25.8028324
            ],
            [
              -80.1299906,
              25.8028432
            ],
            [
              -80.1300076,
              25.8027454
            ],
            [
              -80.1295448,
              25.8026803
            ],
            [
              -80.1294096,
              25.8034593
            ]
          ]
        ]
      },
      "properties": {
        "source_id": "osm:way:672180617",
        "source_name": "OpenStreetMap bounded basemap reconciliation",
        "name": "Unnamed OSM parking candidate",
        "facility_type": "parking",
        "parking_evidence_kind": "parking_area_candidate",
        "access": "",
        "fee": "unknown",
        "operator": "",
        "source_url": "https://www.openstreetmap.org/way/672180617",
        "api_url": "https://api.openstreetmap.org/api/0.6/map",
        "evidence_url": "https://www.openstreetmap.org/way/672180617",
        "osm_type": "way",
        "osm_id": 672180617,
        "existence_status": "candidate",
        "price_status": "unknown",
        "rule_status": "unknown",
        "enrichment_status": "needs_review",
        "needs_enrichment": true,
        "confidence": 0.55,
        "ordinary_parking_status": "unknown_pending_access_rule_check",
        "field_conflict_status": "needs_field_review",
        "confidence_reason": "OSM parking area reconciled from the basemap; public access and rules require verification.",
        "tainted": false,
        "raw_tags": {
          "amenity": "parking"
        },
        "raw_properties": {
          "type": "way",
          "id": 672180617,
          "tags": {
            "amenity": "parking"
          },
          "relations": [],
          "meta": {
            "timestamp": "2019-02-21T22:39:04Z",
            "version": "1",
            "changeset": "67445933",
            "user": "RobChafer",
            "uid": "98964"
          }
        }
      }
    },
    {
      "type": "Feature",
      "geometry": {
        "type": "Polygon",
        "coordinates": [
          [
            [
              -80.1259276,
              25.8033202
            ],
            [
              -80.1257694,
              25.8037005
            ],
            [
              -80.1267122,
              25.8039939
            ],
            [
              -80.1267055,
              25.803587
            ],
            [
              -80.1259276,
              25.8033202
            ]
          ]
        ]
      },
      "properties": {
        "source_id": "osm:way:672180620",
        "source_name": "OpenStreetMap bounded basemap reconciliation",
        "name": "Miami Beach Parking Lot",
        "facility_type": "parking",
        "parking_evidence_kind": "parking_area_candidate",
        "access": "yes",
        "fee": "yes",
        "operator": "",
        "source_url": "https://www.openstreetmap.org/way/672180620",
        "api_url": "https://api.openstreetmap.org/api/0.6/map",
        "evidence_url": "https://www.openstreetmap.org/way/672180620",
        "osm_type": "way",
        "osm_id": 672180620,
        "existence_status": "candidate",
        "price_status": "unknown",
        "rule_status": "unknown",
        "enrichment_status": "needs_review",
        "needs_enrichment": true,
        "confidence": 0.55,
        "ordinary_parking_status": "unknown_pending_access_rule_check",
        "field_conflict_status": "needs_field_review",
        "confidence_reason": "OSM parking area reconciled from the basemap; public access and rules require verification.",
        "tainted": false,
        "raw_tags": {
          "access": "yes",
          "amenity": "parking",
          "fee": "yes",
          "name": "Miami Beach Parking Lot"
        },
        "raw_properties": {
          "type": "way",
          "id": 672180620,
          "tags": {
            "access": "yes",
            "amenity": "parking",
            "fee": "yes",
            "name": "Miami Beach Parking Lot"
          },
          "relations": [],
          "meta": {
            "timestamp": "2024-11-11T16:17:41Z",
            "version": "2",
            "changeset": "159015774",
            "user": "FlamingoOSM",
            "uid": "2925062"
          }
        }
      }
    },
    {
      "type": "Feature",
      "geometry": {
        "type": "Polygon",
        "coordinates": [
          [
            [
              -80.1250576,
              25.8059672
            ],
            [
              -80.1253817,
              25.8060765
            ],
            [
              -80.1254565,
              25.8060968
            ],
            [
              -80.1256088,
              25.8057171
            ],
            [
              -80.1252099,
              25.8055874
            ],
            [
              -80.1250576,
              25.8059672
            ]
          ]
        ]
      },
      "properties": {
        "source_id": "osm:way:672180624",
        "source_name": "OpenStreetMap bounded basemap reconciliation",
        "name": "Unnamed OSM parking candidate",
        "facility_type": "parking",
        "parking_evidence_kind": "parking_area_candidate",
        "access": "",
        "fee": "unknown",
        "operator": "",
        "source_url": "https://www.openstreetmap.org/way/672180624",
        "api_url": "https://api.openstreetmap.org/api/0.6/map",
        "evidence_url": "https://www.openstreetmap.org/way/672180624",
        "osm_type": "way",
        "osm_id": 672180624,
        "existence_status": "candidate",
        "price_status": "unknown",
        "rule_status": "unknown",
        "enrichment_status": "needs_review",
        "needs_enrichment": true,
        "confidence": 0.55,
        "ordinary_parking_status": "unknown_pending_access_rule_check",
        "field_conflict_status": "needs_field_review",
        "confidence_reason": "OSM parking area reconciled from the basemap; public access and rules require verification.",
        "tainted": false,
        "raw_tags": {
          "amenity": "parking"
        },
        "raw_properties": {
          "type": "way",
          "id": 672180624,
          "tags": {
            "amenity": "parking"
          },
          "relations": [],
          "meta": {
            "timestamp": "2019-02-21T22:39:04Z",
            "version": "1",
            "changeset": "67445933",
            "user": "RobChafer",
            "uid": "98964"
          }
        }
      }
    },
    {
      "type": "Feature",
      "geometry": {
        "type": "Polygon",
        "coordinates": [
          [
            [
              -80.12367,
              25.8083407
            ],
            [
              -80.1237032,
              25.8081215
            ],
            [
              -80.1228844,
              25.8079859
            ],
            [
              -80.1228334,
              25.8082311
            ],
            [
              -80.12367,
              25.8083407
            ]
          ]
        ]
      },
      "properties": {
        "source_id": "osm:way:1332905260",
        "source_name": "OpenStreetMap bounded basemap reconciliation",
        "name": "Miami Beach Parking Lot (P56)",
        "facility_type": "parking",
        "parking_evidence_kind": "parking_area_candidate",
        "access": "yes",
        "fee": "yes",
        "operator": "",
        "source_url": "https://www.openstreetmap.org/way/1332905260",
        "api_url": "https://api.openstreetmap.org/api/0.6/map",
        "evidence_url": "https://www.openstreetmap.org/way/1332905260",
        "osm_type": "way",
        "osm_id": 1332905260,
        "existence_status": "candidate",
        "price_status": "unknown",
        "rule_status": "unknown",
        "enrichment_status": "needs_review",
        "needs_enrichment": true,
        "confidence": 0.55,
        "ordinary_parking_status": "unknown_pending_access_rule_check",
        "field_conflict_status": "needs_field_review",
        "confidence_reason": "OSM parking area reconciled from the basemap; public access and rules require verification.",
        "tainted": false,
        "raw_tags": {
          "access": "yes",
          "amenity": "parking",
          "fee": "yes",
          "name": "Miami Beach Parking Lot (P56)"
        },
        "raw_properties": {
          "type": "way",
          "id": 1332905260,
          "tags": {
            "access": "yes",
            "amenity": "parking",
            "fee": "yes",
            "name": "Miami Beach Parking Lot (P56)"
          },
          "relations": [],
          "meta": {
            "timestamp": "2024-11-11T16:17:00Z",
            "version": "1",
            "changeset": "159015738",
            "user": "FlamingoOSM",
            "uid": "2925062"
          }
        }
      }
    },
    {
      "type": "Feature",
      "geometry": {
        "type": "Polygon",
        "coordinates": [
          [
            [
              -80.1303997,
              25.8021014
            ],
            [
              -80.1304577,
              25.8018567
            ],
            [
              -80.1297133,
              25.8017475
            ],
            [
              -80.1296811,
              25.8019794
            ],
            [
              -80.1303997,
              25.8021014
            ]
          ]
        ]
      },
      "properties": {
        "source_id": "osm:way:1441864631",
        "source_name": "OpenStreetMap bounded basemap reconciliation",
        "name": "City of Miami Beach",
        "facility_type": "parking",
        "parking_evidence_kind": "parking_area_candidate",
        "access": "",
        "fee": "no",
        "operator": "City of Miami Beach",
        "source_url": "https://www.openstreetmap.org/way/1441864631",
        "api_url": "https://api.openstreetmap.org/api/0.6/map",
        "evidence_url": "https://www.openstreetmap.org/way/1441864631",
        "osm_type": "way",
        "osm_id": 1441864631,
        "existence_status": "candidate",
        "price_status": "unknown",
        "rule_status": "unknown",
        "enrichment_status": "needs_review",
        "needs_enrichment": true,
        "confidence": 0.55,
        "ordinary_parking_status": "unknown_pending_access_rule_check",
        "field_conflict_status": "needs_field_review",
        "confidence_reason": "OSM parking area reconciled from the basemap; public access and rules require verification.",
        "tainted": false,
        "raw_tags": {
          "addr:city": "Miami Beach",
          "addr:state": "FL",
          "amenity": "parking",
          "covered": "no",
          "fee": "no",
          "opening_hours": "07:00-19:00",
          "operator": "City of Miami Beach"
        },
        "raw_properties": {
          "type": "way",
          "id": 1441864631,
          "tags": {
            "addr:city": "Miami Beach",
            "addr:state": "FL",
            "amenity": "parking",
            "covered": "no",
            "fee": "no",
            "opening_hours": "07:00-19:00",
            "operator": "City of Miami Beach"
          },
          "relations": [],
          "meta": {
            "timestamp": "2025-10-13T11:41:31Z",
            "version": "1",
            "changeset": "173223142",
            "user": "SurfBalBay News",
            "uid": "22398888"
          }
        }
      }
    },
    {
      "type": "Feature",
      "geometry": {
        "type": "Point",
        "coordinates": [
          -80.1252501,
          25.8034999
        ]
      },
      "properties": {
        "source_id": "osm:node:8123962511",
        "source_name": "OpenStreetMap bounded basemap reconciliation",
        "name": "OSM parking evidence",
        "facility_type": "parking_entrance",
        "parking_evidence_kind": "parking_entrance_evidence",
        "access": "",
        "fee": "unknown",
        "operator": "",
        "source_url": "https://www.openstreetmap.org/node/8123962511",
        "api_url": "https://api.openstreetmap.org/api/0.6/map",
        "evidence_url": "https://www.openstreetmap.org/node/8123962511",
        "osm_type": "node",
        "osm_id": "8123962511",
        "existence_status": "candidate",
        "price_status": "unknown",
        "rule_status": "unknown",
        "enrichment_status": "needs_review",
        "needs_enrichment": true,
        "confidence": 0.35,
        "ordinary_parking_status": "not_ordinary_parking_offer",
        "field_conflict_status": "needs_field_review",
        "confidence_reason": "OSM parking-related evidence reconciled from the basemap; this is not a verified ordinary parking offer.",
        "tainted": false,
        "raw_tags": {
          "amenity": "parking_entrance"
        },
        "raw_properties": {
          "type": "node",
          "id": "8123962511",
          "tags": {
            "amenity": "parking_entrance"
          },
          "relations": [],
          "meta": {
            "timestamp": "2022-02-15T20:34:31Z",
            "version": "2",
            "changeset": "117450497",
            "user": "maxolasersquad",
            "uid": "55916"
          }
        }
      }
    },
    {
      "type": "Feature",
      "geometry": {
        "type": "Point",
        "coordinates": [
          -80.1257487,
          25.8031102
        ]
      },
      "properties": {
        "source_id": "osm:node:8123962513",
        "source_name": "OpenStreetMap bounded basemap reconciliation",
        "name": "OSM parking evidence",
        "facility_type": "parking_entrance",
        "parking_evidence_kind": "parking_entrance_evidence",
        "access": "",
        "fee": "unknown",
        "operator": "",
        "source_url": "https://www.openstreetmap.org/node/8123962513",
        "api_url": "https://api.openstreetmap.org/api/0.6/map",
        "evidence_url": "https://www.openstreetmap.org/node/8123962513",
        "osm_type": "node",
        "osm_id": "8123962513",
        "existence_status": "candidate",
        "price_status": "unknown",
        "rule_status": "unknown",
        "enrichment_status": "needs_review",
        "needs_enrichment": true,
        "confidence": 0.35,
        "ordinary_parking_status": "not_ordinary_parking_offer",
        "field_conflict_status": "needs_field_review",
        "confidence_reason": "OSM parking-related evidence reconciled from the basemap; this is not a verified ordinary parking offer.",
        "tainted": false,
        "raw_tags": {
          "amenity": "parking_entrance"
        },
        "raw_properties": {
          "type": "node",
          "id": "8123962513",
          "tags": {
            "amenity": "parking_entrance"
          },
          "relations": [],
          "meta": {
            "timestamp": "2022-02-15T20:34:31Z",
            "version": "2",
            "changeset": "117450497",
            "user": "maxolasersquad",
            "uid": "55916"
          }
        }
      }
    },
    {
      "type": "Feature",
      "geometry": {
        "type": "Point",
        "coordinates": [
          -80.1249879,
          25.8034087
        ]
      },
      "properties": {
        "source_id": "osm:node:8123962515",
        "source_name": "OpenStreetMap bounded basemap reconciliation",
        "name": "OSM parking evidence",
        "facility_type": "parking_entrance",
        "parking_evidence_kind": "parking_entrance_evidence",
        "access": "",
        "fee": "unknown",
        "operator": "",
        "source_url": "https://www.openstreetmap.org/node/8123962515",
        "api_url": "https://api.openstreetmap.org/api/0.6/map",
        "evidence_url": "https://www.openstreetmap.org/node/8123962515",
        "osm_type": "node",
        "osm_id": "8123962515",
        "existence_status": "candidate",
        "price_status": "unknown",
        "rule_status": "unknown",
        "enrichment_status": "needs_review",
        "needs_enrichment": true,
        "confidence": 0.35,
        "ordinary_parking_status": "not_ordinary_parking_offer",
        "field_conflict_status": "needs_field_review",
        "confidence_reason": "OSM parking-related evidence reconciled from the basemap; this is not a verified ordinary parking offer.",
        "tainted": false,
        "raw_tags": {
          "amenity": "parking_entrance"
        },
        "raw_properties": {
          "type": "node",
          "id": "8123962515",
          "tags": {
            "amenity": "parking_entrance"
          },
          "relations": [],
          "meta": {
            "timestamp": "2020-11-16T10:25:58Z",
            "version": "1",
            "changeset": "94195328",
            "user": "YTaulai_lyft",
            "uid": "11396604"
          }
        }
      }
    },
    {
      "type": "Feature",
      "geometry": {
        "type": "Point",
        "coordinates": [
          -80.1260314,
          25.8016425
        ]
      },
      "properties": {
        "source_id": "osm:node:8882871554",
        "source_name": "OpenStreetMap bounded basemap reconciliation",
        "name": "OSM parking evidence",
        "facility_type": "parking_entrance",
        "parking_evidence_kind": "parking_entrance_evidence",
        "access": "",
        "fee": "unknown",
        "operator": "",
        "source_url": "https://www.openstreetmap.org/node/8882871554",
        "api_url": "https://api.openstreetmap.org/api/0.6/map",
        "evidence_url": "https://www.openstreetmap.org/node/8882871554",
        "osm_type": "node",
        "osm_id": "8882871554",
        "existence_status": "candidate",
        "price_status": "unknown",
        "rule_status": "unknown",
        "enrichment_status": "needs_review",
        "needs_enrichment": true,
        "confidence": 0.35,
        "ordinary_parking_status": "not_ordinary_parking_offer",
        "field_conflict_status": "needs_field_review",
        "confidence_reason": "OSM parking-related evidence reconciled from the basemap; this is not a verified ordinary parking offer.",
        "tainted": false,
        "raw_tags": {
          "amenity": "parking_entrance"
        },
        "raw_properties": {
          "type": "node",
          "id": "8882871554",
          "tags": {
            "amenity": "parking_entrance"
          },
          "relations": [],
          "meta": {
            "timestamp": "2021-07-01T11:42:56Z",
            "version": "1",
            "changeset": "107257594",
            "user": "kmarkish_lyft",
            "uid": "11824233"
          }
        }
      }
    },
    {
      "type": "Feature",
      "geometry": {
        "type": "Point",
        "coordinates": [
          -80.1259486,
          25.80186
        ]
      },
      "properties": {
        "source_id": "osm:node:8882871555",
        "source_name": "OpenStreetMap bounded basemap reconciliation",
        "name": "OSM parking evidence",
        "facility_type": "parking_entrance",
        "parking_evidence_kind": "parking_entrance_evidence",
        "access": "",
        "fee": "unknown",
        "operator": "",
        "source_url": "https://www.openstreetmap.org/node/8882871555",
        "api_url": "https://api.openstreetmap.org/api/0.6/map",
        "evidence_url": "https://www.openstreetmap.org/node/8882871555",
        "osm_type": "node",
        "osm_id": "8882871555",
        "existence_status": "candidate",
        "price_status": "unknown",
        "rule_status": "unknown",
        "enrichment_status": "needs_review",
        "needs_enrichment": true,
        "confidence": 0.35,
        "ordinary_parking_status": "not_ordinary_parking_offer",
        "field_conflict_status": "needs_field_review",
        "confidence_reason": "OSM parking-related evidence reconciled from the basemap; this is not a verified ordinary parking offer.",
        "tainted": false,
        "raw_tags": {
          "amenity": "parking_entrance"
        },
        "raw_properties": {
          "type": "node",
          "id": "8882871555",
          "tags": {
            "amenity": "parking_entrance"
          },
          "relations": [],
          "meta": {
            "timestamp": "2021-07-01T11:42:56Z",
            "version": "1",
            "changeset": "107257594",
            "user": "kmarkish_lyft",
            "uid": "11824233"
          }
        }
      }
    },
    {
      "type": "Feature",
      "geometry": {
        "type": "Point",
        "coordinates": [
          -80.1256459,
          25.8011969
        ]
      },
      "properties": {
        "source_id": "osm:node:8882871561",
        "source_name": "OpenStreetMap bounded basemap reconciliation",
        "name": "OSM parking evidence",
        "facility_type": "parking_entrance",
        "parking_evidence_kind": "parking_entrance_evidence",
        "access": "",
        "fee": "unknown",
        "operator": "",
        "source_url": "https://www.openstreetmap.org/node/8882871561",
        "api_url": "https://api.openstreetmap.org/api/0.6/map",
        "evidence_url": "https://www.openstreetmap.org/node/8882871561",
        "osm_type": "node",
        "osm_id": "8882871561",
        "existence_status": "candidate",
        "price_status": "unknown",
        "rule_status": "unknown",
        "enrichment_status": "needs_review",
        "needs_enrichment": true,
        "confidence": 0.35,
        "ordinary_parking_status": "not_ordinary_parking_offer",
        "field_conflict_status": "needs_field_review",
        "confidence_reason": "OSM parking-related evidence reconciled from the basemap; this is not a verified ordinary parking offer.",
        "tainted": false,
        "raw_tags": {
          "amenity": "parking_entrance"
        },
        "raw_properties": {
          "type": "node",
          "id": "8882871561",
          "tags": {
            "amenity": "parking_entrance"
          },
          "relations": [],
          "meta": {
            "timestamp": "2021-07-01T11:42:56Z",
            "version": "1",
            "changeset": "107257594",
            "user": "kmarkish_lyft",
            "uid": "11824233"
          }
        }
      }
    },
    {
      "type": "Feature",
      "geometry": {
        "type": "Point",
        "coordinates": [
          -80.1256914,
          25.801211
        ]
      },
      "properties": {
        "source_id": "osm:node:8882871562",
        "source_name": "OpenStreetMap bounded basemap reconciliation",
        "name": "OSM parking evidence",
        "facility_type": "parking_entrance",
        "parking_evidence_kind": "parking_entrance_evidence",
        "access": "",
        "fee": "unknown",
        "operator": "",
        "source_url": "https://www.openstreetmap.org/node/8882871562",
        "api_url": "https://api.openstreetmap.org/api/0.6/map",
        "evidence_url": "https://www.openstreetmap.org/node/8882871562",
        "osm_type": "node",
        "osm_id": "8882871562",
        "existence_status": "candidate",
        "price_status": "unknown",
        "rule_status": "unknown",
        "enrichment_status": "needs_review",
        "needs_enrichment": true,
        "confidence": 0.35,
        "ordinary_parking_status": "not_ordinary_parking_offer",
        "field_conflict_status": "needs_field_review",
        "confidence_reason": "OSM parking-related evidence reconciled from the basemap; this is not a verified ordinary parking offer.",
        "tainted": false,
        "raw_tags": {
          "amenity": "parking_entrance"
        },
        "raw_properties": {
          "type": "node",
          "id": "8882871562",
          "tags": {
            "amenity": "parking_entrance"
          },
          "relations": [],
          "meta": {
            "timestamp": "2021-07-01T11:42:56Z",
            "version": "1",
            "changeset": "107257594",
            "user": "kmarkish_lyft",
            "uid": "11824233"
          }
        }
      }
    },
    {
      "type": "Feature",
      "geometry": {
        "type": "Point",
        "coordinates": [
          -80.1257214,
          25.8021592
        ]
      },
      "properties": {
        "source_id": "osm:node:8882871564",
        "source_name": "OpenStreetMap bounded basemap reconciliation",
        "name": "OSM parking evidence",
        "facility_type": "parking_entrance",
        "parking_evidence_kind": "parking_entrance_evidence",
        "access": "",
        "fee": "unknown",
        "operator": "",
        "source_url": "https://www.openstreetmap.org/node/8882871564",
        "api_url": "https://api.openstreetmap.org/api/0.6/map",
        "evidence_url": "https://www.openstreetmap.org/node/8882871564",
        "osm_type": "node",
        "osm_id": "8882871564",
        "existence_status": "candidate",
        "price_status": "unknown",
        "rule_status": "unknown",
        "enrichment_status": "needs_review",
        "needs_enrichment": true,
        "confidence": 0.35,
        "ordinary_parking_status": "not_ordinary_parking_offer",
        "field_conflict_status": "needs_field_review",
        "confidence_reason": "OSM parking-related evidence reconciled from the basemap; this is not a verified ordinary parking offer.",
        "tainted": false,
        "raw_tags": {
          "amenity": "parking_entrance"
        },
        "raw_properties": {
          "type": "node",
          "id": "8882871564",
          "tags": {
            "amenity": "parking_entrance"
          },
          "relations": [],
          "meta": {
            "timestamp": "2021-07-01T11:42:56Z",
            "version": "1",
            "changeset": "107257594",
            "user": "kmarkish_lyft",
            "uid": "11824233"
          }
        }
      }
    },
    {
      "type": "Feature",
      "geometry": {
        "type": "Point",
        "coordinates": [
          -80.1258809,
          25.8012701
        ]
      },
      "properties": {
        "source_id": "osm:node:8882871565",
        "source_name": "OpenStreetMap bounded basemap reconciliation",
        "name": "OSM parking evidence",
        "facility_type": "parking_entrance",
        "parking_evidence_kind": "parking_entrance_evidence",
        "access": "",
        "fee": "unknown",
        "operator": "",
        "source_url": "https://www.openstreetmap.org/node/8882871565",
        "api_url": "https://api.openstreetmap.org/api/0.6/map",
        "evidence_url": "https://www.openstreetmap.org/node/8882871565",
        "osm_type": "node",
        "osm_id": "8882871565",
        "existence_status": "candidate",
        "price_status": "unknown",
        "rule_status": "unknown",
        "enrichment_status": "needs_review",
        "needs_enrichment": true,
        "confidence": 0.35,
        "ordinary_parking_status": "not_ordinary_parking_offer",
        "field_conflict_status": "needs_field_review",
        "confidence_reason": "OSM parking-related evidence reconciled from the basemap; this is not a verified ordinary parking offer.",
        "tainted": false,
        "raw_tags": {
          "amenity": "parking_entrance"
        },
        "raw_properties": {
          "type": "node",
          "id": "8882871565",
          "tags": {
            "amenity": "parking_entrance"
          },
          "relations": [],
          "meta": {
            "timestamp": "2021-07-01T11:42:56Z",
            "version": "1",
            "changeset": "107257594",
            "user": "kmarkish_lyft",
            "uid": "11824233"
          }
        }
      }
    },
    {
      "type": "Feature",
      "geometry": {
        "type": "Point",
        "coordinates": [
          -80.1294243,
          25.7987152
        ]
      },
      "properties": {
        "source_id": "osm:node:9509112352",
        "source_name": "OpenStreetMap bounded basemap reconciliation",
        "name": "OSM parking evidence",
        "facility_type": "parking_entrance",
        "parking_evidence_kind": "parking_entrance_evidence",
        "access": "",
        "fee": "unknown",
        "operator": "",
        "source_url": "https://www.openstreetmap.org/node/9509112352",
        "api_url": "https://api.openstreetmap.org/api/0.6/map",
        "evidence_url": "https://www.openstreetmap.org/node/9509112352",
        "osm_type": "node",
        "osm_id": "9509112352",
        "existence_status": "candidate",
        "price_status": "unknown",
        "rule_status": "unknown",
        "enrichment_status": "needs_review",
        "needs_enrichment": true,
        "confidence": 0.35,
        "ordinary_parking_status": "not_ordinary_parking_offer",
        "field_conflict_status": "needs_field_review",
        "confidence_reason": "OSM parking-related evidence reconciled from the basemap; this is not a verified ordinary parking offer.",
        "tainted": false,
        "raw_tags": {
          "amenity": "parking_entrance"
        },
        "raw_properties": {
          "type": "node",
          "id": "9509112352",
          "tags": {
            "amenity": "parking_entrance"
          },
          "relations": [],
          "meta": {
            "timestamp": "2022-02-15T20:34:31Z",
            "version": "1",
            "changeset": "117450497",
            "user": "maxolasersquad",
            "uid": "55916"
          }
        }
      }
    },
    {
      "type": "Feature",
      "geometry": {
        "type": "Point",
        "coordinates": [
          -80.1279438,
          25.8143262
        ]
      },
      "properties": {
        "source_id": "osm:node:10307551185",
        "source_name": "OpenStreetMap bounded basemap reconciliation",
        "name": "OSM parking evidence",
        "facility_type": "parking_entrance",
        "parking_evidence_kind": "parking_entrance_evidence",
        "access": "",
        "fee": "unknown",
        "operator": "",
        "source_url": "https://www.openstreetmap.org/node/10307551185",
        "api_url": "https://api.openstreetmap.org/api/0.6/map",
        "evidence_url": "https://www.openstreetmap.org/node/10307551185",
        "osm_type": "node",
        "osm_id": "10307551185",
        "existence_status": "candidate",
        "price_status": "unknown",
        "rule_status": "unknown",
        "enrichment_status": "needs_review",
        "needs_enrichment": true,
        "confidence": 0.35,
        "ordinary_parking_status": "not_ordinary_parking_offer",
        "field_conflict_status": "needs_field_review",
        "confidence_reason": "OSM parking-related evidence reconciled from the basemap; this is not a verified ordinary parking offer.",
        "tainted": false,
        "raw_tags": {
          "amenity": "parking_entrance"
        },
        "raw_properties": {
          "type": "node",
          "id": "10307551185",
          "tags": {
            "amenity": "parking_entrance"
          },
          "relations": [],
          "meta": {
            "timestamp": "2023-01-04T22:37:19Z",
            "version": "1",
            "changeset": "130885032",
            "user": "snake21",
            "uid": "2591427"
          }
        }
      }
    },
    {
      "type": "Feature",
      "geometry": {
        "type": "Point",
        "coordinates": [
          -80.1256393,
          25.8054873
        ]
      },
      "properties": {
        "source_id": "osm:node:11351457824",
        "source_name": "OpenStreetMap bounded basemap reconciliation",
        "name": "OSM parking evidence",
        "facility_type": "parking_entrance",
        "parking_evidence_kind": "parking_entrance_evidence",
        "access": "",
        "fee": "unknown",
        "operator": "",
        "source_url": "https://www.openstreetmap.org/node/11351457824",
        "api_url": "https://api.openstreetmap.org/api/0.6/map",
        "evidence_url": "https://www.openstreetmap.org/node/11351457824",
        "osm_type": "node",
        "osm_id": "11351457824",
        "existence_status": "candidate",
        "price_status": "unknown",
        "rule_status": "unknown",
        "enrichment_status": "needs_review",
        "needs_enrichment": true,
        "confidence": 0.35,
        "ordinary_parking_status": "not_ordinary_parking_offer",
        "field_conflict_status": "needs_field_review",
        "confidence_reason": "OSM parking-related evidence reconciled from the basemap; this is not a verified ordinary parking offer.",
        "tainted": false,
        "raw_tags": {
          "amenity": "parking_entrance"
        },
        "raw_properties": {
          "type": "node",
          "id": "11351457824",
          "tags": {
            "amenity": "parking_entrance"
          },
          "relations": [],
          "meta": {
            "timestamp": "2023-11-15T16:08:18Z",
            "version": "1",
            "changeset": "144057949",
            "user": "lrysiukevich_lyft",
            "uid": "14116631"
          }
        }
      }
    },
    {
      "type": "Feature",
      "geometry": {
        "type": "Point",
        "coordinates": [
          -80.122801,
          25.8154808
        ]
      },
      "properties": {
        "source_id": "osm:node:13207180891",
        "source_name": "OpenStreetMap bounded basemap reconciliation",
        "name": "OSM parking evidence",
        "facility_type": "multi-storey",
        "parking_evidence_kind": "parking_entrance_evidence",
        "access": "",
        "fee": "unknown",
        "operator": "",
        "source_url": "https://www.openstreetmap.org/node/13207180891",
        "api_url": "https://api.openstreetmap.org/api/0.6/map",
        "evidence_url": "https://www.openstreetmap.org/node/13207180891",
        "osm_type": "node",
        "osm_id": "13207180891",
        "existence_status": "candidate",
        "price_status": "unknown",
        "rule_status": "unknown",
        "enrichment_status": "needs_review",
        "needs_enrichment": true,
        "confidence": 0.35,
        "ordinary_parking_status": "not_ordinary_parking_offer",
        "field_conflict_status": "needs_field_review",
        "confidence_reason": "OSM parking-related evidence reconciled from the basemap; this is not a verified ordinary parking offer.",
        "tainted": false,
        "raw_tags": {
          "amenity": "parking_entrance",
          "level": "0",
          "parking": "multi-storey"
        },
        "raw_properties": {
          "type": "node",
          "id": "13207180891",
          "tags": {
            "amenity": "parking_entrance",
            "level": "0",
            "parking": "multi-storey"
          },
          "relations": [],
          "meta": {
            "timestamp": "2025-10-10T17:03:41Z",
            "version": "1",
            "changeset": "173105152",
            "user": "Udarian",
            "uid": "6168709"
          }
        }
      }
    },
    {
      "type": "Feature",
      "geometry": {
        "type": "Point",
        "coordinates": [
          -80.122795,
          25.8155193
        ]
      },
      "properties": {
        "source_id": "osm:node:13207180892",
        "source_name": "OpenStreetMap bounded basemap reconciliation",
        "name": "OSM parking evidence",
        "facility_type": "multi-storey",
        "parking_evidence_kind": "parking_entrance_evidence",
        "access": "",
        "fee": "unknown",
        "operator": "",
        "source_url": "https://www.openstreetmap.org/node/13207180892",
        "api_url": "https://api.openstreetmap.org/api/0.6/map",
        "evidence_url": "https://www.openstreetmap.org/node/13207180892",
        "osm_type": "node",
        "osm_id": "13207180892",
        "existence_status": "candidate",
        "price_status": "unknown",
        "rule_status": "unknown",
        "enrichment_status": "needs_review",
        "needs_enrichment": true,
        "confidence": 0.35,
        "ordinary_parking_status": "not_ordinary_parking_offer",
        "field_conflict_status": "needs_field_review",
        "confidence_reason": "OSM parking-related evidence reconciled from the basemap; this is not a verified ordinary parking offer.",
        "tainted": false,
        "raw_tags": {
          "amenity": "parking_entrance",
          "level": "0",
          "parking": "multi-storey"
        },
        "raw_properties": {
          "type": "node",
          "id": "13207180892",
          "tags": {
            "amenity": "parking_entrance",
            "level": "0",
            "parking": "multi-storey"
          },
          "relations": [],
          "meta": {
            "timestamp": "2025-10-10T17:03:41Z",
            "version": "1",
            "changeset": "173105152",
            "user": "Udarian",
            "uid": "6168709"
          }
        }
      }
    },
    {
      "type": "Feature",
      "geometry": {
        "type": "Point",
        "coordinates": [
          -80.1233063,
          25.8156411
        ]
      },
      "properties": {
        "source_id": "osm:node:13207180896",
        "source_name": "OpenStreetMap bounded basemap reconciliation",
        "name": "OSM parking evidence",
        "facility_type": "multi-storey",
        "parking_evidence_kind": "parking_entrance_evidence",
        "access": "",
        "fee": "unknown",
        "operator": "",
        "source_url": "https://www.openstreetmap.org/node/13207180896",
        "api_url": "https://api.openstreetmap.org/api/0.6/map",
        "evidence_url": "https://www.openstreetmap.org/node/13207180896",
        "osm_type": "node",
        "osm_id": "13207180896",
        "existence_status": "candidate",
        "price_status": "unknown",
        "rule_status": "unknown",
        "enrichment_status": "needs_review",
        "needs_enrichment": true,
        "confidence": 0.35,
        "ordinary_parking_status": "not_ordinary_parking_offer",
        "field_conflict_status": "needs_field_review",
        "confidence_reason": "OSM parking-related evidence reconciled from the basemap; this is not a verified ordinary parking offer.",
        "tainted": false,
        "raw_tags": {
          "amenity": "parking_entrance",
          "level": "0",
          "parking": "multi-storey"
        },
        "raw_properties": {
          "type": "node",
          "id": "13207180896",
          "tags": {
            "amenity": "parking_entrance",
            "level": "0",
            "parking": "multi-storey"
          },
          "relations": [],
          "meta": {
            "timestamp": "2025-10-10T17:03:41Z",
            "version": "1",
            "changeset": "173105152",
            "user": "Udarian",
            "uid": "6168709"
          }
        }
      }
    },
    {
      "type": "Feature",
      "geometry": {
        "type": "Point",
        "coordinates": [
          -80.1260075,
          25.8138624
        ]
      },
      "properties": {
        "source_id": "osm:node:13984577935",
        "source_name": "OpenStreetMap bounded basemap reconciliation",
        "name": "OSM parking evidence",
        "facility_type": "parking_entrance",
        "parking_evidence_kind": "parking_entrance_evidence",
        "access": "",
        "fee": "unknown",
        "operator": "",
        "source_url": "https://www.openstreetmap.org/node/13984577935",
        "api_url": "https://api.openstreetmap.org/api/0.6/map",
        "evidence_url": "https://www.openstreetmap.org/node/13984577935",
        "osm_type": "node",
        "osm_id": "13984577935",
        "existence_status": "candidate",
        "price_status": "unknown",
        "rule_status": "unknown",
        "enrichment_status": "needs_review",
        "needs_enrichment": true,
        "confidence": 0.35,
        "ordinary_parking_status": "not_ordinary_parking_offer",
        "field_conflict_status": "needs_field_review",
        "confidence_reason": "OSM parking-related evidence reconciled from the basemap; this is not a verified ordinary parking offer.",
        "tainted": false,
        "raw_tags": {
          "amenity": "parking_entrance"
        },
        "raw_properties": {
          "type": "node",
          "id": "13984577935",
          "tags": {
            "amenity": "parking_entrance"
          },
          "relations": [],
          "meta": {
            "timestamp": "2026-07-03T03:23:36Z",
            "version": "1",
            "changeset": "185014622",
            "user": "grawat_Lyft",
            "uid": "18783549"
          }
        }
      }
    },
    {
      "type": "Feature",
      "geometry": {
        "type": "Polygon",
        "coordinates": [
          [
            [
              -80.1304944,
              25.8176807
            ],
            [
              -80.1305587,
              25.8173107
            ],
            [
              -80.1304867,
              25.8173333
            ],
            [
              -80.13043,
              25.81769
            ],
            [
              -80.1304944,
              25.8176807
            ]
          ]
        ]
      },
      "properties": {
        "source_id": "osm:way:1425673751",
        "source_name": "OpenStreetMap bounded basemap reconciliation",
        "name": "Unnamed OSM parking candidate",
        "facility_type": "parking",
        "parking_evidence_kind": "parking_area_candidate",
        "access": "",
        "fee": "unknown",
        "operator": "",
        "source_url": "https://www.openstreetmap.org/way/1425673751",
        "api_url": "https://api.openstreetmap.org/api/0.6/map",
        "evidence_url": "https://www.openstreetmap.org/way/1425673751",
        "osm_type": "way",
        "osm_id": 1425673751,
        "existence_status": "candidate",
        "price_status": "unknown",
        "rule_status": "unknown",
        "enrichment_status": "needs_review",
        "needs_enrichment": true,
        "confidence": 0.55,
        "ordinary_parking_status": "unknown_pending_access_rule_check",
        "field_conflict_status": "needs_field_review",
        "confidence_reason": "OSM parking area reconciled from the basemap; public access and rules require verification.",
        "tainted": false,
        "raw_tags": {
          "amenity": "parking"
        },
        "raw_properties": {
          "type": "way",
          "id": 1425673751,
          "tags": {
            "amenity": "parking"
          },
          "relations": [],
          "meta": {
            "timestamp": "2025-08-28T21:26:18Z",
            "version": "1",
            "changeset": "171155938",
            "user": "ParkMagnet",
            "uid": "23002599"
          }
        }
      }
    },
    {
      "type": "Feature",
      "geometry": {
        "type": "Polygon",
        "coordinates": [
          [
            [
              -80.1303881,
              25.8175981
            ],
            [
              -80.1304231,
              25.8174071
            ],
            [
              -80.1303854,
              25.8173849
            ],
            [
              -80.1303642,
              25.8174033
            ],
            [
              -80.1303376,
              25.8175652
            ],
            [
              -80.1303881,
              25.8175981
            ]
          ]
        ]
      },
      "properties": {
        "source_id": "osm:way:1425673752",
        "source_name": "OpenStreetMap bounded basemap reconciliation",
        "name": "Unnamed OSM parking candidate",
        "facility_type": "parking",
        "parking_evidence_kind": "parking_area_candidate",
        "access": "",
        "fee": "unknown",
        "operator": "",
        "source_url": "https://www.openstreetmap.org/way/1425673752",
        "api_url": "https://api.openstreetmap.org/api/0.6/map",
        "evidence_url": "https://www.openstreetmap.org/way/1425673752",
        "osm_type": "way",
        "osm_id": 1425673752,
        "existence_status": "candidate",
        "price_status": "unknown",
        "rule_status": "unknown",
        "enrichment_status": "needs_review",
        "needs_enrichment": true,
        "confidence": 0.55,
        "ordinary_parking_status": "unknown_pending_access_rule_check",
        "field_conflict_status": "needs_field_review",
        "confidence_reason": "OSM parking area reconciled from the basemap; public access and rules require verification.",
        "tainted": false,
        "raw_tags": {
          "amenity": "parking"
        },
        "raw_properties": {
          "type": "way",
          "id": 1425673752,
          "tags": {
            "amenity": "parking"
          },
          "relations": [],
          "meta": {
            "timestamp": "2025-08-28T21:26:18Z",
            "version": "1",
            "changeset": "171155938",
            "user": "ParkMagnet",
            "uid": "23002599"
          }
        }
      }
    },
    {
      "type": "Feature",
      "geometry": {
        "type": "Point",
        "coordinates": [
          -80.1319415,
          25.8234349
        ]
      },
      "properties": {
        "source_id": "osm:node:13508752569",
        "source_name": "OpenStreetMap bounded basemap reconciliation",
        "name": "OSM parking evidence",
        "facility_type": "parking_entrance",
        "parking_evidence_kind": "parking_entrance_evidence",
        "access": "",
        "fee": "unknown",
        "operator": "",
        "source_url": "https://www.openstreetmap.org/node/13508752569",
        "api_url": "https://api.openstreetmap.org/api/0.6/map",
        "evidence_url": "https://www.openstreetmap.org/node/13508752569",
        "osm_type": "node",
        "osm_id": "13508752569",
        "existence_status": "candidate",
        "price_status": "unknown",
        "rule_status": "unknown",
        "enrichment_status": "needs_review",
        "needs_enrichment": true,
        "confidence": 0.35,
        "ordinary_parking_status": "not_ordinary_parking_offer",
        "field_conflict_status": "needs_field_review",
        "confidence_reason": "OSM parking-related evidence reconciled from the basemap; this is not a verified ordinary parking offer.",
        "tainted": false,
        "raw_tags": {
          "amenity": "parking_entrance"
        },
        "raw_properties": {
          "type": "node",
          "id": "13508752569",
          "tags": {
            "amenity": "parking_entrance"
          },
          "relations": [],
          "meta": {
            "timestamp": "2026-01-29T10:09:42Z",
            "version": "1",
            "changeset": "177839883",
            "user": "sbedwal_Lyft",
            "uid": "18783691"
          }
        }
      }
    },
    {
      "type": "Feature",
      "geometry": {
        "type": "Point",
        "coordinates": [
          -80.132074,
          25.8235152
        ]
      },
      "properties": {
        "source_id": "osm:node:13508752571",
        "source_name": "OpenStreetMap bounded basemap reconciliation",
        "name": "OSM parking evidence",
        "facility_type": "parking_entrance",
        "parking_evidence_kind": "parking_entrance_evidence",
        "access": "",
        "fee": "unknown",
        "operator": "",
        "source_url": "https://www.openstreetmap.org/node/13508752571",
        "api_url": "https://api.openstreetmap.org/api/0.6/map",
        "evidence_url": "https://www.openstreetmap.org/node/13508752571",
        "osm_type": "node",
        "osm_id": "13508752571",
        "existence_status": "candidate",
        "price_status": "unknown",
        "rule_status": "unknown",
        "enrichment_status": "needs_review",
        "needs_enrichment": true,
        "confidence": 0.35,
        "ordinary_parking_status": "not_ordinary_parking_offer",
        "field_conflict_status": "needs_field_review",
        "confidence_reason": "OSM parking-related evidence reconciled from the basemap; this is not a verified ordinary parking offer.",
        "tainted": false,
        "raw_tags": {
          "amenity": "parking_entrance"
        },
        "raw_properties": {
          "type": "node",
          "id": "13508752571",
          "tags": {
            "amenity": "parking_entrance"
          },
          "relations": [],
          "meta": {
            "timestamp": "2026-01-29T10:09:42Z",
            "version": "1",
            "changeset": "177839883",
            "user": "sbedwal_Lyft",
            "uid": "18783691"
          }
        }
      }
    },
    {
      "type": "Feature",
      "geometry": {
        "type": "Point",
        "coordinates": [
          -80.1318067,
          25.8233531
        ]
      },
      "properties": {
        "source_id": "osm:node:13508752574",
        "source_name": "OpenStreetMap bounded basemap reconciliation",
        "name": "OSM parking evidence",
        "facility_type": "parking_entrance",
        "parking_evidence_kind": "parking_entrance_evidence",
        "access": "",
        "fee": "unknown",
        "operator": "",
        "source_url": "https://www.openstreetmap.org/node/13508752574",
        "api_url": "https://api.openstreetmap.org/api/0.6/map",
        "evidence_url": "https://www.openstreetmap.org/node/13508752574",
        "osm_type": "node",
        "osm_id": "13508752574",
        "existence_status": "candidate",
        "price_status": "unknown",
        "rule_status": "unknown",
        "enrichment_status": "needs_review",
        "needs_enrichment": true,
        "confidence": 0.35,
        "ordinary_parking_status": "not_ordinary_parking_offer",
        "field_conflict_status": "needs_field_review",
        "confidence_reason": "OSM parking-related evidence reconciled from the basemap; this is not a verified ordinary parking offer.",
        "tainted": false,
        "raw_tags": {
          "amenity": "parking_entrance"
        },
        "raw_properties": {
          "type": "node",
          "id": "13508752574",
          "tags": {
            "amenity": "parking_entrance"
          },
          "relations": [],
          "meta": {
            "timestamp": "2026-01-29T10:09:42Z",
            "version": "1",
            "changeset": "177839883",
            "user": "sbedwal_Lyft",
            "uid": "18783691"
          }
        }
      }
    }
  ]
}