{
  "type": "FeatureCollection",
  "metadata": {
    "city": "miami",
    "source": "OpenStreetMap Overpass",
    "coverage_role": "candidate_coverage_baseline",
    "complete": true,
    "generated_at_unix": 1781269220,
    "count": 202,
    "point_count": 202,
    "line_count": 0,
    "polygon_count": 0,
    "duration_seconds": 6.58
  },
  "features": [
    {
      "type": "Feature",
      "geometry": {
        "type": "Point",
        "coordinates": [
          -80.1322721,
          25.7965985
        ]
      },
      "properties": {
        "source_id": "osm:node:99357532",
        "source_name": "OpenStreetMap via Overpass",
        "name": "Unnamed parking",
        "facility_type": "parking_entrance",
        "fee": "unknown",
        "capacity": "",
        "operator": "",
        "access": "",
        "opening_hours": "",
        "charge": "",
        "website": "",
        "phone": "",
        "osm_type": "node",
        "osm_id": 99357532,
        "geometry_quality": "osm_point",
        "price_status": "unknown",
        "needs_enrichment": true,
        "confidence": 0.55,
        "last_verified_source": "OpenStreetMap via Overpass",
        "raw_tags": {
          "amenity": "parking_entrance"
        }
      }
    },
    {
      "type": "Feature",
      "geometry": {
        "type": "Point",
        "coordinates": [
          -80.1374036,
          25.7898541
        ]
      },
      "properties": {
        "source_id": "osm:node:631764068",
        "source_name": "OpenStreetMap via Overpass",
        "name": "Unnamed parking",
        "facility_type": "parking",
        "fee": "unknown",
        "capacity": "",
        "operator": "",
        "access": "",
        "opening_hours": "",
        "charge": "",
        "website": "",
        "phone": "",
        "osm_type": "node",
        "osm_id": 631764068,
        "geometry_quality": "osm_point",
        "price_status": "unknown",
        "needs_enrichment": true,
        "confidence": 0.55,
        "last_verified_source": "OpenStreetMap via Overpass",
        "raw_tags": {
          "amenity": "parking"
        }
      }
    },
    {
      "type": "Feature",
      "geometry": {
        "type": "Point",
        "coordinates": [
          -80.1308877,
          25.7829681
        ]
      },
      "properties": {
        "source_id": "osm:node:903627370",
        "source_name": "OpenStreetMap via Overpass",
        "name": "Unnamed parking",
        "facility_type": "parking",
        "fee": "unknown",
        "capacity": "",
        "operator": "",
        "access": "",
        "opening_hours": "",
        "charge": "",
        "website": "",
        "phone": "",
        "osm_type": "node",
        "osm_id": 903627370,
        "geometry_quality": "osm_point",
        "price_status": "unknown",
        "needs_enrichment": true,
        "confidence": 0.55,
        "last_verified_source": "OpenStreetMap via Overpass",
        "raw_tags": {
          "amenity": "parking"
        }
      }
    },
    {
      "type": "Feature",
      "geometry": {
        "type": "Point",
        "coordinates": [
          -80.1477882,
          25.7901397
        ]
      },
      "properties": {
        "source_id": "osm:node:2031903839",
        "source_name": "OpenStreetMap via Overpass",
        "name": "Unnamed parking",
        "facility_type": "parking_entrance",
        "fee": "unknown",
        "capacity": "",
        "operator": "",
        "access": "",
        "opening_hours": "",
        "charge": "",
        "website": "",
        "phone": "",
        "osm_type": "node",
        "osm_id": 2031903839,
        "geometry_quality": "osm_point",
        "price_status": "unknown",
        "needs_enrichment": true,
        "confidence": 0.55,
        "last_verified_source": "OpenStreetMap via Overpass",
        "raw_tags": {
          "amenity": "parking_entrance"
        }
      }
    },
    {
      "type": "Feature",
      "geometry": {
        "type": "Point",
        "coordinates": [
          -80.1307092,
          25.784152
        ]
      },
      "properties": {
        "source_id": "osm:node:2082916739",
        "source_name": "OpenStreetMap via Overpass",
        "name": "13th Street Garage",
        "facility_type": "multi-storey",
        "fee": "yes",
        "capacity": "286",
        "operator": "City of Miami Beach",
        "access": "",
        "opening_hours": "",
        "charge": "1 USD/hour",
        "website": "",
        "phone": "",
        "osm_type": "node",
        "osm_id": 2082916739,
        "geometry_quality": "osm_point",
        "price_status": "known",
        "needs_enrichment": false,
        "confidence": 0.65,
        "last_verified_source": "OpenStreetMap via Overpass",
        "raw_tags": {
          "amenity": "parking",
          "capacity": "286",
          "charge": "1 USD/hour",
          "fee": "yes",
          "name": "13th Street Garage",
          "operator": "City of Miami Beach",
          "parking": "multi-storey"
        }
      }
    },
    {
      "type": "Feature",
      "geometry": {
        "type": "Point",
        "coordinates": [
          -80.1350519,
          25.7920389
        ]
      },
      "properties": {
        "source_id": "osm:node:4244180530",
        "source_name": "OpenStreetMap via Overpass",
        "name": "Unnamed parking",
        "facility_type": "parking_entrance",
        "fee": "unknown",
        "capacity": "",
        "operator": "",
        "access": "",
        "opening_hours": "",
        "charge": "",
        "website": "",
        "phone": "",
        "osm_type": "node",
        "osm_id": 4244180530,
        "geometry_quality": "osm_point",
        "price_status": "unknown",
        "needs_enrichment": true,
        "confidence": 0.55,
        "last_verified_source": "OpenStreetMap via Overpass",
        "raw_tags": {
          "amenity": "parking_entrance",
          "level": "0"
        }
      }
    },
    {
      "type": "Feature",
      "geometry": {
        "type": "Point",
        "coordinates": [
          -80.1349121,
          25.7920439
        ]
      },
      "properties": {
        "source_id": "osm:node:4244180548",
        "source_name": "OpenStreetMap via Overpass",
        "name": "Unnamed parking",
        "facility_type": "parking_entrance",
        "fee": "unknown",
        "capacity": "",
        "operator": "",
        "access": "",
        "opening_hours": "",
        "charge": "",
        "website": "",
        "phone": "",
        "osm_type": "node",
        "osm_id": 4244180548,
        "geometry_quality": "osm_point",
        "price_status": "unknown",
        "needs_enrichment": true,
        "confidence": 0.55,
        "last_verified_source": "OpenStreetMap via Overpass",
        "raw_tags": {
          "amenity": "parking_entrance",
          "level": "0"
        }
      }
    },
    {
      "type": "Feature",
      "geometry": {
        "type": "Point",
        "coordinates": [
          -80.1288126,
          25.7875143
        ]
      },
      "properties": {
        "source_id": "osm:node:4336461001",
        "source_name": "OpenStreetMap via Overpass",
        "name": "Unnamed parking",
        "facility_type": "parking_entrance",
        "fee": "unknown",
        "capacity": "",
        "operator": "",
        "access": "",
        "opening_hours": "",
        "charge": "",
        "website": "",
        "phone": "",
        "osm_type": "node",
        "osm_id": 4336461001,
        "geometry_quality": "osm_point",
        "price_status": "unknown",
        "needs_enrichment": true,
        "confidence": 0.55,
        "last_verified_source": "OpenStreetMap via Overpass",
        "raw_tags": {
          "amenity": "parking_entrance"
        }
      }
    },
    {
      "type": "Feature",
      "geometry": {
        "type": "Point",
        "coordinates": [
          -80.1427571,
          25.7815944
        ]
      },
      "properties": {
        "source_id": "osm:node:5441144087",
        "source_name": "OpenStreetMap via Overpass",
        "name": "Unnamed parking",
        "facility_type": "parking_entrance",
        "fee": "unknown",
        "capacity": "",
        "operator": "",
        "access": "",
        "opening_hours": "",
        "charge": "",
        "website": "",
        "phone": "",
        "osm_type": "node",
        "osm_id": 5441144087,
        "geometry_quality": "osm_point",
        "price_status": "unknown",
        "needs_enrichment": true,
        "confidence": 0.55,
        "last_verified_source": "OpenStreetMap via Overpass",
        "raw_tags": {
          "amenity": "parking_entrance"
        }
      }
    },
    {
      "type": "Feature",
      "geometry": {
        "type": "Point",
        "coordinates": [
          -80.1428032,
          25.7822761
        ]
      },
      "properties": {
        "source_id": "osm:node:5441144093",
        "source_name": "OpenStreetMap via Overpass",
        "name": "Unnamed parking",
        "facility_type": "parking_entrance",
        "fee": "unknown",
        "capacity": "",
        "operator": "",
        "access": "",
        "opening_hours": "",
        "charge": "",
        "website": "",
        "phone": "",
        "osm_type": "node",
        "osm_id": 5441144093,
        "geometry_quality": "osm_point",
        "price_status": "unknown",
        "needs_enrichment": true,
        "confidence": 0.55,
        "last_verified_source": "OpenStreetMap via Overpass",
        "raw_tags": {
          "amenity": "parking_entrance"
        }
      }
    },
    {
      "type": "Feature",
      "geometry": {
        "type": "Point",
        "coordinates": [
          -80.1420067,
          25.7922554
        ]
      },
      "properties": {
        "source_id": "osm:node:5600672041",
        "source_name": "OpenStreetMap via Overpass",
        "name": "Unnamed parking",
        "facility_type": "parking_entrance",
        "fee": "unknown",
        "capacity": "",
        "operator": "",
        "access": "",
        "opening_hours": "",
        "charge": "",
        "website": "",
        "phone": "",
        "osm_type": "node",
        "osm_id": 5600672041,
        "geometry_quality": "osm_point",
        "price_status": "unknown",
        "needs_enrichment": true,
        "confidence": 0.55,
        "last_verified_source": "OpenStreetMap via Overpass",
        "raw_tags": {
          "amenity": "parking_entrance",
          "level": "0"
        }
      }
    },
    {
      "type": "Feature",
      "geometry": {
        "type": "Point",
        "coordinates": [
          -80.1421933,
          25.7921288
        ]
      },
      "properties": {
        "source_id": "osm:node:5600672124",
        "source_name": "OpenStreetMap via Overpass",
        "name": "Unnamed parking",
        "facility_type": "parking_entrance",
        "fee": "unknown",
        "capacity": "",
        "operator": "",
        "access": "",
        "opening_hours": "",
        "charge": "",
        "website": "",
        "phone": "",
        "osm_type": "node",
        "osm_id": 5600672124,
        "geometry_quality": "osm_point",
        "price_status": "unknown",
        "needs_enrichment": true,
        "confidence": 0.55,
        "last_verified_source": "OpenStreetMap via Overpass",
        "raw_tags": {
          "amenity": "parking_entrance",
          "level": "0"
        }
      }
    },
    {
      "type": "Feature",
      "geometry": {
        "type": "Point",
        "coordinates": [
          -80.1428144,
          25.7951934
        ]
      },
      "properties": {
        "source_id": "osm:node:5605976532",
        "source_name": "OpenStreetMap via Overpass",
        "name": "Unnamed parking",
        "facility_type": "parking_entrance",
        "fee": "unknown",
        "capacity": "",
        "operator": "",
        "access": "",
        "opening_hours": "",
        "charge": "",
        "website": "",
        "phone": "",
        "osm_type": "node",
        "osm_id": 5605976532,
        "geometry_quality": "osm_point",
        "price_status": "unknown",
        "needs_enrichment": true,
        "confidence": 0.55,
        "last_verified_source": "OpenStreetMap via Overpass",
        "raw_tags": {
          "amenity": "parking_entrance",
          "level": "0"
        }
      }
    },
    {
      "type": "Feature",
      "geometry": {
        "type": "Point",
        "coordinates": [
          -80.1435921,
          25.794814
        ]
      },
      "properties": {
        "source_id": "osm:node:5605976533",
        "source_name": "OpenStreetMap via Overpass",
        "name": "Unnamed parking",
        "facility_type": "parking_entrance",
        "fee": "unknown",
        "capacity": "",
        "operator": "",
        "access": "",
        "opening_hours": "",
        "charge": "",
        "website": "",
        "phone": "",
        "osm_type": "node",
        "osm_id": 5605976533,
        "geometry_quality": "osm_point",
        "price_status": "unknown",
        "needs_enrichment": true,
        "confidence": 0.55,
        "last_verified_source": "OpenStreetMap via Overpass",
        "raw_tags": {
          "amenity": "parking_entrance",
          "level": "0"
        }
      }
    },
    {
      "type": "Feature",
      "geometry": {
        "type": "Point",
        "coordinates": [
          -80.1308006,
          25.789053
        ]
      },
      "properties": {
        "source_id": "osm:node:5611563163",
        "source_name": "OpenStreetMap via Overpass",
        "name": "Unnamed parking",
        "facility_type": "multi-storey",
        "fee": "unknown",
        "capacity": "",
        "operator": "",
        "access": "",
        "opening_hours": "",
        "charge": "",
        "website": "",
        "phone": "",
        "osm_type": "node",
        "osm_id": 5611563163,
        "geometry_quality": "osm_point",
        "price_status": "unknown",
        "needs_enrichment": true,
        "confidence": 0.55,
        "last_verified_source": "OpenStreetMap via Overpass",
        "raw_tags": {
          "amenity": "parking_entrance",
          "parking": "multi-storey"
        }
      }
    },
    {
      "type": "Feature",
      "geometry": {
        "type": "Point",
        "coordinates": [
          -80.1304803,
          25.78904
        ]
      },
      "properties": {
        "source_id": "osm:node:5611595821",
        "source_name": "OpenStreetMap via Overpass",
        "name": "Liquor Lounge Cafe",
        "facility_type": "yes",
        "fee": "yes",
        "capacity": "",
        "operator": "",
        "access": "customers",
        "opening_hours": "11:00-05:00",
        "charge": "",
        "website": "",
        "phone": "+1 305-672-7171",
        "osm_type": "node",
        "osm_id": 5611595821,
        "geometry_quality": "osm_point",
        "price_status": "known",
        "needs_enrichment": false,
        "confidence": 0.65,
        "last_verified_source": "OpenStreetMap via Overpass",
        "raw_tags": {
          "access": "customers",
          "addr:city": "Miami Beach",
          "addr:housenumber": "1560",
          "addr:postcode": "33139",
          "addr:state": "FL",
          "addr:street": "Collins Avenue",
          "alcohol": "yes",
          "amenity": "nightclub",
          "bar": "yes",
          "brewery": "yes",
          "cafe": "yes",
          "delivery": "no",
          "drink:beer": "yes",
          "drink:cocktail": "yes",
          "drink:distilled": "yes",
          "drink:wine": "yes",
          "fee": "yes",
          "food": "yes",
          "indoor_seating": "yes",
          "karaoke": "yes",
          "level": "0",
          "name": "Liquor Lounge Cafe",
          "opening_hours": "11:00-05:00",
          "outdoor_seating": "yes",
          "parking": "yes",
          "parking:wheelchair": "yes",
          "payment:credit_cards": "yes",
          "payment:debit_cards": "yes",
          "phone": "+1 305-672-7171",
          "reservation": "yes",
          "short_name": "Liquor Lounge",
          "toilets": "yes",
          "toilets:wheelchair": "yes",
          "wheelchair": "yes"
        }
      }
    },
    {
      "type": "Feature",
      "geometry": {
        "type": "Point",
        "coordinates": [
          -80.1410807,
          25.7909767
        ]
      },
      "properties": {
        "source_id": "osm:node:5614448853",
        "source_name": "OpenStreetMap via Overpass",
        "name": "Unnamed parking",
        "facility_type": "multi-storey",
        "fee": "unknown",
        "capacity": "",
        "operator": "",
        "access": "",
        "opening_hours": "",
        "charge": "",
        "website": "",
        "phone": "",
        "osm_type": "node",
        "osm_id": 5614448853,
        "geometry_quality": "osm_point",
        "price_status": "unknown",
        "needs_enrichment": true,
        "confidence": 0.55,
        "last_verified_source": "OpenStreetMap via Overpass",
        "raw_tags": {
          "amenity": "parking_entrance",
          "parking": "multi-storey"
        }
      }
    },
    {
      "type": "Feature",
      "geometry": {
        "type": "Point",
        "coordinates": [
          -80.1406416,
          25.791001
        ]
      },
      "properties": {
        "source_id": "osm:node:5614448854",
        "source_name": "OpenStreetMap via Overpass",
        "name": "Unnamed parking",
        "facility_type": "parking_entrance",
        "fee": "unknown",
        "capacity": "",
        "operator": "",
        "access": "",
        "opening_hours": "",
        "charge": "",
        "website": "",
        "phone": "",
        "osm_type": "node",
        "osm_id": 5614448854,
        "geometry_quality": "osm_point",
        "price_status": "unknown",
        "needs_enrichment": true,
        "confidence": 0.55,
        "last_verified_source": "OpenStreetMap via Overpass",
        "raw_tags": {
          "amenity": "parking_entrance",
          "covered": "yes"
        }
      }
    },
    {
      "type": "Feature",
      "geometry": {
        "type": "Point",
        "coordinates": [
          -80.142661,
          25.7939036
        ]
      },
      "properties": {
        "source_id": "osm:node:5623495521",
        "source_name": "OpenStreetMap via Overpass",
        "name": "Unnamed parking",
        "facility_type": "parking_entrance",
        "fee": "unknown",
        "capacity": "",
        "operator": "",
        "access": "",
        "opening_hours": "",
        "charge": "",
        "website": "",
        "phone": "",
        "osm_type": "node",
        "osm_id": 5623495521,
        "geometry_quality": "osm_point",
        "price_status": "unknown",
        "needs_enrichment": true,
        "confidence": 0.55,
        "last_verified_source": "OpenStreetMap via Overpass",
        "raw_tags": {
          "amenity": "parking_entrance",
          "level": "0"
        }
      }
    },
    {
      "type": "Feature",
      "geometry": {
        "type": "Point",
        "coordinates": [
          -80.1363919,
          25.7932352
        ]
      },
      "properties": {
        "source_id": "osm:node:5629495523",
        "source_name": "OpenStreetMap via Overpass",
        "name": "Unnamed parking",
        "facility_type": "parking_entrance",
        "fee": "unknown",
        "capacity": "",
        "operator": "",
        "access": "no",
        "opening_hours": "",
        "charge": "",
        "website": "",
        "phone": "",
        "osm_type": "node",
        "osm_id": 5629495523,
        "geometry_quality": "osm_point",
        "price_status": "unknown",
        "needs_enrichment": true,
        "confidence": 0.55,
        "last_verified_source": "OpenStreetMap via Overpass",
        "raw_tags": {
          "access": "no",
          "amenity": "parking_entrance",
          "foot": "yes"
        }
      }
    },
    {
      "type": "Feature",
      "geometry": {
        "type": "Point",
        "coordinates": [
          -80.1338698,
          25.7920679
        ]
      },
      "properties": {
        "source_id": "osm:node:5633591722",
        "source_name": "OpenStreetMap via Overpass",
        "name": "Unnamed parking",
        "facility_type": "parking_entrance",
        "fee": "unknown",
        "capacity": "",
        "operator": "",
        "access": "",
        "opening_hours": "",
        "charge": "",
        "website": "",
        "phone": "",
        "osm_type": "node",
        "osm_id": 5633591722,
        "geometry_quality": "osm_point",
        "price_status": "unknown",
        "needs_enrichment": true,
        "confidence": 0.55,
        "last_verified_source": "OpenStreetMap via Overpass",
        "raw_tags": {
          "amenity": "parking_entrance",
          "level": "0"
        }
      }
    },
    {
      "type": "Feature",
      "geometry": {
        "type": "Point",
        "coordinates": [
          -80.1316431,
          25.7896004
        ]
      },
      "properties": {
        "source_id": "osm:node:5638862629",
        "source_name": "OpenStreetMap via Overpass",
        "name": "Crema Gourmet Espresso Bar South Beach",
        "facility_type": "yes",
        "fee": "yes",
        "capacity": "",
        "operator": "",
        "access": "customers",
        "opening_hours": "08:00-17:00",
        "charge": "",
        "website": "https://www.cremagourmet.com",
        "phone": "+1 786-216-7343",
        "osm_type": "node",
        "osm_id": 5638862629,
        "geometry_quality": "osm_point",
        "price_status": "known",
        "needs_enrichment": false,
        "confidence": 0.65,
        "last_verified_source": "OpenStreetMap via Overpass",
        "raw_tags": {
          "access": "customers",
          "addr:city": "Miami Beach",
          "addr:housenumber": "1601",
          "addr:postcode": "33139",
          "addr:state": "FL",
          "addr:street": "Washington Avenue",
          "alcohol": "yes",
          "amenity": "cafe",
          "bar": "yes",
          "breakfast": "yes",
          "brewery": "yes",
          "cuisine": "european;sandwich;salad;soup;pasta;coffee_shop;tea;juice;brunch;dessert",
          "delivery": "yes",
          "diet:vegan": "yes",
          "diet:vegetarian": "yes",
          "dinner": "yes",
          "drink:beer": "yes",
          "drink:coffee": "yes",
          "drink:espresso": "yes",
          "drink:wine": "yes",
          "fast_food": "yes",
          "fee": "yes",
          "highchair": "yes",
          "internet_access": "yes",
          "internet_access:fee": "no",
          "level": "0",
          "lunch": "yes",
          "name": "Crema Gourmet Espresso Bar South Beach",
          "old_website": "https://www.cremagourmetespressobarfl.com/",
          "opening_hours": "08:00-17:00",
          "outdoor_seating": "yes",
          "parking": "yes",
          "parking:fee": "yes",
          "payment:credit_cards": "yes",
          "payment:debit_cards": "yes",
          "phone": "+1 786-216-7343",
          "reservation": "yes",
          "self_service": "yes",
          "short_name": "Crema Gourmet Espresso Bar",
          "start_date": "2012",
          "takeaway": "yes",
          "toilets": "yes",
          "toilets:wheelchair": "yes",
          "website": "https://www.cremagourmet.com",
          "website:menu": "https://www.cremagourmet.com/menus",
          "wheelchair": "yes"
        }
      }
    },
    {
      "type": "Feature",
      "geometry": {
        "type": "Point",
        "coordinates": [
          -80.1310577,
          25.7892626
        ]
      },
      "properties": {
        "source_id": "osm:node:5638863133",
        "source_name": "OpenStreetMap via Overpass",
        "name": "Unnamed parking",
        "facility_type": "multi-storey",
        "fee": "unknown",
        "capacity": "",
        "operator": "",
        "access": "",
        "opening_hours": "",
        "charge": "",
        "website": "",
        "phone": "",
        "osm_type": "node",
        "osm_id": 5638863133,
        "geometry_quality": "osm_point",
        "price_status": "unknown",
        "needs_enrichment": true,
        "confidence": 0.55,
        "last_verified_source": "OpenStreetMap via Overpass",
        "raw_tags": {
          "amenity": "parking_entrance",
          "level": "0",
          "parking": "multi-storey"
        }
      }
    },
    {
      "type": "Feature",
      "geometry": {
        "type": "Point",
        "coordinates": [
          -80.1313833,
          25.7892523
        ]
      },
      "properties": {
        "source_id": "osm:node:5638863226",
        "source_name": "OpenStreetMap via Overpass",
        "name": "Unnamed parking",
        "facility_type": "multi-storey",
        "fee": "unknown",
        "capacity": "",
        "operator": "",
        "access": "",
        "opening_hours": "",
        "charge": "",
        "website": "",
        "phone": "",
        "osm_type": "node",
        "osm_id": 5638863226,
        "geometry_quality": "osm_point",
        "price_status": "unknown",
        "needs_enrichment": true,
        "confidence": 0.55,
        "last_verified_source": "OpenStreetMap via Overpass",
        "raw_tags": {
          "amenity": "parking_entrance",
          "entrance": "yes",
          "foot": "yes",
          "level": "0",
          "parking": "multi-storey",
          "vehicle": "no"
        }
      }
    },
    {
      "type": "Feature",
      "geometry": {
        "type": "Point",
        "coordinates": [
          -80.1316203,
          25.7890744
        ]
      },
      "properties": {
        "source_id": "osm:node:5641755021",
        "source_name": "OpenStreetMap via Overpass",
        "name": "Unnamed parking",
        "facility_type": "rooftop",
        "fee": "unknown",
        "capacity": "",
        "operator": "",
        "access": "",
        "opening_hours": "",
        "charge": "",
        "website": "",
        "phone": "",
        "osm_type": "node",
        "osm_id": 5641755021,
        "geometry_quality": "osm_point",
        "price_status": "unknown",
        "needs_enrichment": true,
        "confidence": 0.55,
        "last_verified_source": "OpenStreetMap via Overpass",
        "raw_tags": {
          "amenity": "parking_entrance",
          "entrance": "yes",
          "foot": "yes",
          "level": "0",
          "parking": "rooftop",
          "vehicle": "no"
        }
      }
    },
    {
      "type": "Feature",
      "geometry": {
        "type": "Point",
        "coordinates": [
          -80.1327038,
          25.7892211
        ]
      },
      "properties": {
        "source_id": "osm:node:5647616821",
        "source_name": "OpenStreetMap via Overpass",
        "name": "420 Lincoln Road Public Parking",
        "facility_type": "multi-storey",
        "fee": "unknown",
        "capacity": "",
        "operator": "",
        "access": "",
        "opening_hours": "",
        "charge": "",
        "website": "",
        "phone": "",
        "osm_type": "node",
        "osm_id": 5647616821,
        "geometry_quality": "osm_point",
        "price_status": "unknown",
        "needs_enrichment": true,
        "confidence": 0.55,
        "last_verified_source": "OpenStreetMap via Overpass",
        "raw_tags": {
          "amenity": "parking_entrance",
          "level": "0",
          "name": "420 Lincoln Road Public Parking",
          "parking": "multi-storey"
        }
      }
    },
    {
      "type": "Feature",
      "geometry": {
        "type": "Point",
        "coordinates": [
          -80.1409785,
          25.7894457
        ]
      },
      "properties": {
        "source_id": "osm:node:7134733359",
        "source_name": "OpenStreetMap via Overpass",
        "name": "Unnamed parking",
        "facility_type": "multi-storey",
        "fee": "yes",
        "capacity": "",
        "operator": "",
        "access": "customers",
        "opening_hours": "",
        "charge": "",
        "website": "",
        "phone": "",
        "osm_type": "node",
        "osm_id": 7134733359,
        "geometry_quality": "osm_point",
        "price_status": "known",
        "needs_enrichment": false,
        "confidence": 0.65,
        "last_verified_source": "OpenStreetMap via Overpass",
        "raw_tags": {
          "access": "customers",
          "amenity": "parking_entrance",
          "fee": "yes",
          "level": "0",
          "parking": "multi-storey"
        }
      }
    },
    {
      "type": "Feature",
      "geometry": {
        "type": "Point",
        "coordinates": [
          -80.1410422,
          25.7898103
        ]
      },
      "properties": {
        "source_id": "osm:node:7134733362",
        "source_name": "OpenStreetMap via Overpass",
        "name": "Unnamed parking",
        "facility_type": "parking_entrance",
        "fee": "unknown",
        "capacity": "",
        "operator": "",
        "access": "",
        "opening_hours": "",
        "charge": "",
        "website": "",
        "phone": "",
        "osm_type": "node",
        "osm_id": 7134733362,
        "geometry_quality": "osm_point",
        "price_status": "unknown",
        "needs_enrichment": true,
        "confidence": 0.55,
        "last_verified_source": "OpenStreetMap via Overpass",
        "raw_tags": {
          "amenity": "parking_entrance",
          "entrance": "staircase",
          "foot": "yes",
          "motor_vehicle": "no"
        }
      }
    },
    {
      "type": "Feature",
      "geometry": {
        "type": "Point",
        "coordinates": [
          -80.1386586,
          25.7911474
        ]
      },
      "properties": {
        "source_id": "osm:node:7141713781",
        "source_name": "OpenStreetMap via Overpass",
        "name": "Unnamed parking",
        "facility_type": "multi-storey",
        "fee": "yes",
        "capacity": "",
        "operator": "",
        "access": "customers",
        "opening_hours": "",
        "charge": "",
        "website": "",
        "phone": "",
        "osm_type": "node",
        "osm_id": 7141713781,
        "geometry_quality": "osm_point",
        "price_status": "known",
        "needs_enrichment": false,
        "confidence": 0.65,
        "last_verified_source": "OpenStreetMap via Overpass",
        "raw_tags": {
          "access": "customers",
          "amenity": "parking_entrance",
          "fee": "yes",
          "foot": "no",
          "level": "0",
          "motor_vehicle": "customers",
          "parking": "multi-storey"
        }
      }
    },
    {
      "type": "Feature",
      "geometry": {
        "type": "Point",
        "coordinates": [
          -80.1378356,
          25.7915016
        ]
      },
      "properties": {
        "source_id": "osm:node:7141713783",
        "source_name": "OpenStreetMap via Overpass",
        "name": "Unnamed parking",
        "facility_type": "multi-storey",
        "fee": "yes",
        "capacity": "",
        "operator": "",
        "access": "customers",
        "opening_hours": "",
        "charge": "",
        "website": "",
        "phone": "",
        "osm_type": "node",
        "osm_id": 7141713783,
        "geometry_quality": "osm_point",
        "price_status": "known",
        "needs_enrichment": false,
        "confidence": 0.65,
        "last_verified_source": "OpenStreetMap via Overpass",
        "raw_tags": {
          "access": "customers",
          "amenity": "parking_entrance",
          "fee": "yes",
          "foot": "no",
          "level": "0",
          "motor_vehicle": "customers",
          "parking": "multi-storey"
        }
      }
    },
    {
      "type": "Feature",
      "geometry": {
        "type": "Point",
        "coordinates": [
          -80.1378265,
          25.79117
        ]
      },
      "properties": {
        "source_id": "osm:node:7141837790",
        "source_name": "OpenStreetMap via Overpass",
        "name": "Unnamed parking",
        "facility_type": "multi-storey",
        "fee": "unknown",
        "capacity": "",
        "operator": "",
        "access": "customers",
        "opening_hours": "",
        "charge": "",
        "website": "",
        "phone": "",
        "osm_type": "node",
        "osm_id": 7141837790,
        "geometry_quality": "osm_point",
        "price_status": "unknown",
        "needs_enrichment": true,
        "confidence": 0.55,
        "last_verified_source": "OpenStreetMap via Overpass",
        "raw_tags": {
          "access": "customers",
          "amenity": "parking_entrance",
          "entrance": "yes",
          "foot": "yes",
          "level": "0",
          "motor_vehicle": "no",
          "parking": "multi-storey"
        }
      }
    },
    {
      "type": "Feature",
      "geometry": {
        "type": "Point",
        "coordinates": [
          -80.1386725,
          25.7915231
        ]
      },
      "properties": {
        "source_id": "osm:node:7141837795",
        "source_name": "OpenStreetMap via Overpass",
        "name": "Unnamed parking",
        "facility_type": "multi-storey",
        "fee": "unknown",
        "capacity": "",
        "operator": "",
        "access": "customers",
        "opening_hours": "",
        "charge": "",
        "website": "",
        "phone": "",
        "osm_type": "node",
        "osm_id": 7141837795,
        "geometry_quality": "osm_point",
        "price_status": "unknown",
        "needs_enrichment": true,
        "confidence": 0.55,
        "last_verified_source": "OpenStreetMap via Overpass",
        "raw_tags": {
          "access": "customers",
          "amenity": "parking_entrance",
          "entrance": "yes",
          "foot": "yes",
          "level": "0",
          "motor_vehicle": "no",
          "parking": "multi-storey"
        }
      }
    },
    {
      "type": "Feature",
      "geometry": {
        "type": "Point",
        "coordinates": [
          -80.132902,
          25.7769293
        ]
      },
      "properties": {
        "source_id": "osm:node:7179546562",
        "source_name": "OpenStreetMap via Overpass",
        "name": "Unnamed parking",
        "facility_type": "parking_entrance",
        "fee": "unknown",
        "capacity": "",
        "operator": "",
        "access": "",
        "opening_hours": "",
        "charge": "",
        "website": "",
        "phone": "",
        "osm_type": "node",
        "osm_id": 7179546562,
        "geometry_quality": "osm_point",
        "price_status": "unknown",
        "needs_enrichment": true,
        "confidence": 0.55,
        "last_verified_source": "OpenStreetMap via Overpass",
        "raw_tags": {
          "amenity": "parking_entrance"
        }
      }
    },
    {
      "type": "Feature",
      "geometry": {
        "type": "Point",
        "coordinates": [
          -80.1252501,
          25.8034999
        ]
      },
      "properties": {
        "source_id": "osm:node:8123962511",
        "source_name": "OpenStreetMap via Overpass",
        "name": "Unnamed parking",
        "facility_type": "parking_entrance",
        "fee": "unknown",
        "capacity": "",
        "operator": "",
        "access": "",
        "opening_hours": "",
        "charge": "",
        "website": "",
        "phone": "",
        "osm_type": "node",
        "osm_id": 8123962511,
        "geometry_quality": "osm_point",
        "price_status": "unknown",
        "needs_enrichment": true,
        "confidence": 0.55,
        "last_verified_source": "OpenStreetMap via Overpass",
        "raw_tags": {
          "amenity": "parking_entrance"
        }
      }
    },
    {
      "type": "Feature",
      "geometry": {
        "type": "Point",
        "coordinates": [
          -80.1257487,
          25.8031102
        ]
      },
      "properties": {
        "source_id": "osm:node:8123962513",
        "source_name": "OpenStreetMap via Overpass",
        "name": "Unnamed parking",
        "facility_type": "parking_entrance",
        "fee": "unknown",
        "capacity": "",
        "operator": "",
        "access": "",
        "opening_hours": "",
        "charge": "",
        "website": "",
        "phone": "",
        "osm_type": "node",
        "osm_id": 8123962513,
        "geometry_quality": "osm_point",
        "price_status": "unknown",
        "needs_enrichment": true,
        "confidence": 0.55,
        "last_verified_source": "OpenStreetMap via Overpass",
        "raw_tags": {
          "amenity": "parking_entrance"
        }
      }
    },
    {
      "type": "Feature",
      "geometry": {
        "type": "Point",
        "coordinates": [
          -80.1249879,
          25.8034087
        ]
      },
      "properties": {
        "source_id": "osm:node:8123962515",
        "source_name": "OpenStreetMap via Overpass",
        "name": "Unnamed parking",
        "facility_type": "parking_entrance",
        "fee": "unknown",
        "capacity": "",
        "operator": "",
        "access": "",
        "opening_hours": "",
        "charge": "",
        "website": "",
        "phone": "",
        "osm_type": "node",
        "osm_id": 8123962515,
        "geometry_quality": "osm_point",
        "price_status": "unknown",
        "needs_enrichment": true,
        "confidence": 0.55,
        "last_verified_source": "OpenStreetMap via Overpass",
        "raw_tags": {
          "amenity": "parking_entrance"
        }
      }
    },
    {
      "type": "Feature",
      "geometry": {
        "type": "Point",
        "coordinates": [
          -80.1396125,
          25.7752017
        ]
      },
      "properties": {
        "source_id": "osm:node:8253995108",
        "source_name": "OpenStreetMap via Overpass",
        "name": "Unnamed parking",
        "facility_type": "parking_entrance",
        "fee": "unknown",
        "capacity": "",
        "operator": "",
        "access": "",
        "opening_hours": "",
        "charge": "",
        "website": "",
        "phone": "",
        "osm_type": "node",
        "osm_id": 8253995108,
        "geometry_quality": "osm_point",
        "price_status": "unknown",
        "needs_enrichment": true,
        "confidence": 0.55,
        "last_verified_source": "OpenStreetMap via Overpass",
        "raw_tags": {
          "amenity": "parking_entrance"
        }
      }
    },
    {
      "type": "Feature",
      "geometry": {
        "type": "Point",
        "coordinates": [
          -80.1260314,
          25.8016425
        ]
      },
      "properties": {
        "source_id": "osm:node:8882871554",
        "source_name": "OpenStreetMap via Overpass",
        "name": "Unnamed parking",
        "facility_type": "parking_entrance",
        "fee": "unknown",
        "capacity": "",
        "operator": "",
        "access": "",
        "opening_hours": "",
        "charge": "",
        "website": "",
        "phone": "",
        "osm_type": "node",
        "osm_id": 8882871554,
        "geometry_quality": "osm_point",
        "price_status": "unknown",
        "needs_enrichment": true,
        "confidence": 0.55,
        "last_verified_source": "OpenStreetMap via Overpass",
        "raw_tags": {
          "amenity": "parking_entrance"
        }
      }
    },
    {
      "type": "Feature",
      "geometry": {
        "type": "Point",
        "coordinates": [
          -80.1259486,
          25.80186
        ]
      },
      "properties": {
        "source_id": "osm:node:8882871555",
        "source_name": "OpenStreetMap via Overpass",
        "name": "Unnamed parking",
        "facility_type": "parking_entrance",
        "fee": "unknown",
        "capacity": "",
        "operator": "",
        "access": "",
        "opening_hours": "",
        "charge": "",
        "website": "",
        "phone": "",
        "osm_type": "node",
        "osm_id": 8882871555,
        "geometry_quality": "osm_point",
        "price_status": "unknown",
        "needs_enrichment": true,
        "confidence": 0.55,
        "last_verified_source": "OpenStreetMap via Overpass",
        "raw_tags": {
          "amenity": "parking_entrance"
        }
      }
    },
    {
      "type": "Feature",
      "geometry": {
        "type": "Point",
        "coordinates": [
          -80.1256459,
          25.8011969
        ]
      },
      "properties": {
        "source_id": "osm:node:8882871561",
        "source_name": "OpenStreetMap via Overpass",
        "name": "Unnamed parking",
        "facility_type": "parking_entrance",
        "fee": "unknown",
        "capacity": "",
        "operator": "",
        "access": "",
        "opening_hours": "",
        "charge": "",
        "website": "",
        "phone": "",
        "osm_type": "node",
        "osm_id": 8882871561,
        "geometry_quality": "osm_point",
        "price_status": "unknown",
        "needs_enrichment": true,
        "confidence": 0.55,
        "last_verified_source": "OpenStreetMap via Overpass",
        "raw_tags": {
          "amenity": "parking_entrance"
        }
      }
    },
    {
      "type": "Feature",
      "geometry": {
        "type": "Point",
        "coordinates": [
          -80.1256914,
          25.801211
        ]
      },
      "properties": {
        "source_id": "osm:node:8882871562",
        "source_name": "OpenStreetMap via Overpass",
        "name": "Unnamed parking",
        "facility_type": "parking_entrance",
        "fee": "unknown",
        "capacity": "",
        "operator": "",
        "access": "",
        "opening_hours": "",
        "charge": "",
        "website": "",
        "phone": "",
        "osm_type": "node",
        "osm_id": 8882871562,
        "geometry_quality": "osm_point",
        "price_status": "unknown",
        "needs_enrichment": true,
        "confidence": 0.55,
        "last_verified_source": "OpenStreetMap via Overpass",
        "raw_tags": {
          "amenity": "parking_entrance"
        }
      }
    },
    {
      "type": "Feature",
      "geometry": {
        "type": "Point",
        "coordinates": [
          -80.1257214,
          25.8021592
        ]
      },
      "properties": {
        "source_id": "osm:node:8882871564",
        "source_name": "OpenStreetMap via Overpass",
        "name": "Unnamed parking",
        "facility_type": "parking_entrance",
        "fee": "unknown",
        "capacity": "",
        "operator": "",
        "access": "",
        "opening_hours": "",
        "charge": "",
        "website": "",
        "phone": "",
        "osm_type": "node",
        "osm_id": 8882871564,
        "geometry_quality": "osm_point",
        "price_status": "unknown",
        "needs_enrichment": true,
        "confidence": 0.55,
        "last_verified_source": "OpenStreetMap via Overpass",
        "raw_tags": {
          "amenity": "parking_entrance"
        }
      }
    },
    {
      "type": "Feature",
      "geometry": {
        "type": "Point",
        "coordinates": [
          -80.1258809,
          25.8012701
        ]
      },
      "properties": {
        "source_id": "osm:node:8882871565",
        "source_name": "OpenStreetMap via Overpass",
        "name": "Unnamed parking",
        "facility_type": "parking_entrance",
        "fee": "unknown",
        "capacity": "",
        "operator": "",
        "access": "",
        "opening_hours": "",
        "charge": "",
        "website": "",
        "phone": "",
        "osm_type": "node",
        "osm_id": 8882871565,
        "geometry_quality": "osm_point",
        "price_status": "unknown",
        "needs_enrichment": true,
        "confidence": 0.55,
        "last_verified_source": "OpenStreetMap via Overpass",
        "raw_tags": {
          "amenity": "parking_entrance"
        }
      }
    },
    {
      "type": "Feature",
      "geometry": {
        "type": "Point",
        "coordinates": [
          -80.1292645,
          25.7909284
        ]
      },
      "properties": {
        "source_id": "osm:node:9078816565",
        "source_name": "OpenStreetMap via Overpass",
        "name": "Unnamed parking",
        "facility_type": "parking_entrance",
        "fee": "unknown",
        "capacity": "",
        "operator": "",
        "access": "",
        "opening_hours": "",
        "charge": "",
        "website": "",
        "phone": "",
        "osm_type": "node",
        "osm_id": 9078816565,
        "geometry_quality": "osm_point",
        "price_status": "unknown",
        "needs_enrichment": true,
        "confidence": 0.55,
        "last_verified_source": "OpenStreetMap via Overpass",
        "raw_tags": {
          "amenity": "parking_entrance"
        }
      }
    },
    {
      "type": "Feature",
      "geometry": {
        "type": "Point",
        "coordinates": [
          -80.1290157,
          25.7909109
        ]
      },
      "properties": {
        "source_id": "osm:node:9078816569",
        "source_name": "OpenStreetMap via Overpass",
        "name": "Unnamed parking",
        "facility_type": "parking_entrance",
        "fee": "unknown",
        "capacity": "",
        "operator": "",
        "access": "",
        "opening_hours": "",
        "charge": "",
        "website": "",
        "phone": "",
        "osm_type": "node",
        "osm_id": 9078816569,
        "geometry_quality": "osm_point",
        "price_status": "unknown",
        "needs_enrichment": true,
        "confidence": 0.55,
        "last_verified_source": "OpenStreetMap via Overpass",
        "raw_tags": {
          "amenity": "parking_entrance"
        }
      }
    },
    {
      "type": "Feature",
      "geometry": {
        "type": "Point",
        "coordinates": [
          -80.1294243,
          25.7987152
        ]
      },
      "properties": {
        "source_id": "osm:node:9509112352",
        "source_name": "OpenStreetMap via Overpass",
        "name": "Unnamed parking",
        "facility_type": "parking_entrance",
        "fee": "unknown",
        "capacity": "",
        "operator": "",
        "access": "",
        "opening_hours": "",
        "charge": "",
        "website": "",
        "phone": "",
        "osm_type": "node",
        "osm_id": 9509112352,
        "geometry_quality": "osm_point",
        "price_status": "unknown",
        "needs_enrichment": true,
        "confidence": 0.55,
        "last_verified_source": "OpenStreetMap via Overpass",
        "raw_tags": {
          "amenity": "parking_entrance"
        }
      }
    },
    {
      "type": "Feature",
      "geometry": {
        "type": "Point",
        "coordinates": [
          -80.135758,
          25.7749968
        ]
      },
      "properties": {
        "source_id": "osm:node:9653031472",
        "source_name": "OpenStreetMap via Overpass",
        "name": "Unnamed parking",
        "facility_type": "parking",
        "fee": "unknown",
        "capacity": "",
        "operator": "",
        "access": "",
        "opening_hours": "",
        "charge": "",
        "website": "",
        "phone": "",
        "osm_type": "node",
        "osm_id": 9653031472,
        "geometry_quality": "osm_point",
        "price_status": "unknown",
        "needs_enrichment": true,
        "confidence": 0.55,
        "last_verified_source": "OpenStreetMap via Overpass",
        "raw_tags": {
          "amenity": "parking"
        }
      }
    },
    {
      "type": "Feature",
      "geometry": {
        "type": "Point",
        "coordinates": [
          -80.1363865,
          25.7750301
        ]
      },
      "properties": {
        "source_id": "osm:node:9653031473",
        "source_name": "OpenStreetMap via Overpass",
        "name": "Unnamed parking",
        "facility_type": "parking",
        "fee": "unknown",
        "capacity": "",
        "operator": "",
        "access": "",
        "opening_hours": "",
        "charge": "",
        "website": "",
        "phone": "",
        "osm_type": "node",
        "osm_id": 9653031473,
        "geometry_quality": "osm_point",
        "price_status": "unknown",
        "needs_enrichment": true,
        "confidence": 0.55,
        "last_verified_source": "OpenStreetMap via Overpass",
        "raw_tags": {
          "amenity": "parking"
        }
      }
    },
    {
      "type": "Feature",
      "geometry": {
        "type": "Point",
        "coordinates": [
          -80.1368163,
          25.7755878
        ]
      },
      "properties": {
        "source_id": "osm:node:9653031474",
        "source_name": "OpenStreetMap via Overpass",
        "name": "Unnamed parking",
        "facility_type": "parking",
        "fee": "unknown",
        "capacity": "",
        "operator": "",
        "access": "",
        "opening_hours": "",
        "charge": "",
        "website": "",
        "phone": "",
        "osm_type": "node",
        "osm_id": 9653031474,
        "geometry_quality": "osm_point",
        "price_status": "unknown",
        "needs_enrichment": true,
        "confidence": 0.55,
        "last_verified_source": "OpenStreetMap via Overpass",
        "raw_tags": {
          "amenity": "parking"
        }
      }
    },
    {
      "type": "Feature",
      "geometry": {
        "type": "Point",
        "coordinates": [
          -80.1417194,
          25.7889884
        ]
      },
      "properties": {
        "source_id": "osm:node:9666476430",
        "source_name": "OpenStreetMap via Overpass",
        "name": "Unnamed parking",
        "facility_type": "parking_entrance",
        "fee": "unknown",
        "capacity": "",
        "operator": "",
        "access": "",
        "opening_hours": "",
        "charge": "",
        "website": "",
        "phone": "",
        "osm_type": "node",
        "osm_id": 9666476430,
        "geometry_quality": "osm_point",
        "price_status": "unknown",
        "needs_enrichment": true,
        "confidence": 0.55,
        "last_verified_source": "OpenStreetMap via Overpass",
        "raw_tags": {
          "amenity": "parking_entrance"
        }
      }
    },
    {
      "type": "Feature",
      "geometry": {
        "type": "Point",
        "coordinates": [
          -80.1417895,
          25.7892244
        ]
      },
      "properties": {
        "source_id": "osm:node:9666476431",
        "source_name": "OpenStreetMap via Overpass",
        "name": "Unnamed parking",
        "facility_type": "parking_entrance",
        "fee": "unknown",
        "capacity": "",
        "operator": "",
        "access": "",
        "opening_hours": "",
        "charge": "",
        "website": "",
        "phone": "",
        "osm_type": "node",
        "osm_id": 9666476431,
        "geometry_quality": "osm_point",
        "price_status": "unknown",
        "needs_enrichment": true,
        "confidence": 0.55,
        "last_verified_source": "OpenStreetMap via Overpass",
        "raw_tags": {
          "amenity": "parking_entrance"
        }
      }
    },
    {
      "type": "Feature",
      "geometry": {
        "type": "Point",
        "coordinates": [
          -80.1322372,
          25.7690301
        ]
      },
      "properties": {
        "source_id": "osm:node:10232512920",
        "source_name": "OpenStreetMap via Overpass",
        "name": "Nikki Beach Miami",
        "facility_type": "yes",
        "fee": "unknown",
        "capacity": "",
        "operator": "",
        "access": "",
        "opening_hours": "Mo-Th 12:00-18:00; Fr-Sa 12:00-20:00; Su 11:00-20:00",
        "charge": "",
        "website": "https://miami-beach.nikkibeach.com/",
        "phone": "+1 305-538-1111",
        "osm_type": "node",
        "osm_id": 10232512920,
        "geometry_quality": "osm_point",
        "price_status": "unknown",
        "needs_enrichment": true,
        "confidence": 0.55,
        "last_verified_source": "OpenStreetMap via Overpass",
        "raw_tags": {
          "addr:city": "Miami Beach",
          "addr:housenumber": "1",
          "addr:postcode": "33139",
          "addr:state": "FL",
          "addr:street": "Ocean Drive",
          "alcohol": "yes",
          "amenity": "restaurant",
          "bar": "yes",
          "beach_access": "yes",
          "breakfast": "yes",
          "brewery": "yes",
          "cuisine": "seafood;dessert;brunch",
          "delivery": "no",
          "description": "Swanky eatery & club on the beach",
          "diet:vegetarian": "yes",
          "dinner": "yes",
          "drink:beer": "yes",
          "drink:cocktail": "yes",
          "drink:coffee": "yes",
          "drink:distilled": "yes",
          "drink:wine": "yes",
          "highchair": "yes",
          "indoor_seating": "yes",
          "live_music": "yes",
          "lunch": "yes",
          "mobile": "+1 305-321-5238",
          "name": "Nikki Beach Miami",
          "opening_hours": "Mo-Th 12:00-18:00; Fr-Sa 12:00-20:00; Su 11:00-20:00",
          "outdoor_seating": "yes",
          "parking": "yes",
          "parking:fee": "yes",
          "parking:wheelchair": "yes",
          "payment:credit_cards": "yes",
          "payment:debit_cards": "yes",
          "phone": "+1 305-538-1111",
          "reservation": "recommended",
          "short_name": "Nikki Beach",
          "start_date": "1998",
          "takeaway": "yes",
          "toilets": "yes",
          "toilets:wheelchair": "yes",
          "website": "https://miami-beach.nikkibeach.com/",
          "wheelchair": "yes"
        }
      }
    },
    {
      "type": "Feature",
      "geometry": {
        "type": "Point",
        "coordinates": [
          -80.1350543,
          25.7669435
        ]
      },
      "properties": {
        "source_id": "osm:node:10232512924",
        "source_name": "OpenStreetMap via Overpass",
        "name": "City of Miami Beach",
        "facility_type": "parking",
        "fee": "unknown",
        "capacity": "",
        "operator": "City of Miami Beach",
        "access": "yes",
        "opening_hours": "",
        "charge": "",
        "website": "",
        "phone": "",
        "osm_type": "node",
        "osm_id": 10232512924,
        "geometry_quality": "osm_point",
        "price_status": "unknown",
        "needs_enrichment": true,
        "confidence": 0.55,
        "last_verified_source": "OpenStreetMap via Overpass",
        "raw_tags": {
          "access": "yes",
          "amenity": "parking",
          "description": "Miami Beach Parking Lot",
          "operator": "City of Miami Beach",
          "operator:type": "public",
          "surface": "asphalt"
        }
      }
    },
    {
      "type": "Feature",
      "geometry": {
        "type": "Point",
        "coordinates": [
          -80.1475268,
          25.7711993
        ]
      },
      "properties": {
        "source_id": "osm:node:10801253435",
        "source_name": "OpenStreetMap via Overpass",
        "name": "Unnamed parking",
        "facility_type": "parking_entrance",
        "fee": "unknown",
        "capacity": "",
        "operator": "",
        "access": "",
        "opening_hours": "",
        "charge": "",
        "website": "",
        "phone": "",
        "osm_type": "node",
        "osm_id": 10801253435,
        "geometry_quality": "osm_point",
        "price_status": "unknown",
        "needs_enrichment": true,
        "confidence": 0.55,
        "last_verified_source": "OpenStreetMap via Overpass",
        "raw_tags": {
          "amenity": "parking_entrance",
          "level": "0"
        }
      }
    },
    {
      "type": "Feature",
      "geometry": {
        "type": "Point",
        "coordinates": [
          -80.1472203,
          25.7713745
        ]
      },
      "properties": {
        "source_id": "osm:node:10801253436",
        "source_name": "OpenStreetMap via Overpass",
        "name": "Unnamed parking",
        "facility_type": "parking_entrance",
        "fee": "unknown",
        "capacity": "",
        "operator": "",
        "access": "",
        "opening_hours": "",
        "charge": "",
        "website": "",
        "phone": "",
        "osm_type": "node",
        "osm_id": 10801253436,
        "geometry_quality": "osm_point",
        "price_status": "unknown",
        "needs_enrichment": true,
        "confidence": 0.55,
        "last_verified_source": "OpenStreetMap via Overpass",
        "raw_tags": {
          "amenity": "parking_entrance",
          "level": "0"
        }
      }
    },
    {
      "type": "Feature",
      "geometry": {
        "type": "Point",
        "coordinates": [
          -80.1336342,
          25.7753117
        ]
      },
      "properties": {
        "source_id": "osm:node:10820659080",
        "source_name": "OpenStreetMap via Overpass",
        "name": "Unnamed parking",
        "facility_type": "multi-storey",
        "fee": "yes",
        "capacity": "",
        "operator": "",
        "access": "customers",
        "opening_hours": "",
        "charge": "30 USD",
        "website": "",
        "phone": "",
        "osm_type": "node",
        "osm_id": 10820659080,
        "geometry_quality": "osm_point",
        "price_status": "known",
        "needs_enrichment": false,
        "confidence": 0.65,
        "last_verified_source": "OpenStreetMap via Overpass",
        "raw_tags": {
          "access": "customers",
          "amenity": "parking",
          "charge": "30 USD",
          "fee": "yes",
          "lit": "yes",
          "parking": "multi-storey"
        }
      }
    },
    {
      "type": "Feature",
      "geometry": {
        "type": "Point",
        "coordinates": [
          -80.1335076,
          25.7754828
        ]
      },
      "properties": {
        "source_id": "osm:node:10820659081",
        "source_name": "OpenStreetMap via Overpass",
        "name": "Unnamed parking",
        "facility_type": "parking_entrance",
        "fee": "unknown",
        "capacity": "",
        "operator": "",
        "access": "",
        "opening_hours": "",
        "charge": "",
        "website": "",
        "phone": "",
        "osm_type": "node",
        "osm_id": 10820659081,
        "geometry_quality": "osm_point",
        "price_status": "unknown",
        "needs_enrichment": true,
        "confidence": 0.55,
        "last_verified_source": "OpenStreetMap via Overpass",
        "raw_tags": {
          "amenity": "parking_entrance"
        }
      }
    },
    {
      "type": "Feature",
      "geometry": {
        "type": "Point",
        "coordinates": [
          -80.1438276,
          25.7905644
        ]
      },
      "properties": {
        "source_id": "osm:node:10947597279",
        "source_name": "OpenStreetMap via Overpass",
        "name": "Gaythering",
        "facility_type": "yes",
        "fee": "unknown",
        "capacity": "",
        "operator": "",
        "access": "",
        "opening_hours": "Su-Th 17:00-24:00; Fr-Sa 17:00-02:00",
        "charge": "",
        "website": "https://www.gaythering.com/bar.html",
        "phone": "+1 786-284-1176",
        "osm_type": "node",
        "osm_id": 10947597279,
        "geometry_quality": "osm_point",
        "price_status": "unknown",
        "needs_enrichment": true,
        "confidence": 0.55,
        "last_verified_source": "OpenStreetMap via Overpass",
        "raw_tags": {
          "addr:city": "Miami Beach",
          "addr:housenumber": "1409",
          "addr:postcode": "33139",
          "addr:state": "FL",
          "addr:street": "Lincoln Road",
          "addr:unit": "F1",
          "alcohol": "yes",
          "alt_name": "Gaythering Bar",
          "amenity": "bar",
          "brewery": "yes",
          "delivery": "no",
          "dog": "yes",
          "drink:beer": "yes",
          "drink:cocktail": "yes",
          "drink:distilled": "yes",
          "drink:wine": "yes",
          "female": "no",
          "food": "yes",
          "internet_access": "yes",
          "internet_access:fee": "no",
          "karaoke": "yes",
          "latino_owner": "yes",
          "lgbtq": "only",
          "lgbtq_owner": "yes",
          "male": "yes",
          "name": "Gaythering",
          "opening_hours": "Su-Th 17:00-24:00; Fr-Sa 17:00-02:00",
          "outdoor_seating": "yes",
          "parking": "yes",
          "parking:fee": "yes",
          "payment:credit_cards": "yes",
          "payment:debit_cards": "yes",
          "phone": "+1 786-284-1176",
          "reservation": "no",
          "takeaway": "no",
          "toilets": "yes",
          "toilets:unisex": "yes",
          "unisex": "no",
          "website": "https://www.gaythering.com/bar.html",
          "wheelchair": "yes"
        }
      }
    },
    {
      "type": "Feature",
      "geometry": {
        "type": "Point",
        "coordinates": [
          -80.1341799,
          25.7912594
        ]
      },
      "properties": {
        "source_id": "osm:node:11183140699",
        "source_name": "OpenStreetMap via Overpass",
        "name": "Unnamed parking",
        "facility_type": "parking_entrance",
        "fee": "unknown",
        "capacity": "",
        "operator": "",
        "access": "",
        "opening_hours": "",
        "charge": "",
        "website": "",
        "phone": "",
        "osm_type": "node",
        "osm_id": 11183140699,
        "geometry_quality": "osm_point",
        "price_status": "unknown",
        "needs_enrichment": true,
        "confidence": 0.55,
        "last_verified_source": "OpenStreetMap via Overpass",
        "raw_tags": {
          "amenity": "parking_entrance"
        }
      }
    },
    {
      "type": "Feature",
      "geometry": {
        "type": "Point",
        "coordinates": [
          -80.142929,
          25.7849484
        ]
      },
      "properties": {
        "source_id": "osm:node:11242965704",
        "source_name": "OpenStreetMap via Overpass",
        "name": "Unnamed parking",
        "facility_type": "parking_entrance",
        "fee": "unknown",
        "capacity": "",
        "operator": "",
        "access": "",
        "opening_hours": "",
        "charge": "",
        "website": "",
        "phone": "",
        "osm_type": "node",
        "osm_id": 11242965704,
        "geometry_quality": "osm_point",
        "price_status": "unknown",
        "needs_enrichment": true,
        "confidence": 0.55,
        "last_verified_source": "OpenStreetMap via Overpass",
        "raw_tags": {
          "amenity": "parking_entrance"
        }
      }
    },
    {
      "type": "Feature",
      "geometry": {
        "type": "Point",
        "coordinates": [
          -80.1297851,
          25.7900075
        ]
      },
      "properties": {
        "source_id": "osm:node:11297323520",
        "source_name": "OpenStreetMap via Overpass",
        "name": "Unnamed parking",
        "facility_type": "parking_entrance",
        "fee": "unknown",
        "capacity": "",
        "operator": "",
        "access": "",
        "opening_hours": "",
        "charge": "",
        "website": "",
        "phone": "",
        "osm_type": "node",
        "osm_id": 11297323520,
        "geometry_quality": "osm_point",
        "price_status": "unknown",
        "needs_enrichment": true,
        "confidence": 0.55,
        "last_verified_source": "OpenStreetMap via Overpass",
        "raw_tags": {
          "amenity": "parking_entrance"
        }
      }
    },
    {
      "type": "Feature",
      "geometry": {
        "type": "Point",
        "coordinates": [
          -80.1414616,
          25.7926703
        ]
      },
      "properties": {
        "source_id": "osm:node:12272464957",
        "source_name": "OpenStreetMap via Overpass",
        "name": "Unnamed parking",
        "facility_type": "parking_entrance",
        "fee": "unknown",
        "capacity": "",
        "operator": "",
        "access": "",
        "opening_hours": "",
        "charge": "",
        "website": "",
        "phone": "",
        "osm_type": "node",
        "osm_id": 12272464957,
        "geometry_quality": "osm_point",
        "price_status": "unknown",
        "needs_enrichment": true,
        "confidence": 0.55,
        "last_verified_source": "OpenStreetMap via Overpass",
        "raw_tags": {
          "amenity": "parking_entrance"
        }
      }
    },
    {
      "type": "Feature",
      "geometry": {
        "type": "Point",
        "coordinates": [
          -80.1409397,
          25.7751301
        ]
      },
      "properties": {
        "source_id": "osm:node:12375135949",
        "source_name": "OpenStreetMap via Overpass",
        "name": "Unnamed parking",
        "facility_type": "parking_entrance",
        "fee": "unknown",
        "capacity": "",
        "operator": "",
        "access": "",
        "opening_hours": "",
        "charge": "",
        "website": "",
        "phone": "",
        "osm_type": "node",
        "osm_id": 12375135949,
        "geometry_quality": "osm_point",
        "price_status": "unknown",
        "needs_enrichment": true,
        "confidence": 0.55,
        "last_verified_source": "OpenStreetMap via Overpass",
        "raw_tags": {
          "amenity": "parking_entrance"
        }
      }
    },
    {
      "type": "Feature",
      "geometry": {
        "type": "Point",
        "coordinates": [
          -80.1449416,
          25.7611882
        ]
      },
      "properties": {
        "source_id": "osm:node:12409772955",
        "source_name": "OpenStreetMap via Overpass",
        "name": "Unnamed parking",
        "facility_type": "parking_entrance",
        "fee": "unknown",
        "capacity": "",
        "operator": "",
        "access": "",
        "opening_hours": "",
        "charge": "",
        "website": "",
        "phone": "",
        "osm_type": "node",
        "osm_id": 12409772955,
        "geometry_quality": "osm_point",
        "price_status": "unknown",
        "needs_enrichment": true,
        "confidence": 0.55,
        "last_verified_source": "OpenStreetMap via Overpass",
        "raw_tags": {
          "amenity": "parking_entrance"
        }
      }
    },
    {
      "type": "Feature",
      "geometry": {
        "type": "Point",
        "coordinates": [
          -80.1292436,
          25.7874114
        ]
      },
      "properties": {
        "source_id": "osm:node:12508856218",
        "source_name": "OpenStreetMap via Overpass",
        "name": "Unnamed parking",
        "facility_type": "parking_entrance",
        "fee": "unknown",
        "capacity": "",
        "operator": "",
        "access": "",
        "opening_hours": "",
        "charge": "",
        "website": "",
        "phone": "",
        "osm_type": "node",
        "osm_id": 12508856218,
        "geometry_quality": "osm_point",
        "price_status": "unknown",
        "needs_enrichment": true,
        "confidence": 0.55,
        "last_verified_source": "OpenStreetMap via Overpass",
        "raw_tags": {
          "amenity": "parking_entrance"
        }
      }
    },
    {
      "type": "Feature",
      "geometry": {
        "type": "Point",
        "coordinates": [
          -80.1435019,
          25.7911062
        ]
      },
      "properties": {
        "source_id": "osm:node:12990793897",
        "source_name": "OpenStreetMap via Overpass",
        "name": "Unnamed parking",
        "facility_type": "parking_entrance",
        "fee": "unknown",
        "capacity": "",
        "operator": "",
        "access": "",
        "opening_hours": "",
        "charge": "",
        "website": "",
        "phone": "",
        "osm_type": "node",
        "osm_id": 12990793897,
        "geometry_quality": "osm_point",
        "price_status": "unknown",
        "needs_enrichment": true,
        "confidence": 0.55,
        "last_verified_source": "OpenStreetMap via Overpass",
        "raw_tags": {
          "amenity": "parking_entrance"
        }
      }
    },
    {
      "type": "Feature",
      "geometry": {
        "type": "Point",
        "coordinates": [
          -80.1434941,
          25.7908798
        ]
      },
      "properties": {
        "source_id": "osm:node:12990825201",
        "source_name": "OpenStreetMap via Overpass",
        "name": "Unnamed parking",
        "facility_type": "parking_entrance",
        "fee": "unknown",
        "capacity": "",
        "operator": "",
        "access": "",
        "opening_hours": "",
        "charge": "",
        "website": "",
        "phone": "",
        "osm_type": "node",
        "osm_id": 12990825201,
        "geometry_quality": "osm_point",
        "price_status": "unknown",
        "needs_enrichment": true,
        "confidence": 0.55,
        "last_verified_source": "OpenStreetMap via Overpass",
        "raw_tags": {
          "amenity": "parking_entrance"
        }
      }
    },
    {
      "type": "Feature",
      "geometry": {
        "type": "Point",
        "coordinates": [
          -80.142569,
          25.7906641
        ]
      },
      "properties": {
        "source_id": "osm:node:12990825203",
        "source_name": "OpenStreetMap via Overpass",
        "name": "Unnamed parking",
        "facility_type": "parking_entrance",
        "fee": "unknown",
        "capacity": "",
        "operator": "",
        "access": "",
        "opening_hours": "",
        "charge": "",
        "website": "",
        "phone": "",
        "osm_type": "node",
        "osm_id": 12990825203,
        "geometry_quality": "osm_point",
        "price_status": "unknown",
        "needs_enrichment": true,
        "confidence": 0.55,
        "last_verified_source": "OpenStreetMap via Overpass",
        "raw_tags": {
          "amenity": "parking_entrance"
        }
      }
    },
    {
      "type": "Feature",
      "geometry": {
        "type": "Point",
        "coordinates": [
          -80.1542044,
          25.7697754
        ]
      },
      "properties": {
        "source_id": "osm:node:13235987149",
        "source_name": "OpenStreetMap via Overpass",
        "name": "Unnamed parking",
        "facility_type": "parking_entrance",
        "fee": "unknown",
        "capacity": "",
        "operator": "",
        "access": "",
        "opening_hours": "",
        "charge": "",
        "website": "",
        "phone": "",
        "osm_type": "node",
        "osm_id": 13235987149,
        "geometry_quality": "osm_point",
        "price_status": "unknown",
        "needs_enrichment": true,
        "confidence": 0.55,
        "last_verified_source": "OpenStreetMap via Overpass",
        "raw_tags": {
          "amenity": "parking_entrance"
        }
      }
    },
    {
      "type": "Feature",
      "geometry": {
        "type": "Point",
        "coordinates": [
          -80.1415464,
          25.7754377
        ]
      },
      "properties": {
        "source_id": "osm:node:13733999395",
        "source_name": "OpenStreetMap via Overpass",
        "name": "Unnamed parking",
        "facility_type": "parking_entrance",
        "fee": "unknown",
        "capacity": "",
        "operator": "",
        "access": "",
        "opening_hours": "",
        "charge": "",
        "website": "",
        "phone": "",
        "osm_type": "node",
        "osm_id": 13733999395,
        "geometry_quality": "osm_point",
        "price_status": "unknown",
        "needs_enrichment": true,
        "confidence": 0.55,
        "last_verified_source": "OpenStreetMap via Overpass",
        "raw_tags": {
          "amenity": "parking_entrance"
        }
      }
    },
    {
      "type": "Feature",
      "geometry": {
        "type": "Point",
        "coordinates": [
          -80.1331963,
          25.7827078
        ]
      },
      "properties": {
        "source_id": "osm:node:13891402801",
        "source_name": "OpenStreetMap via Overpass",
        "name": "SP+ Parking Miami Beach",
        "facility_type": "parking",
        "fee": "unknown",
        "capacity": "",
        "operator": "Miami Beach City",
        "access": "",
        "opening_hours": "24/7",
        "charge": "",
        "website": "",
        "phone": "",
        "osm_type": "node",
        "osm_id": 13891402801,
        "geometry_quality": "osm_point",
        "price_status": "unknown",
        "needs_enrichment": true,
        "confidence": 0.55,
        "last_verified_source": "OpenStreetMap via Overpass",
        "raw_tags": {
          "amenity": "parking",
          "name": "SP+ Parking Miami Beach",
          "opening_hours": "24/7",
          "operator": "Miami Beach City"
        }
      }
    },
    {
      "type": "Feature",
      "geometry": {
        "type": "Point",
        "coordinates": [
          -80.1402218,
          25.772149
        ]
      },
      "properties": {
        "source_id": "osm:node:13893600410",
        "source_name": "OpenStreetMap via Overpass",
        "name": "Unnamed parking",
        "facility_type": "parking_entrance",
        "fee": "unknown",
        "capacity": "",
        "operator": "",
        "access": "",
        "opening_hours": "",
        "charge": "",
        "website": "",
        "phone": "",
        "osm_type": "node",
        "osm_id": 13893600410,
        "geometry_quality": "osm_point",
        "price_status": "unknown",
        "needs_enrichment": true,
        "confidence": 0.55,
        "last_verified_source": "OpenStreetMap via Overpass",
        "raw_tags": {
          "amenity": "parking_entrance"
        }
      }
    },
    {
      "type": "Feature",
      "geometry": {
        "type": "Point",
        "coordinates": [
          -80.135707,
          25.8022718
        ]
      },
      "properties": {
        "source_id": "osm:way:25480974",
        "source_name": "OpenStreetMap via Overpass",
        "name": "Miami Beach Golf Club",
        "facility_type": "yes",
        "fee": "unknown",
        "capacity": "",
        "operator": "",
        "access": "",
        "opening_hours": "07:00-20:00",
        "charge": "",
        "website": "https://www.miamibeachgolfclub.com/",
        "phone": "+1-305-532-3350",
        "osm_type": "way",
        "osm_id": 25480974,
        "geometry_quality": "osm_center_fallback",
        "price_status": "unknown",
        "needs_enrichment": true,
        "confidence": 0.55,
        "last_verified_source": "OpenStreetMap via Overpass",
        "raw_tags": {
          "addr:city": "Miami Beach",
          "addr:housenumber": "2301",
          "addr:postcode": "33140",
          "addr:state": "FL",
          "addr:street": "Alton Road",
          "description": "18 hole Par 72",
          "golf:course": "18_hole",
          "golf:par": "72",
          "leisure": "golf_course",
          "name": "Miami Beach Golf Club",
          "opening_hours": "07:00-20:00",
          "parking": "yes",
          "parking:wheelchair": "yes",
          "phone": "+1-305-532-3350",
          "start_date": "1923",
          "website": "https://www.miamibeachgolfclub.com/",
          "wheelchair": "yes"
        }
      }
    },
    {
      "type": "Feature",
      "geometry": {
        "type": "Point",
        "coordinates": [
          -80.1299789,
          25.7807351
        ]
      },
      "properties": {
        "source_id": "osm:way:76677464",
        "source_name": "OpenStreetMap via Overpass",
        "name": "Lummus Park",
        "facility_type": "yes",
        "fee": "unknown",
        "capacity": "",
        "operator": "",
        "access": "",
        "opening_hours": "",
        "charge": "",
        "website": "https://www.miamibeachfl.gov/city-hall/parks-and-recreation/parks-facilities-directory/lummus-park/",
        "phone": "",
        "osm_type": "way",
        "osm_id": 76677464,
        "geometry_quality": "osm_center_fallback",
        "price_status": "unknown",
        "needs_enrichment": true,
        "confidence": 0.55,
        "last_verified_source": "OpenStreetMap via Overpass",
        "raw_tags": {
          "addr:city": "Miami Beach",
          "addr:postcode": "33139",
          "addr:state": "FL",
          "addr:street": "Ocean Drive",
          "dog": "yes",
          "gnis:feature_id": "286216",
          "leisure": "park",
          "name": "Lummus Park",
          "parking": "yes",
          "parking:wheelchair": "yes",
          "picnic_table": "yes",
          "playground": "yes",
          "toilets": "yes",
          "toilets:wheelchair": "yes",
          "website": "https://www.miamibeachfl.gov/city-hall/parks-and-recreation/parks-facilities-directory/lummus-park/",
          "wheelchair": "yes",
          "wikidata": "Q13107165",
          "wikimedia_commons": "Category:Lummus Park, Miami Beach",
          "wikipedia": "en:Lummus Park, Miami Beach"
        }
      }
    },
    {
      "type": "Feature",
      "geometry": {
        "type": "Point",
        "coordinates": [
          -80.1319998,
          25.7712916
        ]
      },
      "properties": {
        "source_id": "osm:way:76678577",
        "source_name": "OpenStreetMap via Overpass",
        "name": "Marjory Stoneman Douglas Ocean Beach Park",
        "facility_type": "yes",
        "fee": "unknown",
        "capacity": "",
        "operator": "",
        "access": "",
        "opening_hours": "",
        "charge": "",
        "website": "https://www.miamibeachfl.gov/city-hall/parks-and-recreation/parks-facilities-directory/marjory-stoneman-douglas-park/",
        "phone": "",
        "osm_type": "way",
        "osm_id": 76678577,
        "geometry_quality": "osm_center_fallback",
        "price_status": "unknown",
        "needs_enrichment": true,
        "confidence": 0.55,
        "last_verified_source": "OpenStreetMap via Overpass",
        "raw_tags": {
          "dog": "yes",
          "leisure": "park",
          "name": "Marjory Stoneman Douglas Ocean Beach Park",
          "parking": "yes",
          "parking:wheelchair": "yes",
          "playground": "yes",
          "toilets": "yes",
          "toilets:wheelchair": "yes",
          "website": "https://www.miamibeachfl.gov/city-hall/parks-and-recreation/parks-facilities-directory/marjory-stoneman-douglas-park/",
          "wheelchair": "yes"
        }
      }
    },
    {
      "type": "Feature",
      "geometry": {
        "type": "Point",
        "coordinates": [
          -80.1340191,
          25.7658359
        ]
      },
      "properties": {
        "source_id": "osm:way:76683056",
        "source_name": "OpenStreetMap via Overpass",
        "name": "South Pointe Park",
        "facility_type": "yes",
        "fee": "unknown",
        "capacity": "",
        "operator": "City of Miami Beach",
        "access": "",
        "opening_hours": "",
        "charge": "",
        "website": "https://www.miamibeachfl.gov/city-hall/parks-and-recreation/parks-facilities-directory/south-pointe-park/",
        "phone": "",
        "osm_type": "way",
        "osm_id": 76683056,
        "geometry_quality": "osm_center_fallback",
        "price_status": "unknown",
        "needs_enrichment": true,
        "confidence": 0.55,
        "last_verified_source": "OpenStreetMap via Overpass",
        "raw_tags": {
          "addr:city": "Miami Beach",
          "addr:housenumber": "1",
          "addr:postcode": "33139",
          "addr:state": "FL",
          "addr:street": "Washington Avenue",
          "dog": "yes",
          "leisure": "park",
          "name": "South Pointe Park",
          "operator": "City of Miami Beach",
          "operator:type": "government",
          "parking": "yes",
          "parking:disabled": "yes",
          "picnic_table": "yes",
          "playground": "yes",
          "toilets": "yes",
          "toilets:wheelchair": "yes",
          "website": "https://www.miamibeachfl.gov/city-hall/parks-and-recreation/parks-facilities-directory/south-pointe-park/",
          "wheelchair": "yes",
          "wikidata": "Q7568258",
          "wikimedia_commons": "Category:South Pointe Park, Miami Beach",
          "wikipedia": "en:South Pointe Park"
        }
      }
    },
    {
      "type": "Feature",
      "geometry": {
        "type": "Point",
        "coordinates": [
          -80.1385947,
          25.7844442
        ]
      },
      "properties": {
        "source_id": "osm:way:76684242",
        "source_name": "OpenStreetMap via Overpass",
        "name": "Flamingo Park",
        "facility_type": "yes",
        "fee": "unknown",
        "capacity": "",
        "operator": "City of Miami Beach Government",
        "access": "yes",
        "opening_hours": "Mo-Su sunrise-sunset",
        "charge": "",
        "website": "https://www.miamibeachfl.gov/city-hall/parks-and-recreation/parks-facilities-directory/facility-info-flamingo-park/",
        "phone": "+1 305-673-7779",
        "osm_type": "way",
        "osm_id": 76684242,
        "geometry_quality": "osm_center_fallback",
        "price_status": "unknown",
        "needs_enrichment": true,
        "confidence": 0.55,
        "last_verified_source": "OpenStreetMap via Overpass",
        "raw_tags": {
          "access": "yes",
          "addr:city": "Miami Beach",
          "addr:housenumber": "999",
          "addr:postcode": "33139",
          "addr:state": "FL",
          "addr:street": "11th Street",
          "ele": "1",
          "gnis:feature_id": "282551",
          "leisure": "park",
          "name": "Flamingo Park",
          "opening_hours": "Mo-Su sunrise-sunset",
          "operator": "City of Miami Beach Government",
          "operator:type": "government",
          "parking": "yes",
          "parking:wheelchair": "yes",
          "pets": "no",
          "phone": "+1 305-673-7779",
          "picnic_table": "yes",
          "playground": "yes",
          "rental": "yes",
          "source": "City of Miami Beach Government",
          "swimming_pool": "yes",
          "tourism": "attraction",
          "website": "https://www.miamibeachfl.gov/city-hall/parks-and-recreation/parks-facilities-directory/facility-info-flamingo-park/",
          "wheelchair": "yes",
          "wikidata": "Q49489766",
          "wikipedia": "ceb:Flamingo Park (parke sa Tinipong Bansa, Florida, Miami-Dade County)"
        }
      }
    },
    {
      "type": "Feature",
      "geometry": {
        "type": "Point",
        "coordinates": [
          -80.1356088,
          25.795683
        ]
      },
      "properties": {
        "source_id": "osm:way:76690420",
        "source_name": "OpenStreetMap via Overpass",
        "name": "Miami Beach Botanical Garden",
        "facility_type": "yes",
        "fee": "unknown",
        "capacity": "",
        "operator": "",
        "access": "",
        "opening_hours": "",
        "charge": "",
        "website": "https://www.mbgarden.org/",
        "phone": "",
        "osm_type": "way",
        "osm_id": 76690420,
        "geometry_quality": "osm_center_fallback",
        "price_status": "unknown",
        "needs_enrichment": true,
        "confidence": 0.55,
        "last_verified_source": "OpenStreetMap via Overpass",
        "raw_tags": {
          "addr:city": "Miami Beach",
          "addr:housenumber": "2000",
          "addr:postcode": "33139",
          "addr:state": "FL",
          "addr:street": "Convention Center Drive",
          "dog": "yes",
          "ele": "1",
          "garden:type": "botanical",
          "gnis:feature_id": "2077707",
          "leisure": "garden",
          "name": "Miami Beach Botanical Garden",
          "parking": "yes",
          "parking:wheelchair": "yes",
          "picnic_table": "yes",
          "toilets": "yes",
          "tourism": "attraction",
          "website": "https://www.mbgarden.org/",
          "wheelchair": "yes"
        }
      }
    },
    {
      "type": "Feature",
      "geometry": {
        "type": "Point",
        "coordinates": [
          -80.1289423,
          25.7970093
        ]
      },
      "properties": {
        "source_id": "osm:way:76691659",
        "source_name": "OpenStreetMap via Overpass",
        "name": "Collins Park",
        "facility_type": "yes",
        "fee": "unknown",
        "capacity": "",
        "operator": "",
        "access": "",
        "opening_hours": "",
        "charge": "",
        "website": "https://www.miamibeachfl.gov/city-hall/parks-and-recreation/parks-facilities-directory/collins-park-bassmuseum/",
        "phone": "",
        "osm_type": "way",
        "osm_id": 76691659,
        "geometry_quality": "osm_center_fallback",
        "price_status": "unknown",
        "needs_enrichment": true,
        "confidence": 0.55,
        "last_verified_source": "OpenStreetMap via Overpass",
        "raw_tags": {
          "dog": "yes",
          "gnis:feature_id": "280665",
          "leisure": "park",
          "name": "Collins Park",
          "parking": "yes",
          "parking:fee": "no",
          "parking:wheelchair": "yes",
          "toilets": "yes",
          "toilets:wheelchair": "yes",
          "website": "https://www.miamibeachfl.gov/city-hall/parks-and-recreation/parks-facilities-directory/collins-park-bassmuseum/",
          "wheelchair": "yes",
          "wikidata": "Q49479163",
          "wikipedia": "ceb:Collins Park (parke sa Tinipong Bansa, Florida)"
        }
      }
    },
    {
      "type": "Feature",
      "geometry": {
        "type": "Point",
        "coordinates": [
          -80.1459155,
          25.772335
        ]
      },
      "properties": {
        "source_id": "osm:way:117820915",
        "source_name": "OpenStreetMap via Overpass",
        "name": "United States Coast Guard",
        "facility_type": "surface",
        "fee": "unknown",
        "capacity": "",
        "operator": "United States Coast Guard",
        "access": "private",
        "opening_hours": "",
        "charge": "",
        "website": "",
        "phone": "",
        "osm_type": "way",
        "osm_id": 117820915,
        "geometry_quality": "osm_center_fallback",
        "price_status": "unknown",
        "needs_enrichment": true,
        "confidence": 0.55,
        "last_verified_source": "OpenStreetMap via Overpass",
        "raw_tags": {
          "access": "private",
          "amenity": "parking",
          "area": "yes",
          "operator": "United States Coast Guard",
          "operator:short": "USCG",
          "operator:type": "military",
          "operator:wikidata": "Q11224",
          "parking": "surface",
          "surface": "paved"
        }
      }
    },
    {
      "type": "Feature",
      "geometry": {
        "type": "Point",
        "coordinates": [
          -80.1448075,
          25.7705698
        ]
      },
      "properties": {
        "source_id": "osm:way:117820916",
        "source_name": "OpenStreetMap via Overpass",
        "name": "United States Coast Guard",
        "facility_type": "surface",
        "fee": "unknown",
        "capacity": "",
        "operator": "United States Coast Guard",
        "access": "private",
        "opening_hours": "",
        "charge": "",
        "website": "",
        "phone": "",
        "osm_type": "way",
        "osm_id": 117820916,
        "geometry_quality": "osm_center_fallback",
        "price_status": "unknown",
        "needs_enrichment": true,
        "confidence": 0.55,
        "last_verified_source": "OpenStreetMap via Overpass",
        "raw_tags": {
          "access": "private",
          "amenity": "parking",
          "area": "yes",
          "operator": "United States Coast Guard",
          "operator:short": "USCG",
          "operator:type": "military",
          "operator:wikidata": "Q11224",
          "parking": "surface",
          "surface": "concrete"
        }
      }
    },
    {
      "type": "Feature",
      "geometry": {
        "type": "Point",
        "coordinates": [
          -80.1457182,
          25.7712056
        ]
      },
      "properties": {
        "source_id": "osm:way:117820924",
        "source_name": "OpenStreetMap via Overpass",
        "name": "United States Coast Guard",
        "facility_type": "street_side",
        "fee": "unknown",
        "capacity": "",
        "operator": "United States Coast Guard",
        "access": "private",
        "opening_hours": "",
        "charge": "",
        "website": "",
        "phone": "",
        "osm_type": "way",
        "osm_id": 117820924,
        "geometry_quality": "osm_center_fallback",
        "price_status": "unknown",
        "needs_enrichment": true,
        "confidence": 0.55,
        "last_verified_source": "OpenStreetMap via Overpass",
        "raw_tags": {
          "access": "private",
          "amenity": "parking",
          "area": "yes",
          "operator": "United States Coast Guard",
          "operator:short": "USCG",
          "operator:type": "military",
          "operator:wikidata": "Q11224",
          "orientation": "perpendicular",
          "parking": "street_side",
          "surface": "concrete"
        }
      }
    },
    {
      "type": "Feature",
      "geometry": {
        "type": "Point",
        "coordinates": [
          -80.1454922,
          25.7716315
        ]
      },
      "properties": {
        "source_id": "osm:way:117820927",
        "source_name": "OpenStreetMap via Overpass",
        "name": "United States Coast Guard",
        "facility_type": "surface",
        "fee": "unknown",
        "capacity": "",
        "operator": "United States Coast Guard",
        "access": "private",
        "opening_hours": "",
        "charge": "",
        "website": "",
        "phone": "",
        "osm_type": "way",
        "osm_id": 117820927,
        "geometry_quality": "osm_center_fallback",
        "price_status": "unknown",
        "needs_enrichment": true,
        "confidence": 0.55,
        "last_verified_source": "OpenStreetMap via Overpass",
        "raw_tags": {
          "access": "private",
          "amenity": "parking",
          "area": "yes",
          "operator": "United States Coast Guard",
          "operator:short": "USCG",
          "operator:type": "military",
          "operator:wikidata": "Q11224",
          "parking": "surface",
          "surface": "concrete"
        }
      }
    },
    {
      "type": "Feature",
      "geometry": {
        "type": "Point",
        "coordinates": [
          -80.1445885,
          25.7714244
        ]
      },
      "properties": {
        "source_id": "osm:way:117905358",
        "source_name": "OpenStreetMap via Overpass",
        "name": "United States Coast Guard",
        "facility_type": "surface",
        "fee": "unknown",
        "capacity": "",
        "operator": "United States Coast Guard",
        "access": "private",
        "opening_hours": "",
        "charge": "",
        "website": "",
        "phone": "",
        "osm_type": "way",
        "osm_id": 117905358,
        "geometry_quality": "osm_center_fallback",
        "price_status": "unknown",
        "needs_enrichment": true,
        "confidence": 0.55,
        "last_verified_source": "OpenStreetMap via Overpass",
        "raw_tags": {
          "access": "private",
          "amenity": "parking",
          "area": "yes",
          "operator": "United States Coast Guard",
          "operator:short": "USCG",
          "operator:type": "military",
          "operator:wikidata": "Q11224",
          "parking": "surface",
          "surface": "paved"
        }
      }
    },
    {
      "type": "Feature",
      "geometry": {
        "type": "Point",
        "coordinates": [
          -80.1472891,
          25.771231
        ]
      },
      "properties": {
        "source_id": "osm:way:117915909",
        "source_name": "OpenStreetMap via Overpass",
        "name": "Unnamed parking",
        "facility_type": "surface",
        "fee": "unknown",
        "capacity": "",
        "operator": "",
        "access": "",
        "opening_hours": "",
        "charge": "",
        "website": "",
        "phone": "",
        "osm_type": "way",
        "osm_id": 117915909,
        "geometry_quality": "osm_center_fallback",
        "price_status": "unknown",
        "needs_enrichment": true,
        "confidence": 0.55,
        "last_verified_source": "OpenStreetMap via Overpass",
        "raw_tags": {
          "amenity": "parking",
          "parking": "surface"
        }
      }
    },
    {
      "type": "Feature",
      "geometry": {
        "type": "Point",
        "coordinates": [
          -80.1359776,
          25.78989
        ]
      },
      "properties": {
        "source_id": "osm:way:120105971",
        "source_name": "OpenStreetMap via Overpass",
        "name": "Unnamed parking",
        "facility_type": "surface",
        "fee": "yes",
        "capacity": "",
        "operator": "",
        "access": "",
        "opening_hours": "",
        "charge": "",
        "website": "",
        "phone": "",
        "osm_type": "way",
        "osm_id": 120105971,
        "geometry_quality": "osm_center_fallback",
        "price_status": "known",
        "needs_enrichment": false,
        "confidence": 0.65,
        "last_verified_source": "OpenStreetMap via Overpass",
        "raw_tags": {
          "amenity": "parking",
          "fee": "yes",
          "parking": "surface",
          "source": "Bing Aerial",
          "surface": "paved"
        }
      }
    },
    {
      "type": "Feature",
      "geometry": {
        "type": "Point",
        "coordinates": [
          -80.1391144,
          25.7898128
        ]
      },
      "properties": {
        "source_id": "osm:way:120106694",
        "source_name": "OpenStreetMap via Overpass",
        "name": "Unnamed parking",
        "facility_type": "surface",
        "fee": "yes",
        "capacity": "",
        "operator": "",
        "access": "",
        "opening_hours": "",
        "charge": "",
        "website": "",
        "phone": "",
        "osm_type": "way",
        "osm_id": 120106694,
        "geometry_quality": "osm_center_fallback",
        "price_status": "known",
        "needs_enrichment": false,
        "confidence": 0.65,
        "last_verified_source": "OpenStreetMap via Overpass",
        "raw_tags": {
          "amenity": "parking",
          "fee": "yes",
          "parking": "surface",
          "source": "Bing Aerial",
          "surface": "paved"
        }
      }
    },
    {
      "type": "Feature",
      "geometry": {
        "type": "Point",
        "coordinates": [
          -80.1382115,
          25.7897703
        ]
      },
      "properties": {
        "source_id": "osm:way:120106699",
        "source_name": "OpenStreetMap via Overpass",
        "name": "Unnamed parking",
        "facility_type": "surface",
        "fee": "yes",
        "capacity": "",
        "operator": "",
        "access": "",
        "opening_hours": "",
        "charge": "",
        "website": "",
        "phone": "",
        "osm_type": "way",
        "osm_id": 120106699,
        "geometry_quality": "osm_center_fallback",
        "price_status": "known",
        "needs_enrichment": false,
        "confidence": 0.65,
        "last_verified_source": "OpenStreetMap via Overpass",
        "raw_tags": {
          "amenity": "parking",
          "fee": "yes",
          "parking": "surface",
          "source": "Bing Aerial",
          "surface": "paved"
        }
      }
    },
    {
      "type": "Feature",
      "geometry": {
        "type": "Point",
        "coordinates": [
          -80.1427698,
          25.7600944
        ]
      },
      "properties": {
        "source_id": "osm:way:161720245",
        "source_name": "OpenStreetMap via Overpass",
        "name": "Unnamed parking",
        "facility_type": "street_side",
        "fee": "unknown",
        "capacity": "",
        "operator": "",
        "access": "private",
        "opening_hours": "",
        "charge": "",
        "website": "",
        "phone": "",
        "osm_type": "way",
        "osm_id": 161720245,
        "geometry_quality": "osm_center_fallback",
        "price_status": "unknown",
        "needs_enrichment": true,
        "confidence": 0.55,
        "last_verified_source": "OpenStreetMap via Overpass",
        "raw_tags": {
          "access": "private",
          "amenity": "parking",
          "orientation": "perpendicular",
          "parking": "street_side"
        }
      }
    },
    {
      "type": "Feature",
      "geometry": {
        "type": "Point",
        "coordinates": [
          -80.1429468,
          25.7616535
        ]
      },
      "properties": {
        "source_id": "osm:way:161720246",
        "source_name": "OpenStreetMap via Overpass",
        "name": "Unnamed parking",
        "facility_type": "street_side",
        "fee": "unknown",
        "capacity": "",
        "operator": "",
        "access": "private",
        "opening_hours": "",
        "charge": "",
        "website": "",
        "phone": "",
        "osm_type": "way",
        "osm_id": 161720246,
        "geometry_quality": "osm_center_fallback",
        "price_status": "unknown",
        "needs_enrichment": true,
        "confidence": 0.55,
        "last_verified_source": "OpenStreetMap via Overpass",
        "raw_tags": {
          "access": "private",
          "amenity": "parking",
          "orientation": "diagonal",
          "parking": "street_side"
        }
      }
    },
    {
      "type": "Feature",
      "geometry": {
        "type": "Point",
        "coordinates": [
          -80.1428181,
          25.7614193
        ]
      },
      "properties": {
        "source_id": "osm:way:161720248",
        "source_name": "OpenStreetMap via Overpass",
        "name": "Unnamed parking",
        "facility_type": "street_side",
        "fee": "unknown",
        "capacity": "",
        "operator": "",
        "access": "private",
        "opening_hours": "",
        "charge": "",
        "website": "",
        "phone": "",
        "osm_type": "way",
        "osm_id": 161720248,
        "geometry_quality": "osm_center_fallback",
        "price_status": "unknown",
        "needs_enrichment": true,
        "confidence": 0.55,
        "last_verified_source": "OpenStreetMap via Overpass",
        "raw_tags": {
          "access": "private",
          "amenity": "parking",
          "orientation": "diagonal",
          "parking": "street_side"
        }
      }
    },
    {
      "type": "Feature",
      "geometry": {
        "type": "Point",
        "coordinates": [
          -80.1427403,
          25.7609127
        ]
      },
      "properties": {
        "source_id": "osm:way:161720249",
        "source_name": "OpenStreetMap via Overpass",
        "name": "Unnamed parking",
        "facility_type": "street_side",
        "fee": "unknown",
        "capacity": "",
        "operator": "",
        "access": "private",
        "opening_hours": "",
        "charge": "",
        "website": "",
        "phone": "",
        "osm_type": "way",
        "osm_id": 161720249,
        "geometry_quality": "osm_center_fallback",
        "price_status": "unknown",
        "needs_enrichment": true,
        "confidence": 0.55,
        "last_verified_source": "OpenStreetMap via Overpass",
        "raw_tags": {
          "access": "private",
          "amenity": "parking",
          "orientation": "diagonal",
          "parking": "street_side"
        }
      }
    },
    {
      "type": "Feature",
      "geometry": {
        "type": "Point",
        "coordinates": [
          -80.1429687,
          25.762261
        ]
      },
      "properties": {
        "source_id": "osm:way:164919337",
        "source_name": "OpenStreetMap via Overpass",
        "name": "Unnamed parking",
        "facility_type": "street_side",
        "fee": "unknown",
        "capacity": "",
        "operator": "",
        "access": "private",
        "opening_hours": "",
        "charge": "",
        "website": "",
        "phone": "",
        "osm_type": "way",
        "osm_id": 164919337,
        "geometry_quality": "osm_center_fallback",
        "price_status": "unknown",
        "needs_enrichment": true,
        "confidence": 0.55,
        "last_verified_source": "OpenStreetMap via Overpass",
        "raw_tags": {
          "access": "private",
          "amenity": "parking",
          "orientation": "diagonal",
          "parking": "street_side"
        }
      }
    },
    {
      "type": "Feature",
      "geometry": {
        "type": "Point",
        "coordinates": [
          -80.1369667,
          25.760643
        ]
      },
      "properties": {
        "source_id": "osm:way:164919548",
        "source_name": "OpenStreetMap via Overpass",
        "name": "Unnamed parking",
        "facility_type": "street_side",
        "fee": "unknown",
        "capacity": "",
        "operator": "",
        "access": "private",
        "opening_hours": "",
        "charge": "",
        "website": "",
        "phone": "",
        "osm_type": "way",
        "osm_id": 164919548,
        "geometry_quality": "osm_center_fallback",
        "price_status": "unknown",
        "needs_enrichment": true,
        "confidence": 0.55,
        "last_verified_source": "OpenStreetMap via Overpass",
        "raw_tags": {
          "access": "private",
          "amenity": "parking",
          "orientation": "perpendicular",
          "parking": "street_side"
        }
      }
    },
    {
      "type": "Feature",
      "geometry": {
        "type": "Point",
        "coordinates": [
          -80.1358255,
          25.7621346
        ]
      },
      "properties": {
        "source_id": "osm:way:164919549",
        "source_name": "OpenStreetMap via Overpass",
        "name": "Unnamed parking",
        "facility_type": "street_side",
        "fee": "unknown",
        "capacity": "",
        "operator": "",
        "access": "private",
        "opening_hours": "",
        "charge": "",
        "website": "",
        "phone": "",
        "osm_type": "way",
        "osm_id": 164919549,
        "geometry_quality": "osm_center_fallback",
        "price_status": "unknown",
        "needs_enrichment": true,
        "confidence": 0.55,
        "last_verified_source": "OpenStreetMap via Overpass",
        "raw_tags": {
          "access": "private",
          "amenity": "parking",
          "orientation": "perpendicular",
          "parking": "street_side"
        }
      }
    },
    {
      "type": "Feature",
      "geometry": {
        "type": "Point",
        "coordinates": [
          -80.1371067,
          25.7604215
        ]
      },
      "properties": {
        "source_id": "osm:way:164919550",
        "source_name": "OpenStreetMap via Overpass",
        "name": "Unnamed parking",
        "facility_type": "street_side",
        "fee": "unknown",
        "capacity": "",
        "operator": "",
        "access": "private",
        "opening_hours": "",
        "charge": "",
        "website": "",
        "phone": "",
        "osm_type": "way",
        "osm_id": 164919550,
        "geometry_quality": "osm_center_fallback",
        "price_status": "unknown",
        "needs_enrichment": true,
        "confidence": 0.55,
        "last_verified_source": "OpenStreetMap via Overpass",
        "raw_tags": {
          "access": "private",
          "amenity": "parking",
          "orientation": "perpendicular",
          "parking": "street_side"
        }
      }
    },
    {
      "type": "Feature",
      "geometry": {
        "type": "Point",
        "coordinates": [
          -80.136964,
          25.7614629
        ]
      },
      "properties": {
        "source_id": "osm:way:164919551",
        "source_name": "OpenStreetMap via Overpass",
        "name": "Unnamed parking",
        "facility_type": "street_side",
        "fee": "unknown",
        "capacity": "",
        "operator": "",
        "access": "private",
        "opening_hours": "",
        "charge": "",
        "website": "",
        "phone": "",
        "osm_type": "way",
        "osm_id": 164919551,
        "geometry_quality": "osm_center_fallback",
        "price_status": "unknown",
        "needs_enrichment": true,
        "confidence": 0.55,
        "last_verified_source": "OpenStreetMap via Overpass",
        "raw_tags": {
          "access": "private",
          "amenity": "parking",
          "orientation": "perpendicular",
          "parking": "street_side"
        }
      }
    },
    {
      "type": "Feature",
      "geometry": {
        "type": "Point",
        "coordinates": [
          -80.1469823,
          25.7915919
        ]
      },
      "properties": {
        "source_id": "osm:way:192460675",
        "source_name": "OpenStreetMap via Overpass",
        "name": "Unnamed parking",
        "facility_type": "parking",
        "fee": "unknown",
        "capacity": "",
        "operator": "",
        "access": "",
        "opening_hours": "",
        "charge": "",
        "website": "",
        "phone": "",
        "osm_type": "way",
        "osm_id": 192460675,
        "geometry_quality": "osm_center_fallback",
        "price_status": "unknown",
        "needs_enrichment": true,
        "confidence": 0.55,
        "last_verified_source": "OpenStreetMap via Overpass",
        "raw_tags": {
          "amenity": "parking"
        }
      }
    },
    {
      "type": "Feature",
      "geometry": {
        "type": "Point",
        "coordinates": [
          -80.1484399,
          25.7915893
        ]
      },
      "properties": {
        "source_id": "osm:way:192460677",
        "source_name": "OpenStreetMap via Overpass",
        "name": "Unnamed parking",
        "facility_type": "parking",
        "fee": "unknown",
        "capacity": "",
        "operator": "",
        "access": "",
        "opening_hours": "",
        "charge": "",
        "website": "",
        "phone": "",
        "osm_type": "way",
        "osm_id": 192460677,
        "geometry_quality": "osm_center_fallback",
        "price_status": "unknown",
        "needs_enrichment": true,
        "confidence": 0.55,
        "last_verified_source": "OpenStreetMap via Overpass",
        "raw_tags": {
          "amenity": "parking"
        }
      }
    },
    {
      "type": "Feature",
      "geometry": {
        "type": "Point",
        "coordinates": [
          -80.1494829,
          25.7905256
        ]
      },
      "properties": {
        "source_id": "osm:way:192645624",
        "source_name": "OpenStreetMap via Overpass",
        "name": "Unnamed parking",
        "facility_type": "parking",
        "fee": "unknown",
        "capacity": "",
        "operator": "",
        "access": "",
        "opening_hours": "",
        "charge": "",
        "website": "",
        "phone": "",
        "osm_type": "way",
        "osm_id": 192645624,
        "geometry_quality": "osm_center_fallback",
        "price_status": "unknown",
        "needs_enrichment": true,
        "confidence": 0.55,
        "last_verified_source": "OpenStreetMap via Overpass",
        "raw_tags": {
          "amenity": "parking"
        }
      }
    },
    {
      "type": "Feature",
      "geometry": {
        "type": "Point",
        "coordinates": [
          -80.1494218,
          25.7908995
        ]
      },
      "properties": {
        "source_id": "osm:way:192646825",
        "source_name": "OpenStreetMap via Overpass",
        "name": "Unnamed parking",
        "facility_type": "parking",
        "fee": "unknown",
        "capacity": "",
        "operator": "",
        "access": "",
        "opening_hours": "",
        "charge": "",
        "website": "",
        "phone": "",
        "osm_type": "way",
        "osm_id": 192646825,
        "geometry_quality": "osm_center_fallback",
        "price_status": "unknown",
        "needs_enrichment": true,
        "confidence": 0.55,
        "last_verified_source": "OpenStreetMap via Overpass",
        "raw_tags": {
          "amenity": "parking"
        }
      }
    },
    {
      "type": "Feature",
      "geometry": {
        "type": "Point",
        "coordinates": [
          -80.1469551,
          25.7901033
        ]
      },
      "properties": {
        "source_id": "osm:way:192647502",
        "source_name": "OpenStreetMap via Overpass",
        "name": "Unnamed parking",
        "facility_type": "parking",
        "fee": "unknown",
        "capacity": "",
        "operator": "",
        "access": "",
        "opening_hours": "",
        "charge": "",
        "website": "",
        "phone": "",
        "osm_type": "way",
        "osm_id": 192647502,
        "geometry_quality": "osm_center_fallback",
        "price_status": "unknown",
        "needs_enrichment": true,
        "confidence": 0.55,
        "last_verified_source": "OpenStreetMap via Overpass",
        "raw_tags": {
          "amenity": "parking"
        }
      }
    },
    {
      "type": "Feature",
      "geometry": {
        "type": "Point",
        "coordinates": [
          -80.1469099,
          25.7904813
        ]
      },
      "properties": {
        "source_id": "osm:way:192647503",
        "source_name": "OpenStreetMap via Overpass",
        "name": "Unnamed parking",
        "facility_type": "parking",
        "fee": "unknown",
        "capacity": "",
        "operator": "",
        "access": "",
        "opening_hours": "",
        "charge": "",
        "website": "",
        "phone": "",
        "osm_type": "way",
        "osm_id": 192647503,
        "geometry_quality": "osm_center_fallback",
        "price_status": "unknown",
        "needs_enrichment": true,
        "confidence": 0.55,
        "last_verified_source": "OpenStreetMap via Overpass",
        "raw_tags": {
          "amenity": "parking"
        }
      }
    },
    {
      "type": "Feature",
      "geometry": {
        "type": "Point",
        "coordinates": [
          -80.1468037,
          25.7905886
        ]
      },
      "properties": {
        "source_id": "osm:way:192647504",
        "source_name": "OpenStreetMap via Overpass",
        "name": "Unnamed parking",
        "facility_type": "parking",
        "fee": "unknown",
        "capacity": "",
        "operator": "",
        "access": "",
        "opening_hours": "",
        "charge": "",
        "website": "",
        "phone": "",
        "osm_type": "way",
        "osm_id": 192647504,
        "geometry_quality": "osm_center_fallback",
        "price_status": "unknown",
        "needs_enrichment": true,
        "confidence": 0.55,
        "last_verified_source": "OpenStreetMap via Overpass",
        "raw_tags": {
          "amenity": "parking"
        }
      }
    },
    {
      "type": "Feature",
      "geometry": {
        "type": "Point",
        "coordinates": [
          -80.138182,
          25.7867736
        ]
      },
      "properties": {
        "source_id": "osm:way:237435646",
        "source_name": "OpenStreetMap via Overpass",
        "name": "Miami Beach Parking Lot (P10)",
        "facility_type": "surface",
        "fee": "unknown",
        "capacity": "",
        "operator": "",
        "access": "",
        "opening_hours": "",
        "charge": "",
        "website": "",
        "phone": "",
        "osm_type": "way",
        "osm_id": 237435646,
        "geometry_quality": "osm_center_fallback",
        "price_status": "unknown",
        "needs_enrichment": true,
        "confidence": 0.55,
        "last_verified_source": "OpenStreetMap via Overpass",
        "raw_tags": {
          "access:conditional": "yes @ (09:00-22:00)",
          "amenity": "parking",
          "covered": "no",
          "maxstay:conditional": "3 hours @ (09:00-22:00)",
          "name": "Miami Beach Parking Lot (P10)",
          "parking": "surface",
          "parking:both:direction": "head_in",
          "ref": "P10",
          "surface": "asphalt",
          "wheelchair": "yes"
        }
      }
    },
    {
      "type": "Feature",
      "geometry": {
        "type": "Point",
        "coordinates": [
          -80.1417657,
          25.7798503
        ]
      },
      "properties": {
        "source_id": "osm:way:255394280",
        "source_name": "OpenStreetMap via Overpass",
        "name": "The Shoppes at West Avenue",
        "facility_type": "multi-storey",
        "fee": "yes",
        "capacity": "",
        "operator": "",
        "access": "yes",
        "opening_hours": "",
        "charge": "",
        "website": "",
        "phone": "",
        "osm_type": "way",
        "osm_id": 255394280,
        "geometry_quality": "osm_center_fallback",
        "price_status": "known",
        "needs_enrichment": false,
        "confidence": 0.65,
        "last_verified_source": "OpenStreetMap via Overpass",
        "raw_tags": {
          "access": "yes",
          "amenity": "parking",
          "building": "yes",
          "fee": "yes",
          "name": "The Shoppes at West Avenue",
          "parking": "multi-storey",
          "source": "Bing"
        }
      }
    },
    {
      "type": "Feature",
      "geometry": {
        "type": "Point",
        "coordinates": [
          -80.1312457,
          25.7811889
        ]
      },
      "properties": {
        "source_id": "osm:way:255402041",
        "source_name": "OpenStreetMap via Overpass",
        "name": "Pelican Garage Parking",
        "facility_type": "multi-storey",
        "fee": "yes",
        "capacity": "",
        "operator": "",
        "access": "",
        "opening_hours": "",
        "charge": "",
        "website": "",
        "phone": "",
        "osm_type": "way",
        "osm_id": 255402041,
        "geometry_quality": "osm_center_fallback",
        "price_status": "known",
        "needs_enrichment": false,
        "confidence": 0.65,
        "last_verified_source": "OpenStreetMap via Overpass",
        "raw_tags": {
          "amenity": "parking",
          "building": "yes",
          "fee": "yes",
          "name": "Pelican Garage Parking",
          "parking": "multi-storey",
          "source": "Bing"
        }
      }
    },
    {
      "type": "Feature",
      "geometry": {
        "type": "Point",
        "coordinates": [
          -80.1311645,
          25.7794191
        ]
      },
      "properties": {
        "source_id": "osm:way:255402204",
        "source_name": "OpenStreetMap via Overpass",
        "name": "Mango's Tropical Cafe Miami Beach",
        "facility_type": "yes",
        "fee": "yes",
        "capacity": "",
        "operator": "",
        "access": "customers",
        "opening_hours": "Mo-Fr 12:00-05:00; Sa-Su 11:00-05:00",
        "charge": "",
        "website": "https://miami.mangos.com/",
        "phone": "+1 305-673-4422",
        "osm_type": "way",
        "osm_id": 255402204,
        "geometry_quality": "osm_center_fallback",
        "price_status": "known",
        "needs_enrichment": false,
        "confidence": 0.65,
        "last_verified_source": "OpenStreetMap via Overpass",
        "raw_tags": {
          "access": "customers",
          "addr:city": "Miami Beach",
          "addr:housenumber": "900",
          "addr:postcode": "33139",
          "addr:state": "FL",
          "addr:street": "Ocean Drive",
          "alcohol": "yes",
          "alt_name": "Mango's Tropical Cafe South Beach",
          "alt_name:en": "Mango's Tropical Cafe South Beach",
          "amenity": "nightclub",
          "bar": "yes",
          "brewery": "yes",
          "building": "yes",
          "cafe": "yes",
          "contact:facebook": "MangosTropCafeMiami",
          "contact:instagram": "mangosmiami",
          "contact:twitter": "MiamiMangos",
          "contact:youtube": "mangosmiami",
          "dance:style": "salsa",
          "dance:teaching": "yes",
          "delivery": "yes",
          "dinner": "yes",
          "drink:beer": "yes",
          "drink:cocktail": "yes",
          "drink:distilled": "yes",
          "drink:wine": "yes",
          "email": "info@mangos.com",
          "fee": "yes",
          "food": "yes",
          "indoor_seating": "yes",
          "karaoke": "yes",
          "leisure": "dance",
          "lgbtq": "welcome",
          "live_music": "yes",
          "name": "Mango's Tropical Cafe Miami Beach",
          "name:en": "Mango's Tropical Cafe Miami Beach",
          "name:es": "mango discoteca",
          "opening_hours": "Mo-Fr 12:00-05:00; Sa-Su 11:00-05:00",
          "outdoor_seating": "yes",
          "parking": "yes",
          "parking:covered": "no",
          "parking:fee": "yes",
          "parking:wheelchair": "no",
          "payment:credit_cards": "yes",
          "payment:debit_cards": "yes",
          "phone": "+1 305-673-4422",
          "reservation": "yes",
          "restaurant": "yes",
          "short_name": "Mango's Tropical Cafe",
          "short_name:en": "Mango's Tropical Cafe",
          "source": "Bing",
          "takeaway": "yes",
          "toilets": "yes",
          "toilets:wheelchair": "yes",
          "website": "https://miami.mangos.com/",
          "website:menu": "https://mangos.com/mangos-miami-beach/mangos-miami-beach-menu/",
          "wheelchair": "yes"
        }
      }
    },
    {
      "type": "Feature",
      "geometry": {
        "type": "Point",
        "coordinates": [
          -80.1439343,
          25.790585
        ]
      },
      "properties": {
        "source_id": "osm:way:258238120",
        "source_name": "OpenStreetMap via Overpass",
        "name": "Hôtel Gaythering",
        "facility_type": "yes",
        "fee": "unknown",
        "capacity": "",
        "operator": "",
        "access": "",
        "opening_hours": "",
        "charge": "",
        "website": "https://www.gaythering.com/",
        "phone": "+1 786-284-1176",
        "osm_type": "way",
        "osm_id": 258238120,
        "geometry_quality": "osm_center_fallback",
        "price_status": "unknown",
        "needs_enrichment": true,
        "confidence": 0.55,
        "last_verified_source": "OpenStreetMap via Overpass",
        "raw_tags": {
          "addr:city": "Miami Beach",
          "addr:housenumber": "1409",
          "addr:postcode": "33139",
          "addr:state": "FL",
          "addr:street": "Lincoln Road",
          "air_conditioning": "yes",
          "alt_name": "Gaythering Hotel",
          "bar": "yes",
          "breakfast": "yes",
          "breakfast:fee": "no",
          "building": "hotel",
          "check_in": "15:00",
          "check_out": "11:00",
          "description": "MIAMI BEACH'S ONLY GAY HOTEL Featuring: Bar Lounge, Men's Self-Spa and Daily Events.",
          "female": "no",
          "fitness_centre": "no",
          "hot_tub": "yes",
          "internet_access": "yes",
          "internet_access:fee": "no",
          "latino_owner": "yes",
          "lgbtq": "only",
          "lgbtq_owner": "yes",
          "male": "yes",
          "name": "Hôtel Gaythering",
          "parking": "yes",
          "parking:fee": "yes",
          "pets": "yes",
          "phone": "+1 786-284-1176",
          "restaurant": "yes",
          "sauna": "yes",
          "smoking": "no",
          "spa": "yes",
          "swimming_pool": "no",
          "tourism": "hotel",
          "unisex": "no",
          "website": "https://www.gaythering.com/",
          "wheelchair": "yes"
        }
      }
    },
    {
      "type": "Feature",
      "geometry": {
        "type": "Point",
        "coordinates": [
          -80.1429436,
          25.7914635
        ]
      },
      "properties": {
        "source_id": "osm:way:263067287",
        "source_name": "OpenStreetMap via Overpass",
        "name": "Unnamed parking",
        "facility_type": "yes",
        "fee": "unknown",
        "capacity": "",
        "operator": "",
        "access": "",
        "opening_hours": "",
        "charge": "",
        "website": "",
        "phone": "",
        "osm_type": "way",
        "osm_id": 263067287,
        "geometry_quality": "osm_center_fallback",
        "price_status": "unknown",
        "needs_enrichment": true,
        "confidence": 0.55,
        "last_verified_source": "OpenStreetMap via Overpass",
        "raw_tags": {
          "building": "yes",
          "parking": "yes"
        }
      }
    },
    {
      "type": "Feature",
      "geometry": {
        "type": "Point",
        "coordinates": [
          -80.1340014,
          25.7916556
        ]
      },
      "properties": {
        "source_id": "osm:way:277037896",
        "source_name": "OpenStreetMap via Overpass",
        "name": "Pennsylvania Avenue Garage",
        "facility_type": "multi-storey",
        "fee": "yes",
        "capacity": "550",
        "operator": "",
        "access": "",
        "opening_hours": "",
        "charge": "",
        "website": "",
        "phone": "",
        "osm_type": "way",
        "osm_id": 277037896,
        "geometry_quality": "osm_center_fallback",
        "price_status": "known",
        "needs_enrichment": false,
        "confidence": 0.65,
        "last_verified_source": "OpenStreetMap via Overpass",
        "raw_tags": {
          "addr:city": "Miami Beach",
          "addr:housenumber": "1661",
          "addr:postcode": "33139",
          "addr:state": "FL",
          "addr:street": "Pennsylvania Avenue",
          "amenity": "parking",
          "building": "garages",
          "building:levels": "5",
          "capacity": "550",
          "fee": "yes",
          "maxstay": "1 day",
          "name": "Pennsylvania Avenue Garage",
          "parking": "multi-storey",
          "supervised": "yes",
          "surface": "concrete"
        }
      }
    },
    {
      "type": "Feature",
      "geometry": {
        "type": "Point",
        "coordinates": [
          -80.1304818,
          25.7915363
        ]
      },
      "properties": {
        "source_id": "osm:way:277037903",
        "source_name": "OpenStreetMap via Overpass",
        "name": "Unnamed parking",
        "facility_type": "surface",
        "fee": "unknown",
        "capacity": "",
        "operator": "",
        "access": "",
        "opening_hours": "",
        "charge": "",
        "website": "",
        "phone": "",
        "osm_type": "way",
        "osm_id": 277037903,
        "geometry_quality": "osm_center_fallback",
        "price_status": "unknown",
        "needs_enrichment": true,
        "confidence": 0.55,
        "last_verified_source": "OpenStreetMap via Overpass",
        "raw_tags": {
          "amenity": "parking",
          "parking": "surface"
        }
      }
    },
    {
      "type": "Feature",
      "geometry": {
        "type": "Point",
        "coordinates": [
          -80.1361398,
          25.7929227
        ]
      },
      "properties": {
        "source_id": "osm:way:296949745",
        "source_name": "OpenStreetMap via Overpass",
        "name": "Municipal Garage No. 7",
        "facility_type": "multi-storey",
        "fee": "yes",
        "capacity": "",
        "operator": "",
        "access": "yes",
        "opening_hours": "",
        "charge": "",
        "website": "",
        "phone": "",
        "osm_type": "way",
        "osm_id": 296949745,
        "geometry_quality": "osm_center_fallback",
        "price_status": "known",
        "needs_enrichment": false,
        "confidence": 0.65,
        "last_verified_source": "OpenStreetMap via Overpass",
        "raw_tags": {
          "access": "yes",
          "addr:city": "Miami Beach",
          "addr:housenumber": "1755",
          "addr:postcode": "33139",
          "addr:state": "FL",
          "addr:street": "Meridian Avenue",
          "amenity": "parking",
          "building": "yes",
          "building:levels": "5",
          "fee": "yes",
          "name": "Municipal Garage No. 7",
          "parking": "multi-storey"
        }
      }
    },
    {
      "type": "Feature",
      "geometry": {
        "type": "Point",
        "coordinates": [
          -80.1349812,
          25.7915949
        ]
      },
      "properties": {
        "source_id": "osm:way:297682281",
        "source_name": "OpenStreetMap via Overpass",
        "name": "17th Street Parking Garage (G5)",
        "facility_type": "multi-storey",
        "fee": "yes",
        "capacity": "1460",
        "operator": "City of Miami Beach",
        "access": "yes",
        "opening_hours": "",
        "charge": "",
        "website": "https://www.miamibeachfl.gov/city-hall/parking/parking-garages-lot-locations/",
        "phone": "",
        "osm_type": "way",
        "osm_id": 297682281,
        "geometry_quality": "osm_center_fallback",
        "price_status": "known",
        "needs_enrichment": false,
        "confidence": 0.65,
        "last_verified_source": "OpenStreetMap via Overpass",
        "raw_tags": {
          "access": "yes",
          "addr:city": "Miami Beach",
          "addr:housenumber": "640",
          "addr:postcode": "33139",
          "addr:state": "FL",
          "addr:street": "17th Street",
          "amenity": "parking",
          "building": "yes",
          "capacity": "1460",
          "fee": "yes",
          "maxstay": "1 day",
          "name": "17th Street Parking Garage (G5)",
          "operator": "City of Miami Beach",
          "parking": "multi-storey",
          "supervised": "yes",
          "surface": "asphalt",
          "website": "https://www.miamibeachfl.gov/city-hall/parking/parking-garages-lot-locations/"
        }
      }
    },
    {
      "type": "Feature",
      "geometry": {
        "type": "Point",
        "coordinates": [
          -80.1408197,
          25.7908105
        ]
      },
      "properties": {
        "source_id": "osm:way:297682282",
        "source_name": "OpenStreetMap via Overpass",
        "name": "Unnamed parking",
        "facility_type": "multi-storey",
        "fee": "unknown",
        "capacity": "300",
        "operator": "",
        "access": "yes",
        "opening_hours": "",
        "charge": "",
        "website": "",
        "phone": "",
        "osm_type": "way",
        "osm_id": 297682282,
        "geometry_quality": "osm_center_fallback",
        "price_status": "unknown",
        "needs_enrichment": true,
        "confidence": 0.55,
        "last_verified_source": "OpenStreetMap via Overpass",
        "raw_tags": {
          "access": "yes",
          "amenity": "parking",
          "architect": "Herzog & de Meuron",
          "building": "yes",
          "capacity": "300",
          "description": "Multi-story parking lot for 300 cars also used as event location. Penthouse with sloped garden.",
          "parking": "multi-storey",
          "start_date": "2010"
        }
      }
    },
    {
      "type": "Feature",
      "geometry": {
        "type": "Point",
        "coordinates": [
          -80.13627,
          25.7674422
        ]
      },
      "properties": {
        "source_id": "osm:way:301905711",
        "source_name": "OpenStreetMap via Overpass",
        "name": "Unnamed parking",
        "facility_type": "multi-storey",
        "fee": "unknown",
        "capacity": "",
        "operator": "",
        "access": "",
        "opening_hours": "",
        "charge": "",
        "website": "",
        "phone": "",
        "osm_type": "way",
        "osm_id": 301905711,
        "geometry_quality": "osm_center_fallback",
        "price_status": "unknown",
        "needs_enrichment": true,
        "confidence": 0.55,
        "last_verified_source": "OpenStreetMap via Overpass",
        "raw_tags": {
          "amenity": "parking",
          "building": "garage",
          "parking": "multi-storey"
        }
      }
    },
    {
      "type": "Feature",
      "geometry": {
        "type": "Point",
        "coordinates": [
          -80.1414361,
          25.7890916
        ]
      },
      "properties": {
        "source_id": "osm:way:319274834",
        "source_name": "OpenStreetMap via Overpass",
        "name": "Unnamed parking",
        "facility_type": "surface",
        "fee": "unknown",
        "capacity": "",
        "operator": "",
        "access": "",
        "opening_hours": "",
        "charge": "",
        "website": "",
        "phone": "",
        "osm_type": "way",
        "osm_id": 319274834,
        "geometry_quality": "osm_center_fallback",
        "price_status": "unknown",
        "needs_enrichment": true,
        "confidence": 0.55,
        "last_verified_source": "OpenStreetMap via Overpass",
        "raw_tags": {
          "amenity": "parking",
          "parking": "surface",
          "surface": "asphalt"
        }
      }
    },
    {
      "type": "Feature",
      "geometry": {
        "type": "Point",
        "coordinates": [
          -80.1417194,
          25.7891252
        ]
      },
      "properties": {
        "source_id": "osm:way:319274835",
        "source_name": "OpenStreetMap via Overpass",
        "name": "Unnamed parking",
        "facility_type": "parking",
        "fee": "unknown",
        "capacity": "",
        "operator": "",
        "access": "",
        "opening_hours": "",
        "charge": "",
        "website": "",
        "phone": "",
        "osm_type": "way",
        "osm_id": 319274835,
        "geometry_quality": "osm_center_fallback",
        "price_status": "unknown",
        "needs_enrichment": true,
        "confidence": 0.55,
        "last_verified_source": "OpenStreetMap via Overpass",
        "raw_tags": {
          "amenity": "parking"
        }
      }
    },
    {
      "type": "Feature",
      "geometry": {
        "type": "Point",
        "coordinates": [
          -80.1407747,
          25.7880034
        ]
      },
      "properties": {
        "source_id": "osm:way:319274836",
        "source_name": "OpenStreetMap via Overpass",
        "name": "Unnamed parking",
        "facility_type": "parking",
        "fee": "unknown",
        "capacity": "",
        "operator": "",
        "access": "",
        "opening_hours": "",
        "charge": "",
        "website": "",
        "phone": "",
        "osm_type": "way",
        "osm_id": 319274836,
        "geometry_quality": "osm_center_fallback",
        "price_status": "unknown",
        "needs_enrichment": true,
        "confidence": 0.55,
        "last_verified_source": "OpenStreetMap via Overpass",
        "raw_tags": {
          "amenity": "parking"
        }
      }
    },
    {
      "type": "Feature",
      "geometry": {
        "type": "Point",
        "coordinates": [
          -80.1420832,
          25.7897361
        ]
      },
      "properties": {
        "source_id": "osm:way:319274837",
        "source_name": "OpenStreetMap via Overpass",
        "name": "Miami Beach Parking Lot",
        "facility_type": "surface",
        "fee": "yes",
        "capacity": "",
        "operator": "",
        "access": "yes",
        "opening_hours": "",
        "charge": "",
        "website": "",
        "phone": "",
        "osm_type": "way",
        "osm_id": 319274837,
        "geometry_quality": "osm_center_fallback",
        "price_status": "known",
        "needs_enrichment": false,
        "confidence": 0.65,
        "last_verified_source": "OpenStreetMap via Overpass",
        "raw_tags": {
          "access": "yes",
          "amenity": "parking",
          "fee": "yes",
          "name": "Miami Beach Parking Lot",
          "parking": "surface"
        }
      }
    },
    {
      "type": "Feature",
      "geometry": {
        "type": "Point",
        "coordinates": [
          -80.142145,
          25.7914466
        ]
      },
      "properties": {
        "source_id": "osm:way:319274839",
        "source_name": "OpenStreetMap via Overpass",
        "name": "Unnamed parking",
        "facility_type": "parking",
        "fee": "unknown",
        "capacity": "",
        "operator": "",
        "access": "customers",
        "opening_hours": "",
        "charge": "",
        "website": "",
        "phone": "",
        "osm_type": "way",
        "osm_id": 319274839,
        "geometry_quality": "osm_center_fallback",
        "price_status": "unknown",
        "needs_enrichment": true,
        "confidence": 0.55,
        "last_verified_source": "OpenStreetMap via Overpass",
        "raw_tags": {
          "access": "customers",
          "amenity": "parking"
        }
      }
    },
    {
      "type": "Feature",
      "geometry": {
        "type": "Point",
        "coordinates": [
          -80.1421334,
          25.7911049
        ]
      },
      "properties": {
        "source_id": "osm:way:319274840",
        "source_name": "OpenStreetMap via Overpass",
        "name": "Unnamed parking",
        "facility_type": "parking",
        "fee": "unknown",
        "capacity": "",
        "operator": "",
        "access": "",
        "opening_hours": "",
        "charge": "",
        "website": "",
        "phone": "",
        "osm_type": "way",
        "osm_id": 319274840,
        "geometry_quality": "osm_center_fallback",
        "price_status": "unknown",
        "needs_enrichment": true,
        "confidence": 0.55,
        "last_verified_source": "OpenStreetMap via Overpass",
        "raw_tags": {
          "amenity": "parking"
        }
      }
    },
    {
      "type": "Feature",
      "geometry": {
        "type": "Point",
        "coordinates": [
          -80.1421412,
          25.7913073
        ]
      },
      "properties": {
        "source_id": "osm:way:319274841",
        "source_name": "OpenStreetMap via Overpass",
        "name": "Unnamed parking",
        "facility_type": "parking",
        "fee": "unknown",
        "capacity": "",
        "operator": "",
        "access": "",
        "opening_hours": "",
        "charge": "",
        "website": "",
        "phone": "",
        "osm_type": "way",
        "osm_id": 319274841,
        "geometry_quality": "osm_center_fallback",
        "price_status": "unknown",
        "needs_enrichment": true,
        "confidence": 0.55,
        "last_verified_source": "OpenStreetMap via Overpass",
        "raw_tags": {
          "amenity": "parking"
        }
      }
    },
    {
      "type": "Feature",
      "geometry": {
        "type": "Point",
        "coordinates": [
          -80.1403396,
          25.7916578
        ]
      },
      "properties": {
        "source_id": "osm:way:319274842",
        "source_name": "OpenStreetMap via Overpass",
        "name": "Lot P25",
        "facility_type": "surface",
        "fee": "yes",
        "capacity": "",
        "operator": "",
        "access": "",
        "opening_hours": "",
        "charge": "",
        "website": "",
        "phone": "",
        "osm_type": "way",
        "osm_id": 319274842,
        "geometry_quality": "osm_center_fallback",
        "price_status": "known",
        "needs_enrichment": false,
        "confidence": 0.65,
        "last_verified_source": "OpenStreetMap via Overpass",
        "raw_tags": {
          "amenity": "parking",
          "fee": "yes",
          "name": "Lot P25",
          "parking": "surface",
          "surface": "asphalt"
        }
      }
    },
    {
      "type": "Feature",
      "geometry": {
        "type": "Point",
        "coordinates": [
          -80.1394144,
          25.7912732
        ]
      },
      "properties": {
        "source_id": "osm:way:319274843",
        "source_name": "OpenStreetMap via Overpass",
        "name": "Lincoln Road Park",
        "facility_type": "parking",
        "fee": "unknown",
        "capacity": "",
        "operator": "",
        "access": "",
        "opening_hours": "",
        "charge": "",
        "website": "",
        "phone": "",
        "osm_type": "way",
        "osm_id": 319274843,
        "geometry_quality": "osm_center_fallback",
        "price_status": "unknown",
        "needs_enrichment": true,
        "confidence": 0.55,
        "last_verified_source": "OpenStreetMap via Overpass",
        "raw_tags": {
          "amenity": "parking",
          "name": "Lincoln Road Park"
        }
      }
    },
    {
      "type": "Feature",
      "geometry": {
        "type": "Point",
        "coordinates": [
          -80.1408142,
          25.7896664
        ]
      },
      "properties": {
        "source_id": "osm:way:319274844",
        "source_name": "OpenStreetMap via Overpass",
        "name": "Lincoln Center Parking",
        "facility_type": "multi-storey",
        "fee": "yes",
        "capacity": "",
        "operator": "",
        "access": "yes",
        "opening_hours": "",
        "charge": "",
        "website": "",
        "phone": "",
        "osm_type": "way",
        "osm_id": 319274844,
        "geometry_quality": "osm_center_fallback",
        "price_status": "known",
        "needs_enrichment": false,
        "confidence": 0.65,
        "last_verified_source": "OpenStreetMap via Overpass",
        "raw_tags": {
          "access": "yes",
          "amenity": "parking",
          "building": "garage",
          "fee": "yes",
          "name": "Lincoln Center Parking",
          "parking": "multi-storey"
        }
      }
    },
    {
      "type": "Feature",
      "geometry": {
        "type": "Point",
        "coordinates": [
          -80.1346228,
          25.7707743
        ]
      },
      "properties": {
        "source_id": "osm:way:319274845",
        "source_name": "OpenStreetMap via Overpass",
        "name": "Unnamed parking",
        "facility_type": "surface",
        "fee": "yes",
        "capacity": "",
        "operator": "",
        "access": "",
        "opening_hours": "",
        "charge": "",
        "website": "",
        "phone": "",
        "osm_type": "way",
        "osm_id": 319274845,
        "geometry_quality": "osm_center_fallback",
        "price_status": "known",
        "needs_enrichment": false,
        "confidence": 0.65,
        "last_verified_source": "OpenStreetMap via Overpass",
        "raw_tags": {
          "amenity": "parking",
          "fee": "yes",
          "parking": "surface"
        }
      }
    },
    {
      "type": "Feature",
      "geometry": {
        "type": "Point",
        "coordinates": [
          -80.135791,
          25.7693311
        ]
      },
      "properties": {
        "source_id": "osm:way:319274847",
        "source_name": "OpenStreetMap via Overpass",
        "name": "Unnamed parking",
        "facility_type": "surface",
        "fee": "no",
        "capacity": "",
        "operator": "",
        "access": "customers",
        "opening_hours": "",
        "charge": "",
        "website": "",
        "phone": "",
        "osm_type": "way",
        "osm_id": 319274847,
        "geometry_quality": "osm_center_fallback",
        "price_status": "known",
        "needs_enrichment": false,
        "confidence": 0.65,
        "last_verified_source": "OpenStreetMap via Overpass",
        "raw_tags": {
          "access": "customers",
          "amenity": "parking",
          "fee": "no",
          "parking": "surface"
        }
      }
    },
    {
      "type": "Feature",
      "geometry": {
        "type": "Point",
        "coordinates": [
          -80.136532,
          25.7693136
        ]
      },
      "properties": {
        "source_id": "osm:way:319274848",
        "source_name": "OpenStreetMap via Overpass",
        "name": "Unnamed parking",
        "facility_type": "surface",
        "fee": "no",
        "capacity": "",
        "operator": "",
        "access": "no",
        "opening_hours": "",
        "charge": "",
        "website": "",
        "phone": "",
        "osm_type": "way",
        "osm_id": 319274848,
        "geometry_quality": "osm_center_fallback",
        "price_status": "known",
        "needs_enrichment": false,
        "confidence": 0.65,
        "last_verified_source": "OpenStreetMap via Overpass",
        "raw_tags": {
          "access": "no",
          "amenity": "parking",
          "fee": "no",
          "parking": "surface"
        }
      }
    },
    {
      "type": "Feature",
      "geometry": {
        "type": "Point",
        "coordinates": [
          -80.1354604,
          25.7696614
        ]
      },
      "properties": {
        "source_id": "osm:way:319275575",
        "source_name": "OpenStreetMap via Overpass",
        "name": "Unnamed parking",
        "facility_type": "surface",
        "fee": "yes",
        "capacity": "",
        "operator": "",
        "access": "",
        "opening_hours": "",
        "charge": "",
        "website": "",
        "phone": "",
        "osm_type": "way",
        "osm_id": 319275575,
        "geometry_quality": "osm_center_fallback",
        "price_status": "known",
        "needs_enrichment": false,
        "confidence": 0.65,
        "last_verified_source": "OpenStreetMap via Overpass",
        "raw_tags": {
          "amenity": "parking",
          "fee": "yes",
          "parking": "surface"
        }
      }
    },
    {
      "type": "Feature",
      "geometry": {
        "type": "Point",
        "coordinates": [
          -80.1346076,
          25.7686961
        ]
      },
      "properties": {
        "source_id": "osm:way:319423062",
        "source_name": "OpenStreetMap via Overpass",
        "name": "Unnamed parking",
        "facility_type": "surface",
        "fee": "unknown",
        "capacity": "",
        "operator": "",
        "access": "private",
        "opening_hours": "",
        "charge": "",
        "website": "",
        "phone": "",
        "osm_type": "way",
        "osm_id": 319423062,
        "geometry_quality": "osm_center_fallback",
        "price_status": "unknown",
        "needs_enrichment": true,
        "confidence": 0.55,
        "last_verified_source": "OpenStreetMap via Overpass",
        "raw_tags": {
          "access": "private",
          "amenity": "parking",
          "parking": "surface"
        }
      }
    },
    {
      "type": "Feature",
      "geometry": {
        "type": "Point",
        "coordinates": [
          -80.1329144,
          25.7765112
        ]
      },
      "properties": {
        "source_id": "osm:way:319424911",
        "source_name": "OpenStreetMap via Overpass",
        "name": "7th Street Parking Garage (G1)",
        "facility_type": "multi-storey",
        "fee": "yes",
        "capacity": "",
        "operator": "City of Miami Beach",
        "access": "",
        "opening_hours": "",
        "charge": "",
        "website": "https://www.miamibeachfl.gov/city-hall/parking/parking-garages-lot-locations/",
        "phone": "",
        "osm_type": "way",
        "osm_id": 319424911,
        "geometry_quality": "osm_center_fallback",
        "price_status": "known",
        "needs_enrichment": false,
        "confidence": 0.65,
        "last_verified_source": "OpenStreetMap via Overpass",
        "raw_tags": {
          "amenity": "parking",
          "building": "garage",
          "fee": "yes",
          "name": "7th Street Parking Garage (G1)",
          "operator": "City of Miami Beach",
          "parking": "multi-storey",
          "website": "https://www.miamibeachfl.gov/city-hall/parking/parking-garages-lot-locations/"
        }
      }
    },
    {
      "type": "Feature",
      "geometry": {
        "type": "Point",
        "coordinates": [
          -80.1286739,
          25.800755
        ]
      },
      "properties": {
        "source_id": "osm:way:321579398",
        "source_name": "OpenStreetMap via Overpass",
        "name": "Unnamed parking",
        "facility_type": "surface",
        "fee": "unknown",
        "capacity": "",
        "operator": "",
        "access": "",
        "opening_hours": "",
        "charge": "",
        "website": "",
        "phone": "",
        "osm_type": "way",
        "osm_id": 321579398,
        "geometry_quality": "osm_center_fallback",
        "price_status": "unknown",
        "needs_enrichment": true,
        "confidence": 0.55,
        "last_verified_source": "OpenStreetMap via Overpass",
        "raw_tags": {
          "amenity": "parking",
          "parking": "surface"
        }
      }
    },
    {
      "type": "Feature",
      "geometry": {
        "type": "Point",
        "coordinates": [
          -80.1275391,
          25.8008659
        ]
      },
      "properties": {
        "source_id": "osm:way:321579920",
        "source_name": "OpenStreetMap via Overpass",
        "name": "Unnamed parking",
        "facility_type": "surface",
        "fee": "unknown",
        "capacity": "",
        "operator": "",
        "access": "",
        "opening_hours": "",
        "charge": "",
        "website": "",
        "phone": "",
        "osm_type": "way",
        "osm_id": 321579920,
        "geometry_quality": "osm_center_fallback",
        "price_status": "unknown",
        "needs_enrichment": true,
        "confidence": 0.55,
        "last_verified_source": "OpenStreetMap via Overpass",
        "raw_tags": {
          "amenity": "parking",
          "parking": "surface"
        }
      }
    },
    {
      "type": "Feature",
      "geometry": {
        "type": "Point",
        "coordinates": [
          -80.1314449,
          25.7781319
        ]
      },
      "properties": {
        "source_id": "osm:way:380861924",
        "source_name": "OpenStreetMap via Overpass",
        "name": "News Cafe",
        "facility_type": "yes",
        "fee": "unknown",
        "capacity": "",
        "operator": "",
        "access": "",
        "opening_hours": "Su-Th 08:00-22:45; Fr-Sa 08:00-23:45",
        "charge": "",
        "website": "https://newscafesouthbeach.com/",
        "phone": "+1-305-538-6397",
        "osm_type": "way",
        "osm_id": 380861924,
        "geometry_quality": "osm_center_fallback",
        "price_status": "unknown",
        "needs_enrichment": true,
        "confidence": 0.55,
        "last_verified_source": "OpenStreetMap via Overpass",
        "raw_tags": {
          "addr:city": "Miami Beach",
          "addr:housenumber": "800",
          "addr:postcode": "33139",
          "addr:state": "FL",
          "addr:street": "Ocean Drive",
          "alcohol": "yes",
          "amenity": "cafe",
          "bar": "yes",
          "breakfast": "yes",
          "brewery": "yes",
          "building": "yes",
          "cuisine": "international;italian;american;sandwich;salad;coffee_shop;tea;dessert;brunch",
          "delivery": "yes",
          "diet:vegetarian": "yes",
          "dinner": "yes",
          "dog": "outside",
          "drink:beer": "yes",
          "drink:cocktail": "yes",
          "drink:coffee": "yes",
          "drink:distilled": "yes",
          "drink:wine": "yes",
          "email": "hello@newscafesouthbeach.com",
          "fast_food": "yes",
          "founder": "Mark Soyka",
          "highchair": "yes",
          "image": "https://newscafesouthbeach.com/wp-content/uploads/2025/02/NEW-CAFE-WEB_13.1.jpg",
          "indoor_seating": "yes",
          "internet_access": "yes",
          "internet_access:fee": "no",
          "latino_owner": "yes",
          "lgbtq": "welcome",
          "lunch": "yes",
          "mobile": "+1-786-644-6061",
          "name": "News Cafe",
          "old_email": "newscafe@gmail.com",
          "old_opening_hours": "24/7",
          "opening_hours": "Su-Th 08:00-22:45; Fr-Sa 08:00-23:45",
          "outdoor_seating": "yes",
          "parking": "yes",
          "parking:covered": "no",
          "parking:fee": "yes",
          "parking:wheelchair": "yes",
          "payment:credit_cards": "yes",
          "payment:debit_cards": "yes",
          "phone": "+1-305-538-6397",
          "reservation": "yes",
          "restaurant": "yes",
          "self_service": "yes",
          "source:geometry": "Bing",
          "start_date": "1988",
          "takeaway": "yes",
          "toilets": "yes",
          "toilets:wheelchair": "yes",
          "website": "https://newscafesouthbeach.com/",
          "website:menu": "https://newscafesouthbeach.com/menus/",
          "wheelchair": "yes"
        }
      }
    },
    {
      "type": "Feature",
      "geometry": {
        "type": "Point",
        "coordinates": [
          -80.131038,
          25.7889027
        ]
      },
      "properties": {
        "source_id": "osm:way:381111098",
        "source_name": "OpenStreetMap via Overpass",
        "name": "16th and Collins",
        "facility_type": "multi-storey",
        "fee": "yes",
        "capacity": "600",
        "operator": "City of Miami Beach",
        "access": "",
        "opening_hours": "",
        "charge": "",
        "website": "",
        "phone": "",
        "osm_type": "way",
        "osm_id": 381111098,
        "geometry_quality": "osm_center_fallback",
        "price_status": "known",
        "needs_enrichment": false,
        "confidence": 0.65,
        "last_verified_source": "OpenStreetMap via Overpass",
        "raw_tags": {
          "amenity": "parking",
          "building": "garages",
          "building:levels": "7",
          "capacity": "600",
          "fee": "yes",
          "maxstay": "8 hours",
          "name": "16th and Collins",
          "operator": "City of Miami Beach",
          "park_ride": "no",
          "parking": "multi-storey",
          "source:geometry": "Bing",
          "supervised": "no"
        }
      }
    },
    {
      "type": "Feature",
      "geometry": {
        "type": "Point",
        "coordinates": [
          -80.1402798,
          25.789765
        ]
      },
      "properties": {
        "source_id": "osm:way:396823495",
        "source_name": "OpenStreetMap via Overpass",
        "name": "Unnamed parking",
        "facility_type": "parking",
        "fee": "unknown",
        "capacity": "",
        "operator": "",
        "access": "",
        "opening_hours": "",
        "charge": "",
        "website": "",
        "phone": "",
        "osm_type": "way",
        "osm_id": 396823495,
        "geometry_quality": "osm_center_fallback",
        "price_status": "unknown",
        "needs_enrichment": true,
        "confidence": 0.55,
        "last_verified_source": "OpenStreetMap via Overpass",
        "raw_tags": {
          "amenity": "parking"
        }
      }
    },
    {
      "type": "Feature",
      "geometry": {
        "type": "Point",
        "coordinates": [
          -80.1314986,
          25.7747593
        ]
      },
      "properties": {
        "source_id": "osm:way:414284799",
        "source_name": "OpenStreetMap via Overpass",
        "name": "Unnamed parking",
        "facility_type": "surface",
        "fee": "no",
        "capacity": "",
        "operator": "",
        "access": "yes",
        "opening_hours": "",
        "charge": "",
        "website": "",
        "phone": "",
        "osm_type": "way",
        "osm_id": 414284799,
        "geometry_quality": "osm_center_fallback",
        "price_status": "known",
        "needs_enrichment": false,
        "confidence": 0.65,
        "last_verified_source": "OpenStreetMap via Overpass",
        "raw_tags": {
          "access": "yes",
          "amenity": "parking",
          "covered": "no",
          "fee": "no",
          "parking": "surface",
          "surface": "asphalt",
          "wheelchair": "yes"
        }
      }
    },
    {
      "type": "Feature",
      "geometry": {
        "type": "Point",
        "coordinates": [
          -80.1280785,
          25.7964671
        ]
      },
      "properties": {
        "source_id": "osm:way:432544379",
        "source_name": "OpenStreetMap via Overpass",
        "name": "Miami Beach Parking Lot",
        "facility_type": "surface",
        "fee": "yes",
        "capacity": "",
        "operator": "",
        "access": "yes",
        "opening_hours": "",
        "charge": "",
        "website": "",
        "phone": "",
        "osm_type": "way",
        "osm_id": 432544379,
        "geometry_quality": "osm_center_fallback",
        "price_status": "known",
        "needs_enrichment": false,
        "confidence": 0.65,
        "last_verified_source": "OpenStreetMap via Overpass",
        "raw_tags": {
          "access": "yes",
          "amenity": "parking",
          "covered": "no",
          "fee": "yes",
          "name": "Miami Beach Parking Lot",
          "parking": "surface",
          "surface": "asphalt",
          "wheelchair": "yes"
        }
      }
    },
    {
      "type": "Feature",
      "geometry": {
        "type": "Point",
        "coordinates": [
          -80.1382634,
          25.7913627
        ]
      },
      "properties": {
        "source_id": "osm:way:475940180",
        "source_name": "OpenStreetMap via Overpass",
        "name": "The Lincoln Garage",
        "facility_type": "multi-storey",
        "fee": "unknown",
        "capacity": "",
        "operator": "",
        "access": "customers",
        "opening_hours": "",
        "charge": "",
        "website": "",
        "phone": "",
        "osm_type": "way",
        "osm_id": 475940180,
        "geometry_quality": "osm_center_fallback",
        "price_status": "unknown",
        "needs_enrichment": true,
        "confidence": 0.55,
        "last_verified_source": "OpenStreetMap via Overpass",
        "raw_tags": {
          "access": "customers",
          "addr:city": "Miami Beach",
          "addr:housenumber": "1691",
          "addr:postcode": "33139",
          "addr:state": "FL",
          "addr:street": "North Lincoln Lane",
          "amenity": "parking",
          "building": "garages",
          "building:levels": "6",
          "name": "The Lincoln Garage",
          "parking": "multi-storey"
        }
      }
    },
    {
      "type": "Feature",
      "geometry": {
        "type": "Point",
        "coordinates": [
          -80.1403002,
          25.7953982
        ]
      },
      "properties": {
        "source_id": "osm:way:480393663",
        "source_name": "OpenStreetMap via Overpass",
        "name": "Unnamed parking",
        "facility_type": "surface",
        "fee": "unknown",
        "capacity": "",
        "operator": "",
        "access": "",
        "opening_hours": "",
        "charge": "",
        "website": "",
        "phone": "",
        "osm_type": "way",
        "osm_id": 480393663,
        "geometry_quality": "osm_center_fallback",
        "price_status": "unknown",
        "needs_enrichment": true,
        "confidence": 0.55,
        "last_verified_source": "OpenStreetMap via Overpass",
        "raw_tags": {
          "amenity": "parking",
          "parking": "surface"
        }
      }
    },
    {
      "type": "Feature",
      "geometry": {
        "type": "Point",
        "coordinates": [
          -80.1399974,
          25.7737105
        ]
      },
      "properties": {
        "source_id": "osm:way:481648919",
        "source_name": "OpenStreetMap via Overpass",
        "name": "Unnamed parking",
        "facility_type": "surface",
        "fee": "unknown",
        "capacity": "",
        "operator": "",
        "access": "",
        "opening_hours": "",
        "charge": "",
        "website": "",
        "phone": "",
        "osm_type": "way",
        "osm_id": 481648919,
        "geometry_quality": "osm_center_fallback",
        "price_status": "unknown",
        "needs_enrichment": true,
        "confidence": 0.55,
        "last_verified_source": "OpenStreetMap via Overpass",
        "raw_tags": {
          "amenity": "parking",
          "parking": "surface"
        }
      }
    },
    {
      "type": "Feature",
      "geometry": {
        "type": "Point",
        "coordinates": [
          -80.1398245,
          25.7738684
        ]
      },
      "properties": {
        "source_id": "osm:way:481648921",
        "source_name": "OpenStreetMap via Overpass",
        "name": "Unnamed parking",
        "facility_type": "surface",
        "fee": "unknown",
        "capacity": "",
        "operator": "",
        "access": "",
        "opening_hours": "",
        "charge": "",
        "website": "",
        "phone": "",
        "osm_type": "way",
        "osm_id": 481648921,
        "geometry_quality": "osm_center_fallback",
        "price_status": "unknown",
        "needs_enrichment": true,
        "confidence": 0.55,
        "last_verified_source": "OpenStreetMap via Overpass",
        "raw_tags": {
          "amenity": "parking",
          "parking": "surface"
        }
      }
    },
    {
      "type": "Feature",
      "geometry": {
        "type": "Point",
        "coordinates": [
          -80.1385846,
          25.7717776
        ]
      },
      "properties": {
        "source_id": "osm:way:481648927",
        "source_name": "OpenStreetMap via Overpass",
        "name": "Unnamed parking",
        "facility_type": "surface",
        "fee": "unknown",
        "capacity": "",
        "operator": "",
        "access": "private",
        "opening_hours": "",
        "charge": "",
        "website": "",
        "phone": "",
        "osm_type": "way",
        "osm_id": 481648927,
        "geometry_quality": "osm_center_fallback",
        "price_status": "unknown",
        "needs_enrichment": true,
        "confidence": 0.55,
        "last_verified_source": "OpenStreetMap via Overpass",
        "raw_tags": {
          "access": "private",
          "amenity": "parking",
          "parking": "surface"
        }
      }
    },
    {
      "type": "Feature",
      "geometry": {
        "type": "Point",
        "coordinates": [
          -80.1390905,
          25.7709038
        ]
      },
      "properties": {
        "source_id": "osm:way:481648928",
        "source_name": "OpenStreetMap via Overpass",
        "name": "Unnamed parking",
        "facility_type": "surface",
        "fee": "unknown",
        "capacity": "",
        "operator": "",
        "access": "",
        "opening_hours": "",
        "charge": "",
        "website": "",
        "phone": "",
        "osm_type": "way",
        "osm_id": 481648928,
        "geometry_quality": "osm_center_fallback",
        "price_status": "unknown",
        "needs_enrichment": true,
        "confidence": 0.55,
        "last_verified_source": "OpenStreetMap via Overpass",
        "raw_tags": {
          "amenity": "parking",
          "parking": "surface"
        }
      }
    },
    {
      "type": "Feature",
      "geometry": {
        "type": "Point",
        "coordinates": [
          -80.1392254,
          25.7712078
        ]
      },
      "properties": {
        "source_id": "osm:way:481648932",
        "source_name": "OpenStreetMap via Overpass",
        "name": "Unnamed parking",
        "facility_type": "surface",
        "fee": "unknown",
        "capacity": "",
        "operator": "",
        "access": "",
        "opening_hours": "",
        "charge": "",
        "website": "",
        "phone": "",
        "osm_type": "way",
        "osm_id": 481648932,
        "geometry_quality": "osm_center_fallback",
        "price_status": "unknown",
        "needs_enrichment": true,
        "confidence": 0.55,
        "last_verified_source": "OpenStreetMap via Overpass",
        "raw_tags": {
          "amenity": "parking",
          "parking": "surface"
        }
      }
    },
    {
      "type": "Feature",
      "geometry": {
        "type": "Point",
        "coordinates": [
          -80.1386272,
          25.7702839
        ]
      },
      "properties": {
        "source_id": "osm:way:481648933",
        "source_name": "OpenStreetMap via Overpass",
        "name": "Unnamed parking",
        "facility_type": "surface",
        "fee": "unknown",
        "capacity": "",
        "operator": "",
        "access": "",
        "opening_hours": "",
        "charge": "",
        "website": "",
        "phone": "",
        "osm_type": "way",
        "osm_id": 481648933,
        "geometry_quality": "osm_center_fallback",
        "price_status": "unknown",
        "needs_enrichment": true,
        "confidence": 0.55,
        "last_verified_source": "OpenStreetMap via Overpass",
        "raw_tags": {
          "amenity": "parking",
          "parking": "surface"
        }
      }
    },
    {
      "type": "Feature",
      "geometry": {
        "type": "Point",
        "coordinates": [
          -80.1334245,
          25.7691045
        ]
      },
      "properties": {
        "source_id": "osm:way:481651652",
        "source_name": "OpenStreetMap via Overpass",
        "name": "Prime Private",
        "facility_type": "yes",
        "fee": "unknown",
        "capacity": "",
        "operator": "Myles Restaurant Group",
        "access": "",
        "opening_hours": "Mo-Th 12:00-15:00, 17:30-24:00; Fr 12:00-15:00, 17:30-01:00; Sa 12:00-15:00, 18:30-01:00",
        "charge": "",
        "website": "https://mylesrestaurantgroup.com/book-miami-beach-private-event-venue/",
        "phone": "+1 305-532-7707",
        "osm_type": "way",
        "osm_id": 481651652,
        "geometry_quality": "osm_center_fallback",
        "price_status": "unknown",
        "needs_enrichment": true,
        "confidence": 0.55,
        "last_verified_source": "OpenStreetMap via Overpass",
        "raw_tags": {
          "addr:city": "Miami Beach",
          "addr:housenumber": "36",
          "addr:postcode": "33139",
          "addr:state": "FL",
          "addr:street": "Ocean Drive",
          "amenity": "restaurant",
          "bar": "yes",
          "building": "yes",
          "cuisine": "seafood;fish;italian;steak_house",
          "dinner": "yes",
          "height": "8.1",
          "lunch": "yes",
          "name": "Prime Private",
          "opening_hours": "Mo-Th 12:00-15:00, 17:30-24:00; Fr 12:00-15:00, 17:30-01:00; Sa 12:00-15:00, 18:30-01:00",
          "operator": "Myles Restaurant Group",
          "parking": "yes",
          "parking:fee": "yes",
          "parking:wheelchair": "yes",
          "phone": "+1 305-532-7707",
          "ref:miaaddr": "369918",
          "ref:miabldg": "64397",
          "reservation": "yes",
          "website": "https://mylesrestaurantgroup.com/book-miami-beach-private-event-venue/",
          "wheelchair": "yes"
        }
      }
    },
    {
      "type": "Feature",
      "geometry": {
        "type": "Point",
        "coordinates": [
          -80.1303841,
          25.7972695
        ]
      },
      "properties": {
        "source_id": "osm:way:501792515",
        "source_name": "OpenStreetMap via Overpass",
        "name": "Miami Beach Parking Lot (P48)",
        "facility_type": "parking",
        "fee": "yes",
        "capacity": "",
        "operator": "",
        "access": "yes",
        "opening_hours": "",
        "charge": "",
        "website": "",
        "phone": "",
        "osm_type": "way",
        "osm_id": 501792515,
        "geometry_quality": "osm_center_fallback",
        "price_status": "known",
        "needs_enrichment": false,
        "confidence": 0.65,
        "last_verified_source": "OpenStreetMap via Overpass",
        "raw_tags": {
          "access": "yes",
          "amenity": "parking",
          "fee": "yes",
          "name": "Miami Beach Parking Lot (P48)"
        }
      }
    },
    {
      "type": "Feature",
      "geometry": {
        "type": "Point",
        "coordinates": [
          -80.1393273,
          25.7870608
        ]
      },
      "properties": {
        "source_id": "osm:way:560720624",
        "source_name": "OpenStreetMap via Overpass",
        "name": "Unnamed parking",
        "facility_type": "parking",
        "fee": "unknown",
        "capacity": "",
        "operator": "",
        "access": "",
        "opening_hours": "",
        "charge": "",
        "website": "",
        "phone": "",
        "osm_type": "way",
        "osm_id": 560720624,
        "geometry_quality": "osm_center_fallback",
        "price_status": "unknown",
        "needs_enrichment": true,
        "confidence": 0.55,
        "last_verified_source": "OpenStreetMap via Overpass",
        "raw_tags": {
          "amenity": "parking"
        }
      }
    },
    {
      "type": "Feature",
      "geometry": {
        "type": "Point",
        "coordinates": [
          -80.132789,
          25.7896012
        ]
      },
      "properties": {
        "source_id": "osm:way:564987071",
        "source_name": "OpenStreetMap via Overpass",
        "name": "Public Parking",
        "facility_type": "multi-storey",
        "fee": "yes",
        "capacity": "",
        "operator": "",
        "access": "customers",
        "opening_hours": "",
        "charge": "",
        "website": "",
        "phone": "",
        "osm_type": "way",
        "osm_id": 564987071,
        "geometry_quality": "osm_center_fallback",
        "price_status": "known",
        "needs_enrichment": false,
        "confidence": 0.65,
        "last_verified_source": "OpenStreetMap via Overpass",
        "raw_tags": {
          "access": "customers",
          "amenity": "parking",
          "building": "garages",
          "fee": "yes",
          "name": "Public Parking",
          "parking": "multi-storey"
        }
      }
    },
    {
      "type": "Feature",
      "geometry": {
        "type": "Point",
        "coordinates": [
          -80.1419707,
          25.7924246
        ]
      },
      "properties": {
        "source_id": "osm:way:586108019",
        "source_name": "OpenStreetMap via Overpass",
        "name": "Unnamed parking",
        "facility_type": "surface",
        "fee": "unknown",
        "capacity": "",
        "operator": "",
        "access": "customers",
        "opening_hours": "",
        "charge": "",
        "website": "",
        "phone": "",
        "osm_type": "way",
        "osm_id": 586108019,
        "geometry_quality": "osm_center_fallback",
        "price_status": "unknown",
        "needs_enrichment": true,
        "confidence": 0.55,
        "last_verified_source": "OpenStreetMap via Overpass",
        "raw_tags": {
          "access": "customers",
          "amenity": "parking",
          "parking": "surface",
          "surface": "asphalt"
        }
      }
    },
    {
      "type": "Feature",
      "geometry": {
        "type": "Point",
        "coordinates": [
          -80.1428718,
          25.7932021
        ]
      },
      "properties": {
        "source_id": "osm:way:586358031",
        "source_name": "OpenStreetMap via Overpass",
        "name": "Unnamed parking",
        "facility_type": "surface",
        "fee": "unknown",
        "capacity": "",
        "operator": "",
        "access": "customers",
        "opening_hours": "",
        "charge": "",
        "website": "",
        "phone": "",
        "osm_type": "way",
        "osm_id": 586358031,
        "geometry_quality": "osm_center_fallback",
        "price_status": "unknown",
        "needs_enrichment": true,
        "confidence": 0.55,
        "last_verified_source": "OpenStreetMap via Overpass",
        "raw_tags": {
          "access": "customers",
          "amenity": "parking",
          "parking": "surface",
          "surface": "concrete"
        }
      }
    },
    {
      "type": "Feature",
      "geometry": {
        "type": "Point",
        "coordinates": [
          -80.1431898,
          25.7951176
        ]
      },
      "properties": {
        "source_id": "osm:way:586749089",
        "source_name": "OpenStreetMap via Overpass",
        "name": "Unnamed parking",
        "facility_type": "multi-storey",
        "fee": "unknown",
        "capacity": "",
        "operator": "",
        "access": "customers",
        "opening_hours": "",
        "charge": "",
        "website": "",
        "phone": "",
        "osm_type": "way",
        "osm_id": 586749089,
        "geometry_quality": "osm_center_fallback",
        "price_status": "unknown",
        "needs_enrichment": true,
        "confidence": 0.55,
        "last_verified_source": "OpenStreetMap via Overpass",
        "raw_tags": {
          "access": "customers",
          "amenity": "parking",
          "building": "retail",
          "parking": "multi-storey"
        }
      }
    },
    {
      "type": "Feature",
      "geometry": {
        "type": "Point",
        "coordinates": [
          -80.1397884,
          25.7943612
        ]
      },
      "properties": {
        "source_id": "osm:way:586763177",
        "source_name": "OpenStreetMap via Overpass",
        "name": "Unnamed parking",
        "facility_type": "surface",
        "fee": "unknown",
        "capacity": "",
        "operator": "",
        "access": "permissive",
        "opening_hours": "",
        "charge": "",
        "website": "",
        "phone": "",
        "osm_type": "way",
        "osm_id": 586763177,
        "geometry_quality": "osm_center_fallback",
        "price_status": "unknown",
        "needs_enrichment": true,
        "confidence": 0.55,
        "last_verified_source": "OpenStreetMap via Overpass",
        "raw_tags": {
          "access": "permissive",
          "amenity": "parking",
          "parking": "surface",
          "surface": "asphalt"
        }
      }
    },
    {
      "type": "Feature",
      "geometry": {
        "type": "Point",
        "coordinates": [
          -80.1488918,
          25.7909041
        ]
      },
      "properties": {
        "source_id": "osm:way:588818167",
        "source_name": "OpenStreetMap via Overpass",
        "name": "Unnamed parking",
        "facility_type": "surface",
        "fee": "unknown",
        "capacity": "",
        "operator": "",
        "access": "",
        "opening_hours": "",
        "charge": "",
        "website": "",
        "phone": "",
        "osm_type": "way",
        "osm_id": 588818167,
        "geometry_quality": "osm_center_fallback",
        "price_status": "unknown",
        "needs_enrichment": true,
        "confidence": 0.55,
        "last_verified_source": "OpenStreetMap via Overpass",
        "raw_tags": {
          "amenity": "parking",
          "parking": "surface",
          "surface": "asphalt"
        }
      }
    },
    {
      "type": "Feature",
      "geometry": {
        "type": "Point",
        "coordinates": [
          -80.1481702,
          25.7906353
        ]
      },
      "properties": {
        "source_id": "osm:way:588818168",
        "source_name": "OpenStreetMap via Overpass",
        "name": "Unnamed parking",
        "facility_type": "surface",
        "fee": "unknown",
        "capacity": "",
        "operator": "",
        "access": "",
        "opening_hours": "",
        "charge": "",
        "website": "",
        "phone": "",
        "osm_type": "way",
        "osm_id": 588818168,
        "geometry_quality": "osm_center_fallback",
        "price_status": "unknown",
        "needs_enrichment": true,
        "confidence": 0.55,
        "last_verified_source": "OpenStreetMap via Overpass",
        "raw_tags": {
          "amenity": "parking",
          "parking": "surface",
          "surface": "asphalt"
        }
      }
    },
    {
      "type": "Feature",
      "geometry": {
        "type": "Point",
        "coordinates": [
          -80.1473241,
          25.79079
        ]
      },
      "properties": {
        "source_id": "osm:way:588818169",
        "source_name": "OpenStreetMap via Overpass",
        "name": "Unnamed parking",
        "facility_type": "surface",
        "fee": "unknown",
        "capacity": "",
        "operator": "",
        "access": "",
        "opening_hours": "",
        "charge": "",
        "website": "",
        "phone": "",
        "osm_type": "way",
        "osm_id": 588818169,
        "geometry_quality": "osm_center_fallback",
        "price_status": "unknown",
        "needs_enrichment": true,
        "confidence": 0.55,
        "last_verified_source": "OpenStreetMap via Overpass",
        "raw_tags": {
          "amenity": "parking",
          "parking": "surface",
          "surface": "asphalt"
        }
      }
    },
    {
      "type": "Feature",
      "geometry": {
        "type": "Point",
        "coordinates": [
          -80.147237,
          25.7910826
        ]
      },
      "properties": {
        "source_id": "osm:way:588818170",
        "source_name": "OpenStreetMap via Overpass",
        "name": "Unnamed parking",
        "facility_type": "surface",
        "fee": "unknown",
        "capacity": "",
        "operator": "",
        "access": "",
        "opening_hours": "",
        "charge": "",
        "website": "",
        "phone": "",
        "osm_type": "way",
        "osm_id": 588818170,
        "geometry_quality": "osm_center_fallback",
        "price_status": "unknown",
        "needs_enrichment": true,
        "confidence": 0.55,
        "last_verified_source": "OpenStreetMap via Overpass",
        "raw_tags": {
          "amenity": "parking",
          "parking": "surface",
          "surface": "asphalt"
        }
      }
    },
    {
      "type": "Feature",
      "geometry": {
        "type": "Point",
        "coordinates": [
          -80.1361788,
          25.795066
        ]
      },
      "properties": {
        "source_id": "osm:way:588999170",
        "source_name": "OpenStreetMap via Overpass",
        "name": "Miami Beach Parking Lot (P33)",
        "facility_type": "surface",
        "fee": "yes",
        "capacity": "",
        "operator": "",
        "access": "yes",
        "opening_hours": "",
        "charge": "",
        "website": "",
        "phone": "",
        "osm_type": "way",
        "osm_id": 588999170,
        "geometry_quality": "osm_center_fallback",
        "price_status": "known",
        "needs_enrichment": false,
        "confidence": 0.65,
        "last_verified_source": "OpenStreetMap via Overpass",
        "raw_tags": {
          "access": "yes",
          "amenity": "parking",
          "fee": "yes",
          "name": "Miami Beach Parking Lot (P33)",
          "parking": "surface",
          "surface": "asphalt"
        }
      }
    },
    {
      "type": "Feature",
      "geometry": {
        "type": "Point",
        "coordinates": [
          -80.1409033,
          25.793244
        ]
      },
      "properties": {
        "source_id": "osm:way:589109290",
        "source_name": "OpenStreetMap via Overpass",
        "name": "Unnamed parking",
        "facility_type": "surface",
        "fee": "unknown",
        "capacity": "",
        "operator": "",
        "access": "",
        "opening_hours": "",
        "charge": "",
        "website": "",
        "phone": "",
        "osm_type": "way",
        "osm_id": 589109290,
        "geometry_quality": "osm_center_fallback",
        "price_status": "unknown",
        "needs_enrichment": true,
        "confidence": 0.55,
        "last_verified_source": "OpenStreetMap via Overpass",
        "raw_tags": {
          "amenity": "parking",
          "parking": "surface",
          "surface": "asphalt"
        }
      }
    },
    {
      "type": "Feature",
      "geometry": {
        "type": "Point",
        "coordinates": [
          -80.1371372,
          25.7914601
        ]
      },
      "properties": {
        "source_id": "osm:way:589530602",
        "source_name": "OpenStreetMap via Overpass",
        "name": "Miami Beach Parking Lot",
        "facility_type": "surface",
        "fee": "yes",
        "capacity": "",
        "operator": "",
        "access": "yes",
        "opening_hours": "",
        "charge": "",
        "website": "",
        "phone": "",
        "osm_type": "way",
        "osm_id": 589530602,
        "geometry_quality": "osm_center_fallback",
        "price_status": "known",
        "needs_enrichment": false,
        "confidence": 0.65,
        "last_verified_source": "OpenStreetMap via Overpass",
        "raw_tags": {
          "access": "yes",
          "amenity": "parking",
          "fee": "yes",
          "name": "Miami Beach Parking Lot",
          "parking": "surface",
          "surface": "asphalt"
        }
      }
    },
    {
      "type": "Feature",
      "geometry": {
        "type": "Point",
        "coordinates": [
          -80.1407332,
          25.7891556
        ]
      },
      "properties": {
        "source_id": "osm:way:589663861",
        "source_name": "OpenStreetMap via Overpass",
        "name": "Unnamed parking",
        "facility_type": "surface",
        "fee": "unknown",
        "capacity": "",
        "operator": "",
        "access": "customers",
        "opening_hours": "",
        "charge": "",
        "website": "",
        "phone": "",
        "osm_type": "way",
        "osm_id": 589663861,
        "geometry_quality": "osm_center_fallback",
        "price_status": "unknown",
        "needs_enrichment": true,
        "confidence": 0.55,
        "last_verified_source": "OpenStreetMap via Overpass",
        "raw_tags": {
          "access": "customers",
          "amenity": "parking",
          "parking": "surface",
          "surface": "asphalt"
        }
      }
    },
    {
      "type": "Feature",
      "geometry": {
        "type": "Point",
        "coordinates": [
          -80.140665,
          25.7893584
        ]
      },
      "properties": {
        "source_id": "osm:way:589663863",
        "source_name": "OpenStreetMap via Overpass",
        "name": "Unnamed parking",
        "facility_type": "surface",
        "fee": "unknown",
        "capacity": "",
        "operator": "",
        "access": "customers",
        "opening_hours": "",
        "charge": "",
        "website": "",
        "phone": "",
        "osm_type": "way",
        "osm_id": 589663863,
        "geometry_quality": "osm_center_fallback",
        "price_status": "unknown",
        "needs_enrichment": true,
        "confidence": 0.55,
        "last_verified_source": "OpenStreetMap via Overpass",
        "raw_tags": {
          "access": "customers",
          "amenity": "parking",
          "parking": "surface",
          "surface": "asphalt"
        }
      }
    },
    {
      "type": "Feature",
      "geometry": {
        "type": "Point",
        "coordinates": [
          -80.1312172,
          25.7896973
        ]
      },
      "properties": {
        "source_id": "osm:way:590645539",
        "source_name": "OpenStreetMap via Overpass",
        "name": "Unnamed parking",
        "facility_type": "multi-storey",
        "fee": "unknown",
        "capacity": "",
        "operator": "",
        "access": "",
        "opening_hours": "",
        "charge": "",
        "website": "",
        "phone": "",
        "osm_type": "way",
        "osm_id": 590645539,
        "geometry_quality": "osm_center_fallback",
        "price_status": "unknown",
        "needs_enrichment": true,
        "confidence": 0.55,
        "last_verified_source": "OpenStreetMap via Overpass",
        "raw_tags": {
          "amenity": "parking",
          "building": "garages",
          "building:levels": "4",
          "parking": "multi-storey"
        }
      }
    },
    {
      "type": "Feature",
      "geometry": {
        "type": "Point",
        "coordinates": [
          -80.127836,
          25.7970594
        ]
      },
      "properties": {
        "source_id": "osm:way:594907390",
        "source_name": "OpenStreetMap via Overpass",
        "name": "Miami Beach Parking Lot",
        "facility_type": "surface",
        "fee": "yes",
        "capacity": "",
        "operator": "",
        "access": "yes",
        "opening_hours": "",
        "charge": "",
        "website": "",
        "phone": "",
        "osm_type": "way",
        "osm_id": 594907390,
        "geometry_quality": "osm_center_fallback",
        "price_status": "known",
        "needs_enrichment": false,
        "confidence": 0.65,
        "last_verified_source": "OpenStreetMap via Overpass",
        "raw_tags": {
          "access": "yes",
          "amenity": "parking",
          "covered": "no",
          "fee": "yes",
          "name": "Miami Beach Parking Lot",
          "parking": "surface",
          "surface": "asphalt",
          "wheelchair": "yes"
        }
      }
    },
    {
      "type": "Feature",
      "geometry": {
        "type": "Point",
        "coordinates": [
          -80.1282789,
          25.7991701
        ]
      },
      "properties": {
        "source_id": "osm:way:594907391",
        "source_name": "OpenStreetMap via Overpass",
        "name": "Unnamed parking",
        "facility_type": "multi-storey",
        "fee": "unknown",
        "capacity": "",
        "operator": "",
        "access": "private",
        "opening_hours": "",
        "charge": "",
        "website": "",
        "phone": "",
        "osm_type": "way",
        "osm_id": 594907391,
        "geometry_quality": "osm_center_fallback",
        "price_status": "unknown",
        "needs_enrichment": true,
        "confidence": 0.55,
        "last_verified_source": "OpenStreetMap via Overpass",
        "raw_tags": {
          "access": "private",
          "amenity": "parking",
          "building": "yes",
          "layer": "1",
          "parking": "multi-storey"
        }
      }
    },
    {
      "type": "Feature",
      "geometry": {
        "type": "Point",
        "coordinates": [
          -80.1297086,
          25.803097
        ]
      },
      "properties": {
        "source_id": "osm:way:672180617",
        "source_name": "OpenStreetMap via Overpass",
        "name": "Unnamed parking",
        "facility_type": "parking",
        "fee": "unknown",
        "capacity": "",
        "operator": "",
        "access": "",
        "opening_hours": "",
        "charge": "",
        "website": "",
        "phone": "",
        "osm_type": "way",
        "osm_id": 672180617,
        "geometry_quality": "osm_center_fallback",
        "price_status": "unknown",
        "needs_enrichment": true,
        "confidence": 0.55,
        "last_verified_source": "OpenStreetMap via Overpass",
        "raw_tags": {
          "amenity": "parking"
        }
      }
    },
    {
      "type": "Feature",
      "geometry": {
        "type": "Point",
        "coordinates": [
          -80.1262408,
          25.803657
        ]
      },
      "properties": {
        "source_id": "osm:way:672180620",
        "source_name": "OpenStreetMap via Overpass",
        "name": "Miami Beach Parking Lot",
        "facility_type": "parking",
        "fee": "yes",
        "capacity": "",
        "operator": "",
        "access": "yes",
        "opening_hours": "",
        "charge": "",
        "website": "",
        "phone": "",
        "osm_type": "way",
        "osm_id": 672180620,
        "geometry_quality": "osm_center_fallback",
        "price_status": "known",
        "needs_enrichment": false,
        "confidence": 0.65,
        "last_verified_source": "OpenStreetMap via Overpass",
        "raw_tags": {
          "access": "yes",
          "amenity": "parking",
          "fee": "yes",
          "name": "Miami Beach Parking Lot"
        }
      }
    },
    {
      "type": "Feature",
      "geometry": {
        "type": "Point",
        "coordinates": [
          -80.1396848,
          25.7918614
        ]
      },
      "properties": {
        "source_id": "osm:way:763447700",
        "source_name": "OpenStreetMap via Overpass",
        "name": "Unnamed parking",
        "facility_type": "surface",
        "fee": "yes",
        "capacity": "",
        "operator": "",
        "access": "",
        "opening_hours": "",
        "charge": "",
        "website": "",
        "phone": "",
        "osm_type": "way",
        "osm_id": 763447700,
        "geometry_quality": "osm_center_fallback",
        "price_status": "known",
        "needs_enrichment": false,
        "confidence": 0.65,
        "last_verified_source": "OpenStreetMap via Overpass",
        "raw_tags": {
          "amenity": "parking",
          "fee": "yes",
          "parking": "surface",
          "surface": "paved"
        }
      }
    },
    {
      "type": "Feature",
      "geometry": {
        "type": "Point",
        "coordinates": [
          -80.1339393,
          25.7899505
        ]
      },
      "properties": {
        "source_id": "osm:way:765627073",
        "source_name": "OpenStreetMap via Overpass",
        "name": "Unnamed parking",
        "facility_type": "surface",
        "fee": "unknown",
        "capacity": "",
        "operator": "",
        "access": "",
        "opening_hours": "",
        "charge": "",
        "website": "",
        "phone": "",
        "osm_type": "way",
        "osm_id": 765627073,
        "geometry_quality": "osm_center_fallback",
        "price_status": "unknown",
        "needs_enrichment": true,
        "confidence": 0.55,
        "last_verified_source": "OpenStreetMap via Overpass",
        "raw_tags": {
          "amenity": "parking",
          "parking": "surface",
          "surface": "asphalt"
        }
      }
    },
    {
      "type": "Feature",
      "geometry": {
        "type": "Point",
        "coordinates": [
          -80.1414582,
          25.7880524
        ]
      },
      "properties": {
        "source_id": "osm:way:770781866",
        "source_name": "OpenStreetMap via Overpass",
        "name": "Unnamed parking",
        "facility_type": "surface",
        "fee": "unknown",
        "capacity": "",
        "operator": "",
        "access": "",
        "opening_hours": "",
        "charge": "",
        "website": "",
        "phone": "",
        "osm_type": "way",
        "osm_id": 770781866,
        "geometry_quality": "osm_center_fallback",
        "price_status": "unknown",
        "needs_enrichment": true,
        "confidence": 0.55,
        "last_verified_source": "OpenStreetMap via Overpass",
        "raw_tags": {
          "amenity": "parking",
          "parking": "surface",
          "surface": "asphalt"
        }
      }
    },
    {
      "type": "Feature",
      "geometry": {
        "type": "Point",
        "coordinates": [
          -80.1412772,
          25.7861234
        ]
      },
      "properties": {
        "source_id": "osm:way:770873622",
        "source_name": "OpenStreetMap via Overpass",
        "name": "Unnamed parking",
        "facility_type": "surface",
        "fee": "unknown",
        "capacity": "",
        "operator": "",
        "access": "",
        "opening_hours": "",
        "charge": "",
        "website": "",
        "phone": "",
        "osm_type": "way",
        "osm_id": 770873622,
        "geometry_quality": "osm_center_fallback",
        "price_status": "unknown",
        "needs_enrichment": true,
        "confidence": 0.55,
        "last_verified_source": "OpenStreetMap via Overpass",
        "raw_tags": {
          "amenity": "parking",
          "parking": "surface",
          "surface": "asphalt"
        }
      }
    },
    {
      "type": "Feature",
      "geometry": {
        "type": "Point",
        "coordinates": [
          -80.1415817,
          25.7865288
        ]
      },
      "properties": {
        "source_id": "osm:way:770873623",
        "source_name": "OpenStreetMap via Overpass",
        "name": "Unnamed parking",
        "facility_type": "surface",
        "fee": "unknown",
        "capacity": "",
        "operator": "",
        "access": "",
        "opening_hours": "",
        "charge": "",
        "website": "",
        "phone": "",
        "osm_type": "way",
        "osm_id": 770873623,
        "geometry_quality": "osm_center_fallback",
        "price_status": "unknown",
        "needs_enrichment": true,
        "confidence": 0.55,
        "last_verified_source": "OpenStreetMap via Overpass",
        "raw_tags": {
          "amenity": "parking",
          "parking": "surface",
          "surface": "asphalt"
        }
      }
    },
    {
      "type": "Feature",
      "geometry": {
        "type": "Point",
        "coordinates": [
          -80.1416181,
          25.787484
        ]
      },
      "properties": {
        "source_id": "osm:way:770873628",
        "source_name": "OpenStreetMap via Overpass",
        "name": "Unnamed parking",
        "facility_type": "surface",
        "fee": "yes",
        "capacity": "",
        "operator": "",
        "access": "",
        "opening_hours": "",
        "charge": "",
        "website": "",
        "phone": "",
        "osm_type": "way",
        "osm_id": 770873628,
        "geometry_quality": "osm_center_fallback",
        "price_status": "known",
        "needs_enrichment": false,
        "confidence": 0.65,
        "last_verified_source": "OpenStreetMap via Overpass",
        "raw_tags": {
          "amenity": "parking",
          "fee": "yes",
          "parking": "surface",
          "surface": "asphalt"
        }
      }
    },
    {
      "type": "Feature",
      "geometry": {
        "type": "Point",
        "coordinates": [
          -80.1408618,
          25.7862222
        ]
      },
      "properties": {
        "source_id": "osm:way:771407946",
        "source_name": "OpenStreetMap via Overpass",
        "name": "Unnamed parking",
        "facility_type": "surface",
        "fee": "unknown",
        "capacity": "",
        "operator": "",
        "access": "permissive",
        "opening_hours": "",
        "charge": "",
        "website": "",
        "phone": "",
        "osm_type": "way",
        "osm_id": 771407946,
        "geometry_quality": "osm_center_fallback",
        "price_status": "unknown",
        "needs_enrichment": true,
        "confidence": 0.55,
        "last_verified_source": "OpenStreetMap via Overpass",
        "raw_tags": {
          "access": "permissive",
          "amenity": "parking",
          "parking": "surface",
          "surface": "asphalt"
        }
      }
    },
    {
      "type": "Feature",
      "geometry": {
        "type": "Point",
        "coordinates": [
          -80.1406793,
          25.7855103
        ]
      },
      "properties": {
        "source_id": "osm:way:771407947",
        "source_name": "OpenStreetMap via Overpass",
        "name": "Unnamed parking",
        "facility_type": "surface",
        "fee": "no",
        "capacity": "",
        "operator": "",
        "access": "permissive",
        "opening_hours": "",
        "charge": "",
        "website": "",
        "phone": "",
        "osm_type": "way",
        "osm_id": 771407947,
        "geometry_quality": "osm_center_fallback",
        "price_status": "known",
        "needs_enrichment": false,
        "confidence": 0.65,
        "last_verified_source": "OpenStreetMap via Overpass",
        "raw_tags": {
          "access": "permissive",
          "amenity": "parking",
          "fee": "no",
          "parking": "surface",
          "surface": "asphalt"
        }
      }
    },
    {
      "type": "Feature",
      "geometry": {
        "type": "Point",
        "coordinates": [
          -80.1409051,
          25.7864321
        ]
      },
      "properties": {
        "source_id": "osm:way:771508671",
        "source_name": "OpenStreetMap via Overpass",
        "name": "Unnamed parking",
        "facility_type": "surface",
        "fee": "unknown",
        "capacity": "",
        "operator": "",
        "access": "permissive",
        "opening_hours": "",
        "charge": "",
        "website": "",
        "phone": "",
        "osm_type": "way",
        "osm_id": 771508671,
        "geometry_quality": "osm_center_fallback",
        "price_status": "unknown",
        "needs_enrichment": true,
        "confidence": 0.55,
        "last_verified_source": "OpenStreetMap via Overpass",
        "raw_tags": {
          "access": "permissive",
          "amenity": "parking",
          "parking": "surface",
          "surface": "asphalt"
        }
      }
    },
    {
      "type": "Feature",
      "geometry": {
        "type": "Point",
        "coordinates": [
          -80.1405699,
          25.7865779
        ]
      },
      "properties": {
        "source_id": "osm:way:771508673",
        "source_name": "OpenStreetMap via Overpass",
        "name": "Unnamed parking",
        "facility_type": "surface",
        "fee": "unknown",
        "capacity": "",
        "operator": "",
        "access": "private",
        "opening_hours": "",
        "charge": "",
        "website": "",
        "phone": "",
        "osm_type": "way",
        "osm_id": 771508673,
        "geometry_quality": "osm_center_fallback",
        "price_status": "unknown",
        "needs_enrichment": true,
        "confidence": 0.55,
        "last_verified_source": "OpenStreetMap via Overpass",
        "raw_tags": {
          "access": "private",
          "amenity": "parking",
          "parking": "surface",
          "surface": "asphalt"
        }
      }
    },
    {
      "type": "Feature",
      "geometry": {
        "type": "Point",
        "coordinates": [
          -80.1408596,
          25.7868109
        ]
      },
      "properties": {
        "source_id": "osm:way:771508674",
        "source_name": "OpenStreetMap via Overpass",
        "name": "Unnamed parking",
        "facility_type": "surface",
        "fee": "unknown",
        "capacity": "",
        "operator": "",
        "access": "permissive",
        "opening_hours": "",
        "charge": "",
        "website": "",
        "phone": "",
        "osm_type": "way",
        "osm_id": 771508674,
        "geometry_quality": "osm_center_fallback",
        "price_status": "unknown",
        "needs_enrichment": true,
        "confidence": 0.55,
        "last_verified_source": "OpenStreetMap via Overpass",
        "raw_tags": {
          "access": "permissive",
          "amenity": "parking",
          "parking": "surface",
          "surface": "asphalt"
        }
      }
    },
    {
      "type": "Feature",
      "geometry": {
        "type": "Point",
        "coordinates": [
          -80.147305,
          25.7711906
        ]
      },
      "properties": {
        "source_id": "osm:way:828252913",
        "source_name": "OpenStreetMap via Overpass",
        "name": "Unnamed parking",
        "facility_type": "multi-storey",
        "fee": "unknown",
        "capacity": "",
        "operator": "",
        "access": "",
        "opening_hours": "",
        "charge": "",
        "website": "",
        "phone": "",
        "osm_type": "way",
        "osm_id": 828252913,
        "geometry_quality": "osm_center_fallback",
        "price_status": "unknown",
        "needs_enrichment": true,
        "confidence": 0.55,
        "last_verified_source": "OpenStreetMap via Overpass",
        "raw_tags": {
          "addr:city": "Miami Beach",
          "addr:housenumber": "180",
          "addr:postcode": "33139",
          "addr:state": "FL",
          "addr:street": "MacArthur Causeway",
          "amenity": "parking",
          "building": "parking",
          "parking": "multi-storey"
        }
      }
    },
    {
      "type": "Feature",
      "geometry": {
        "type": "Point",
        "coordinates": [
          -80.1311324,
          25.7745565
        ]
      },
      "properties": {
        "source_id": "osm:way:1105259028",
        "source_name": "OpenStreetMap via Overpass",
        "name": "Unnamed parking",
        "facility_type": "surface",
        "fee": "unknown",
        "capacity": "",
        "operator": "",
        "access": "private",
        "opening_hours": "",
        "charge": "",
        "website": "",
        "phone": "",
        "osm_type": "way",
        "osm_id": 1105259028,
        "geometry_quality": "osm_center_fallback",
        "price_status": "unknown",
        "needs_enrichment": true,
        "confidence": 0.55,
        "last_verified_source": "OpenStreetMap via Overpass",
        "raw_tags": {
          "access": "private",
          "amenity": "parking",
          "parking": "surface",
          "surface": "asphalt"
        }
      }
    },
    {
      "type": "Feature",
      "geometry": {
        "type": "Point",
        "coordinates": [
          -80.1324096,
          25.7737853
        ]
      },
      "properties": {
        "source_id": "osm:way:1105291006",
        "source_name": "OpenStreetMap via Overpass",
        "name": "Unnamed parking",
        "facility_type": "parking",
        "fee": "yes",
        "capacity": "",
        "operator": "",
        "access": "",
        "opening_hours": "",
        "charge": "20 USD",
        "website": "",
        "phone": "",
        "osm_type": "way",
        "osm_id": 1105291006,
        "geometry_quality": "osm_center_fallback",
        "price_status": "known",
        "needs_enrichment": false,
        "confidence": 0.65,
        "last_verified_source": "OpenStreetMap via Overpass",
        "raw_tags": {
          "amenity": "parking",
          "charge": "20 USD",
          "fee": "yes"
        }
      }
    },
    {
      "type": "Feature",
      "geometry": {
        "type": "Point",
        "coordinates": [
          -80.1328123,
          25.7743315
        ]
      },
      "properties": {
        "source_id": "osm:way:1105291011",
        "source_name": "OpenStreetMap via Overpass",
        "name": "Unnamed parking",
        "facility_type": "parking",
        "fee": "unknown",
        "capacity": "",
        "operator": "",
        "access": "private",
        "opening_hours": "",
        "charge": "",
        "website": "",
        "phone": "",
        "osm_type": "way",
        "osm_id": 1105291011,
        "geometry_quality": "osm_center_fallback",
        "price_status": "unknown",
        "needs_enrichment": true,
        "confidence": 0.55,
        "last_verified_source": "OpenStreetMap via Overpass",
        "raw_tags": {
          "access": "private",
          "amenity": "parking"
        }
      }
    },
    {
      "type": "Feature",
      "geometry": {
        "type": "Point",
        "coordinates": [
          -80.1335791,
          25.770424
        ]
      },
      "properties": {
        "source_id": "osm:way:1105365653",
        "source_name": "OpenStreetMap via Overpass",
        "name": "Unnamed parking",
        "facility_type": "parking",
        "fee": "unknown",
        "capacity": "",
        "operator": "",
        "access": "",
        "opening_hours": "",
        "charge": "",
        "website": "",
        "phone": "",
        "osm_type": "way",
        "osm_id": 1105365653,
        "geometry_quality": "osm_center_fallback",
        "price_status": "unknown",
        "needs_enrichment": true,
        "confidence": 0.55,
        "last_verified_source": "OpenStreetMap via Overpass",
        "raw_tags": {
          "amenity": "parking"
        }
      }
    },
    {
      "type": "Feature",
      "geometry": {
        "type": "Point",
        "coordinates": [
          -80.1313603,
          25.7838418
        ]
      },
      "properties": {
        "source_id": "osm:way:1279193872",
        "source_name": "OpenStreetMap via Overpass",
        "name": "Unnamed parking",
        "facility_type": "parking",
        "fee": "unknown",
        "capacity": "",
        "operator": "",
        "access": "",
        "opening_hours": "",
        "charge": "",
        "website": "",
        "phone": "",
        "osm_type": "way",
        "osm_id": 1279193872,
        "geometry_quality": "osm_center_fallback",
        "price_status": "unknown",
        "needs_enrichment": true,
        "confidence": 0.55,
        "last_verified_source": "OpenStreetMap via Overpass",
        "raw_tags": {
          "amenity": "parking",
          "note": "Split from node 2082949625"
        }
      }
    },
    {
      "type": "Feature",
      "geometry": {
        "type": "Point",
        "coordinates": [
          -80.140831,
          25.7943954
        ]
      },
      "properties": {
        "source_id": "osm:way:1305478446",
        "source_name": "OpenStreetMap via Overpass",
        "name": "Unnamed parking",
        "facility_type": "surface",
        "fee": "unknown",
        "capacity": "",
        "operator": "",
        "access": "private",
        "opening_hours": "",
        "charge": "",
        "website": "",
        "phone": "",
        "osm_type": "way",
        "osm_id": 1305478446,
        "geometry_quality": "osm_center_fallback",
        "price_status": "unknown",
        "needs_enrichment": true,
        "confidence": 0.55,
        "last_verified_source": "OpenStreetMap via Overpass",
        "raw_tags": {
          "access": "private",
          "amenity": "parking",
          "parking": "surface"
        }
      }
    },
    {
      "type": "Feature",
      "geometry": {
        "type": "Point",
        "coordinates": [
          -80.1409186,
          25.7944646
        ]
      },
      "properties": {
        "source_id": "osm:way:1305478447",
        "source_name": "OpenStreetMap via Overpass",
        "name": "Unnamed parking",
        "facility_type": "surface",
        "fee": "unknown",
        "capacity": "",
        "operator": "",
        "access": "customers",
        "opening_hours": "",
        "charge": "",
        "website": "",
        "phone": "",
        "osm_type": "way",
        "osm_id": 1305478447,
        "geometry_quality": "osm_center_fallback",
        "price_status": "unknown",
        "needs_enrichment": true,
        "confidence": 0.55,
        "last_verified_source": "OpenStreetMap via Overpass",
        "raw_tags": {
          "access": "customers",
          "amenity": "parking",
          "parking": "surface"
        }
      }
    },
    {
      "type": "Feature",
      "geometry": {
        "type": "Point",
        "coordinates": [
          -80.1378587,
          25.782246
        ]
      },
      "properties": {
        "source_id": "osm:way:1312377730",
        "source_name": "OpenStreetMap via Overpass",
        "name": "Miami Beach Parking Lot (P9)",
        "facility_type": "surface",
        "fee": "yes",
        "capacity": "",
        "operator": "",
        "access": "yes",
        "opening_hours": "",
        "charge": "",
        "website": "",
        "phone": "",
        "osm_type": "way",
        "osm_id": 1312377730,
        "geometry_quality": "osm_center_fallback",
        "price_status": "known",
        "needs_enrichment": false,
        "confidence": 0.65,
        "last_verified_source": "OpenStreetMap via Overpass",
        "raw_tags": {
          "access": "yes",
          "access:conditional": "yes @ (09:00-22:00)",
          "amenity": "parking",
          "covered": "no",
          "fee": "yes",
          "maxstay:conditional": "3 hours @ (09:00-22:00)",
          "name": "Miami Beach Parking Lot (P9)",
          "parking": "surface",
          "parking:both:direction": "head_in",
          "ref": "P9",
          "surface": "asphalt",
          "wheelchair": "yes"
        }
      }
    },
    {
      "type": "Feature",
      "geometry": {
        "type": "Point",
        "coordinates": [
          -80.133177,
          25.78091
        ]
      },
      "properties": {
        "source_id": "osm:way:1332905523",
        "source_name": "OpenStreetMap via Overpass",
        "name": "Miami Beach Parking Lot",
        "facility_type": "parking",
        "fee": "yes",
        "capacity": "",
        "operator": "",
        "access": "yes",
        "opening_hours": "",
        "charge": "",
        "website": "",
        "phone": "",
        "osm_type": "way",
        "osm_id": 1332905523,
        "geometry_quality": "osm_center_fallback",
        "price_status": "known",
        "needs_enrichment": false,
        "confidence": 0.65,
        "last_verified_source": "OpenStreetMap via Overpass",
        "raw_tags": {
          "access": "yes",
          "amenity": "parking",
          "fee": "yes",
          "name": "Miami Beach Parking Lot"
        }
      }
    },
    {
      "type": "Feature",
      "geometry": {
        "type": "Point",
        "coordinates": [
          -80.1338576,
          25.798151
        ]
      },
      "properties": {
        "source_id": "osm:way:1332907332",
        "source_name": "OpenStreetMap via Overpass",
        "name": "Miami Beach Senior High School Parking Lot",
        "facility_type": "parking",
        "fee": "unknown",
        "capacity": "",
        "operator": "Miami Beach Senior High School",
        "access": "customers",
        "opening_hours": "",
        "charge": "",
        "website": "",
        "phone": "",
        "osm_type": "way",
        "osm_id": 1332907332,
        "geometry_quality": "osm_center_fallback",
        "price_status": "unknown",
        "needs_enrichment": true,
        "confidence": 0.55,
        "last_verified_source": "OpenStreetMap via Overpass",
        "raw_tags": {
          "access": "customers",
          "amenity": "parking",
          "name": "Miami Beach Senior High School Parking Lot",
          "operator": "Miami Beach Senior High School",
          "operator:type": "school"
        }
      }
    },
    {
      "type": "Feature",
      "geometry": {
        "type": "Point",
        "coordinates": [
          -80.1427592,
          25.78999
        ]
      },
      "properties": {
        "source_id": "osm:way:1333034472",
        "source_name": "OpenStreetMap via Overpass",
        "name": "Unnamed parking",
        "facility_type": "parking",
        "fee": "unknown",
        "capacity": "",
        "operator": "",
        "access": "customers",
        "opening_hours": "",
        "charge": "",
        "website": "",
        "phone": "",
        "osm_type": "way",
        "osm_id": 1333034472,
        "geometry_quality": "osm_center_fallback",
        "price_status": "unknown",
        "needs_enrichment": true,
        "confidence": 0.55,
        "last_verified_source": "OpenStreetMap via Overpass",
        "raw_tags": {
          "access": "customers",
          "amenity": "parking"
        }
      }
    },
    {
      "type": "Feature",
      "geometry": {
        "type": "Point",
        "coordinates": [
          -80.1377445,
          25.7605712
        ]
      },
      "properties": {
        "source_id": "osm:way:1340741485",
        "source_name": "OpenStreetMap via Overpass",
        "name": "Unnamed parking",
        "facility_type": "parking_space",
        "fee": "unknown",
        "capacity": "2",
        "operator": "",
        "access": "",
        "opening_hours": "",
        "charge": "",
        "website": "",
        "phone": "",
        "osm_type": "way",
        "osm_id": 1340741485,
        "geometry_quality": "osm_center_fallback",
        "price_status": "unknown",
        "needs_enrichment": true,
        "confidence": 0.55,
        "last_verified_source": "OpenStreetMap via Overpass",
        "raw_tags": {
          "amenity": "parking_space",
          "capacity": "2"
        }
      }
    },
    {
      "type": "Feature",
      "geometry": {
        "type": "Point",
        "coordinates": [
          -80.1378427,
          25.7608881
        ]
      },
      "properties": {
        "source_id": "osm:way:1340741486",
        "source_name": "OpenStreetMap via Overpass",
        "name": "Unnamed parking",
        "facility_type": "parking",
        "fee": "unknown",
        "capacity": "19",
        "operator": "",
        "access": "customers",
        "opening_hours": "",
        "charge": "",
        "website": "",
        "phone": "",
        "osm_type": "way",
        "osm_id": 1340741486,
        "geometry_quality": "osm_center_fallback",
        "price_status": "unknown",
        "needs_enrichment": true,
        "confidence": 0.55,
        "last_verified_source": "OpenStreetMap via Overpass",
        "raw_tags": {
          "access": "customers",
          "amenity": "parking",
          "capacity": "19",
          "capacity:disabled": "2"
        }
      }
    },
    {
      "type": "Feature",
      "geometry": {
        "type": "Point",
        "coordinates": [
          -80.1379668,
          25.761226
        ]
      },
      "properties": {
        "source_id": "osm:way:1340741487",
        "source_name": "OpenStreetMap via Overpass",
        "name": "Unnamed parking",
        "facility_type": "parking_space",
        "fee": "unknown",
        "capacity": "",
        "operator": "",
        "access": "",
        "opening_hours": "",
        "charge": "",
        "website": "",
        "phone": "",
        "osm_type": "way",
        "osm_id": 1340741487,
        "geometry_quality": "osm_center_fallback",
        "price_status": "unknown",
        "needs_enrichment": true,
        "confidence": 0.55,
        "last_verified_source": "OpenStreetMap via Overpass",
        "raw_tags": {
          "amenity": "parking_space"
        }
      }
    },
    {
      "type": "Feature",
      "geometry": {
        "type": "Point",
        "coordinates": [
          -80.1377741,
          25.760767
        ]
      },
      "properties": {
        "source_id": "osm:way:1341612615",
        "source_name": "OpenStreetMap via Overpass",
        "name": "Unnamed parking",
        "facility_type": "parking_space",
        "fee": "unknown",
        "capacity": "",
        "operator": "",
        "access": "",
        "opening_hours": "",
        "charge": "",
        "website": "",
        "phone": "",
        "osm_type": "way",
        "osm_id": 1341612615,
        "geometry_quality": "osm_center_fallback",
        "price_status": "unknown",
        "needs_enrichment": true,
        "confidence": 0.55,
        "last_verified_source": "OpenStreetMap via Overpass",
        "raw_tags": {
          "amenity": "parking_space"
        }
      }
    },
    {
      "type": "Feature",
      "geometry": {
        "type": "Point",
        "coordinates": [
          -80.1507218,
          25.7716366
        ]
      },
      "properties": {
        "source_id": "osm:way:1417644119",
        "source_name": "OpenStreetMap via Overpass",
        "name": "Unnamed parking",
        "facility_type": "street_side",
        "fee": "unknown",
        "capacity": "",
        "operator": "",
        "access": "",
        "opening_hours": "",
        "charge": "",
        "website": "",
        "phone": "",
        "osm_type": "way",
        "osm_id": 1417644119,
        "geometry_quality": "osm_center_fallback",
        "price_status": "unknown",
        "needs_enrichment": true,
        "confidence": 0.55,
        "last_verified_source": "OpenStreetMap via Overpass",
        "raw_tags": {
          "amenity": "parking",
          "orientation": "parallel",
          "parking": "street_side"
        }
      }
    },
    {
      "type": "Feature",
      "geometry": {
        "type": "Point",
        "coordinates": [
          -80.1483063,
          25.7718716
        ]
      },
      "properties": {
        "source_id": "osm:way:1421549556",
        "source_name": "OpenStreetMap via Overpass",
        "name": "City Parking",
        "facility_type": "parking",
        "fee": "no",
        "capacity": "",
        "operator": "",
        "access": "permit",
        "opening_hours": "",
        "charge": "",
        "website": "",
        "phone": "",
        "osm_type": "way",
        "osm_id": 1421549556,
        "geometry_quality": "osm_center_fallback",
        "price_status": "known",
        "needs_enrichment": false,
        "confidence": 0.65,
        "last_verified_source": "OpenStreetMap via Overpass",
        "raw_tags": {
          "access": "permit",
          "addr:city": "Miami Beach",
          "addr:postcode": "33139",
          "addr:state": "Florida",
          "amenity": "parking",
          "fee": "no",
          "name": "City Parking",
          "supervised": "yes"
        }
      }
    },
    {
      "type": "Feature",
      "geometry": {
        "type": "Point",
        "coordinates": [
          -80.1300694,
          25.8019245
        ]
      },
      "properties": {
        "source_id": "osm:way:1441864631",
        "source_name": "OpenStreetMap via Overpass",
        "name": "City of Miami Beach",
        "facility_type": "parking",
        "fee": "no",
        "capacity": "",
        "operator": "City of Miami Beach",
        "access": "",
        "opening_hours": "07:00-19:00",
        "charge": "",
        "website": "",
        "phone": "",
        "osm_type": "way",
        "osm_id": 1441864631,
        "geometry_quality": "osm_center_fallback",
        "price_status": "known",
        "needs_enrichment": false,
        "confidence": 0.65,
        "last_verified_source": "OpenStreetMap via Overpass",
        "raw_tags": {
          "addr:city": "Miami Beach",
          "addr:state": "FL",
          "amenity": "parking",
          "covered": "no",
          "fee": "no",
          "opening_hours": "07:00-19:00",
          "operator": "City of Miami Beach"
        }
      }
    },
    {
      "type": "Feature",
      "geometry": {
        "type": "Point",
        "coordinates": [
          -80.1439704,
          25.7705776
        ]
      },
      "properties": {
        "source_id": "osm:way:1496070288",
        "source_name": "OpenStreetMap via Overpass",
        "name": "United States Coast Guard",
        "facility_type": "street_side",
        "fee": "unknown",
        "capacity": "",
        "operator": "United States Coast Guard",
        "access": "private",
        "opening_hours": "",
        "charge": "",
        "website": "",
        "phone": "",
        "osm_type": "way",
        "osm_id": 1496070288,
        "geometry_quality": "osm_center_fallback",
        "price_status": "unknown",
        "needs_enrichment": true,
        "confidence": 0.55,
        "last_verified_source": "OpenStreetMap via Overpass",
        "raw_tags": {
          "access": "private",
          "amenity": "parking",
          "area": "yes",
          "operator": "United States Coast Guard",
          "operator:short": "USCG",
          "operator:type": "military",
          "operator:wikidata": "Q11224",
          "orientation": "perpendicular",
          "parking": "street_side",
          "surface": "concrete"
        }
      }
    },
    {
      "type": "Feature",
      "geometry": {
        "type": "Point",
        "coordinates": [
          -80.1326546,
          25.7688056
        ]
      },
      "properties": {
        "source_id": "osm:relation:11149388",
        "source_name": "OpenStreetMap via Overpass",
        "name": "Unnamed parking",
        "facility_type": "surface",
        "fee": "yes",
        "capacity": "",
        "operator": "",
        "access": "customers",
        "opening_hours": "",
        "charge": "",
        "website": "",
        "phone": "",
        "osm_type": "relation",
        "osm_id": 11149388,
        "geometry_quality": "osm_center_fallback",
        "price_status": "known",
        "needs_enrichment": false,
        "confidence": 0.65,
        "last_verified_source": "OpenStreetMap via Overpass",
        "raw_tags": {
          "access": "customers",
          "amenity": "parking",
          "covered": "no",
          "fee": "yes",
          "parking": "surface",
          "surface": "asphalt",
          "type": "multipolygon",
          "wheelchair": "yes"
        }
      }
    },
    {
      "type": "Feature",
      "geometry": {
        "type": "Point",
        "coordinates": [
          -80.1346036,
          25.7666707
        ]
      },
      "properties": {
        "source_id": "osm:relation:11162975",
        "source_name": "OpenStreetMap via Overpass",
        "name": "Miami Beach Parking Lot (P1)",
        "facility_type": "surface",
        "fee": "yes",
        "capacity": "222",
        "operator": "City of Miami Beach",
        "access": "yes",
        "opening_hours": "",
        "charge": "",
        "website": "https://www.miamibeachfl.gov/city-hall/parking/parking-garages-lot-locations/south-beach/",
        "phone": "",
        "osm_type": "relation",
        "osm_id": 11162975,
        "geometry_quality": "osm_center_fallback",
        "price_status": "known",
        "needs_enrichment": false,
        "confidence": 0.65,
        "last_verified_source": "OpenStreetMap via Overpass",
        "raw_tags": {
          "access": "yes",
          "addr:city": "Miami Beach",
          "addr:housenumber": "3",
          "addr:postcode": "33139",
          "addr:state": "FL",
          "addr:street": "Washington Avenue",
          "amenity": "parking",
          "capacity": "222",
          "covered": "no",
          "fee": "yes",
          "lit": "yes",
          "name": "Miami Beach Parking Lot (P1)",
          "operator": "City of Miami Beach",
          "operator:type": "government",
          "parking": "surface",
          "surface": "asphalt",
          "type": "multipolygon",
          "website": "https://www.miamibeachfl.gov/city-hall/parking/parking-garages-lot-locations/south-beach/"
        }
      }
    }
  ]
}