{
  "type": "FeatureCollection",
  "metadata": {
    "source": "OpenStreetMap amenity=parking/parking ways and relations",
    "area": "sf_downtown",
    "count": 403,
    "polygon_count": 403,
    "source_url": "https://www.openstreetmap.org/",
    "api_url": "https://overpass-api.de/api/interpreter",
    "evidence_url": "https://www.openstreetmap.org/",
    "existence_status": "candidate",
    "price_status": "unknown",
    "rule_status": "partial",
    "enrichment_status": "needs_review",
    "note": "OSM-derived candidate/probable parking zones; lower confidence than official city data."
  },
  "features": [
    {
      "type": "Feature",
      "geometry": {
        "type": "Polygon",
        "coordinates": [
          [
            [
              -122.42191509999999,
              37.768431
            ],
            [
              -122.4216751,
              37.768431
            ],
            [
              -122.4216751,
              37.768671000000005
            ],
            [
              -122.42191509999999,
              37.768671000000005
            ],
            [
              -122.42191509999999,
              37.768431
            ]
          ]
        ]
      },
      "properties": {
        "source_id": "osm:way:16651232",
        "name": "Parking area",
        "facility_type": "underground",
        "operator": "",
        "access": "customers",
        "fee": "no",
        "charge": "",
        "capacity": "",
        "opening_hours": "",
        "website": "",
        "confidence": 0.35,
        "last_verified_source": "OpenStreetMap via Overpass",
        "raw_tags": {
          "access": "customers",
          "amenity": "parking",
          "fee": "no",
          "layer": "-1",
          "parking": "underground"
        },
        "geometry_note": "Approximate display polygon generated from point/center. Production should use parcel, building, lot footprint, or authoritative GIS polygon.",
        "source_name": "OpenStreetMap via Overpass",
        "source_url": "https://www.openstreetmap.org/",
        "api_url": "https://overpass-api.de/api/interpreter",
        "evidence_url": "https://www.openstreetmap.org/way/16651232",
        "payment_url": null,
        "booking_url": null,
        "price_status": "known_free",
        "rule_status": "unknown",
        "enrichment_status": "needs_review",
        "existence_status": "candidate",
        "city": "San Francisco",
        "state": "CA",
        "geometry_quality": "osm_display_fallback",
        "provenance_note": "OpenStreetMap-derived candidate/probable parking zone; verify against official/operator sources before treating as authoritative."
      }
    },
    {
      "type": "Feature",
      "geometry": {
        "type": "Polygon",
        "coordinates": [
          [
            [
              -122.3995174,
              37.7845746
            ],
            [
              -122.3992774,
              37.7845746
            ],
            [
              -122.3992774,
              37.784814600000004
            ],
            [
              -122.3995174,
              37.784814600000004
            ],
            [
              -122.3995174,
              37.7845746
            ]
          ]
        ]
      },
      "properties": {
        "source_id": "osm:way:24335195",
        "name": "Moscone Center Garage",
        "facility_type": "multi-storey",
        "operator": "",
        "access": "yes",
        "fee": "yes",
        "charge": "",
        "capacity": "732",
        "opening_hours": "Mo-Su 06:00-22:00",
        "website": "https://www.sfmta.com/garages-lots/moscone-center-garage",
        "confidence": 0.35,
        "last_verified_source": "OpenStreetMap via Overpass",
        "raw_tags": {
          "access": "yes",
          "addr:housenumber": "255",
          "addr:street": "3rd Street",
          "amenity": "parking",
          "building": "yes",
          "capacity": "732",
          "fee": "yes",
          "height": "17",
          "name": "Moscone Center Garage",
          "opening_hours": "Mo-Su 06:00-22:00",
          "parking": "multi-storey",
          "payment:cash": "yes",
          "payment:credit_cards": "yes",
          "payment:debit_cards": "yes",
          "surface": "concrete",
          "website": "https://www.sfmta.com/garages-lots/moscone-center-garage"
        },
        "geometry_note": "Approximate display polygon generated from point/center. Production should use parcel, building, lot footprint, or authoritative GIS polygon.",
        "source_name": "OpenStreetMap via Overpass",
        "source_url": "https://www.openstreetmap.org/",
        "api_url": "https://overpass-api.de/api/interpreter",
        "evidence_url": "https://www.openstreetmap.org/way/24335195",
        "payment_url": null,
        "booking_url": null,
        "price_status": "paid_unknown",
        "rule_status": "partial",
        "enrichment_status": "needs_review",
        "existence_status": "probable",
        "city": "San Francisco",
        "state": "CA",
        "geometry_quality": "osm_display_fallback",
        "provenance_note": "OpenStreetMap-derived candidate/probable parking zone; verify against official/operator sources before treating as authoritative."
      }
    },
    {
      "type": "Feature",
      "geometry": {
        "type": "Polygon",
        "coordinates": [
          [
            [
              -122.4086426,
              37.764695499999995
            ],
            [
              -122.4084026,
              37.764695499999995
            ],
            [
              -122.4084026,
              37.7649355
            ],
            [
              -122.4086426,
              37.7649355
            ],
            [
              -122.4086426,
              37.764695499999995
            ]
          ]
        ]
      },
      "properties": {
        "source_id": "osm:way:24547825",
        "name": "Parking area",
        "facility_type": "parking",
        "operator": "",
        "access": "",
        "fee": "unknown",
        "charge": "",
        "capacity": "",
        "opening_hours": "",
        "website": "",
        "confidence": 0.35,
        "last_verified_source": "OpenStreetMap via Overpass",
        "raw_tags": {
          "amenity": "parking"
        },
        "geometry_note": "Approximate display polygon generated from point/center. Production should use parcel, building, lot footprint, or authoritative GIS polygon.",
        "source_name": "OpenStreetMap via Overpass",
        "source_url": "https://www.openstreetmap.org/",
        "api_url": "https://overpass-api.de/api/interpreter",
        "evidence_url": "https://www.openstreetmap.org/way/24547825",
        "payment_url": null,
        "booking_url": null,
        "price_status": "unknown",
        "rule_status": "unknown",
        "enrichment_status": "needs_review",
        "existence_status": "candidate",
        "city": "San Francisco",
        "state": "CA",
        "geometry_quality": "osm_display_fallback",
        "provenance_note": "OpenStreetMap-derived candidate/probable parking zone; verify against official/operator sources before treating as authoritative."
      }
    },
    {
      "type": "Feature",
      "geometry": {
        "type": "Polygon",
        "coordinates": [
          [
            [
              -122.4214215,
              37.765104
            ],
            [
              -122.4211815,
              37.765104
            ],
            [
              -122.4211815,
              37.765344000000006
            ],
            [
              -122.4214215,
              37.765344000000006
            ],
            [
              -122.4214215,
              37.765104
            ]
          ]
        ]
      },
      "properties": {
        "source_id": "osm:way:25169841",
        "name": "Parking area",
        "facility_type": "parking",
        "operator": "",
        "access": "",
        "fee": "unknown",
        "charge": "",
        "capacity": "",
        "opening_hours": "",
        "website": "",
        "confidence": 0.35,
        "last_verified_source": "OpenStreetMap via Overpass",
        "raw_tags": {
          "amenity": "parking",
          "emergency": "assembly_point"
        },
        "geometry_note": "Approximate display polygon generated from point/center. Production should use parcel, building, lot footprint, or authoritative GIS polygon.",
        "source_name": "OpenStreetMap via Overpass",
        "source_url": "https://www.openstreetmap.org/",
        "api_url": "https://overpass-api.de/api/interpreter",
        "evidence_url": "https://www.openstreetmap.org/way/25169841",
        "payment_url": null,
        "booking_url": null,
        "price_status": "unknown",
        "rule_status": "unknown",
        "enrichment_status": "needs_review",
        "existence_status": "candidate",
        "city": "San Francisco",
        "state": "CA",
        "geometry_quality": "osm_display_fallback",
        "provenance_note": "OpenStreetMap-derived candidate/probable parking zone; verify against official/operator sources before treating as authoritative."
      }
    },
    {
      "type": "Feature",
      "geometry": {
        "type": "Polygon",
        "coordinates": [
          [
            [
              -122.3986628,
              37.799652599999995
            ],
            [
              -122.3984228,
              37.799652599999995
            ],
            [
              -122.3984228,
              37.7998926
            ],
            [
              -122.3986628,
              37.7998926
            ],
            [
              -122.3986628,
              37.799652599999995
            ]
          ]
        ]
      },
      "properties": {
        "source_id": "osm:way:25478371",
        "name": "Parking area",
        "facility_type": "surface",
        "operator": "",
        "access": "",
        "fee": "unknown",
        "charge": "",
        "capacity": "",
        "opening_hours": "",
        "website": "",
        "confidence": 0.35,
        "last_verified_source": "OpenStreetMap via Overpass",
        "raw_tags": {
          "amenity": "parking",
          "area": "yes",
          "parking": "surface"
        },
        "geometry_note": "Approximate display polygon generated from point/center. Production should use parcel, building, lot footprint, or authoritative GIS polygon.",
        "source_name": "OpenStreetMap via Overpass",
        "source_url": "https://www.openstreetmap.org/",
        "api_url": "https://overpass-api.de/api/interpreter",
        "evidence_url": "https://www.openstreetmap.org/way/25478371",
        "payment_url": null,
        "booking_url": null,
        "price_status": "unknown",
        "rule_status": "unknown",
        "enrichment_status": "needs_review",
        "existence_status": "candidate",
        "city": "San Francisco",
        "state": "CA",
        "geometry_quality": "osm_display_fallback",
        "provenance_note": "OpenStreetMap-derived candidate/probable parking zone; verify against official/operator sources before treating as authoritative."
      }
    },
    {
      "type": "Feature",
      "geometry": {
        "type": "Polygon",
        "coordinates": [
          [
            [
              -122.4000126,
              37.8010938
            ],
            [
              -122.3997726,
              37.8010938
            ],
            [
              -122.3997726,
              37.8013338
            ],
            [
              -122.4000126,
              37.8013338
            ],
            [
              -122.4000126,
              37.8010938
            ]
          ]
        ]
      },
      "properties": {
        "source_id": "osm:way:25603430",
        "name": "Parking area",
        "facility_type": "surface",
        "operator": "",
        "access": "",
        "fee": "unknown",
        "charge": "",
        "capacity": "",
        "opening_hours": "",
        "website": "",
        "confidence": 0.35,
        "last_verified_source": "OpenStreetMap via Overpass",
        "raw_tags": {
          "amenity": "parking",
          "capacity:disabled": "6",
          "parking": "surface",
          "surface": "asphalt"
        },
        "geometry_note": "Approximate display polygon generated from point/center. Production should use parcel, building, lot footprint, or authoritative GIS polygon.",
        "source_name": "OpenStreetMap via Overpass",
        "source_url": "https://www.openstreetmap.org/",
        "api_url": "https://overpass-api.de/api/interpreter",
        "evidence_url": "https://www.openstreetmap.org/way/25603430",
        "payment_url": null,
        "booking_url": null,
        "price_status": "unknown",
        "rule_status": "unknown",
        "enrichment_status": "needs_review",
        "existence_status": "candidate",
        "city": "San Francisco",
        "state": "CA",
        "geometry_quality": "osm_display_fallback",
        "provenance_note": "OpenStreetMap-derived candidate/probable parking zone; verify against official/operator sources before treating as authoritative."
      }
    },
    {
      "type": "Feature",
      "geometry": {
        "type": "Polygon",
        "coordinates": [
          [
            [
              -122.414853,
              37.7686736
            ],
            [
              -122.414613,
              37.7686736
            ],
            [
              -122.414613,
              37.768913600000005
            ],
            [
              -122.414853,
              37.768913600000005
            ],
            [
              -122.414853,
              37.7686736
            ]
          ]
        ]
      },
      "properties": {
        "source_id": "osm:way:25821948",
        "name": "Parking area",
        "facility_type": "surface",
        "operator": "",
        "access": "customers",
        "fee": "no",
        "charge": "",
        "capacity": "10",
        "opening_hours": "",
        "website": "",
        "confidence": 0.35,
        "last_verified_source": "OpenStreetMap via Overpass",
        "raw_tags": {
          "access": "customers",
          "amenity": "parking",
          "capacity": "10",
          "capacity:disabled": "1",
          "fee": "no",
          "parking": "surface",
          "surface": "asphalt"
        },
        "geometry_note": "Approximate display polygon generated from point/center. Production should use parcel, building, lot footprint, or authoritative GIS polygon.",
        "source_name": "OpenStreetMap via Overpass",
        "source_url": "https://www.openstreetmap.org/",
        "api_url": "https://overpass-api.de/api/interpreter",
        "evidence_url": "https://www.openstreetmap.org/way/25821948",
        "payment_url": null,
        "booking_url": null,
        "price_status": "known_free",
        "rule_status": "unknown",
        "enrichment_status": "needs_review",
        "existence_status": "candidate",
        "city": "San Francisco",
        "state": "CA",
        "geometry_quality": "osm_display_fallback",
        "provenance_note": "OpenStreetMap-derived candidate/probable parking zone; verify against official/operator sources before treating as authoritative."
      }
    },
    {
      "type": "Feature",
      "geometry": {
        "type": "Polygon",
        "coordinates": [
          [
            [
              -122.3897879,
              37.7681823
            ],
            [
              -122.38954790000001,
              37.7681823
            ],
            [
              -122.38954790000001,
              37.768422300000005
            ],
            [
              -122.3897879,
              37.768422300000005
            ],
            [
              -122.3897879,
              37.7681823
            ]
          ]
        ]
      },
      "properties": {
        "source_id": "osm:way:27369503",
        "name": "Third Street Garage",
        "facility_type": "multi-storey",
        "operator": "",
        "access": "",
        "fee": "unknown",
        "charge": "",
        "capacity": "",
        "opening_hours": "",
        "website": "",
        "confidence": 0.35,
        "last_verified_source": "OpenStreetMap via Overpass",
        "raw_tags": {
          "addr:city": "San Francisco",
          "addr:housenumber": "1650",
          "addr:postcode": "94158",
          "addr:state": "CA",
          "addr:street": "3rd Street",
          "amenity": "parking",
          "building": "yes",
          "building:levels": "8",
          "height": "25",
          "name": "Third Street Garage",
          "parking": "multi-storey"
        },
        "geometry_note": "Approximate display polygon generated from point/center. Production should use parcel, building, lot footprint, or authoritative GIS polygon.",
        "source_name": "OpenStreetMap via Overpass",
        "source_url": "https://www.openstreetmap.org/",
        "api_url": "https://overpass-api.de/api/interpreter",
        "evidence_url": "https://www.openstreetmap.org/way/27369503",
        "payment_url": null,
        "booking_url": null,
        "price_status": "unknown",
        "rule_status": "unknown",
        "enrichment_status": "needs_review",
        "existence_status": "probable",
        "city": "San Francisco",
        "state": "CA",
        "geometry_quality": "osm_display_fallback",
        "provenance_note": "OpenStreetMap-derived candidate/probable parking zone; verify against official/operator sources before treating as authoritative."
      }
    },
    {
      "type": "Feature",
      "geometry": {
        "type": "Polygon",
        "coordinates": [
          [
            [
              -122.3860874,
              37.770049199999995
            ],
            [
              -122.3858474,
              37.770049199999995
            ],
            [
              -122.3858474,
              37.7702892
            ],
            [
              -122.3860874,
              37.7702892
            ],
            [
              -122.3860874,
              37.770049199999995
            ]
          ]
        ]
      },
      "properties": {
        "source_id": "osm:way:27369592",
        "name": "Parking area",
        "facility_type": "surface",
        "operator": "",
        "access": "yes",
        "fee": "yes",
        "charge": "",
        "capacity": "",
        "opening_hours": "",
        "website": "",
        "confidence": 0.35,
        "last_verified_source": "OpenStreetMap via Overpass",
        "raw_tags": {
          "access": "yes",
          "amenity": "parking",
          "fee": "yes",
          "parking": "surface"
        },
        "geometry_note": "Approximate display polygon generated from point/center. Production should use parcel, building, lot footprint, or authoritative GIS polygon.",
        "source_name": "OpenStreetMap via Overpass",
        "source_url": "https://www.openstreetmap.org/",
        "api_url": "https://overpass-api.de/api/interpreter",
        "evidence_url": "https://www.openstreetmap.org/way/27369592",
        "payment_url": null,
        "booking_url": null,
        "price_status": "paid_unknown",
        "rule_status": "unknown",
        "enrichment_status": "needs_review",
        "existence_status": "candidate",
        "city": "San Francisco",
        "state": "CA",
        "geometry_quality": "osm_display_fallback",
        "provenance_note": "OpenStreetMap-derived candidate/probable parking zone; verify against official/operator sources before treating as authoritative."
      }
    },
    {
      "type": "Feature",
      "geometry": {
        "type": "Polygon",
        "coordinates": [
          [
            [
              -122.3862588,
              37.7755747
            ],
            [
              -122.3860188,
              37.7755747
            ],
            [
              -122.3860188,
              37.775814700000005
            ],
            [
              -122.3862588,
              37.775814700000005
            ],
            [
              -122.3862588,
              37.7755747
            ]
          ]
        ]
      },
      "properties": {
        "source_id": "osm:way:27369603",
        "name": "Pier 48",
        "facility_type": "parking",
        "operator": "",
        "access": "yes",
        "fee": "yes",
        "charge": "",
        "capacity": "",
        "opening_hours": "",
        "website": "",
        "confidence": 0.35,
        "last_verified_source": "OpenStreetMap via Overpass",
        "raw_tags": {
          "access": "yes",
          "amenity": "parking",
          "building": "yes",
          "fee": "yes",
          "height": "7",
          "name": "Pier 48",
          "surface": "concrete"
        },
        "geometry_note": "Approximate display polygon generated from point/center. Production should use parcel, building, lot footprint, or authoritative GIS polygon.",
        "source_name": "OpenStreetMap via Overpass",
        "source_url": "https://www.openstreetmap.org/",
        "api_url": "https://overpass-api.de/api/interpreter",
        "evidence_url": "https://www.openstreetmap.org/way/27369603",
        "payment_url": null,
        "booking_url": null,
        "price_status": "paid_unknown",
        "rule_status": "unknown",
        "enrichment_status": "needs_review",
        "existence_status": "probable",
        "city": "San Francisco",
        "state": "CA",
        "geometry_quality": "osm_display_fallback",
        "provenance_note": "OpenStreetMap-derived candidate/probable parking zone; verify against official/operator sources before treating as authoritative."
      }
    },
    {
      "type": "Feature",
      "geometry": {
        "type": "Polygon",
        "coordinates": [
          [
            [
              -122.38870469999999,
              37.7863488
            ],
            [
              -122.3884647,
              37.7863488
            ],
            [
              -122.3884647,
              37.786588800000004
            ],
            [
              -122.38870469999999,
              37.786588800000004
            ],
            [
              -122.38870469999999,
              37.7863488
            ]
          ]
        ]
      },
      "properties": {
        "source_id": "osm:way:27956168",
        "name": "Parking area",
        "facility_type": "parking",
        "operator": "",
        "access": "",
        "fee": "unknown",
        "charge": "",
        "capacity": "",
        "opening_hours": "",
        "website": "",
        "confidence": 0.35,
        "last_verified_source": "OpenStreetMap via Overpass",
        "raw_tags": {
          "amenity": "parking",
          "source": "yahoo"
        },
        "geometry_note": "Approximate display polygon generated from point/center. Production should use parcel, building, lot footprint, or authoritative GIS polygon.",
        "source_name": "OpenStreetMap via Overpass",
        "source_url": "https://www.openstreetmap.org/",
        "api_url": "https://overpass-api.de/api/interpreter",
        "evidence_url": "https://www.openstreetmap.org/way/27956168",
        "payment_url": null,
        "booking_url": null,
        "price_status": "unknown",
        "rule_status": "unknown",
        "enrichment_status": "needs_review",
        "existence_status": "candidate",
        "city": "San Francisco",
        "state": "CA",
        "geometry_quality": "osm_display_fallback",
        "provenance_note": "OpenStreetMap-derived candidate/probable parking zone; verify against official/operator sources before treating as authoritative."
      }
    },
    {
      "type": "Feature",
      "geometry": {
        "type": "Polygon",
        "coordinates": [
          [
            [
              -122.4042729,
              37.797764199999996
            ],
            [
              -122.4040329,
              37.797764199999996
            ],
            [
              -122.4040329,
              37.7980042
            ],
            [
              -122.4042729,
              37.7980042
            ],
            [
              -122.4042729,
              37.797764199999996
            ]
          ]
        ]
      },
      "properties": {
        "source_id": "osm:way:30390473",
        "name": "Parking area",
        "facility_type": "parking",
        "operator": "",
        "access": "yes",
        "fee": "yes",
        "charge": "",
        "capacity": "",
        "opening_hours": "",
        "website": "",
        "confidence": 0.35,
        "last_verified_source": "OpenStreetMap via Overpass",
        "raw_tags": {
          "access": "yes",
          "amenity": "parking",
          "fee": "yes"
        },
        "geometry_note": "Approximate display polygon generated from point/center. Production should use parcel, building, lot footprint, or authoritative GIS polygon.",
        "source_name": "OpenStreetMap via Overpass",
        "source_url": "https://www.openstreetmap.org/",
        "api_url": "https://overpass-api.de/api/interpreter",
        "evidence_url": "https://www.openstreetmap.org/way/30390473",
        "payment_url": null,
        "booking_url": null,
        "price_status": "paid_unknown",
        "rule_status": "unknown",
        "enrichment_status": "needs_review",
        "existence_status": "candidate",
        "city": "San Francisco",
        "state": "CA",
        "geometry_quality": "osm_display_fallback",
        "provenance_note": "OpenStreetMap-derived candidate/probable parking zone; verify against official/operator sources before treating as authoritative."
      }
    },
    {
      "type": "Feature",
      "geometry": {
        "type": "Polygon",
        "coordinates": [
          [
            [
              -122.4023089,
              37.7990911
            ],
            [
              -122.4020689,
              37.7990911
            ],
            [
              -122.4020689,
              37.7993311
            ],
            [
              -122.4023089,
              37.7993311
            ],
            [
              -122.4023089,
              37.7990911
            ]
          ]
        ]
      },
      "properties": {
        "source_id": "osm:way:32015746",
        "name": "Parking area",
        "facility_type": "surface",
        "operator": "",
        "access": "",
        "fee": "unknown",
        "charge": "",
        "capacity": "",
        "opening_hours": "",
        "website": "",
        "confidence": 0.35,
        "last_verified_source": "OpenStreetMap via Overpass",
        "raw_tags": {
          "amenity": "parking",
          "parking": "surface",
          "surface": "asphalt"
        },
        "geometry_note": "Approximate display polygon generated from point/center. Production should use parcel, building, lot footprint, or authoritative GIS polygon.",
        "source_name": "OpenStreetMap via Overpass",
        "source_url": "https://www.openstreetmap.org/",
        "api_url": "https://overpass-api.de/api/interpreter",
        "evidence_url": "https://www.openstreetmap.org/way/32015746",
        "payment_url": null,
        "booking_url": null,
        "price_status": "unknown",
        "rule_status": "unknown",
        "enrichment_status": "needs_review",
        "existence_status": "candidate",
        "city": "San Francisco",
        "state": "CA",
        "geometry_quality": "osm_display_fallback",
        "provenance_note": "OpenStreetMap-derived candidate/probable parking zone; verify against official/operator sources before treating as authoritative."
      }
    },
    {
      "type": "Feature",
      "geometry": {
        "type": "Polygon",
        "coordinates": [
          [
            [
              -122.3947177,
              37.798167799999995
            ],
            [
              -122.39447770000001,
              37.798167799999995
            ],
            [
              -122.39447770000001,
              37.7984078
            ],
            [
              -122.3947177,
              37.7984078
            ],
            [
              -122.3947177,
              37.798167799999995
            ]
          ]
        ]
      },
      "properties": {
        "source_id": "osm:way:32016357",
        "name": "Parking area",
        "facility_type": "surface",
        "operator": "",
        "access": "customers",
        "fee": "yes",
        "charge": "",
        "capacity": "",
        "opening_hours": "",
        "website": "",
        "confidence": 0.35,
        "last_verified_source": "OpenStreetMap via Overpass",
        "raw_tags": {
          "access": "customers",
          "amenity": "parking",
          "fee": "yes",
          "parking": "surface",
          "surface": "asphalt"
        },
        "geometry_note": "Approximate display polygon generated from point/center. Production should use parcel, building, lot footprint, or authoritative GIS polygon.",
        "source_name": "OpenStreetMap via Overpass",
        "source_url": "https://www.openstreetmap.org/",
        "api_url": "https://overpass-api.de/api/interpreter",
        "evidence_url": "https://www.openstreetmap.org/way/32016357",
        "payment_url": null,
        "booking_url": null,
        "price_status": "paid_unknown",
        "rule_status": "unknown",
        "enrichment_status": "needs_review",
        "existence_status": "candidate",
        "city": "San Francisco",
        "state": "CA",
        "geometry_quality": "osm_display_fallback",
        "provenance_note": "OpenStreetMap-derived candidate/probable parking zone; verify against official/operator sources before treating as authoritative."
      }
    },
    {
      "type": "Feature",
      "geometry": {
        "type": "Polygon",
        "coordinates": [
          [
            [
              -122.4095893,
              37.7990607
            ],
            [
              -122.4093493,
              37.7990607
            ],
            [
              -122.4093493,
              37.7993007
            ],
            [
              -122.4095893,
              37.7993007
            ],
            [
              -122.4095893,
              37.7990607
            ]
          ]
        ]
      },
      "properties": {
        "source_id": "osm:way:32609898",
        "name": "SP+",
        "facility_type": "surface",
        "operator": "SP+",
        "access": "",
        "fee": "yes",
        "charge": "",
        "capacity": "",
        "opening_hours": "",
        "website": "",
        "confidence": 0.35,
        "last_verified_source": "OpenStreetMap via Overpass",
        "raw_tags": {
          "alt_name": "SP Plus",
          "amenity": "parking",
          "area": "yes",
          "brand": "SP+",
          "brand:wikidata": "Q7598289",
          "fee": "yes",
          "name": "SP+",
          "operator": "SP+",
          "operator:type": "private",
          "operator:wikidata": "Q7598289",
          "park_ride": "no",
          "parking": "surface",
          "supervised": "no",
          "surface": "asphalt"
        },
        "geometry_note": "Approximate display polygon generated from point/center. Production should use parcel, building, lot footprint, or authoritative GIS polygon.",
        "source_name": "OpenStreetMap via Overpass",
        "source_url": "https://www.openstreetmap.org/",
        "api_url": "https://overpass-api.de/api/interpreter",
        "evidence_url": "https://www.openstreetmap.org/way/32609898",
        "payment_url": null,
        "booking_url": null,
        "price_status": "paid_unknown",
        "rule_status": "unknown",
        "enrichment_status": "needs_review",
        "existence_status": "probable",
        "city": "San Francisco",
        "state": "CA",
        "geometry_quality": "osm_display_fallback",
        "provenance_note": "OpenStreetMap-derived candidate/probable parking zone; verify against official/operator sources before treating as authoritative."
      }
    },
    {
      "type": "Feature",
      "geometry": {
        "type": "Polygon",
        "coordinates": [
          [
            [
              -122.4066124,
              37.798358199999996
            ],
            [
              -122.40637240000001,
              37.798358199999996
            ],
            [
              -122.40637240000001,
              37.7985982
            ],
            [
              -122.4066124,
              37.7985982
            ],
            [
              -122.4066124,
              37.798358199999996
            ]
          ]
        ]
      },
      "properties": {
        "source_id": "osm:way:32610644",
        "name": "Parking area",
        "facility_type": "surface",
        "operator": "",
        "access": "",
        "fee": "yes",
        "charge": "",
        "capacity": "",
        "opening_hours": "",
        "website": "",
        "confidence": 0.35,
        "last_verified_source": "OpenStreetMap via Overpass",
        "raw_tags": {
          "amenity": "parking",
          "area": "yes",
          "fee": "yes",
          "parking": "surface"
        },
        "geometry_note": "Approximate display polygon generated from point/center. Production should use parcel, building, lot footprint, or authoritative GIS polygon.",
        "source_name": "OpenStreetMap via Overpass",
        "source_url": "https://www.openstreetmap.org/",
        "api_url": "https://overpass-api.de/api/interpreter",
        "evidence_url": "https://www.openstreetmap.org/way/32610644",
        "payment_url": null,
        "booking_url": null,
        "price_status": "paid_unknown",
        "rule_status": "unknown",
        "enrichment_status": "needs_review",
        "existence_status": "candidate",
        "city": "San Francisco",
        "state": "CA",
        "geometry_quality": "osm_display_fallback",
        "provenance_note": "OpenStreetMap-derived candidate/probable parking zone; verify against official/operator sources before treating as authoritative."
      }
    },
    {
      "type": "Feature",
      "geometry": {
        "type": "Polygon",
        "coordinates": [
          [
            [
              -122.4100088,
              37.799573699999996
            ],
            [
              -122.40976880000001,
              37.799573699999996
            ],
            [
              -122.40976880000001,
              37.7998137
            ],
            [
              -122.4100088,
              37.7998137
            ],
            [
              -122.4100088,
              37.799573699999996
            ]
          ]
        ]
      },
      "properties": {
        "source_id": "osm:way:32611972",
        "name": "Parking area",
        "facility_type": "parking",
        "operator": "",
        "access": "",
        "fee": "unknown",
        "charge": "",
        "capacity": "",
        "opening_hours": "",
        "website": "",
        "confidence": 0.35,
        "last_verified_source": "OpenStreetMap via Overpass",
        "raw_tags": {
          "amenity": "parking"
        },
        "geometry_note": "Approximate display polygon generated from point/center. Production should use parcel, building, lot footprint, or authoritative GIS polygon.",
        "source_name": "OpenStreetMap via Overpass",
        "source_url": "https://www.openstreetmap.org/",
        "api_url": "https://overpass-api.de/api/interpreter",
        "evidence_url": "https://www.openstreetmap.org/way/32611972",
        "payment_url": null,
        "booking_url": null,
        "price_status": "unknown",
        "rule_status": "unknown",
        "enrichment_status": "needs_review",
        "existence_status": "candidate",
        "city": "San Francisco",
        "state": "CA",
        "geometry_quality": "osm_display_fallback",
        "provenance_note": "OpenStreetMap-derived candidate/probable parking zone; verify against official/operator sources before treating as authoritative."
      }
    },
    {
      "type": "Feature",
      "geometry": {
        "type": "Polygon",
        "coordinates": [
          [
            [
              -122.4060822,
              37.7980859
            ],
            [
              -122.40584220000001,
              37.7980859
            ],
            [
              -122.40584220000001,
              37.7983259
            ],
            [
              -122.4060822,
              37.7983259
            ],
            [
              -122.4060822,
              37.7980859
            ]
          ]
        ]
      },
      "properties": {
        "source_id": "osm:way:32613491",
        "name": "Parking area",
        "facility_type": "surface",
        "operator": "",
        "access": "",
        "fee": "yes",
        "charge": "",
        "capacity": "",
        "opening_hours": "",
        "website": "",
        "confidence": 0.35,
        "last_verified_source": "OpenStreetMap via Overpass",
        "raw_tags": {
          "amenity": "parking",
          "fee": "yes",
          "parking": "surface"
        },
        "geometry_note": "Approximate display polygon generated from point/center. Production should use parcel, building, lot footprint, or authoritative GIS polygon.",
        "source_name": "OpenStreetMap via Overpass",
        "source_url": "https://www.openstreetmap.org/",
        "api_url": "https://overpass-api.de/api/interpreter",
        "evidence_url": "https://www.openstreetmap.org/way/32613491",
        "payment_url": null,
        "booking_url": null,
        "price_status": "paid_unknown",
        "rule_status": "unknown",
        "enrichment_status": "needs_review",
        "existence_status": "candidate",
        "city": "San Francisco",
        "state": "CA",
        "geometry_quality": "osm_display_fallback",
        "provenance_note": "OpenStreetMap-derived candidate/probable parking zone; verify against official/operator sources before treating as authoritative."
      }
    },
    {
      "type": "Feature",
      "geometry": {
        "type": "Polygon",
        "coordinates": [
          [
            [
              -122.4051832,
              37.798137
            ],
            [
              -122.4049432,
              37.798137
            ],
            [
              -122.4049432,
              37.798377
            ],
            [
              -122.4051832,
              37.798377
            ],
            [
              -122.4051832,
              37.798137
            ]
          ]
        ]
      },
      "properties": {
        "source_id": "osm:way:32613521",
        "name": "Parking area",
        "facility_type": "surface",
        "operator": "",
        "access": "yes",
        "fee": "yes",
        "charge": "",
        "capacity": "",
        "opening_hours": "",
        "website": "",
        "confidence": 0.35,
        "last_verified_source": "OpenStreetMap via Overpass",
        "raw_tags": {
          "access": "yes",
          "addr:city": "San Francisco",
          "addr:postcode": "94133",
          "addr:state": "CA",
          "addr:street": "Broadway",
          "amenity": "parking",
          "fee": "yes",
          "parking": "surface"
        },
        "geometry_note": "Approximate display polygon generated from point/center. Production should use parcel, building, lot footprint, or authoritative GIS polygon.",
        "source_name": "OpenStreetMap via Overpass",
        "source_url": "https://www.openstreetmap.org/",
        "api_url": "https://overpass-api.de/api/interpreter",
        "evidence_url": "https://www.openstreetmap.org/way/32613521",
        "payment_url": null,
        "booking_url": null,
        "price_status": "paid_unknown",
        "rule_status": "unknown",
        "enrichment_status": "needs_review",
        "existence_status": "candidate",
        "city": "San Francisco",
        "state": "CA",
        "geometry_quality": "osm_display_fallback",
        "provenance_note": "OpenStreetMap-derived candidate/probable parking zone; verify against official/operator sources before treating as authoritative."
      }
    },
    {
      "type": "Feature",
      "geometry": {
        "type": "Polygon",
        "coordinates": [
          [
            [
              -122.3887417,
              37.78852
            ],
            [
              -122.3885017,
              37.78852
            ],
            [
              -122.3885017,
              37.78876
            ],
            [
              -122.3887417,
              37.78876
            ],
            [
              -122.3887417,
              37.78852
            ]
          ]
        ]
      },
      "properties": {
        "source_id": "osm:way:32862751",
        "name": "Parking area",
        "facility_type": "parking",
        "operator": "",
        "access": "",
        "fee": "unknown",
        "charge": "",
        "capacity": "",
        "opening_hours": "",
        "website": "",
        "confidence": 0.35,
        "last_verified_source": "OpenStreetMap via Overpass",
        "raw_tags": {
          "amenity": "parking",
          "area": "yes"
        },
        "geometry_note": "Approximate display polygon generated from point/center. Production should use parcel, building, lot footprint, or authoritative GIS polygon.",
        "source_name": "OpenStreetMap via Overpass",
        "source_url": "https://www.openstreetmap.org/",
        "api_url": "https://overpass-api.de/api/interpreter",
        "evidence_url": "https://www.openstreetmap.org/way/32862751",
        "payment_url": null,
        "booking_url": null,
        "price_status": "unknown",
        "rule_status": "unknown",
        "enrichment_status": "needs_review",
        "existence_status": "candidate",
        "city": "San Francisco",
        "state": "CA",
        "geometry_quality": "osm_display_fallback",
        "provenance_note": "OpenStreetMap-derived candidate/probable parking zone; verify against official/operator sources before treating as authoritative."
      }
    },
    {
      "type": "Feature",
      "geometry": {
        "type": "Polygon",
        "coordinates": [
          [
            [
              -122.4109397,
              37.7785989
            ],
            [
              -122.41069970000001,
              37.7785989
            ],
            [
              -122.41069970000001,
              37.778838900000004
            ],
            [
              -122.4109397,
              37.778838900000004
            ],
            [
              -122.4109397,
              37.7785989
            ]
          ]
        ]
      },
      "properties": {
        "source_id": "osm:way:32864555",
        "name": "Parking area",
        "facility_type": "surface",
        "operator": "",
        "access": "customers",
        "fee": "yes",
        "charge": "12 USD/day",
        "capacity": "",
        "opening_hours": "",
        "website": "",
        "confidence": 0.35,
        "last_verified_source": "OpenStreetMap via Overpass",
        "raw_tags": {
          "access": "customers",
          "amenity": "parking",
          "charge": "12 USD/day",
          "fee": "yes",
          "parking": "surface"
        },
        "geometry_note": "Approximate display polygon generated from point/center. Production should use parcel, building, lot footprint, or authoritative GIS polygon.",
        "source_name": "OpenStreetMap via Overpass",
        "source_url": "https://www.openstreetmap.org/",
        "api_url": "https://overpass-api.de/api/interpreter",
        "evidence_url": "https://www.openstreetmap.org/way/32864555",
        "payment_url": null,
        "booking_url": null,
        "price_status": "known_priced",
        "rule_status": "unknown",
        "enrichment_status": "needs_review",
        "existence_status": "candidate",
        "city": "San Francisco",
        "state": "CA",
        "geometry_quality": "osm_display_fallback",
        "provenance_note": "OpenStreetMap-derived candidate/probable parking zone; verify against official/operator sources before treating as authoritative."
      }
    },
    {
      "type": "Feature",
      "geometry": {
        "type": "Polygon",
        "coordinates": [
          [
            [
              -122.4212864,
              37.777640299999995
            ],
            [
              -122.42104640000001,
              37.777640299999995
            ],
            [
              -122.42104640000001,
              37.7778803
            ],
            [
              -122.4212864,
              37.7778803
            ],
            [
              -122.4212864,
              37.777640299999995
            ]
          ]
        ]
      },
      "properties": {
        "source_id": "osm:way:32865748",
        "name": "Parking area",
        "facility_type": "surface",
        "operator": "",
        "access": "private",
        "fee": "unknown",
        "charge": "",
        "capacity": "",
        "opening_hours": "",
        "website": "",
        "confidence": 0.35,
        "last_verified_source": "OpenStreetMap via Overpass",
        "raw_tags": {
          "access": "private",
          "amenity": "parking",
          "parking": "surface",
          "surface": "asphalt"
        },
        "geometry_note": "Approximate display polygon generated from point/center. Production should use parcel, building, lot footprint, or authoritative GIS polygon.",
        "source_name": "OpenStreetMap via Overpass",
        "source_url": "https://www.openstreetmap.org/",
        "api_url": "https://overpass-api.de/api/interpreter",
        "evidence_url": "https://www.openstreetmap.org/way/32865748",
        "payment_url": null,
        "booking_url": null,
        "price_status": "unknown",
        "rule_status": "unknown",
        "enrichment_status": "needs_review",
        "existence_status": "candidate",
        "city": "San Francisco",
        "state": "CA",
        "geometry_quality": "osm_display_fallback",
        "provenance_note": "OpenStreetMap-derived candidate/probable parking zone; verify against official/operator sources before treating as authoritative."
      }
    },
    {
      "type": "Feature",
      "geometry": {
        "type": "Polygon",
        "coordinates": [
          [
            [
              -122.4115545,
              37.7923738
            ],
            [
              -122.4113145,
              37.7923738
            ],
            [
              -122.4113145,
              37.792613800000005
            ],
            [
              -122.4115545,
              37.792613800000005
            ],
            [
              -122.4115545,
              37.7923738
            ]
          ]
        ]
      },
      "properties": {
        "source_id": "osm:way:32947078",
        "name": "Parking area",
        "facility_type": "surface",
        "operator": "",
        "access": "private",
        "fee": "unknown",
        "charge": "",
        "capacity": "",
        "opening_hours": "",
        "website": "",
        "confidence": 0.35,
        "last_verified_source": "OpenStreetMap via Overpass",
        "raw_tags": {
          "access": "private",
          "amenity": "parking",
          "area": "yes",
          "capacity:disabled": "2",
          "parking": "surface"
        },
        "geometry_note": "Approximate display polygon generated from point/center. Production should use parcel, building, lot footprint, or authoritative GIS polygon.",
        "source_name": "OpenStreetMap via Overpass",
        "source_url": "https://www.openstreetmap.org/",
        "api_url": "https://overpass-api.de/api/interpreter",
        "evidence_url": "https://www.openstreetmap.org/way/32947078",
        "payment_url": null,
        "booking_url": null,
        "price_status": "unknown",
        "rule_status": "unknown",
        "enrichment_status": "needs_review",
        "existence_status": "candidate",
        "city": "San Francisco",
        "state": "CA",
        "geometry_quality": "osm_display_fallback",
        "provenance_note": "OpenStreetMap-derived candidate/probable parking zone; verify against official/operator sources before treating as authoritative."
      }
    },
    {
      "type": "Feature",
      "geometry": {
        "type": "Polygon",
        "coordinates": [
          [
            [
              -122.4123868,
              37.7869853
            ],
            [
              -122.4121468,
              37.7869853
            ],
            [
              -122.4121468,
              37.7872253
            ],
            [
              -122.4123868,
              37.7872253
            ],
            [
              -122.4123868,
              37.7869853
            ]
          ]
        ]
      },
      "properties": {
        "source_id": "osm:way:33570416",
        "name": "Parking area",
        "facility_type": "parking",
        "operator": "",
        "access": "",
        "fee": "yes",
        "charge": "",
        "capacity": "",
        "opening_hours": "",
        "website": "",
        "confidence": 0.35,
        "last_verified_source": "OpenStreetMap via Overpass",
        "raw_tags": {
          "amenity": "parking",
          "fee": "yes"
        },
        "geometry_note": "Approximate display polygon generated from point/center. Production should use parcel, building, lot footprint, or authoritative GIS polygon.",
        "source_name": "OpenStreetMap via Overpass",
        "source_url": "https://www.openstreetmap.org/",
        "api_url": "https://overpass-api.de/api/interpreter",
        "evidence_url": "https://www.openstreetmap.org/way/33570416",
        "payment_url": null,
        "booking_url": null,
        "price_status": "paid_unknown",
        "rule_status": "unknown",
        "enrichment_status": "needs_review",
        "existence_status": "candidate",
        "city": "San Francisco",
        "state": "CA",
        "geometry_quality": "osm_display_fallback",
        "provenance_note": "OpenStreetMap-derived candidate/probable parking zone; verify against official/operator sources before treating as authoritative."
      }
    },
    {
      "type": "Feature",
      "geometry": {
        "type": "Polygon",
        "coordinates": [
          [
            [
              -122.41255989999999,
              37.7862345
            ],
            [
              -122.4123199,
              37.7862345
            ],
            [
              -122.4123199,
              37.786474500000004
            ],
            [
              -122.41255989999999,
              37.786474500000004
            ],
            [
              -122.41255989999999,
              37.7862345
            ]
          ]
        ]
      },
      "properties": {
        "source_id": "osm:way:33570486",
        "name": "Parking area",
        "facility_type": "parking",
        "operator": "",
        "access": "",
        "fee": "yes",
        "charge": "",
        "capacity": "",
        "opening_hours": "",
        "website": "",
        "confidence": 0.35,
        "last_verified_source": "OpenStreetMap via Overpass",
        "raw_tags": {
          "amenity": "parking",
          "fee": "yes"
        },
        "geometry_note": "Approximate display polygon generated from point/center. Production should use parcel, building, lot footprint, or authoritative GIS polygon.",
        "source_name": "OpenStreetMap via Overpass",
        "source_url": "https://www.openstreetmap.org/",
        "api_url": "https://overpass-api.de/api/interpreter",
        "evidence_url": "https://www.openstreetmap.org/way/33570486",
        "payment_url": null,
        "booking_url": null,
        "price_status": "paid_unknown",
        "rule_status": "unknown",
        "enrichment_status": "needs_review",
        "existence_status": "candidate",
        "city": "San Francisco",
        "state": "CA",
        "geometry_quality": "osm_display_fallback",
        "provenance_note": "OpenStreetMap-derived candidate/probable parking zone; verify against official/operator sources before treating as authoritative."
      }
    },
    {
      "type": "Feature",
      "geometry": {
        "type": "Polygon",
        "coordinates": [
          [
            [
              -122.4104729,
              37.7863178
            ],
            [
              -122.41023290000001,
              37.7863178
            ],
            [
              -122.41023290000001,
              37.786557800000004
            ],
            [
              -122.4104729,
              37.786557800000004
            ],
            [
              -122.4104729,
              37.7863178
            ]
          ]
        ]
      },
      "properties": {
        "source_id": "osm:way:33571523",
        "name": "Mason O'Farrell Garage",
        "facility_type": "multi-storey",
        "operator": "",
        "access": "",
        "fee": "yes",
        "charge": "",
        "capacity": "",
        "opening_hours": "",
        "website": "",
        "confidence": 0.35,
        "last_verified_source": "OpenStreetMap via Overpass",
        "raw_tags": {
          "addr:housenumber": "325",
          "addr:postcode": "94102",
          "addr:street": "Mason Street",
          "amenity": "parking",
          "building": "yes",
          "building:levels": "9",
          "capacity:disabled": "yes",
          "fee": "yes",
          "height": "25",
          "lit": "yes",
          "name": "Mason O'Farrell Garage",
          "parking": "multi-storey",
          "supervised": "yes",
          "surface": "concrete"
        },
        "geometry_note": "Approximate display polygon generated from point/center. Production should use parcel, building, lot footprint, or authoritative GIS polygon.",
        "source_name": "OpenStreetMap via Overpass",
        "source_url": "https://www.openstreetmap.org/",
        "api_url": "https://overpass-api.de/api/interpreter",
        "evidence_url": "https://www.openstreetmap.org/way/33571523",
        "payment_url": null,
        "booking_url": null,
        "price_status": "paid_unknown",
        "rule_status": "unknown",
        "enrichment_status": "needs_review",
        "existence_status": "probable",
        "city": "San Francisco",
        "state": "CA",
        "geometry_quality": "osm_display_fallback",
        "provenance_note": "OpenStreetMap-derived candidate/probable parking zone; verify against official/operator sources before treating as authoritative."
      }
    },
    {
      "type": "Feature",
      "geometry": {
        "type": "Polygon",
        "coordinates": [
          [
            [
              -122.4072171,
              37.785945399999996
            ],
            [
              -122.4069771,
              37.785945399999996
            ],
            [
              -122.4069771,
              37.7861854
            ],
            [
              -122.4072171,
              37.7861854
            ],
            [
              -122.4072171,
              37.785945399999996
            ]
          ]
        ]
      },
      "properties": {
        "source_id": "osm:way:33617520",
        "name": "Ellis O'Farrell Garage",
        "facility_type": "multi-storey",
        "operator": "",
        "access": "",
        "fee": "yes",
        "charge": "",
        "capacity": "",
        "opening_hours": "",
        "website": "",
        "confidence": 0.35,
        "last_verified_source": "OpenStreetMap via Overpass",
        "raw_tags": {
          "amenity": "parking",
          "building": "yes",
          "fee": "yes",
          "fixme": "buildings on this block need to be realigned",
          "height": "25",
          "name": "Ellis O'Farrell Garage",
          "parking": "multi-storey",
          "source": "survey"
        },
        "geometry_note": "Approximate display polygon generated from point/center. Production should use parcel, building, lot footprint, or authoritative GIS polygon.",
        "source_name": "OpenStreetMap via Overpass",
        "source_url": "https://www.openstreetmap.org/",
        "api_url": "https://overpass-api.de/api/interpreter",
        "evidence_url": "https://www.openstreetmap.org/way/33617520",
        "payment_url": null,
        "booking_url": null,
        "price_status": "paid_unknown",
        "rule_status": "unknown",
        "enrichment_status": "needs_review",
        "existence_status": "probable",
        "city": "San Francisco",
        "state": "CA",
        "geometry_quality": "osm_display_fallback",
        "provenance_note": "OpenStreetMap-derived candidate/probable parking zone; verify against official/operator sources before treating as authoritative."
      }
    },
    {
      "type": "Feature",
      "geometry": {
        "type": "Polygon",
        "coordinates": [
          [
            [
              -122.4049697,
              37.781005199999996
            ],
            [
              -122.4047297,
              37.781005199999996
            ],
            [
              -122.4047297,
              37.7812452
            ],
            [
              -122.4049697,
              37.7812452
            ],
            [
              -122.4049697,
              37.781005199999996
            ]
          ]
        ]
      },
      "properties": {
        "source_id": "osm:way:33925304",
        "name": "Parking area",
        "facility_type": "surface",
        "operator": "",
        "access": "",
        "fee": "unknown",
        "charge": "",
        "capacity": "",
        "opening_hours": "",
        "website": "",
        "confidence": 0.35,
        "last_verified_source": "OpenStreetMap via Overpass",
        "raw_tags": {
          "amenity": "parking",
          "parking": "surface",
          "surface": "asphalt"
        },
        "geometry_note": "Approximate display polygon generated from point/center. Production should use parcel, building, lot footprint, or authoritative GIS polygon.",
        "source_name": "OpenStreetMap via Overpass",
        "source_url": "https://www.openstreetmap.org/",
        "api_url": "https://overpass-api.de/api/interpreter",
        "evidence_url": "https://www.openstreetmap.org/way/33925304",
        "payment_url": null,
        "booking_url": null,
        "price_status": "unknown",
        "rule_status": "unknown",
        "enrichment_status": "needs_review",
        "existence_status": "candidate",
        "city": "San Francisco",
        "state": "CA",
        "geometry_quality": "osm_display_fallback",
        "provenance_note": "OpenStreetMap-derived candidate/probable parking zone; verify against official/operator sources before treating as authoritative."
      }
    },
    {
      "type": "Feature",
      "geometry": {
        "type": "Polygon",
        "coordinates": [
          [
            [
              -122.4027476,
              37.775521899999994
            ],
            [
              -122.4025076,
              37.775521899999994
            ],
            [
              -122.4025076,
              37.7757619
            ],
            [
              -122.4027476,
              37.7757619
            ],
            [
              -122.4027476,
              37.775521899999994
            ]
          ]
        ]
      },
      "properties": {
        "source_id": "osm:way:33996528",
        "name": "Tower Valet Parking",
        "facility_type": "surface",
        "operator": "Tower Valet Parking",
        "access": "yes",
        "fee": "yes",
        "charge": "",
        "capacity": "",
        "opening_hours": "",
        "website": "",
        "confidence": 0.35,
        "last_verified_source": "OpenStreetMap via Overpass",
        "raw_tags": {
          "access": "yes",
          "amenity": "parking",
          "fee": "yes",
          "operator": "Tower Valet Parking",
          "operator:type": "private",
          "parking": "surface",
          "surface": "asphalt"
        },
        "geometry_note": "Approximate display polygon generated from point/center. Production should use parcel, building, lot footprint, or authoritative GIS polygon.",
        "source_name": "OpenStreetMap via Overpass",
        "source_url": "https://www.openstreetmap.org/",
        "api_url": "https://overpass-api.de/api/interpreter",
        "evidence_url": "https://www.openstreetmap.org/way/33996528",
        "payment_url": null,
        "booking_url": null,
        "price_status": "paid_unknown",
        "rule_status": "unknown",
        "enrichment_status": "needs_review",
        "existence_status": "probable",
        "city": "San Francisco",
        "state": "CA",
        "geometry_quality": "osm_display_fallback",
        "provenance_note": "OpenStreetMap-derived candidate/probable parking zone; verify against official/operator sources before treating as authoritative."
      }
    },
    {
      "type": "Feature",
      "geometry": {
        "type": "Polygon",
        "coordinates": [
          [
            [
              -122.4174433,
              37.7858093
            ],
            [
              -122.41720330000001,
              37.7858093
            ],
            [
              -122.41720330000001,
              37.7860493
            ],
            [
              -122.4174433,
              37.7860493
            ],
            [
              -122.4174433,
              37.7858093
            ]
          ]
        ]
      },
      "properties": {
        "source_id": "osm:way:34285731",
        "name": "Parking area",
        "facility_type": "multi-storey",
        "operator": "",
        "access": "",
        "fee": "yes",
        "charge": "",
        "capacity": "",
        "opening_hours": "",
        "website": "",
        "confidence": 0.35,
        "last_verified_source": "OpenStreetMap via Overpass",
        "raw_tags": {
          "addr:housenumber": "855",
          "addr:street": "Geary Street",
          "amenity": "parking",
          "building": "yes",
          "fee": "yes",
          "height": "11",
          "parking": "multi-storey",
          "source": "survey"
        },
        "geometry_note": "Approximate display polygon generated from point/center. Production should use parcel, building, lot footprint, or authoritative GIS polygon.",
        "source_name": "OpenStreetMap via Overpass",
        "source_url": "https://www.openstreetmap.org/",
        "api_url": "https://overpass-api.de/api/interpreter",
        "evidence_url": "https://www.openstreetmap.org/way/34285731",
        "payment_url": null,
        "booking_url": null,
        "price_status": "paid_unknown",
        "rule_status": "unknown",
        "enrichment_status": "needs_review",
        "existence_status": "candidate",
        "city": "San Francisco",
        "state": "CA",
        "geometry_quality": "osm_display_fallback",
        "provenance_note": "OpenStreetMap-derived candidate/probable parking zone; verify against official/operator sources before treating as authoritative."
      }
    },
    {
      "type": "Feature",
      "geometry": {
        "type": "Polygon",
        "coordinates": [
          [
            [
              -122.4182075,
              37.786740099999996
            ],
            [
              -122.4179675,
              37.786740099999996
            ],
            [
              -122.4179675,
              37.7869801
            ],
            [
              -122.4182075,
              37.7869801
            ],
            [
              -122.4182075,
              37.786740099999996
            ]
          ]
        ]
      },
      "properties": {
        "source_id": "osm:way:34285953",
        "name": "Parking area",
        "facility_type": "parking",
        "operator": "",
        "access": "customers",
        "fee": "yes",
        "charge": "",
        "capacity": "",
        "opening_hours": "",
        "website": "",
        "confidence": 0.35,
        "last_verified_source": "OpenStreetMap via Overpass",
        "raw_tags": {
          "access": "customers",
          "amenity": "parking",
          "barrier": "fence",
          "fee": "yes"
        },
        "geometry_note": "Approximate display polygon generated from point/center. Production should use parcel, building, lot footprint, or authoritative GIS polygon.",
        "source_name": "OpenStreetMap via Overpass",
        "source_url": "https://www.openstreetmap.org/",
        "api_url": "https://overpass-api.de/api/interpreter",
        "evidence_url": "https://www.openstreetmap.org/way/34285953",
        "payment_url": null,
        "booking_url": null,
        "price_status": "paid_unknown",
        "rule_status": "unknown",
        "enrichment_status": "needs_review",
        "existence_status": "candidate",
        "city": "San Francisco",
        "state": "CA",
        "geometry_quality": "osm_display_fallback",
        "provenance_note": "OpenStreetMap-derived candidate/probable parking zone; verify against official/operator sources before treating as authoritative."
      }
    },
    {
      "type": "Feature",
      "geometry": {
        "type": "Polygon",
        "coordinates": [
          [
            [
              -122.41031869999999,
              37.7930073
            ],
            [
              -122.4100787,
              37.7930073
            ],
            [
              -122.4100787,
              37.793247300000004
            ],
            [
              -122.41031869999999,
              37.793247300000004
            ],
            [
              -122.41031869999999,
              37.7930073
            ]
          ]
        ]
      },
      "properties": {
        "source_id": "osm:way:35029503",
        "name": "Brocklebank Garage",
        "facility_type": "multi-storey",
        "operator": "",
        "access": "",
        "fee": "yes",
        "charge": "",
        "capacity": "",
        "opening_hours": "",
        "website": "",
        "confidence": 0.35,
        "last_verified_source": "OpenStreetMap via Overpass",
        "raw_tags": {
          "addr:housenumber": "1040",
          "addr:street": "Sacramento Street",
          "amenity": "parking",
          "building": "yes",
          "fee": "yes",
          "name": "Brocklebank Garage",
          "parking": "multi-storey"
        },
        "geometry_note": "Approximate display polygon generated from point/center. Production should use parcel, building, lot footprint, or authoritative GIS polygon.",
        "source_name": "OpenStreetMap via Overpass",
        "source_url": "https://www.openstreetmap.org/",
        "api_url": "https://overpass-api.de/api/interpreter",
        "evidence_url": "https://www.openstreetmap.org/way/35029503",
        "payment_url": null,
        "booking_url": null,
        "price_status": "paid_unknown",
        "rule_status": "unknown",
        "enrichment_status": "needs_review",
        "existence_status": "probable",
        "city": "San Francisco",
        "state": "CA",
        "geometry_quality": "osm_display_fallback",
        "provenance_note": "OpenStreetMap-derived candidate/probable parking zone; verify against official/operator sources before treating as authoritative."
      }
    },
    {
      "type": "Feature",
      "geometry": {
        "type": "Polygon",
        "coordinates": [
          [
            [
              -122.411611,
              37.800780499999995
            ],
            [
              -122.411371,
              37.800780499999995
            ],
            [
              -122.411371,
              37.8010205
            ],
            [
              -122.411611,
              37.8010205
            ],
            [
              -122.411611,
              37.800780499999995
            ]
          ]
        ]
      },
      "properties": {
        "source_id": "osm:way:35065990",
        "name": "Priority Parking",
        "facility_type": "parking",
        "operator": "Priority Parking",
        "access": "",
        "fee": "yes",
        "charge": "",
        "capacity": "",
        "opening_hours": "",
        "website": "",
        "confidence": 0.35,
        "last_verified_source": "OpenStreetMap via Overpass",
        "raw_tags": {
          "amenity": "parking",
          "fee": "yes",
          "operator": "Priority Parking",
          "outside": "yes"
        },
        "geometry_note": "Approximate display polygon generated from point/center. Production should use parcel, building, lot footprint, or authoritative GIS polygon.",
        "source_name": "OpenStreetMap via Overpass",
        "source_url": "https://www.openstreetmap.org/",
        "api_url": "https://overpass-api.de/api/interpreter",
        "evidence_url": "https://www.openstreetmap.org/way/35065990",
        "payment_url": null,
        "booking_url": null,
        "price_status": "paid_unknown",
        "rule_status": "unknown",
        "enrichment_status": "needs_review",
        "existence_status": "probable",
        "city": "San Francisco",
        "state": "CA",
        "geometry_quality": "osm_display_fallback",
        "provenance_note": "OpenStreetMap-derived candidate/probable parking zone; verify against official/operator sources before treating as authoritative."
      }
    },
    {
      "type": "Feature",
      "geometry": {
        "type": "Polygon",
        "coordinates": [
          [
            [
              -122.41438819999999,
              37.777826399999995
            ],
            [
              -122.4141482,
              37.777826399999995
            ],
            [
              -122.4141482,
              37.7780664
            ],
            [
              -122.41438819999999,
              37.7780664
            ],
            [
              -122.41438819999999,
              37.777826399999995
            ]
          ]
        ]
      },
      "properties": {
        "source_id": "osm:way:35176133",
        "name": "Parking area",
        "facility_type": "parking",
        "operator": "",
        "access": "",
        "fee": "unknown",
        "charge": "",
        "capacity": "",
        "opening_hours": "",
        "website": "",
        "confidence": 0.35,
        "last_verified_source": "OpenStreetMap via Overpass",
        "raw_tags": {
          "amenity": "parking"
        },
        "geometry_note": "Approximate display polygon generated from point/center. Production should use parcel, building, lot footprint, or authoritative GIS polygon.",
        "source_name": "OpenStreetMap via Overpass",
        "source_url": "https://www.openstreetmap.org/",
        "api_url": "https://overpass-api.de/api/interpreter",
        "evidence_url": "https://www.openstreetmap.org/way/35176133",
        "payment_url": null,
        "booking_url": null,
        "price_status": "unknown",
        "rule_status": "unknown",
        "enrichment_status": "needs_review",
        "existence_status": "candidate",
        "city": "San Francisco",
        "state": "CA",
        "geometry_quality": "osm_display_fallback",
        "provenance_note": "OpenStreetMap-derived candidate/probable parking zone; verify against official/operator sources before treating as authoritative."
      }
    },
    {
      "type": "Feature",
      "geometry": {
        "type": "Polygon",
        "coordinates": [
          [
            [
              -122.4146191,
              37.7780986
            ],
            [
              -122.4143791,
              37.7780986
            ],
            [
              -122.4143791,
              37.778338600000005
            ],
            [
              -122.4146191,
              37.778338600000005
            ],
            [
              -122.4146191,
              37.7780986
            ]
          ]
        ]
      },
      "properties": {
        "source_id": "osm:way:35176265",
        "name": "Parking area",
        "facility_type": "surface",
        "operator": "",
        "access": "",
        "fee": "unknown",
        "charge": "",
        "capacity": "",
        "opening_hours": "",
        "website": "",
        "confidence": 0.35,
        "last_verified_source": "OpenStreetMap via Overpass",
        "raw_tags": {
          "amenity": "parking",
          "parking": "surface",
          "surface": "asphalt"
        },
        "geometry_note": "Approximate display polygon generated from point/center. Production should use parcel, building, lot footprint, or authoritative GIS polygon.",
        "source_name": "OpenStreetMap via Overpass",
        "source_url": "https://www.openstreetmap.org/",
        "api_url": "https://overpass-api.de/api/interpreter",
        "evidence_url": "https://www.openstreetmap.org/way/35176265",
        "payment_url": null,
        "booking_url": null,
        "price_status": "unknown",
        "rule_status": "unknown",
        "enrichment_status": "needs_review",
        "existence_status": "candidate",
        "city": "San Francisco",
        "state": "CA",
        "geometry_quality": "osm_display_fallback",
        "provenance_note": "OpenStreetMap-derived candidate/probable parking zone; verify against official/operator sources before treating as authoritative."
      }
    },
    {
      "type": "Feature",
      "geometry": {
        "type": "Polygon",
        "coordinates": [
          [
            [
              -122.4021849,
              37.796335799999994
            ],
            [
              -122.4019449,
              37.796335799999994
            ],
            [
              -122.4019449,
              37.7965758
            ],
            [
              -122.4021849,
              37.7965758
            ],
            [
              -122.4021849,
              37.796335799999994
            ]
          ]
        ]
      },
      "properties": {
        "source_id": "osm:way:35266472",
        "name": "Priority Parking",
        "facility_type": "surface",
        "operator": "Priority Parking",
        "access": "yes",
        "fee": "yes",
        "charge": "",
        "capacity": "",
        "opening_hours": "",
        "website": "",
        "confidence": 0.35,
        "last_verified_source": "OpenStreetMap via Overpass",
        "raw_tags": {
          "access": "yes",
          "amenity": "parking",
          "fee": "yes",
          "operator": "Priority Parking",
          "parking": "surface",
          "source": "Bing"
        },
        "geometry_note": "Approximate display polygon generated from point/center. Production should use parcel, building, lot footprint, or authoritative GIS polygon.",
        "source_name": "OpenStreetMap via Overpass",
        "source_url": "https://www.openstreetmap.org/",
        "api_url": "https://overpass-api.de/api/interpreter",
        "evidence_url": "https://www.openstreetmap.org/way/35266472",
        "payment_url": null,
        "booking_url": null,
        "price_status": "paid_unknown",
        "rule_status": "unknown",
        "enrichment_status": "needs_review",
        "existence_status": "probable",
        "city": "San Francisco",
        "state": "CA",
        "geometry_quality": "osm_display_fallback",
        "provenance_note": "OpenStreetMap-derived candidate/probable parking zone; verify against official/operator sources before treating as authoritative."
      }
    },
    {
      "type": "Feature",
      "geometry": {
        "type": "Polygon",
        "coordinates": [
          [
            [
              -122.41825279999999,
              37.7824568
            ],
            [
              -122.4180128,
              37.7824568
            ],
            [
              -122.4180128,
              37.782696800000004
            ],
            [
              -122.41825279999999,
              37.782696800000004
            ],
            [
              -122.41825279999999,
              37.7824568
            ]
          ]
        ]
      },
      "properties": {
        "source_id": "osm:way:37191367",
        "name": "Parking area",
        "facility_type": "surface",
        "operator": "",
        "access": "",
        "fee": "yes",
        "charge": "",
        "capacity": "",
        "opening_hours": "",
        "website": "",
        "confidence": 0.35,
        "last_verified_source": "OpenStreetMap via Overpass",
        "raw_tags": {
          "amenity": "parking",
          "fee": "yes",
          "parking": "surface",
          "source": "survey"
        },
        "geometry_note": "Approximate display polygon generated from point/center. Production should use parcel, building, lot footprint, or authoritative GIS polygon.",
        "source_name": "OpenStreetMap via Overpass",
        "source_url": "https://www.openstreetmap.org/",
        "api_url": "https://overpass-api.de/api/interpreter",
        "evidence_url": "https://www.openstreetmap.org/way/37191367",
        "payment_url": null,
        "booking_url": null,
        "price_status": "paid_unknown",
        "rule_status": "unknown",
        "enrichment_status": "needs_review",
        "existence_status": "candidate",
        "city": "San Francisco",
        "state": "CA",
        "geometry_quality": "osm_display_fallback",
        "provenance_note": "OpenStreetMap-derived candidate/probable parking zone; verify against official/operator sources before treating as authoritative."
      }
    },
    {
      "type": "Feature",
      "geometry": {
        "type": "Polygon",
        "coordinates": [
          [
            [
              -122.4184854,
              37.7824278
            ],
            [
              -122.4182454,
              37.7824278
            ],
            [
              -122.4182454,
              37.782667800000006
            ],
            [
              -122.4184854,
              37.782667800000006
            ],
            [
              -122.4184854,
              37.7824278
            ]
          ]
        ]
      },
      "properties": {
        "source_id": "osm:way:37191375",
        "name": "Parking area",
        "facility_type": "multi-storey",
        "operator": "",
        "access": "",
        "fee": "yes",
        "charge": "",
        "capacity": "",
        "opening_hours": "",
        "website": "",
        "confidence": 0.35,
        "last_verified_source": "OpenStreetMap via Overpass",
        "raw_tags": {
          "addr:housenumber": "550",
          "addr:street": "Turk Street",
          "amenity": "parking",
          "building": "yes",
          "fee": "yes",
          "height": "9",
          "parking": "multi-storey",
          "source": "survey"
        },
        "geometry_note": "Approximate display polygon generated from point/center. Production should use parcel, building, lot footprint, or authoritative GIS polygon.",
        "source_name": "OpenStreetMap via Overpass",
        "source_url": "https://www.openstreetmap.org/",
        "api_url": "https://overpass-api.de/api/interpreter",
        "evidence_url": "https://www.openstreetmap.org/way/37191375",
        "payment_url": null,
        "booking_url": null,
        "price_status": "paid_unknown",
        "rule_status": "unknown",
        "enrichment_status": "needs_review",
        "existence_status": "candidate",
        "city": "San Francisco",
        "state": "CA",
        "geometry_quality": "osm_display_fallback",
        "provenance_note": "OpenStreetMap-derived candidate/probable parking zone; verify against official/operator sources before treating as authoritative."
      }
    },
    {
      "type": "Feature",
      "geometry": {
        "type": "Polygon",
        "coordinates": [
          [
            [
              -122.41968279999999,
              37.7703722
            ],
            [
              -122.4194428,
              37.7703722
            ],
            [
              -122.4194428,
              37.7706122
            ],
            [
              -122.41968279999999,
              37.7706122
            ],
            [
              -122.41968279999999,
              37.7703722
            ]
          ]
        ]
      },
      "properties": {
        "source_id": "osm:way:42916771",
        "name": "Parking area",
        "facility_type": "surface",
        "operator": "",
        "access": "",
        "fee": "unknown",
        "charge": "",
        "capacity": "",
        "opening_hours": "",
        "website": "",
        "confidence": 0.35,
        "last_verified_source": "OpenStreetMap via Overpass",
        "raw_tags": {
          "amenity": "parking",
          "parking": "surface"
        },
        "geometry_note": "Approximate display polygon generated from point/center. Production should use parcel, building, lot footprint, or authoritative GIS polygon.",
        "source_name": "OpenStreetMap via Overpass",
        "source_url": "https://www.openstreetmap.org/",
        "api_url": "https://overpass-api.de/api/interpreter",
        "evidence_url": "https://www.openstreetmap.org/way/42916771",
        "payment_url": null,
        "booking_url": null,
        "price_status": "unknown",
        "rule_status": "unknown",
        "enrichment_status": "needs_review",
        "existence_status": "candidate",
        "city": "San Francisco",
        "state": "CA",
        "geometry_quality": "osm_display_fallback",
        "provenance_note": "OpenStreetMap-derived candidate/probable parking zone; verify against official/operator sources before treating as authoritative."
      }
    },
    {
      "type": "Feature",
      "geometry": {
        "type": "Polygon",
        "coordinates": [
          [
            [
              -122.41830809999999,
              37.7702868
            ],
            [
              -122.4180681,
              37.7702868
            ],
            [
              -122.4180681,
              37.770526800000006
            ],
            [
              -122.41830809999999,
              37.770526800000006
            ],
            [
              -122.41830809999999,
              37.7702868
            ]
          ]
        ]
      },
      "properties": {
        "source_id": "osm:way:42916780",
        "name": "Parking area",
        "facility_type": "parking",
        "operator": "",
        "access": "",
        "fee": "unknown",
        "charge": "",
        "capacity": "",
        "opening_hours": "",
        "website": "",
        "confidence": 0.35,
        "last_verified_source": "OpenStreetMap via Overpass",
        "raw_tags": {
          "amenity": "parking"
        },
        "geometry_note": "Approximate display polygon generated from point/center. Production should use parcel, building, lot footprint, or authoritative GIS polygon.",
        "source_name": "OpenStreetMap via Overpass",
        "source_url": "https://www.openstreetmap.org/",
        "api_url": "https://overpass-api.de/api/interpreter",
        "evidence_url": "https://www.openstreetmap.org/way/42916780",
        "payment_url": null,
        "booking_url": null,
        "price_status": "unknown",
        "rule_status": "unknown",
        "enrichment_status": "needs_review",
        "existence_status": "candidate",
        "city": "San Francisco",
        "state": "CA",
        "geometry_quality": "osm_display_fallback",
        "provenance_note": "OpenStreetMap-derived candidate/probable parking zone; verify against official/operator sources before treating as authoritative."
      }
    },
    {
      "type": "Feature",
      "geometry": {
        "type": "Polygon",
        "coordinates": [
          [
            [
              -122.41561709999999,
              37.771460999999995
            ],
            [
              -122.4153771,
              37.771460999999995
            ],
            [
              -122.4153771,
              37.771701
            ],
            [
              -122.41561709999999,
              37.771701
            ],
            [
              -122.41561709999999,
              37.771460999999995
            ]
          ]
        ]
      },
      "properties": {
        "source_id": "osm:way:43100827",
        "name": "Parking area",
        "facility_type": "multi-storey",
        "operator": "",
        "access": "",
        "fee": "yes",
        "charge": "",
        "capacity": "",
        "opening_hours": "",
        "website": "",
        "confidence": 0.35,
        "last_verified_source": "OpenStreetMap via Overpass",
        "raw_tags": {
          "addr:city": "San Francisco",
          "addr:housenumber": "255",
          "addr:postcode": "94103",
          "addr:state": "CA",
          "addr:street": "12th Street",
          "amenity": "parking",
          "building": "yes",
          "fee": "yes",
          "height": "15",
          "parking": "multi-storey"
        },
        "geometry_note": "Approximate display polygon generated from point/center. Production should use parcel, building, lot footprint, or authoritative GIS polygon.",
        "source_name": "OpenStreetMap via Overpass",
        "source_url": "https://www.openstreetmap.org/",
        "api_url": "https://overpass-api.de/api/interpreter",
        "evidence_url": "https://www.openstreetmap.org/way/43100827",
        "payment_url": null,
        "booking_url": null,
        "price_status": "paid_unknown",
        "rule_status": "unknown",
        "enrichment_status": "needs_review",
        "existence_status": "candidate",
        "city": "San Francisco",
        "state": "CA",
        "geometry_quality": "osm_display_fallback",
        "provenance_note": "OpenStreetMap-derived candidate/probable parking zone; verify against official/operator sources before treating as authoritative."
      }
    },
    {
      "type": "Feature",
      "geometry": {
        "type": "Polygon",
        "coordinates": [
          [
            [
              -122.4116518,
              37.770694299999995
            ],
            [
              -122.41141180000001,
              37.770694299999995
            ],
            [
              -122.41141180000001,
              37.7709343
            ],
            [
              -122.4116518,
              37.7709343
            ],
            [
              -122.4116518,
              37.770694299999995
            ]
          ]
        ]
      },
      "properties": {
        "source_id": "osm:way:43100829",
        "name": "Costco Parking",
        "facility_type": "multi-storey",
        "operator": "",
        "access": "customers",
        "fee": "yes",
        "charge": "",
        "capacity": "",
        "opening_hours": "",
        "website": "",
        "confidence": 0.35,
        "last_verified_source": "OpenStreetMap via Overpass",
        "raw_tags": {
          "access": "customers",
          "amenity": "parking",
          "building": "parking",
          "capacity:disabled": "yes",
          "fee": "yes",
          "name": "Costco Parking",
          "parking": "multi-storey"
        },
        "geometry_note": "Approximate display polygon generated from point/center. Production should use parcel, building, lot footprint, or authoritative GIS polygon.",
        "source_name": "OpenStreetMap via Overpass",
        "source_url": "https://www.openstreetmap.org/",
        "api_url": "https://overpass-api.de/api/interpreter",
        "evidence_url": "https://www.openstreetmap.org/way/43100829",
        "payment_url": null,
        "booking_url": null,
        "price_status": "paid_unknown",
        "rule_status": "unknown",
        "enrichment_status": "needs_review",
        "existence_status": "probable",
        "city": "San Francisco",
        "state": "CA",
        "geometry_quality": "osm_display_fallback",
        "provenance_note": "OpenStreetMap-derived candidate/probable parking zone; verify against official/operator sources before treating as authoritative."
      }
    },
    {
      "type": "Feature",
      "geometry": {
        "type": "Polygon",
        "coordinates": [
          [
            [
              -122.3948853,
              37.7672069
            ],
            [
              -122.39464530000001,
              37.7672069
            ],
            [
              -122.39464530000001,
              37.7674469
            ],
            [
              -122.3948853,
              37.7674469
            ],
            [
              -122.3948853,
              37.7672069
            ]
          ]
        ]
      },
      "properties": {
        "source_id": "osm:way:46263441",
        "name": "1670 Owens Garage",
        "facility_type": "multi-storey",
        "operator": "",
        "access": "",
        "fee": "unknown",
        "charge": "",
        "capacity": "",
        "opening_hours": "",
        "website": "",
        "confidence": 0.35,
        "last_verified_source": "OpenStreetMap via Overpass",
        "raw_tags": {
          "addr:city": "San Francisco",
          "addr:housenumber": "1670",
          "addr:street": "Owens Street",
          "amenity": "parking",
          "building": "yes",
          "building:levels": "5",
          "height": "16",
          "name": "1670 Owens Garage",
          "parking": "multi-storey"
        },
        "geometry_note": "Approximate display polygon generated from point/center. Production should use parcel, building, lot footprint, or authoritative GIS polygon.",
        "source_name": "OpenStreetMap via Overpass",
        "source_url": "https://www.openstreetmap.org/",
        "api_url": "https://overpass-api.de/api/interpreter",
        "evidence_url": "https://www.openstreetmap.org/way/46263441",
        "payment_url": null,
        "booking_url": null,
        "price_status": "unknown",
        "rule_status": "unknown",
        "enrichment_status": "needs_review",
        "existence_status": "probable",
        "city": "San Francisco",
        "state": "CA",
        "geometry_quality": "osm_display_fallback",
        "provenance_note": "OpenStreetMap-derived candidate/probable parking zone; verify against official/operator sources before treating as authoritative."
      }
    },
    {
      "type": "Feature",
      "geometry": {
        "type": "Polygon",
        "coordinates": [
          [
            [
              -122.4114053,
              37.7884823
            ],
            [
              -122.41116530000001,
              37.7884823
            ],
            [
              -122.41116530000001,
              37.7887223
            ],
            [
              -122.4114053,
              37.7887223
            ],
            [
              -122.4114053,
              37.7884823
            ]
          ]
        ]
      },
      "properties": {
        "source_id": "osm:way:48995284",
        "name": "Parking area",
        "facility_type": "multi-storey",
        "operator": "",
        "access": "",
        "fee": "unknown",
        "charge": "",
        "capacity": "",
        "opening_hours": "",
        "website": "",
        "confidence": 0.35,
        "last_verified_source": "OpenStreetMap via Overpass",
        "raw_tags": {
          "addr:housenumber": "663;665;679",
          "addr:street": "Sutter Street",
          "amenity": "parking",
          "building": "yes",
          "height": "30",
          "parking": "multi-storey"
        },
        "geometry_note": "Approximate display polygon generated from point/center. Production should use parcel, building, lot footprint, or authoritative GIS polygon.",
        "source_name": "OpenStreetMap via Overpass",
        "source_url": "https://www.openstreetmap.org/",
        "api_url": "https://overpass-api.de/api/interpreter",
        "evidence_url": "https://www.openstreetmap.org/way/48995284",
        "payment_url": null,
        "booking_url": null,
        "price_status": "unknown",
        "rule_status": "unknown",
        "enrichment_status": "needs_review",
        "existence_status": "candidate",
        "city": "San Francisco",
        "state": "CA",
        "geometry_quality": "osm_display_fallback",
        "provenance_note": "OpenStreetMap-derived candidate/probable parking zone; verify against official/operator sources before treating as authoritative."
      }
    },
    {
      "type": "Feature",
      "geometry": {
        "type": "Polygon",
        "coordinates": [
          [
            [
              -122.42247839999999,
              37.780183699999995
            ],
            [
              -122.4222384,
              37.780183699999995
            ],
            [
              -122.4222384,
              37.7804237
            ],
            [
              -122.42247839999999,
              37.7804237
            ],
            [
              -122.42247839999999,
              37.780183699999995
            ]
          ]
        ]
      },
      "properties": {
        "source_id": "osm:way:61154429",
        "name": "Parking area",
        "facility_type": "surface",
        "operator": "",
        "access": "",
        "fee": "unknown",
        "charge": "",
        "capacity": "",
        "opening_hours": "",
        "website": "",
        "confidence": 0.35,
        "last_verified_source": "OpenStreetMap via Overpass",
        "raw_tags": {
          "amenity": "parking",
          "parking": "surface"
        },
        "geometry_note": "Approximate display polygon generated from point/center. Production should use parcel, building, lot footprint, or authoritative GIS polygon.",
        "source_name": "OpenStreetMap via Overpass",
        "source_url": "https://www.openstreetmap.org/",
        "api_url": "https://overpass-api.de/api/interpreter",
        "evidence_url": "https://www.openstreetmap.org/way/61154429",
        "payment_url": null,
        "booking_url": null,
        "price_status": "unknown",
        "rule_status": "unknown",
        "enrichment_status": "needs_review",
        "existence_status": "candidate",
        "city": "San Francisco",
        "state": "CA",
        "geometry_quality": "osm_display_fallback",
        "provenance_note": "OpenStreetMap-derived candidate/probable parking zone; verify against official/operator sources before treating as authoritative."
      }
    },
    {
      "type": "Feature",
      "geometry": {
        "type": "Polygon",
        "coordinates": [
          [
            [
              -122.41969139999999,
              37.7889373
            ],
            [
              -122.4194514,
              37.7889373
            ],
            [
              -122.4194514,
              37.789177300000006
            ],
            [
              -122.41969139999999,
              37.789177300000006
            ],
            [
              -122.41969139999999,
              37.7889373
            ]
          ]
        ]
      },
      "properties": {
        "source_id": "osm:way:67894085",
        "name": "SP+",
        "facility_type": "multi-storey",
        "operator": "SP+",
        "access": "",
        "fee": "yes",
        "charge": "",
        "capacity": "",
        "opening_hours": "",
        "website": "",
        "confidence": 0.35,
        "last_verified_source": "OpenStreetMap via Overpass",
        "raw_tags": {
          "addr:housenumber": "1340",
          "addr:street": "Bush Street",
          "alt_name": "SP Plus",
          "amenity": "parking",
          "brand": "SP+",
          "brand:wikidata": "Q7598289",
          "building": "yes",
          "description": "Parking garage with a playground on the roof; no car access to roof.",
          "fee": "yes",
          "height": "3",
          "name": "SP+",
          "operator": "SP+",
          "operator:type": "private",
          "operator:wikidata": "Q7598289",
          "parking": "multi-storey",
          "source": "survey"
        },
        "geometry_note": "Approximate display polygon generated from point/center. Production should use parcel, building, lot footprint, or authoritative GIS polygon.",
        "source_name": "OpenStreetMap via Overpass",
        "source_url": "https://www.openstreetmap.org/",
        "api_url": "https://overpass-api.de/api/interpreter",
        "evidence_url": "https://www.openstreetmap.org/way/67894085",
        "payment_url": null,
        "booking_url": null,
        "price_status": "paid_unknown",
        "rule_status": "unknown",
        "enrichment_status": "needs_review",
        "existence_status": "probable",
        "city": "San Francisco",
        "state": "CA",
        "geometry_quality": "osm_display_fallback",
        "provenance_note": "OpenStreetMap-derived candidate/probable parking zone; verify against official/operator sources before treating as authoritative."
      }
    },
    {
      "type": "Feature",
      "geometry": {
        "type": "Polygon",
        "coordinates": [
          [
            [
              -122.4128875,
              37.786888999999995
            ],
            [
              -122.4126475,
              37.786888999999995
            ],
            [
              -122.4126475,
              37.787129
            ],
            [
              -122.4128875,
              37.787129
            ],
            [
              -122.4128875,
              37.786888999999995
            ]
          ]
        ]
      },
      "properties": {
        "source_id": "osm:way:71200959",
        "name": "Parking area",
        "facility_type": "multi-storey",
        "operator": "",
        "access": "yes",
        "fee": "yes",
        "charge": "",
        "capacity": "",
        "opening_hours": "",
        "website": "",
        "confidence": 0.35,
        "last_verified_source": "OpenStreetMap via Overpass",
        "raw_tags": {
          "access": "yes",
          "addr:housenumber": "560",
          "addr:street": "Geary Street",
          "amenity": "parking",
          "building": "yes",
          "fee": "yes",
          "height": "3",
          "parking": "multi-storey"
        },
        "geometry_note": "Approximate display polygon generated from point/center. Production should use parcel, building, lot footprint, or authoritative GIS polygon.",
        "source_name": "OpenStreetMap via Overpass",
        "source_url": "https://www.openstreetmap.org/",
        "api_url": "https://overpass-api.de/api/interpreter",
        "evidence_url": "https://www.openstreetmap.org/way/71200959",
        "payment_url": null,
        "booking_url": null,
        "price_status": "paid_unknown",
        "rule_status": "unknown",
        "enrichment_status": "needs_review",
        "existence_status": "candidate",
        "city": "San Francisco",
        "state": "CA",
        "geometry_quality": "osm_display_fallback",
        "provenance_note": "OpenStreetMap-derived candidate/probable parking zone; verify against official/operator sources before treating as authoritative."
      }
    },
    {
      "type": "Feature",
      "geometry": {
        "type": "Polygon",
        "coordinates": [
          [
            [
              -122.4154744,
              37.785670499999995
            ],
            [
              -122.4152344,
              37.785670499999995
            ],
            [
              -122.4152344,
              37.7859105
            ],
            [
              -122.4154744,
              37.7859105
            ],
            [
              -122.4154744,
              37.785670499999995
            ]
          ]
        ]
      },
      "properties": {
        "source_id": "osm:way:71208652",
        "name": "Parking area",
        "facility_type": "multi-storey",
        "operator": "",
        "access": "private",
        "fee": "unknown",
        "charge": "",
        "capacity": "",
        "opening_hours": "",
        "website": "",
        "confidence": 0.35,
        "last_verified_source": "OpenStreetMap via Overpass",
        "raw_tags": {
          "access": "private",
          "addr:housenumber": "640",
          "addr:street": "O'Farrell Street",
          "amenity": "parking",
          "building": "industrial",
          "height": "9",
          "parking": "multi-storey"
        },
        "geometry_note": "Approximate display polygon generated from point/center. Production should use parcel, building, lot footprint, or authoritative GIS polygon.",
        "source_name": "OpenStreetMap via Overpass",
        "source_url": "https://www.openstreetmap.org/",
        "api_url": "https://overpass-api.de/api/interpreter",
        "evidence_url": "https://www.openstreetmap.org/way/71208652",
        "payment_url": null,
        "booking_url": null,
        "price_status": "unknown",
        "rule_status": "unknown",
        "enrichment_status": "needs_review",
        "existence_status": "candidate",
        "city": "San Francisco",
        "state": "CA",
        "geometry_quality": "osm_display_fallback",
        "provenance_note": "OpenStreetMap-derived candidate/probable parking zone; verify against official/operator sources before treating as authoritative."
      }
    },
    {
      "type": "Feature",
      "geometry": {
        "type": "Polygon",
        "coordinates": [
          [
            [
              -122.41353819999999,
              37.7860094
            ],
            [
              -122.4132982,
              37.7860094
            ],
            [
              -122.4132982,
              37.7862494
            ],
            [
              -122.41353819999999,
              37.7862494
            ],
            [
              -122.41353819999999,
              37.7860094
            ]
          ]
        ]
      },
      "properties": {
        "source_id": "osm:way:71209410",
        "name": "Parking area",
        "facility_type": "multi-storey",
        "operator": "",
        "access": "",
        "fee": "unknown",
        "charge": "",
        "capacity": "",
        "opening_hours": "",
        "website": "",
        "confidence": 0.35,
        "last_verified_source": "OpenStreetMap via Overpass",
        "raw_tags": {
          "addr:housenumber": "525;535",
          "addr:street": "Jones Street",
          "building": "yes",
          "disused:amenity": "parking",
          "height": "9",
          "parking": "multi-storey"
        },
        "geometry_note": "Approximate display polygon generated from point/center. Production should use parcel, building, lot footprint, or authoritative GIS polygon.",
        "source_name": "OpenStreetMap via Overpass",
        "source_url": "https://www.openstreetmap.org/",
        "api_url": "https://overpass-api.de/api/interpreter",
        "evidence_url": "https://www.openstreetmap.org/way/71209410",
        "payment_url": null,
        "booking_url": null,
        "price_status": "unknown",
        "rule_status": "unknown",
        "enrichment_status": "needs_review",
        "existence_status": "candidate",
        "city": "San Francisco",
        "state": "CA",
        "geometry_quality": "osm_display_fallback",
        "provenance_note": "OpenStreetMap-derived candidate/probable parking zone; verify against official/operator sources before treating as authoritative."
      }
    },
    {
      "type": "Feature",
      "geometry": {
        "type": "Polygon",
        "coordinates": [
          [
            [
              -122.4140846,
              37.7858502
            ],
            [
              -122.4138446,
              37.7858502
            ],
            [
              -122.4138446,
              37.786090200000004
            ],
            [
              -122.4140846,
              37.786090200000004
            ],
            [
              -122.4140846,
              37.7858502
            ]
          ]
        ]
      },
      "properties": {
        "source_id": "osm:way:71209419",
        "name": "Parking area",
        "facility_type": "multi-storey",
        "operator": "",
        "access": "",
        "fee": "unknown",
        "charge": "",
        "capacity": "",
        "opening_hours": "",
        "website": "",
        "confidence": 0.35,
        "last_verified_source": "OpenStreetMap via Overpass",
        "raw_tags": {
          "addr:housenumber": "550",
          "addr:street": "O'Farrell Street",
          "amenity": "parking",
          "building": "yes",
          "height": "11",
          "parking": "multi-storey"
        },
        "geometry_note": "Approximate display polygon generated from point/center. Production should use parcel, building, lot footprint, or authoritative GIS polygon.",
        "source_name": "OpenStreetMap via Overpass",
        "source_url": "https://www.openstreetmap.org/",
        "api_url": "https://overpass-api.de/api/interpreter",
        "evidence_url": "https://www.openstreetmap.org/way/71209419",
        "payment_url": null,
        "booking_url": null,
        "price_status": "unknown",
        "rule_status": "unknown",
        "enrichment_status": "needs_review",
        "existence_status": "candidate",
        "city": "San Francisco",
        "state": "CA",
        "geometry_quality": "osm_display_fallback",
        "provenance_note": "OpenStreetMap-derived candidate/probable parking zone; verify against official/operator sources before treating as authoritative."
      }
    },
    {
      "type": "Feature",
      "geometry": {
        "type": "Polygon",
        "coordinates": [
          [
            [
              -122.415526,
              37.782722199999995
            ],
            [
              -122.41528600000001,
              37.782722199999995
            ],
            [
              -122.41528600000001,
              37.7829622
            ],
            [
              -122.415526,
              37.7829622
            ],
            [
              -122.415526,
              37.782722199999995
            ]
          ]
        ]
      },
      "properties": {
        "source_id": "osm:way:71209423",
        "name": "Parking area",
        "facility_type": "parking",
        "operator": "",
        "access": "",
        "fee": "unknown",
        "charge": "",
        "capacity": "",
        "opening_hours": "",
        "website": "",
        "confidence": 0.35,
        "last_verified_source": "OpenStreetMap via Overpass",
        "raw_tags": {
          "amenity": "parking"
        },
        "geometry_note": "Approximate display polygon generated from point/center. Production should use parcel, building, lot footprint, or authoritative GIS polygon.",
        "source_name": "OpenStreetMap via Overpass",
        "source_url": "https://www.openstreetmap.org/",
        "api_url": "https://overpass-api.de/api/interpreter",
        "evidence_url": "https://www.openstreetmap.org/way/71209423",
        "payment_url": null,
        "booking_url": null,
        "price_status": "unknown",
        "rule_status": "unknown",
        "enrichment_status": "needs_review",
        "existence_status": "candidate",
        "city": "San Francisco",
        "state": "CA",
        "geometry_quality": "osm_display_fallback",
        "provenance_note": "OpenStreetMap-derived candidate/probable parking zone; verify against official/operator sources before treating as authoritative."
      }
    },
    {
      "type": "Feature",
      "geometry": {
        "type": "Polygon",
        "coordinates": [
          [
            [
              -122.412866,
              37.7873501
            ],
            [
              -122.412626,
              37.7873501
            ],
            [
              -122.412626,
              37.7875901
            ],
            [
              -122.412866,
              37.7875901
            ],
            [
              -122.412866,
              37.7873501
            ]
          ]
        ]
      },
      "properties": {
        "source_id": "osm:way:71504435",
        "name": "Parking area",
        "facility_type": "multi-storey",
        "operator": "",
        "access": "private",
        "fee": "unknown",
        "charge": "",
        "capacity": "",
        "opening_hours": "",
        "website": "",
        "confidence": 0.35,
        "last_verified_source": "OpenStreetMap via Overpass",
        "raw_tags": {
          "access": "private",
          "addr:housenumber": "675",
          "addr:street": "Post Street",
          "amenity": "parking",
          "building": "yes",
          "height": "12",
          "parking": "multi-storey"
        },
        "geometry_note": "Approximate display polygon generated from point/center. Production should use parcel, building, lot footprint, or authoritative GIS polygon.",
        "source_name": "OpenStreetMap via Overpass",
        "source_url": "https://www.openstreetmap.org/",
        "api_url": "https://overpass-api.de/api/interpreter",
        "evidence_url": "https://www.openstreetmap.org/way/71504435",
        "payment_url": null,
        "booking_url": null,
        "price_status": "unknown",
        "rule_status": "unknown",
        "enrichment_status": "needs_review",
        "existence_status": "candidate",
        "city": "San Francisco",
        "state": "CA",
        "geometry_quality": "osm_display_fallback",
        "provenance_note": "OpenStreetMap-derived candidate/probable parking zone; verify against official/operator sources before treating as authoritative."
      }
    },
    {
      "type": "Feature",
      "geometry": {
        "type": "Polygon",
        "coordinates": [
          [
            [
              -122.41199929999999,
              37.7862012
            ],
            [
              -122.4117593,
              37.7862012
            ],
            [
              -122.4117593,
              37.786441200000006
            ],
            [
              -122.41199929999999,
              37.786441200000006
            ],
            [
              -122.41199929999999,
              37.7862012
            ]
          ]
        ]
      },
      "properties": {
        "source_id": "osm:way:71504441",
        "name": "Parking area",
        "facility_type": "multi-storey",
        "operator": "",
        "access": "yes",
        "fee": "yes",
        "charge": "",
        "capacity": "",
        "opening_hours": "",
        "website": "",
        "confidence": 0.35,
        "last_verified_source": "OpenStreetMap via Overpass",
        "raw_tags": {
          "access": "yes",
          "addr:housenumber": "405;415",
          "addr:street": "Taylor Street",
          "amenity": "parking",
          "building": "yes",
          "fee": "yes",
          "height": "9",
          "parking": "multi-storey"
        },
        "geometry_note": "Approximate display polygon generated from point/center. Production should use parcel, building, lot footprint, or authoritative GIS polygon.",
        "source_name": "OpenStreetMap via Overpass",
        "source_url": "https://www.openstreetmap.org/",
        "api_url": "https://overpass-api.de/api/interpreter",
        "evidence_url": "https://www.openstreetmap.org/way/71504441",
        "payment_url": null,
        "booking_url": null,
        "price_status": "paid_unknown",
        "rule_status": "unknown",
        "enrichment_status": "needs_review",
        "existence_status": "candidate",
        "city": "San Francisco",
        "state": "CA",
        "geometry_quality": "osm_display_fallback",
        "provenance_note": "OpenStreetMap-derived candidate/probable parking zone; verify against official/operator sources before treating as authoritative."
      }
    },
    {
      "type": "Feature",
      "geometry": {
        "type": "Polygon",
        "coordinates": [
          [
            [
              -122.4235473,
              37.783693199999995
            ],
            [
              -122.4233073,
              37.783693199999995
            ],
            [
              -122.4233073,
              37.7839332
            ],
            [
              -122.4235473,
              37.7839332
            ],
            [
              -122.4235473,
              37.783693199999995
            ]
          ]
        ]
      },
      "properties": {
        "source_id": "osm:way:72013918",
        "name": "Parking area",
        "facility_type": "parking",
        "operator": "",
        "access": "",
        "fee": "unknown",
        "charge": "",
        "capacity": "",
        "opening_hours": "",
        "website": "",
        "confidence": 0.35,
        "last_verified_source": "OpenStreetMap via Overpass",
        "raw_tags": {
          "amenity": "parking"
        },
        "geometry_note": "Approximate display polygon generated from point/center. Production should use parcel, building, lot footprint, or authoritative GIS polygon.",
        "source_name": "OpenStreetMap via Overpass",
        "source_url": "https://www.openstreetmap.org/",
        "api_url": "https://overpass-api.de/api/interpreter",
        "evidence_url": "https://www.openstreetmap.org/way/72013918",
        "payment_url": null,
        "booking_url": null,
        "price_status": "unknown",
        "rule_status": "unknown",
        "enrichment_status": "needs_review",
        "existence_status": "candidate",
        "city": "San Francisco",
        "state": "CA",
        "geometry_quality": "osm_display_fallback",
        "provenance_note": "OpenStreetMap-derived candidate/probable parking zone; verify against official/operator sources before treating as authoritative."
      }
    },
    {
      "type": "Feature",
      "geometry": {
        "type": "Polygon",
        "coordinates": [
          [
            [
              -122.41039939999999,
              37.7847924
            ],
            [
              -122.4101594,
              37.7847924
            ],
            [
              -122.4101594,
              37.785032400000006
            ],
            [
              -122.41039939999999,
              37.785032400000006
            ],
            [
              -122.41039939999999,
              37.7847924
            ]
          ]
        ]
      },
      "properties": {
        "source_id": "osm:way:79375233",
        "name": "Parking area",
        "facility_type": "multi-storey",
        "operator": "",
        "access": "",
        "fee": "unknown",
        "charge": "",
        "capacity": "",
        "opening_hours": "",
        "website": "",
        "confidence": 0.35,
        "last_verified_source": "OpenStreetMap via Overpass",
        "raw_tags": {
          "addr:housenumber": "233;237;239;251;261",
          "addr:street": "Ellis Street",
          "amenity": "parking",
          "building": "parking",
          "height": "11",
          "parking": "multi-storey"
        },
        "geometry_note": "Approximate display polygon generated from point/center. Production should use parcel, building, lot footprint, or authoritative GIS polygon.",
        "source_name": "OpenStreetMap via Overpass",
        "source_url": "https://www.openstreetmap.org/",
        "api_url": "https://overpass-api.de/api/interpreter",
        "evidence_url": "https://www.openstreetmap.org/way/79375233",
        "payment_url": null,
        "booking_url": null,
        "price_status": "unknown",
        "rule_status": "unknown",
        "enrichment_status": "needs_review",
        "existence_status": "candidate",
        "city": "San Francisco",
        "state": "CA",
        "geometry_quality": "osm_display_fallback",
        "provenance_note": "OpenStreetMap-derived candidate/probable parking zone; verify against official/operator sources before treating as authoritative."
      }
    },
    {
      "type": "Feature",
      "geometry": {
        "type": "Polygon",
        "coordinates": [
          [
            [
              -122.4012123,
              37.7882427
            ],
            [
              -122.4009723,
              37.7882427
            ],
            [
              -122.4009723,
              37.7884827
            ],
            [
              -122.4012123,
              37.7884827
            ],
            [
              -122.4012123,
              37.7882427
            ]
          ]
        ]
      },
      "properties": {
        "source_id": "osm:way:79377168",
        "name": "Palace Garage",
        "facility_type": "multi-storey",
        "operator": "",
        "access": "",
        "fee": "unknown",
        "charge": "",
        "capacity": "",
        "opening_hours": "",
        "website": "",
        "confidence": 0.35,
        "last_verified_source": "OpenStreetMap via Overpass",
        "raw_tags": {
          "addr:housenumber": "111;125;127",
          "addr:street": "Stevenson Street",
          "amenity": "parking",
          "building": "yes",
          "name": "Palace Garage",
          "parking": "multi-storey"
        },
        "geometry_note": "Approximate display polygon generated from point/center. Production should use parcel, building, lot footprint, or authoritative GIS polygon.",
        "source_name": "OpenStreetMap via Overpass",
        "source_url": "https://www.openstreetmap.org/",
        "api_url": "https://overpass-api.de/api/interpreter",
        "evidence_url": "https://www.openstreetmap.org/way/79377168",
        "payment_url": null,
        "booking_url": null,
        "price_status": "unknown",
        "rule_status": "unknown",
        "enrichment_status": "needs_review",
        "existence_status": "probable",
        "city": "San Francisco",
        "state": "CA",
        "geometry_quality": "osm_display_fallback",
        "provenance_note": "OpenStreetMap-derived candidate/probable parking zone; verify against official/operator sources before treating as authoritative."
      }
    },
    {
      "type": "Feature",
      "geometry": {
        "type": "Polygon",
        "coordinates": [
          [
            [
              -122.3989118,
              37.7880772
            ],
            [
              -122.3986718,
              37.7880772
            ],
            [
              -122.3986718,
              37.7883172
            ],
            [
              -122.3989118,
              37.7883172
            ],
            [
              -122.3989118,
              37.7880772
            ]
          ]
        ]
      },
      "properties": {
        "source_id": "osm:way:80296746",
        "name": "Parking area",
        "facility_type": "parking",
        "operator": "",
        "access": "private",
        "fee": "yes",
        "charge": "",
        "capacity": "",
        "opening_hours": "",
        "website": "",
        "confidence": 0.35,
        "last_verified_source": "OpenStreetMap via Overpass",
        "raw_tags": {
          "access": "private",
          "amenity": "parking",
          "fee": "yes"
        },
        "geometry_note": "Approximate display polygon generated from point/center. Production should use parcel, building, lot footprint, or authoritative GIS polygon.",
        "source_name": "OpenStreetMap via Overpass",
        "source_url": "https://www.openstreetmap.org/",
        "api_url": "https://overpass-api.de/api/interpreter",
        "evidence_url": "https://www.openstreetmap.org/way/80296746",
        "payment_url": null,
        "booking_url": null,
        "price_status": "paid_unknown",
        "rule_status": "unknown",
        "enrichment_status": "needs_review",
        "existence_status": "candidate",
        "city": "San Francisco",
        "state": "CA",
        "geometry_quality": "osm_display_fallback",
        "provenance_note": "OpenStreetMap-derived candidate/probable parking zone; verify against official/operator sources before treating as authoritative."
      }
    },
    {
      "type": "Feature",
      "geometry": {
        "type": "Polygon",
        "coordinates": [
          [
            [
              -122.4004708,
              37.7862465
            ],
            [
              -122.4002308,
              37.7862465
            ],
            [
              -122.4002308,
              37.7864865
            ],
            [
              -122.4004708,
              37.7864865
            ],
            [
              -122.4004708,
              37.7862465
            ]
          ]
        ]
      },
      "properties": {
        "source_id": "osm:way:80296754",
        "name": "SFMOMA Garage",
        "facility_type": "multi-storey",
        "operator": "",
        "access": "yes",
        "fee": "yes",
        "charge": "",
        "capacity": "",
        "opening_hours": "Mo-Su 07:00-23:00",
        "website": "",
        "confidence": 0.35,
        "last_verified_source": "OpenStreetMap via Overpass",
        "raw_tags": {
          "access": "yes",
          "addr:housenumber": "147",
          "addr:street": "Minna Street",
          "amenity": "parking",
          "building": "parking",
          "building:levels": "9",
          "fee": "yes",
          "height": "26",
          "name": "SFMOMA Garage",
          "opening_hours": "Mo-Su 07:00-23:00",
          "parking": "multi-storey",
          "roof:shape": "flat"
        },
        "geometry_note": "Approximate display polygon generated from point/center. Production should use parcel, building, lot footprint, or authoritative GIS polygon.",
        "source_name": "OpenStreetMap via Overpass",
        "source_url": "https://www.openstreetmap.org/",
        "api_url": "https://overpass-api.de/api/interpreter",
        "evidence_url": "https://www.openstreetmap.org/way/80296754",
        "payment_url": null,
        "booking_url": null,
        "price_status": "paid_unknown",
        "rule_status": "partial",
        "enrichment_status": "needs_review",
        "existence_status": "probable",
        "city": "San Francisco",
        "state": "CA",
        "geometry_quality": "osm_display_fallback",
        "provenance_note": "OpenStreetMap-derived candidate/probable parking zone; verify against official/operator sources before treating as authoritative."
      }
    },
    {
      "type": "Feature",
      "geometry": {
        "type": "Polygon",
        "coordinates": [
          [
            [
              -122.3972446,
              37.794475999999996
            ],
            [
              -122.3970046,
              37.794475999999996
            ],
            [
              -122.3970046,
              37.794716
            ],
            [
              -122.3972446,
              37.794716
            ],
            [
              -122.3972446,
              37.794475999999996
            ]
          ]
        ]
      },
      "properties": {
        "source_id": "osm:way:81604313",
        "name": "Parking area",
        "facility_type": "surface",
        "operator": "",
        "access": "yes",
        "fee": "interval",
        "charge": "",
        "capacity": "8",
        "opening_hours": "19:00-07:00",
        "website": "",
        "confidence": 0.35,
        "last_verified_source": "OpenStreetMap via Overpass",
        "raw_tags": {
          "access": "yes",
          "amenity": "parking",
          "capacity": "8",
          "fee": "interval",
          "opening_hours": "19:00-07:00",
          "parking": "surface",
          "wheelchair": "yes"
        },
        "geometry_note": "Approximate display polygon generated from point/center. Production should use parcel, building, lot footprint, or authoritative GIS polygon.",
        "source_name": "OpenStreetMap via Overpass",
        "source_url": "https://www.openstreetmap.org/",
        "api_url": "https://overpass-api.de/api/interpreter",
        "evidence_url": "https://www.openstreetmap.org/way/81604313",
        "payment_url": null,
        "booking_url": null,
        "price_status": "unknown",
        "rule_status": "partial",
        "enrichment_status": "needs_review",
        "existence_status": "candidate",
        "city": "San Francisco",
        "state": "CA",
        "geometry_quality": "osm_display_fallback",
        "provenance_note": "OpenStreetMap-derived candidate/probable parking zone; verify against official/operator sources before treating as authoritative."
      }
    },
    {
      "type": "Feature",
      "geometry": {
        "type": "Polygon",
        "coordinates": [
          [
            [
              -122.3940451,
              37.7681736
            ],
            [
              -122.39380510000001,
              37.7681736
            ],
            [
              -122.39380510000001,
              37.7684136
            ],
            [
              -122.3940451,
              37.7684136
            ],
            [
              -122.3940451,
              37.7681736
            ]
          ]
        ]
      },
      "properties": {
        "source_id": "osm:way:82486636",
        "name": "Community center garage",
        "facility_type": "parking",
        "operator": "",
        "access": "yes",
        "fee": "unknown",
        "charge": "",
        "capacity": "",
        "opening_hours": "",
        "website": "",
        "confidence": 0.35,
        "last_verified_source": "OpenStreetMap via Overpass",
        "raw_tags": {
          "access": "yes",
          "amenity": "parking",
          "building": "yes",
          "building:levels": "8",
          "height": "48 m",
          "name": "Community center garage",
          "source": "Bing"
        },
        "geometry_note": "Approximate display polygon generated from point/center. Production should use parcel, building, lot footprint, or authoritative GIS polygon.",
        "source_name": "OpenStreetMap via Overpass",
        "source_url": "https://www.openstreetmap.org/",
        "api_url": "https://overpass-api.de/api/interpreter",
        "evidence_url": "https://www.openstreetmap.org/way/82486636",
        "payment_url": null,
        "booking_url": null,
        "price_status": "unknown",
        "rule_status": "unknown",
        "enrichment_status": "needs_review",
        "existence_status": "probable",
        "city": "San Francisco",
        "state": "CA",
        "geometry_quality": "osm_display_fallback",
        "provenance_note": "OpenStreetMap-derived candidate/probable parking zone; verify against official/operator sources before treating as authoritative."
      }
    },
    {
      "type": "Feature",
      "geometry": {
        "type": "Polygon",
        "coordinates": [
          [
            [
              -122.38831239999999,
              37.7692589
            ],
            [
              -122.3880724,
              37.7692589
            ],
            [
              -122.3880724,
              37.7694989
            ],
            [
              -122.38831239999999,
              37.7694989
            ],
            [
              -122.38831239999999,
              37.7692589
            ]
          ]
        ]
      },
      "properties": {
        "source_id": "osm:way:84808580",
        "name": "450 South Street Garage",
        "facility_type": "multi-storey",
        "operator": "",
        "access": "",
        "fee": "yes",
        "charge": "",
        "capacity": "",
        "opening_hours": "",
        "website": "",
        "confidence": 0.35,
        "last_verified_source": "OpenStreetMap via Overpass",
        "raw_tags": {
          "addr:housenumber": "150",
          "addr:street": "Warriors Way",
          "amenity": "parking",
          "building": "yes",
          "building:levels": "7",
          "fee": "yes",
          "height": "20",
          "name": "450 South Street Garage",
          "parking": "multi-storey"
        },
        "geometry_note": "Approximate display polygon generated from point/center. Production should use parcel, building, lot footprint, or authoritative GIS polygon.",
        "source_name": "OpenStreetMap via Overpass",
        "source_url": "https://www.openstreetmap.org/",
        "api_url": "https://overpass-api.de/api/interpreter",
        "evidence_url": "https://www.openstreetmap.org/way/84808580",
        "payment_url": null,
        "booking_url": null,
        "price_status": "paid_unknown",
        "rule_status": "unknown",
        "enrichment_status": "needs_review",
        "existence_status": "probable",
        "city": "San Francisco",
        "state": "CA",
        "geometry_quality": "osm_display_fallback",
        "provenance_note": "OpenStreetMap-derived candidate/probable parking zone; verify against official/operator sources before treating as authoritative."
      }
    },
    {
      "type": "Feature",
      "geometry": {
        "type": "Polygon",
        "coordinates": [
          [
            [
              -122.4104706,
              37.804542
            ],
            [
              -122.4102306,
              37.804542
            ],
            [
              -122.4102306,
              37.804782
            ],
            [
              -122.4104706,
              37.804782
            ],
            [
              -122.4104706,
              37.804542
            ]
          ]
        ]
      },
      "properties": {
        "source_id": "osm:way:93420032",
        "name": "Parking area",
        "facility_type": "parking",
        "operator": "",
        "access": "",
        "fee": "unknown",
        "charge": "",
        "capacity": "",
        "opening_hours": "",
        "website": "",
        "confidence": 0.35,
        "last_verified_source": "OpenStreetMap via Overpass",
        "raw_tags": {
          "amenity": "parking"
        },
        "geometry_note": "Approximate display polygon generated from point/center. Production should use parcel, building, lot footprint, or authoritative GIS polygon.",
        "source_name": "OpenStreetMap via Overpass",
        "source_url": "https://www.openstreetmap.org/",
        "api_url": "https://overpass-api.de/api/interpreter",
        "evidence_url": "https://www.openstreetmap.org/way/93420032",
        "payment_url": null,
        "booking_url": null,
        "price_status": "unknown",
        "rule_status": "unknown",
        "enrichment_status": "needs_review",
        "existence_status": "candidate",
        "city": "San Francisco",
        "state": "CA",
        "geometry_quality": "osm_display_fallback",
        "provenance_note": "OpenStreetMap-derived candidate/probable parking zone; verify against official/operator sources before treating as authoritative."
      }
    },
    {
      "type": "Feature",
      "geometry": {
        "type": "Polygon",
        "coordinates": [
          [
            [
              -122.4154346,
              37.804184799999994
            ],
            [
              -122.4151946,
              37.804184799999994
            ],
            [
              -122.4151946,
              37.8044248
            ],
            [
              -122.4154346,
              37.8044248
            ],
            [
              -122.4154346,
              37.804184799999994
            ]
          ]
        ]
      },
      "properties": {
        "source_id": "osm:way:93422613",
        "name": "Parking area",
        "facility_type": "surface",
        "operator": "",
        "access": "",
        "fee": "unknown",
        "charge": "",
        "capacity": "",
        "opening_hours": "",
        "website": "",
        "confidence": 0.35,
        "last_verified_source": "OpenStreetMap via Overpass",
        "raw_tags": {
          "amenity": "parking",
          "area": "yes",
          "parking": "surface",
          "surface": "asphalt"
        },
        "geometry_note": "Approximate display polygon generated from point/center. Production should use parcel, building, lot footprint, or authoritative GIS polygon.",
        "source_name": "OpenStreetMap via Overpass",
        "source_url": "https://www.openstreetmap.org/",
        "api_url": "https://overpass-api.de/api/interpreter",
        "evidence_url": "https://www.openstreetmap.org/way/93422613",
        "payment_url": null,
        "booking_url": null,
        "price_status": "unknown",
        "rule_status": "unknown",
        "enrichment_status": "needs_review",
        "existence_status": "candidate",
        "city": "San Francisco",
        "state": "CA",
        "geometry_quality": "osm_display_fallback",
        "provenance_note": "OpenStreetMap-derived candidate/probable parking zone; verify against official/operator sources before treating as authoritative."
      }
    },
    {
      "type": "Feature",
      "geometry": {
        "type": "Polygon",
        "coordinates": [
          [
            [
              -122.40308999999999,
              37.803662599999996
            ],
            [
              -122.40285,
              37.803662599999996
            ],
            [
              -122.40285,
              37.8039026
            ],
            [
              -122.40308999999999,
              37.8039026
            ],
            [
              -122.40308999999999,
              37.803662599999996
            ]
          ]
        ]
      },
      "properties": {
        "source_id": "osm:way:93703757",
        "name": "Parking area",
        "facility_type": "multi-storey",
        "operator": "",
        "access": "",
        "fee": "unknown",
        "charge": "",
        "capacity": "",
        "opening_hours": "",
        "website": "",
        "confidence": 0.35,
        "last_verified_source": "OpenStreetMap via Overpass",
        "raw_tags": {
          "addr:housenumber": "1444",
          "addr:street": "Sansome Street",
          "amenity": "parking",
          "building": "yes",
          "height": "11",
          "parking": "multi-storey"
        },
        "geometry_note": "Approximate display polygon generated from point/center. Production should use parcel, building, lot footprint, or authoritative GIS polygon.",
        "source_name": "OpenStreetMap via Overpass",
        "source_url": "https://www.openstreetmap.org/",
        "api_url": "https://overpass-api.de/api/interpreter",
        "evidence_url": "https://www.openstreetmap.org/way/93703757",
        "payment_url": null,
        "booking_url": null,
        "price_status": "unknown",
        "rule_status": "unknown",
        "enrichment_status": "needs_review",
        "existence_status": "candidate",
        "city": "San Francisco",
        "state": "CA",
        "geometry_quality": "osm_display_fallback",
        "provenance_note": "OpenStreetMap-derived candidate/probable parking zone; verify against official/operator sources before treating as authoritative."
      }
    },
    {
      "type": "Feature",
      "geometry": {
        "type": "Polygon",
        "coordinates": [
          [
            [
              -122.4162905,
              37.7680947
            ],
            [
              -122.41605050000001,
              37.7680947
            ],
            [
              -122.41605050000001,
              37.768334700000004
            ],
            [
              -122.4162905,
              37.768334700000004
            ],
            [
              -122.4162905,
              37.7680947
            ]
          ]
        ]
      },
      "properties": {
        "source_id": "osm:way:104597417",
        "name": "Parking area",
        "facility_type": "surface",
        "operator": "",
        "access": "customers",
        "fee": "no",
        "charge": "",
        "capacity": "",
        "opening_hours": "",
        "website": "",
        "confidence": 0.35,
        "last_verified_source": "OpenStreetMap via Overpass",
        "raw_tags": {
          "access": "customers",
          "amenity": "parking",
          "emergency": "assembly_point",
          "fee": "no",
          "parking": "surface"
        },
        "geometry_note": "Approximate display polygon generated from point/center. Production should use parcel, building, lot footprint, or authoritative GIS polygon.",
        "source_name": "OpenStreetMap via Overpass",
        "source_url": "https://www.openstreetmap.org/",
        "api_url": "https://overpass-api.de/api/interpreter",
        "evidence_url": "https://www.openstreetmap.org/way/104597417",
        "payment_url": null,
        "booking_url": null,
        "price_status": "known_free",
        "rule_status": "unknown",
        "enrichment_status": "needs_review",
        "existence_status": "candidate",
        "city": "San Francisco",
        "state": "CA",
        "geometry_quality": "osm_display_fallback",
        "provenance_note": "OpenStreetMap-derived candidate/probable parking zone; verify against official/operator sources before treating as authoritative."
      }
    },
    {
      "type": "Feature",
      "geometry": {
        "type": "Polygon",
        "coordinates": [
          [
            [
              -122.4076369,
              37.787816
            ],
            [
              -122.40739690000001,
              37.787816
            ],
            [
              -122.40739690000001,
              37.788056000000005
            ],
            [
              -122.4076369,
              37.788056000000005
            ],
            [
              -122.4076369,
              37.787816
            ]
          ]
        ]
      },
      "properties": {
        "source_id": "osm:way:111586252",
        "name": "Union Square Garage",
        "facility_type": "underground",
        "operator": "San Francisco Municipal Transportation Agency",
        "access": "yes",
        "fee": "yes",
        "charge": "",
        "capacity": "",
        "opening_hours": "",
        "website": "https://www.sfmta.com/garages-lots/union-square-garage",
        "confidence": 0.35,
        "last_verified_source": "OpenStreetMap via Overpass",
        "raw_tags": {
          "access": "yes",
          "amenity": "parking",
          "covered": "yes",
          "fee": "yes",
          "layer": "-1",
          "location": "underground",
          "name": "Union Square Garage",
          "operator": "San Francisco Municipal Transportation Agency",
          "operator:wikidata": "Q7414072",
          "parking": "underground",
          "website": "https://www.sfmta.com/garages-lots/union-square-garage"
        },
        "geometry_note": "Approximate display polygon generated from point/center. Production should use parcel, building, lot footprint, or authoritative GIS polygon.",
        "source_name": "OpenStreetMap via Overpass",
        "source_url": "https://www.openstreetmap.org/",
        "api_url": "https://overpass-api.de/api/interpreter",
        "evidence_url": "https://www.openstreetmap.org/way/111586252",
        "payment_url": null,
        "booking_url": null,
        "price_status": "paid_unknown",
        "rule_status": "unknown",
        "enrichment_status": "needs_review",
        "existence_status": "probable",
        "city": "San Francisco",
        "state": "CA",
        "geometry_quality": "osm_display_fallback",
        "provenance_note": "OpenStreetMap-derived candidate/probable parking zone; verify against official/operator sources before treating as authoritative."
      }
    },
    {
      "type": "Feature",
      "geometry": {
        "type": "Polygon",
        "coordinates": [
          [
            [
              -122.41948169999999,
              37.769371799999995
            ],
            [
              -122.4192417,
              37.769371799999995
            ],
            [
              -122.4192417,
              37.7696118
            ],
            [
              -122.41948169999999,
              37.7696118
            ],
            [
              -122.41948169999999,
              37.769371799999995
            ]
          ]
        ]
      },
      "properties": {
        "source_id": "osm:way:112593518",
        "name": "Parking area",
        "facility_type": "surface",
        "operator": "",
        "access": "",
        "fee": "unknown",
        "charge": "",
        "capacity": "",
        "opening_hours": "",
        "website": "",
        "confidence": 0.35,
        "last_verified_source": "OpenStreetMap via Overpass",
        "raw_tags": {
          "amenity": "parking",
          "parking": "surface"
        },
        "geometry_note": "Approximate display polygon generated from point/center. Production should use parcel, building, lot footprint, or authoritative GIS polygon.",
        "source_name": "OpenStreetMap via Overpass",
        "source_url": "https://www.openstreetmap.org/",
        "api_url": "https://overpass-api.de/api/interpreter",
        "evidence_url": "https://www.openstreetmap.org/way/112593518",
        "payment_url": null,
        "booking_url": null,
        "price_status": "unknown",
        "rule_status": "unknown",
        "enrichment_status": "needs_review",
        "existence_status": "candidate",
        "city": "San Francisco",
        "state": "CA",
        "geometry_quality": "osm_display_fallback",
        "provenance_note": "OpenStreetMap-derived candidate/probable parking zone; verify against official/operator sources before treating as authoritative."
      }
    },
    {
      "type": "Feature",
      "geometry": {
        "type": "Polygon",
        "coordinates": [
          [
            [
              -122.4158581,
              37.7702524
            ],
            [
              -122.4156181,
              37.7702524
            ],
            [
              -122.4156181,
              37.7704924
            ],
            [
              -122.4158581,
              37.7704924
            ],
            [
              -122.4158581,
              37.7702524
            ]
          ]
        ]
      },
      "properties": {
        "source_id": "osm:way:112595008",
        "name": "Parking area",
        "facility_type": "surface",
        "operator": "",
        "access": "customers",
        "fee": "unknown",
        "charge": "",
        "capacity": "",
        "opening_hours": "",
        "website": "",
        "confidence": 0.35,
        "last_verified_source": "OpenStreetMap via Overpass",
        "raw_tags": {
          "access": "customers",
          "amenity": "parking",
          "parking": "surface",
          "parking:orientation": "perpendicular"
        },
        "geometry_note": "Approximate display polygon generated from point/center. Production should use parcel, building, lot footprint, or authoritative GIS polygon.",
        "source_name": "OpenStreetMap via Overpass",
        "source_url": "https://www.openstreetmap.org/",
        "api_url": "https://overpass-api.de/api/interpreter",
        "evidence_url": "https://www.openstreetmap.org/way/112595008",
        "payment_url": null,
        "booking_url": null,
        "price_status": "unknown",
        "rule_status": "unknown",
        "enrichment_status": "needs_review",
        "existence_status": "candidate",
        "city": "San Francisco",
        "state": "CA",
        "geometry_quality": "osm_display_fallback",
        "provenance_note": "OpenStreetMap-derived candidate/probable parking zone; verify against official/operator sources before treating as authoritative."
      }
    },
    {
      "type": "Feature",
      "geometry": {
        "type": "Polygon",
        "coordinates": [
          [
            [
              -122.41676849999999,
              37.770464499999996
            ],
            [
              -122.4165285,
              37.770464499999996
            ],
            [
              -122.4165285,
              37.7707045
            ],
            [
              -122.41676849999999,
              37.7707045
            ],
            [
              -122.41676849999999,
              37.770464499999996
            ]
          ]
        ]
      },
      "properties": {
        "source_id": "osm:way:112687740",
        "name": "Parking area",
        "facility_type": "parking",
        "operator": "",
        "access": "private",
        "fee": "unknown",
        "charge": "",
        "capacity": "",
        "opening_hours": "",
        "website": "",
        "confidence": 0.35,
        "last_verified_source": "OpenStreetMap via Overpass",
        "raw_tags": {
          "access": "private",
          "amenity": "parking",
          "building": "yes",
          "height": "6"
        },
        "geometry_note": "Approximate display polygon generated from point/center. Production should use parcel, building, lot footprint, or authoritative GIS polygon.",
        "source_name": "OpenStreetMap via Overpass",
        "source_url": "https://www.openstreetmap.org/",
        "api_url": "https://overpass-api.de/api/interpreter",
        "evidence_url": "https://www.openstreetmap.org/way/112687740",
        "payment_url": null,
        "booking_url": null,
        "price_status": "unknown",
        "rule_status": "unknown",
        "enrichment_status": "needs_review",
        "existence_status": "candidate",
        "city": "San Francisco",
        "state": "CA",
        "geometry_quality": "osm_display_fallback",
        "provenance_note": "OpenStreetMap-derived candidate/probable parking zone; verify against official/operator sources before treating as authoritative."
      }
    },
    {
      "type": "Feature",
      "geometry": {
        "type": "Polygon",
        "coordinates": [
          [
            [
              -122.3962384,
              37.784356599999995
            ],
            [
              -122.39599840000001,
              37.784356599999995
            ],
            [
              -122.39599840000001,
              37.7845966
            ],
            [
              -122.3962384,
              37.7845966
            ],
            [
              -122.3962384,
              37.784356599999995
            ]
          ]
        ]
      },
      "properties": {
        "source_id": "osm:way:112774491",
        "name": "Parking area",
        "facility_type": "surface",
        "operator": "",
        "access": "yes",
        "fee": "yes",
        "charge": "",
        "capacity": "",
        "opening_hours": "",
        "website": "",
        "confidence": 0.35,
        "last_verified_source": "OpenStreetMap via Overpass",
        "raw_tags": {
          "access": "yes",
          "amenity": "parking",
          "fee": "yes",
          "parking": "surface",
          "phone": "+1-415-777-4042"
        },
        "geometry_note": "Approximate display polygon generated from point/center. Production should use parcel, building, lot footprint, or authoritative GIS polygon.",
        "source_name": "OpenStreetMap via Overpass",
        "source_url": "https://www.openstreetmap.org/",
        "api_url": "https://overpass-api.de/api/interpreter",
        "evidence_url": "https://www.openstreetmap.org/way/112774491",
        "payment_url": null,
        "booking_url": null,
        "price_status": "paid_unknown",
        "rule_status": "unknown",
        "enrichment_status": "needs_review",
        "existence_status": "candidate",
        "city": "San Francisco",
        "state": "CA",
        "geometry_quality": "osm_display_fallback",
        "provenance_note": "OpenStreetMap-derived candidate/probable parking zone; verify against official/operator sources before treating as authoritative."
      }
    },
    {
      "type": "Feature",
      "geometry": {
        "type": "Polygon",
        "coordinates": [
          [
            [
              -122.3921012,
              37.7822921
            ],
            [
              -122.39186120000001,
              37.7822921
            ],
            [
              -122.39186120000001,
              37.782532100000005
            ],
            [
              -122.3921012,
              37.782532100000005
            ],
            [
              -122.3921012,
              37.7822921
            ]
          ]
        ]
      },
      "properties": {
        "source_id": "osm:way:112775865",
        "name": "Parking area",
        "facility_type": "parking",
        "operator": "",
        "access": "",
        "fee": "unknown",
        "charge": "",
        "capacity": "",
        "opening_hours": "",
        "website": "",
        "confidence": 0.35,
        "last_verified_source": "OpenStreetMap via Overpass",
        "raw_tags": {
          "amenity": "parking"
        },
        "geometry_note": "Approximate display polygon generated from point/center. Production should use parcel, building, lot footprint, or authoritative GIS polygon.",
        "source_name": "OpenStreetMap via Overpass",
        "source_url": "https://www.openstreetmap.org/",
        "api_url": "https://overpass-api.de/api/interpreter",
        "evidence_url": "https://www.openstreetmap.org/way/112775865",
        "payment_url": null,
        "booking_url": null,
        "price_status": "unknown",
        "rule_status": "unknown",
        "enrichment_status": "needs_review",
        "existence_status": "candidate",
        "city": "San Francisco",
        "state": "CA",
        "geometry_quality": "osm_display_fallback",
        "provenance_note": "OpenStreetMap-derived candidate/probable parking zone; verify against official/operator sources before treating as authoritative."
      }
    },
    {
      "type": "Feature",
      "geometry": {
        "type": "Polygon",
        "coordinates": [
          [
            [
              -122.39481219999999,
              37.7842516
            ],
            [
              -122.3945722,
              37.7842516
            ],
            [
              -122.3945722,
              37.7844916
            ],
            [
              -122.39481219999999,
              37.7844916
            ],
            [
              -122.39481219999999,
              37.7842516
            ]
          ]
        ]
      },
      "properties": {
        "source_id": "osm:way:112864752",
        "name": "Parking area",
        "facility_type": "surface",
        "operator": "",
        "access": "yes",
        "fee": "yes",
        "charge": "",
        "capacity": "",
        "opening_hours": "",
        "website": "",
        "confidence": 0.35,
        "last_verified_source": "OpenStreetMap via Overpass",
        "raw_tags": {
          "access": "yes",
          "amenity": "parking",
          "fee": "yes",
          "parking": "surface",
          "surface": "asphalt"
        },
        "geometry_note": "Approximate display polygon generated from point/center. Production should use parcel, building, lot footprint, or authoritative GIS polygon.",
        "source_name": "OpenStreetMap via Overpass",
        "source_url": "https://www.openstreetmap.org/",
        "api_url": "https://overpass-api.de/api/interpreter",
        "evidence_url": "https://www.openstreetmap.org/way/112864752",
        "payment_url": null,
        "booking_url": null,
        "price_status": "paid_unknown",
        "rule_status": "unknown",
        "enrichment_status": "needs_review",
        "existence_status": "candidate",
        "city": "San Francisco",
        "state": "CA",
        "geometry_quality": "osm_display_fallback",
        "provenance_note": "OpenStreetMap-derived candidate/probable parking zone; verify against official/operator sources before treating as authoritative."
      }
    },
    {
      "type": "Feature",
      "geometry": {
        "type": "Polygon",
        "coordinates": [
          [
            [
              -122.3949846,
              37.783479199999995
            ],
            [
              -122.39474460000001,
              37.783479199999995
            ],
            [
              -122.39474460000001,
              37.7837192
            ],
            [
              -122.3949846,
              37.7837192
            ],
            [
              -122.3949846,
              37.783479199999995
            ]
          ]
        ]
      },
      "properties": {
        "source_id": "osm:way:112864754",
        "name": "Parking area",
        "facility_type": "surface",
        "operator": "",
        "access": "yes",
        "fee": "yes",
        "charge": "",
        "capacity": "",
        "opening_hours": "",
        "website": "",
        "confidence": 0.35,
        "last_verified_source": "OpenStreetMap via Overpass",
        "raw_tags": {
          "access": "yes",
          "amenity": "parking",
          "fee": "yes",
          "parking": "surface"
        },
        "geometry_note": "Approximate display polygon generated from point/center. Production should use parcel, building, lot footprint, or authoritative GIS polygon.",
        "source_name": "OpenStreetMap via Overpass",
        "source_url": "https://www.openstreetmap.org/",
        "api_url": "https://overpass-api.de/api/interpreter",
        "evidence_url": "https://www.openstreetmap.org/way/112864754",
        "payment_url": null,
        "booking_url": null,
        "price_status": "paid_unknown",
        "rule_status": "unknown",
        "enrichment_status": "needs_review",
        "existence_status": "candidate",
        "city": "San Francisco",
        "state": "CA",
        "geometry_quality": "osm_display_fallback",
        "provenance_note": "OpenStreetMap-derived candidate/probable parking zone; verify against official/operator sources before treating as authoritative."
      }
    },
    {
      "type": "Feature",
      "geometry": {
        "type": "Polygon",
        "coordinates": [
          [
            [
              -122.3980105,
              37.786690799999995
            ],
            [
              -122.39777050000001,
              37.786690799999995
            ],
            [
              -122.39777050000001,
              37.7869308
            ],
            [
              -122.3980105,
              37.7869308
            ],
            [
              -122.3980105,
              37.786690799999995
            ]
          ]
        ]
      },
      "properties": {
        "source_id": "osm:way:112995007",
        "name": "Parking area",
        "facility_type": "surface",
        "operator": "",
        "access": "yes",
        "fee": "yes",
        "charge": "",
        "capacity": "",
        "opening_hours": "",
        "website": "",
        "confidence": 0.35,
        "last_verified_source": "OpenStreetMap via Overpass",
        "raw_tags": {
          "access": "yes",
          "amenity": "parking",
          "fee": "yes",
          "parking": "surface"
        },
        "geometry_note": "Approximate display polygon generated from point/center. Production should use parcel, building, lot footprint, or authoritative GIS polygon.",
        "source_name": "OpenStreetMap via Overpass",
        "source_url": "https://www.openstreetmap.org/",
        "api_url": "https://overpass-api.de/api/interpreter",
        "evidence_url": "https://www.openstreetmap.org/way/112995007",
        "payment_url": null,
        "booking_url": null,
        "price_status": "paid_unknown",
        "rule_status": "unknown",
        "enrichment_status": "needs_review",
        "existence_status": "candidate",
        "city": "San Francisco",
        "state": "CA",
        "geometry_quality": "osm_display_fallback",
        "provenance_note": "OpenStreetMap-derived candidate/probable parking zone; verify against official/operator sources before treating as authoritative."
      }
    },
    {
      "type": "Feature",
      "geometry": {
        "type": "Polygon",
        "coordinates": [
          [
            [
              -122.4227763,
              37.7793741
            ],
            [
              -122.4225363,
              37.7793741
            ],
            [
              -122.4225363,
              37.7796141
            ],
            [
              -122.4227763,
              37.7796141
            ],
            [
              -122.4227763,
              37.7793741
            ]
          ]
        ]
      },
      "properties": {
        "source_id": "osm:way:114304295",
        "name": "San Francisco Unified School District",
        "facility_type": "surface",
        "operator": "San Francisco Unified School District",
        "access": "private",
        "fee": "unknown",
        "charge": "",
        "capacity": "",
        "opening_hours": "",
        "website": "",
        "confidence": 0.35,
        "last_verified_source": "OpenStreetMap via Overpass",
        "raw_tags": {
          "access": "private",
          "amenity": "parking",
          "operator": "San Francisco Unified School District",
          "parking": "surface"
        },
        "geometry_note": "Approximate display polygon generated from point/center. Production should use parcel, building, lot footprint, or authoritative GIS polygon.",
        "source_name": "OpenStreetMap via Overpass",
        "source_url": "https://www.openstreetmap.org/",
        "api_url": "https://overpass-api.de/api/interpreter",
        "evidence_url": "https://www.openstreetmap.org/way/114304295",
        "payment_url": null,
        "booking_url": null,
        "price_status": "unknown",
        "rule_status": "unknown",
        "enrichment_status": "needs_review",
        "existence_status": "probable",
        "city": "San Francisco",
        "state": "CA",
        "geometry_quality": "osm_display_fallback",
        "provenance_note": "OpenStreetMap-derived candidate/probable parking zone; verify against official/operator sources before treating as authoritative."
      }
    },
    {
      "type": "Feature",
      "geometry": {
        "type": "Polygon",
        "coordinates": [
          [
            [
              -122.3965901,
              37.7788227
            ],
            [
              -122.3963501,
              37.7788227
            ],
            [
              -122.3963501,
              37.779062700000004
            ],
            [
              -122.3965901,
              37.779062700000004
            ],
            [
              -122.3965901,
              37.7788227
            ]
          ]
        ]
      },
      "properties": {
        "source_id": "osm:way:114711558",
        "name": "United SF Parking",
        "facility_type": "surface",
        "operator": "United SF Parking",
        "access": "yes",
        "fee": "yes",
        "charge": "",
        "capacity": "",
        "opening_hours": "",
        "website": "",
        "confidence": 0.35,
        "last_verified_source": "OpenStreetMap via Overpass",
        "raw_tags": {
          "access": "yes",
          "addr:housenumber": "470",
          "addr:street": "Brannan Street",
          "amenity": "parking",
          "fee": "yes",
          "operator": "United SF Parking",
          "operator:type": "private",
          "parking": "surface",
          "surface": "asphalt"
        },
        "geometry_note": "Approximate display polygon generated from point/center. Production should use parcel, building, lot footprint, or authoritative GIS polygon.",
        "source_name": "OpenStreetMap via Overpass",
        "source_url": "https://www.openstreetmap.org/",
        "api_url": "https://overpass-api.de/api/interpreter",
        "evidence_url": "https://www.openstreetmap.org/way/114711558",
        "payment_url": null,
        "booking_url": null,
        "price_status": "paid_unknown",
        "rule_status": "unknown",
        "enrichment_status": "needs_review",
        "existence_status": "probable",
        "city": "San Francisco",
        "state": "CA",
        "geometry_quality": "osm_display_fallback",
        "provenance_note": "OpenStreetMap-derived candidate/probable parking zone; verify against official/operator sources before treating as authoritative."
      }
    },
    {
      "type": "Feature",
      "geometry": {
        "type": "Polygon",
        "coordinates": [
          [
            [
              -122.3975641,
              37.782879699999995
            ],
            [
              -122.3973241,
              37.782879699999995
            ],
            [
              -122.3973241,
              37.7831197
            ],
            [
              -122.3975641,
              37.7831197
            ],
            [
              -122.3975641,
              37.782879699999995
            ]
          ]
        ]
      },
      "properties": {
        "source_id": "osm:way:121785554",
        "name": "Parking area",
        "facility_type": "surface",
        "operator": "",
        "access": "yes",
        "fee": "yes",
        "charge": "",
        "capacity": "",
        "opening_hours": "",
        "website": "",
        "confidence": 0.35,
        "last_verified_source": "OpenStreetMap via Overpass",
        "raw_tags": {
          "access": "yes",
          "amenity": "parking",
          "fee": "yes",
          "parking": "surface"
        },
        "geometry_note": "Approximate display polygon generated from point/center. Production should use parcel, building, lot footprint, or authoritative GIS polygon.",
        "source_name": "OpenStreetMap via Overpass",
        "source_url": "https://www.openstreetmap.org/",
        "api_url": "https://overpass-api.de/api/interpreter",
        "evidence_url": "https://www.openstreetmap.org/way/121785554",
        "payment_url": null,
        "booking_url": null,
        "price_status": "paid_unknown",
        "rule_status": "unknown",
        "enrichment_status": "needs_review",
        "existence_status": "candidate",
        "city": "San Francisco",
        "state": "CA",
        "geometry_quality": "osm_display_fallback",
        "provenance_note": "OpenStreetMap-derived candidate/probable parking zone; verify against official/operator sources before treating as authoritative."
      }
    },
    {
      "type": "Feature",
      "geometry": {
        "type": "Polygon",
        "coordinates": [
          [
            [
              -122.39563509999999,
              37.7797559
            ],
            [
              -122.3953951,
              37.7797559
            ],
            [
              -122.3953951,
              37.7799959
            ],
            [
              -122.39563509999999,
              37.7799959
            ],
            [
              -122.39563509999999,
              37.7797559
            ]
          ]
        ]
      },
      "properties": {
        "source_id": "osm:way:124889469",
        "name": "Tower Valet Parking",
        "facility_type": "surface",
        "operator": "Tower Valet Parking",
        "access": "yes",
        "fee": "yes",
        "charge": "",
        "capacity": "",
        "opening_hours": "",
        "website": "",
        "confidence": 0.35,
        "last_verified_source": "OpenStreetMap via Overpass",
        "raw_tags": {
          "access": "yes",
          "addr:housenumber": "424",
          "addr:street": "Brannan Street",
          "amenity": "parking",
          "fee": "yes",
          "operator": "Tower Valet Parking",
          "parking": "surface",
          "surface": "asphalt"
        },
        "geometry_note": "Approximate display polygon generated from point/center. Production should use parcel, building, lot footprint, or authoritative GIS polygon.",
        "source_name": "OpenStreetMap via Overpass",
        "source_url": "https://www.openstreetmap.org/",
        "api_url": "https://overpass-api.de/api/interpreter",
        "evidence_url": "https://www.openstreetmap.org/way/124889469",
        "payment_url": null,
        "booking_url": null,
        "price_status": "paid_unknown",
        "rule_status": "unknown",
        "enrichment_status": "needs_review",
        "existence_status": "probable",
        "city": "San Francisco",
        "state": "CA",
        "geometry_quality": "osm_display_fallback",
        "provenance_note": "OpenStreetMap-derived candidate/probable parking zone; verify against official/operator sources before treating as authoritative."
      }
    },
    {
      "type": "Feature",
      "geometry": {
        "type": "Polygon",
        "coordinates": [
          [
            [
              -122.3956334,
              37.7804576
            ],
            [
              -122.3953934,
              37.7804576
            ],
            [
              -122.3953934,
              37.7806976
            ],
            [
              -122.3956334,
              37.7806976
            ],
            [
              -122.3956334,
              37.7804576
            ]
          ]
        ]
      },
      "properties": {
        "source_id": "osm:way:124889493",
        "name": "Parking area",
        "facility_type": "parking",
        "operator": "",
        "access": "",
        "fee": "unknown",
        "charge": "",
        "capacity": "",
        "opening_hours": "",
        "website": "",
        "confidence": 0.35,
        "last_verified_source": "OpenStreetMap via Overpass",
        "raw_tags": {
          "amenity": "parking"
        },
        "geometry_note": "Approximate display polygon generated from point/center. Production should use parcel, building, lot footprint, or authoritative GIS polygon.",
        "source_name": "OpenStreetMap via Overpass",
        "source_url": "https://www.openstreetmap.org/",
        "api_url": "https://overpass-api.de/api/interpreter",
        "evidence_url": "https://www.openstreetmap.org/way/124889493",
        "payment_url": null,
        "booking_url": null,
        "price_status": "unknown",
        "rule_status": "unknown",
        "enrichment_status": "needs_review",
        "existence_status": "candidate",
        "city": "San Francisco",
        "state": "CA",
        "geometry_quality": "osm_display_fallback",
        "provenance_note": "OpenStreetMap-derived candidate/probable parking zone; verify against official/operator sources before treating as authoritative."
      }
    },
    {
      "type": "Feature",
      "geometry": {
        "type": "Polygon",
        "coordinates": [
          [
            [
              -122.3920722,
              37.780398399999996
            ],
            [
              -122.39183220000001,
              37.780398399999996
            ],
            [
              -122.39183220000001,
              37.7806384
            ],
            [
              -122.3920722,
              37.7806384
            ],
            [
              -122.3920722,
              37.780398399999996
            ]
          ]
        ]
      },
      "properties": {
        "source_id": "osm:way:129176902",
        "name": "Parking area",
        "facility_type": "surface",
        "operator": "",
        "access": "private",
        "fee": "unknown",
        "charge": "",
        "capacity": "",
        "opening_hours": "",
        "website": "",
        "confidence": 0.35,
        "last_verified_source": "OpenStreetMap via Overpass",
        "raw_tags": {
          "access": "private",
          "amenity": "parking",
          "parking": "surface"
        },
        "geometry_note": "Approximate display polygon generated from point/center. Production should use parcel, building, lot footprint, or authoritative GIS polygon.",
        "source_name": "OpenStreetMap via Overpass",
        "source_url": "https://www.openstreetmap.org/",
        "api_url": "https://overpass-api.de/api/interpreter",
        "evidence_url": "https://www.openstreetmap.org/way/129176902",
        "payment_url": null,
        "booking_url": null,
        "price_status": "unknown",
        "rule_status": "unknown",
        "enrichment_status": "needs_review",
        "existence_status": "candidate",
        "city": "San Francisco",
        "state": "CA",
        "geometry_quality": "osm_display_fallback",
        "provenance_note": "OpenStreetMap-derived candidate/probable parking zone; verify against official/operator sources before treating as authoritative."
      }
    },
    {
      "type": "Feature",
      "geometry": {
        "type": "Polygon",
        "coordinates": [
          [
            [
              -122.41150569999999,
              37.7678176
            ],
            [
              -122.4112657,
              37.7678176
            ],
            [
              -122.4112657,
              37.768057600000006
            ],
            [
              -122.41150569999999,
              37.768057600000006
            ],
            [
              -122.41150569999999,
              37.7678176
            ]
          ]
        ]
      },
      "properties": {
        "source_id": "osm:way:132605457",
        "name": "Parking area",
        "facility_type": "surface",
        "operator": "",
        "access": "",
        "fee": "unknown",
        "charge": "",
        "capacity": "",
        "opening_hours": "",
        "website": "",
        "confidence": 0.35,
        "last_verified_source": "OpenStreetMap via Overpass",
        "raw_tags": {
          "amenity": "parking",
          "parking": "surface",
          "source": "bing"
        },
        "geometry_note": "Approximate display polygon generated from point/center. Production should use parcel, building, lot footprint, or authoritative GIS polygon.",
        "source_name": "OpenStreetMap via Overpass",
        "source_url": "https://www.openstreetmap.org/",
        "api_url": "https://overpass-api.de/api/interpreter",
        "evidence_url": "https://www.openstreetmap.org/way/132605457",
        "payment_url": null,
        "booking_url": null,
        "price_status": "unknown",
        "rule_status": "unknown",
        "enrichment_status": "needs_review",
        "existence_status": "candidate",
        "city": "San Francisco",
        "state": "CA",
        "geometry_quality": "osm_display_fallback",
        "provenance_note": "OpenStreetMap-derived candidate/probable parking zone; verify against official/operator sources before treating as authoritative."
      }
    },
    {
      "type": "Feature",
      "geometry": {
        "type": "Polygon",
        "coordinates": [
          [
            [
              -122.4141425,
              37.7689458
            ],
            [
              -122.4139025,
              37.7689458
            ],
            [
              -122.4139025,
              37.7691858
            ],
            [
              -122.4141425,
              37.7691858
            ],
            [
              -122.4141425,
              37.7689458
            ]
          ]
        ]
      },
      "properties": {
        "source_id": "osm:way:132605458",
        "name": "OfficeMax",
        "facility_type": "surface",
        "operator": "OfficeMax",
        "access": "customers",
        "fee": "yes",
        "charge": "",
        "capacity": "",
        "opening_hours": "",
        "website": "",
        "confidence": 0.35,
        "last_verified_source": "OpenStreetMap via Overpass",
        "raw_tags": {
          "access": "customers",
          "amenity": "parking",
          "fee": "yes",
          "operator": "OfficeMax",
          "parking": "surface",
          "source": "bing"
        },
        "geometry_note": "Approximate display polygon generated from point/center. Production should use parcel, building, lot footprint, or authoritative GIS polygon.",
        "source_name": "OpenStreetMap via Overpass",
        "source_url": "https://www.openstreetmap.org/",
        "api_url": "https://overpass-api.de/api/interpreter",
        "evidence_url": "https://www.openstreetmap.org/way/132605458",
        "payment_url": null,
        "booking_url": null,
        "price_status": "paid_unknown",
        "rule_status": "unknown",
        "enrichment_status": "needs_review",
        "existence_status": "probable",
        "city": "San Francisco",
        "state": "CA",
        "geometry_quality": "osm_display_fallback",
        "provenance_note": "OpenStreetMap-derived candidate/probable parking zone; verify against official/operator sources before treating as authoritative."
      }
    },
    {
      "type": "Feature",
      "geometry": {
        "type": "Polygon",
        "coordinates": [
          [
            [
              -122.41531049999999,
              37.7698682
            ],
            [
              -122.4150705,
              37.7698682
            ],
            [
              -122.4150705,
              37.7701082
            ],
            [
              -122.41531049999999,
              37.7701082
            ],
            [
              -122.41531049999999,
              37.7698682
            ]
          ]
        ]
      },
      "properties": {
        "source_id": "osm:way:132605474",
        "name": "Parking area",
        "facility_type": "surface",
        "operator": "",
        "access": "customers",
        "fee": "unknown",
        "charge": "",
        "capacity": "",
        "opening_hours": "",
        "website": "",
        "confidence": 0.35,
        "last_verified_source": "OpenStreetMap via Overpass",
        "raw_tags": {
          "access": "customers",
          "amenity": "parking",
          "parking": "surface",
          "source": "bing"
        },
        "geometry_note": "Approximate display polygon generated from point/center. Production should use parcel, building, lot footprint, or authoritative GIS polygon.",
        "source_name": "OpenStreetMap via Overpass",
        "source_url": "https://www.openstreetmap.org/",
        "api_url": "https://overpass-api.de/api/interpreter",
        "evidence_url": "https://www.openstreetmap.org/way/132605474",
        "payment_url": null,
        "booking_url": null,
        "price_status": "unknown",
        "rule_status": "unknown",
        "enrichment_status": "needs_review",
        "existence_status": "candidate",
        "city": "San Francisco",
        "state": "CA",
        "geometry_quality": "osm_display_fallback",
        "provenance_note": "OpenStreetMap-derived candidate/probable parking zone; verify against official/operator sources before treating as authoritative."
      }
    },
    {
      "type": "Feature",
      "geometry": {
        "type": "Polygon",
        "coordinates": [
          [
            [
              -122.4156672,
              37.7722863
            ],
            [
              -122.41542720000001,
              37.7722863
            ],
            [
              -122.41542720000001,
              37.7725263
            ],
            [
              -122.4156672,
              37.7725263
            ],
            [
              -122.4156672,
              37.7722863
            ]
          ]
        ]
      },
      "properties": {
        "source_id": "osm:way:132605482",
        "name": "Parking area",
        "facility_type": "surface",
        "operator": "",
        "access": "",
        "fee": "unknown",
        "charge": "",
        "capacity": "",
        "opening_hours": "",
        "website": "",
        "confidence": 0.35,
        "last_verified_source": "OpenStreetMap via Overpass",
        "raw_tags": {
          "amenity": "parking",
          "parking": "surface",
          "source": "bing"
        },
        "geometry_note": "Approximate display polygon generated from point/center. Production should use parcel, building, lot footprint, or authoritative GIS polygon.",
        "source_name": "OpenStreetMap via Overpass",
        "source_url": "https://www.openstreetmap.org/",
        "api_url": "https://overpass-api.de/api/interpreter",
        "evidence_url": "https://www.openstreetmap.org/way/132605482",
        "payment_url": null,
        "booking_url": null,
        "price_status": "unknown",
        "rule_status": "unknown",
        "enrichment_status": "needs_review",
        "existence_status": "candidate",
        "city": "San Francisco",
        "state": "CA",
        "geometry_quality": "osm_display_fallback",
        "provenance_note": "OpenStreetMap-derived candidate/probable parking zone; verify against official/operator sources before treating as authoritative."
      }
    },
    {
      "type": "Feature",
      "geometry": {
        "type": "Polygon",
        "coordinates": [
          [
            [
              -122.4127425,
              37.7688152
            ],
            [
              -122.4125025,
              37.7688152
            ],
            [
              -122.4125025,
              37.769055200000004
            ],
            [
              -122.4127425,
              37.769055200000004
            ],
            [
              -122.4127425,
              37.7688152
            ]
          ]
        ]
      },
      "properties": {
        "source_id": "osm:way:132605487",
        "name": "Best Buy Parking",
        "facility_type": "surface",
        "operator": "",
        "access": "customers",
        "fee": "no",
        "charge": "",
        "capacity": "",
        "opening_hours": "",
        "website": "",
        "confidence": 0.35,
        "last_verified_source": "OpenStreetMap via Overpass",
        "raw_tags": {
          "access": "customers",
          "amenity": "parking",
          "fee": "no",
          "name": "Best Buy Parking",
          "parking": "surface",
          "source": "bing"
        },
        "geometry_note": "Approximate display polygon generated from point/center. Production should use parcel, building, lot footprint, or authoritative GIS polygon.",
        "source_name": "OpenStreetMap via Overpass",
        "source_url": "https://www.openstreetmap.org/",
        "api_url": "https://overpass-api.de/api/interpreter",
        "evidence_url": "https://www.openstreetmap.org/way/132605487",
        "payment_url": null,
        "booking_url": null,
        "price_status": "known_free",
        "rule_status": "unknown",
        "enrichment_status": "needs_review",
        "existence_status": "probable",
        "city": "San Francisco",
        "state": "CA",
        "geometry_quality": "osm_display_fallback",
        "provenance_note": "OpenStreetMap-derived candidate/probable parking zone; verify against official/operator sources before treating as authoritative."
      }
    },
    {
      "type": "Feature",
      "geometry": {
        "type": "Polygon",
        "coordinates": [
          [
            [
              -122.4159128,
              37.7723345
            ],
            [
              -122.41567280000001,
              37.7723345
            ],
            [
              -122.41567280000001,
              37.772574500000005
            ],
            [
              -122.4159128,
              37.772574500000005
            ],
            [
              -122.4159128,
              37.7723345
            ]
          ]
        ]
      },
      "properties": {
        "source_id": "osm:way:132605500",
        "name": "Parking area",
        "facility_type": "surface",
        "operator": "",
        "access": "",
        "fee": "unknown",
        "charge": "",
        "capacity": "",
        "opening_hours": "",
        "website": "",
        "confidence": 0.35,
        "last_verified_source": "OpenStreetMap via Overpass",
        "raw_tags": {
          "amenity": "parking",
          "parking": "surface",
          "source": "bing"
        },
        "geometry_note": "Approximate display polygon generated from point/center. Production should use parcel, building, lot footprint, or authoritative GIS polygon.",
        "source_name": "OpenStreetMap via Overpass",
        "source_url": "https://www.openstreetmap.org/",
        "api_url": "https://overpass-api.de/api/interpreter",
        "evidence_url": "https://www.openstreetmap.org/way/132605500",
        "payment_url": null,
        "booking_url": null,
        "price_status": "unknown",
        "rule_status": "unknown",
        "enrichment_status": "needs_review",
        "existence_status": "candidate",
        "city": "San Francisco",
        "state": "CA",
        "geometry_quality": "osm_display_fallback",
        "provenance_note": "OpenStreetMap-derived candidate/probable parking zone; verify against official/operator sources before treating as authoritative."
      }
    },
    {
      "type": "Feature",
      "geometry": {
        "type": "Polygon",
        "coordinates": [
          [
            [
              -122.4122608,
              37.767751999999994
            ],
            [
              -122.41202080000001,
              37.767751999999994
            ],
            [
              -122.41202080000001,
              37.767992
            ],
            [
              -122.4122608,
              37.767992
            ],
            [
              -122.4122608,
              37.767751999999994
            ]
          ]
        ]
      },
      "properties": {
        "source_id": "osm:way:132605501",
        "name": "Parking area",
        "facility_type": "surface",
        "operator": "",
        "access": "",
        "fee": "unknown",
        "charge": "",
        "capacity": "",
        "opening_hours": "",
        "website": "",
        "confidence": 0.35,
        "last_verified_source": "OpenStreetMap via Overpass",
        "raw_tags": {
          "amenity": "parking",
          "parking": "surface",
          "source": "bing"
        },
        "geometry_note": "Approximate display polygon generated from point/center. Production should use parcel, building, lot footprint, or authoritative GIS polygon.",
        "source_name": "OpenStreetMap via Overpass",
        "source_url": "https://www.openstreetmap.org/",
        "api_url": "https://overpass-api.de/api/interpreter",
        "evidence_url": "https://www.openstreetmap.org/way/132605501",
        "payment_url": null,
        "booking_url": null,
        "price_status": "unknown",
        "rule_status": "unknown",
        "enrichment_status": "needs_review",
        "existence_status": "candidate",
        "city": "San Francisco",
        "state": "CA",
        "geometry_quality": "osm_display_fallback",
        "provenance_note": "OpenStreetMap-derived candidate/probable parking zone; verify against official/operator sources before treating as authoritative."
      }
    },
    {
      "type": "Feature",
      "geometry": {
        "type": "Polygon",
        "coordinates": [
          [
            [
              -122.4130406,
              37.767497199999994
            ],
            [
              -122.41280060000001,
              37.767497199999994
            ],
            [
              -122.41280060000001,
              37.7677372
            ],
            [
              -122.4130406,
              37.7677372
            ],
            [
              -122.4130406,
              37.767497199999994
            ]
          ]
        ]
      },
      "properties": {
        "source_id": "osm:way:132605510",
        "name": "Parking area",
        "facility_type": "multi-storey",
        "operator": "",
        "access": "private",
        "fee": "unknown",
        "charge": "",
        "capacity": "",
        "opening_hours": "",
        "website": "",
        "confidence": 0.35,
        "last_verified_source": "OpenStreetMap via Overpass",
        "raw_tags": {
          "access": "private",
          "amenity": "parking",
          "building": "parking",
          "parking": "multi-storey",
          "source": "bing"
        },
        "geometry_note": "Approximate display polygon generated from point/center. Production should use parcel, building, lot footprint, or authoritative GIS polygon.",
        "source_name": "OpenStreetMap via Overpass",
        "source_url": "https://www.openstreetmap.org/",
        "api_url": "https://overpass-api.de/api/interpreter",
        "evidence_url": "https://www.openstreetmap.org/way/132605510",
        "payment_url": null,
        "booking_url": null,
        "price_status": "unknown",
        "rule_status": "unknown",
        "enrichment_status": "needs_review",
        "existence_status": "candidate",
        "city": "San Francisco",
        "state": "CA",
        "geometry_quality": "osm_display_fallback",
        "provenance_note": "OpenStreetMap-derived candidate/probable parking zone; verify against official/operator sources before treating as authoritative."
      }
    },
    {
      "type": "Feature",
      "geometry": {
        "type": "Polygon",
        "coordinates": [
          [
            [
              -122.4095681,
              37.767841399999995
            ],
            [
              -122.40932810000001,
              37.767841399999995
            ],
            [
              -122.40932810000001,
              37.7680814
            ],
            [
              -122.4095681,
              37.7680814
            ],
            [
              -122.4095681,
              37.767841399999995
            ]
          ]
        ]
      },
      "properties": {
        "source_id": "osm:way:132605517",
        "name": "Parking area",
        "facility_type": "surface",
        "operator": "",
        "access": "private",
        "fee": "unknown",
        "charge": "",
        "capacity": "",
        "opening_hours": "",
        "website": "",
        "confidence": 0.35,
        "last_verified_source": "OpenStreetMap via Overpass",
        "raw_tags": {
          "access": "private",
          "amenity": "parking",
          "parking": "surface",
          "source": "bing"
        },
        "geometry_note": "Approximate display polygon generated from point/center. Production should use parcel, building, lot footprint, or authoritative GIS polygon.",
        "source_name": "OpenStreetMap via Overpass",
        "source_url": "https://www.openstreetmap.org/",
        "api_url": "https://overpass-api.de/api/interpreter",
        "evidence_url": "https://www.openstreetmap.org/way/132605517",
        "payment_url": null,
        "booking_url": null,
        "price_status": "unknown",
        "rule_status": "unknown",
        "enrichment_status": "needs_review",
        "existence_status": "candidate",
        "city": "San Francisco",
        "state": "CA",
        "geometry_quality": "osm_display_fallback",
        "provenance_note": "OpenStreetMap-derived candidate/probable parking zone; verify against official/operator sources before treating as authoritative."
      }
    },
    {
      "type": "Feature",
      "geometry": {
        "type": "Polygon",
        "coordinates": [
          [
            [
              -122.41410379999999,
              37.7673184
            ],
            [
              -122.4138638,
              37.7673184
            ],
            [
              -122.4138638,
              37.767558400000006
            ],
            [
              -122.41410379999999,
              37.767558400000006
            ],
            [
              -122.41410379999999,
              37.7673184
            ]
          ]
        ]
      },
      "properties": {
        "source_id": "osm:way:132605518",
        "name": "Parking area",
        "facility_type": "surface",
        "operator": "",
        "access": "customers",
        "fee": "no",
        "charge": "",
        "capacity": "",
        "opening_hours": "",
        "website": "",
        "confidence": 0.35,
        "last_verified_source": "OpenStreetMap via Overpass",
        "raw_tags": {
          "access": "customers",
          "amenity": "parking",
          "fee": "no",
          "parking": "surface",
          "source": "bing"
        },
        "geometry_note": "Approximate display polygon generated from point/center. Production should use parcel, building, lot footprint, or authoritative GIS polygon.",
        "source_name": "OpenStreetMap via Overpass",
        "source_url": "https://www.openstreetmap.org/",
        "api_url": "https://overpass-api.de/api/interpreter",
        "evidence_url": "https://www.openstreetmap.org/way/132605518",
        "payment_url": null,
        "booking_url": null,
        "price_status": "known_free",
        "rule_status": "unknown",
        "enrichment_status": "needs_review",
        "existence_status": "candidate",
        "city": "San Francisco",
        "state": "CA",
        "geometry_quality": "osm_display_fallback",
        "provenance_note": "OpenStreetMap-derived candidate/probable parking zone; verify against official/operator sources before treating as authoritative."
      }
    },
    {
      "type": "Feature",
      "geometry": {
        "type": "Polygon",
        "coordinates": [
          [
            [
              -122.4092081,
              37.767716899999996
            ],
            [
              -122.40896810000001,
              37.767716899999996
            ],
            [
              -122.40896810000001,
              37.7679569
            ],
            [
              -122.4092081,
              37.7679569
            ],
            [
              -122.4092081,
              37.767716899999996
            ]
          ]
        ]
      },
      "properties": {
        "source_id": "osm:way:132605522",
        "name": "Parking area",
        "facility_type": "surface",
        "operator": "",
        "access": "",
        "fee": "unknown",
        "charge": "",
        "capacity": "",
        "opening_hours": "",
        "website": "",
        "confidence": 0.35,
        "last_verified_source": "OpenStreetMap via Overpass",
        "raw_tags": {
          "amenity": "parking",
          "parking": "surface",
          "source": "bing"
        },
        "geometry_note": "Approximate display polygon generated from point/center. Production should use parcel, building, lot footprint, or authoritative GIS polygon.",
        "source_name": "OpenStreetMap via Overpass",
        "source_url": "https://www.openstreetmap.org/",
        "api_url": "https://overpass-api.de/api/interpreter",
        "evidence_url": "https://www.openstreetmap.org/way/132605522",
        "payment_url": null,
        "booking_url": null,
        "price_status": "unknown",
        "rule_status": "unknown",
        "enrichment_status": "needs_review",
        "existence_status": "candidate",
        "city": "San Francisco",
        "state": "CA",
        "geometry_quality": "osm_display_fallback",
        "provenance_note": "OpenStreetMap-derived candidate/probable parking zone; verify against official/operator sources before treating as authoritative."
      }
    },
    {
      "type": "Feature",
      "geometry": {
        "type": "Polygon",
        "coordinates": [
          [
            [
              -122.4072344,
              37.770969699999995
            ],
            [
              -122.4069944,
              37.770969699999995
            ],
            [
              -122.4069944,
              37.7712097
            ],
            [
              -122.4072344,
              37.7712097
            ],
            [
              -122.4072344,
              37.770969699999995
            ]
          ]
        ]
      },
      "properties": {
        "source_id": "osm:way:132813870",
        "name": "Parking area",
        "facility_type": "multi-storey",
        "operator": "",
        "access": "customers",
        "fee": "no",
        "charge": "",
        "capacity": "",
        "opening_hours": "",
        "website": "",
        "confidence": 0.35,
        "last_verified_source": "OpenStreetMap via Overpass",
        "raw_tags": {
          "access": "customers",
          "amenity": "parking",
          "building": "parking",
          "capacity:disabled": "yes",
          "fee": "no",
          "parking": "multi-storey",
          "source": "survey"
        },
        "geometry_note": "Approximate display polygon generated from point/center. Production should use parcel, building, lot footprint, or authoritative GIS polygon.",
        "source_name": "OpenStreetMap via Overpass",
        "source_url": "https://www.openstreetmap.org/",
        "api_url": "https://overpass-api.de/api/interpreter",
        "evidence_url": "https://www.openstreetmap.org/way/132813870",
        "payment_url": null,
        "booking_url": null,
        "price_status": "known_free",
        "rule_status": "unknown",
        "enrichment_status": "needs_review",
        "existence_status": "candidate",
        "city": "San Francisco",
        "state": "CA",
        "geometry_quality": "osm_display_fallback",
        "provenance_note": "OpenStreetMap-derived candidate/probable parking zone; verify against official/operator sources before treating as authoritative."
      }
    },
    {
      "type": "Feature",
      "geometry": {
        "type": "Polygon",
        "coordinates": [
          [
            [
              -122.4044814,
              37.7965357
            ],
            [
              -122.4042414,
              37.7965357
            ],
            [
              -122.4042414,
              37.796775700000005
            ],
            [
              -122.4044814,
              37.796775700000005
            ],
            [
              -122.4044814,
              37.7965357
            ]
          ]
        ]
      },
      "properties": {
        "source_id": "osm:way:136409939",
        "name": "Parking area",
        "facility_type": "surface",
        "operator": "",
        "access": "",
        "fee": "unknown",
        "charge": "",
        "capacity": "",
        "opening_hours": "",
        "website": "",
        "confidence": 0.35,
        "last_verified_source": "OpenStreetMap via Overpass",
        "raw_tags": {
          "amenity": "parking",
          "parking": "surface"
        },
        "geometry_note": "Approximate display polygon generated from point/center. Production should use parcel, building, lot footprint, or authoritative GIS polygon.",
        "source_name": "OpenStreetMap via Overpass",
        "source_url": "https://www.openstreetmap.org/",
        "api_url": "https://overpass-api.de/api/interpreter",
        "evidence_url": "https://www.openstreetmap.org/way/136409939",
        "payment_url": null,
        "booking_url": null,
        "price_status": "unknown",
        "rule_status": "unknown",
        "enrichment_status": "needs_review",
        "existence_status": "candidate",
        "city": "San Francisco",
        "state": "CA",
        "geometry_quality": "osm_display_fallback",
        "provenance_note": "OpenStreetMap-derived candidate/probable parking zone; verify against official/operator sources before treating as authoritative."
      }
    },
    {
      "type": "Feature",
      "geometry": {
        "type": "Polygon",
        "coordinates": [
          [
            [
              -122.39221739999999,
              37.7658511
            ],
            [
              -122.3919774,
              37.7658511
            ],
            [
              -122.3919774,
              37.766091100000004
            ],
            [
              -122.39221739999999,
              37.766091100000004
            ],
            [
              -122.39221739999999,
              37.7658511
            ]
          ]
        ]
      },
      "properties": {
        "source_id": "osm:way:142843006",
        "name": "Owens Street Garage",
        "facility_type": "multi-storey",
        "operator": "",
        "access": "",
        "fee": "unknown",
        "charge": "",
        "capacity": "",
        "opening_hours": "",
        "website": "",
        "confidence": 0.35,
        "last_verified_source": "OpenStreetMap via Overpass",
        "raw_tags": {
          "amenity": "parking",
          "building": "yes",
          "building:levels": "8",
          "height": "29",
          "name": "Owens Street Garage",
          "parking": "multi-storey"
        },
        "geometry_note": "Approximate display polygon generated from point/center. Production should use parcel, building, lot footprint, or authoritative GIS polygon.",
        "source_name": "OpenStreetMap via Overpass",
        "source_url": "https://www.openstreetmap.org/",
        "api_url": "https://overpass-api.de/api/interpreter",
        "evidence_url": "https://www.openstreetmap.org/way/142843006",
        "payment_url": null,
        "booking_url": null,
        "price_status": "unknown",
        "rule_status": "unknown",
        "enrichment_status": "needs_review",
        "existence_status": "probable",
        "city": "San Francisco",
        "state": "CA",
        "geometry_quality": "osm_display_fallback",
        "provenance_note": "OpenStreetMap-derived candidate/probable parking zone; verify against official/operator sources before treating as authoritative."
      }
    },
    {
      "type": "Feature",
      "geometry": {
        "type": "Polygon",
        "coordinates": [
          [
            [
              -122.39245319999999,
              37.7829292
            ],
            [
              -122.3922132,
              37.7829292
            ],
            [
              -122.3922132,
              37.7831692
            ],
            [
              -122.39245319999999,
              37.7831692
            ],
            [
              -122.39245319999999,
              37.7829292
            ]
          ]
        ]
      },
      "properties": {
        "source_id": "osm:way:147508670",
        "name": "Parking area",
        "facility_type": "parking",
        "operator": "",
        "access": "",
        "fee": "unknown",
        "charge": "",
        "capacity": "",
        "opening_hours": "",
        "website": "",
        "confidence": 0.35,
        "last_verified_source": "OpenStreetMap via Overpass",
        "raw_tags": {
          "amenity": "parking"
        },
        "geometry_note": "Approximate display polygon generated from point/center. Production should use parcel, building, lot footprint, or authoritative GIS polygon.",
        "source_name": "OpenStreetMap via Overpass",
        "source_url": "https://www.openstreetmap.org/",
        "api_url": "https://overpass-api.de/api/interpreter",
        "evidence_url": "https://www.openstreetmap.org/way/147508670",
        "payment_url": null,
        "booking_url": null,
        "price_status": "unknown",
        "rule_status": "unknown",
        "enrichment_status": "needs_review",
        "existence_status": "candidate",
        "city": "San Francisco",
        "state": "CA",
        "geometry_quality": "osm_display_fallback",
        "provenance_note": "OpenStreetMap-derived candidate/probable parking zone; verify against official/operator sources before treating as authoritative."
      }
    },
    {
      "type": "Feature",
      "geometry": {
        "type": "Polygon",
        "coordinates": [
          [
            [
              -122.398951,
              37.786787499999996
            ],
            [
              -122.398711,
              37.786787499999996
            ],
            [
              -122.398711,
              37.7870275
            ],
            [
              -122.398951,
              37.7870275
            ],
            [
              -122.398951,
              37.786787499999996
            ]
          ]
        ]
      },
      "properties": {
        "source_id": "osm:way:148351743",
        "name": "Parking area",
        "facility_type": "parking",
        "operator": "",
        "access": "private",
        "fee": "unknown",
        "charge": "",
        "capacity": "",
        "opening_hours": "",
        "website": "",
        "confidence": 0.35,
        "last_verified_source": "OpenStreetMap via Overpass",
        "raw_tags": {
          "access": "private",
          "amenity": "parking"
        },
        "geometry_note": "Approximate display polygon generated from point/center. Production should use parcel, building, lot footprint, or authoritative GIS polygon.",
        "source_name": "OpenStreetMap via Overpass",
        "source_url": "https://www.openstreetmap.org/",
        "api_url": "https://overpass-api.de/api/interpreter",
        "evidence_url": "https://www.openstreetmap.org/way/148351743",
        "payment_url": null,
        "booking_url": null,
        "price_status": "unknown",
        "rule_status": "unknown",
        "enrichment_status": "needs_review",
        "existence_status": "candidate",
        "city": "San Francisco",
        "state": "CA",
        "geometry_quality": "osm_display_fallback",
        "provenance_note": "OpenStreetMap-derived candidate/probable parking zone; verify against official/operator sources before treating as authoritative."
      }
    },
    {
      "type": "Feature",
      "geometry": {
        "type": "Polygon",
        "coordinates": [
          [
            [
              -122.41773889999999,
              37.790560899999996
            ],
            [
              -122.4174989,
              37.790560899999996
            ],
            [
              -122.4174989,
              37.7908009
            ],
            [
              -122.41773889999999,
              37.7908009
            ],
            [
              -122.41773889999999,
              37.790560899999996
            ]
          ]
        ]
      },
      "properties": {
        "source_id": "osm:way:148427248",
        "name": "Parking area",
        "facility_type": "multi-storey",
        "operator": "",
        "access": "customers",
        "fee": "no",
        "charge": "",
        "capacity": "",
        "opening_hours": "",
        "website": "",
        "confidence": 0.35,
        "last_verified_source": "OpenStreetMap via Overpass",
        "raw_tags": {
          "access": "customers",
          "amenity": "parking",
          "building": "parking",
          "fee": "no",
          "park_ride": "no",
          "parking": "multi-storey",
          "supervised": "yes"
        },
        "geometry_note": "Approximate display polygon generated from point/center. Production should use parcel, building, lot footprint, or authoritative GIS polygon.",
        "source_name": "OpenStreetMap via Overpass",
        "source_url": "https://www.openstreetmap.org/",
        "api_url": "https://overpass-api.de/api/interpreter",
        "evidence_url": "https://www.openstreetmap.org/way/148427248",
        "payment_url": null,
        "booking_url": null,
        "price_status": "known_free",
        "rule_status": "unknown",
        "enrichment_status": "needs_review",
        "existence_status": "candidate",
        "city": "San Francisco",
        "state": "CA",
        "geometry_quality": "osm_display_fallback",
        "provenance_note": "OpenStreetMap-derived candidate/probable parking zone; verify against official/operator sources before treating as authoritative."
      }
    },
    {
      "type": "Feature",
      "geometry": {
        "type": "Polygon",
        "coordinates": [
          [
            [
              -122.4161827,
              37.778360899999996
            ],
            [
              -122.4159427,
              37.778360899999996
            ],
            [
              -122.4159427,
              37.7786009
            ],
            [
              -122.4161827,
              37.7786009
            ],
            [
              -122.4161827,
              37.778360899999996
            ]
          ]
        ]
      },
      "properties": {
        "source_id": "osm:way:148546179",
        "name": "Parking area",
        "facility_type": "surface",
        "operator": "",
        "access": "private",
        "fee": "unknown",
        "charge": "",
        "capacity": "",
        "opening_hours": "",
        "website": "",
        "confidence": 0.35,
        "last_verified_source": "OpenStreetMap via Overpass",
        "raw_tags": {
          "access": "private",
          "amenity": "parking",
          "parking": "surface"
        },
        "geometry_note": "Approximate display polygon generated from point/center. Production should use parcel, building, lot footprint, or authoritative GIS polygon.",
        "source_name": "OpenStreetMap via Overpass",
        "source_url": "https://www.openstreetmap.org/",
        "api_url": "https://overpass-api.de/api/interpreter",
        "evidence_url": "https://www.openstreetmap.org/way/148546179",
        "payment_url": null,
        "booking_url": null,
        "price_status": "unknown",
        "rule_status": "unknown",
        "enrichment_status": "needs_review",
        "existence_status": "candidate",
        "city": "San Francisco",
        "state": "CA",
        "geometry_quality": "osm_display_fallback",
        "provenance_note": "OpenStreetMap-derived candidate/probable parking zone; verify against official/operator sources before treating as authoritative."
      }
    },
    {
      "type": "Feature",
      "geometry": {
        "type": "Polygon",
        "coordinates": [
          [
            [
              -122.41640729999999,
              37.778146
            ],
            [
              -122.4161673,
              37.778146
            ],
            [
              -122.4161673,
              37.778386000000005
            ],
            [
              -122.41640729999999,
              37.778386000000005
            ],
            [
              -122.41640729999999,
              37.778146
            ]
          ]
        ]
      },
      "properties": {
        "source_id": "osm:way:148546180",
        "name": "Parking area",
        "facility_type": "surface",
        "operator": "",
        "access": "",
        "fee": "unknown",
        "charge": "",
        "capacity": "",
        "opening_hours": "",
        "website": "",
        "confidence": 0.35,
        "last_verified_source": "OpenStreetMap via Overpass",
        "raw_tags": {
          "amenity": "parking",
          "parking": "surface"
        },
        "geometry_note": "Approximate display polygon generated from point/center. Production should use parcel, building, lot footprint, or authoritative GIS polygon.",
        "source_name": "OpenStreetMap via Overpass",
        "source_url": "https://www.openstreetmap.org/",
        "api_url": "https://overpass-api.de/api/interpreter",
        "evidence_url": "https://www.openstreetmap.org/way/148546180",
        "payment_url": null,
        "booking_url": null,
        "price_status": "unknown",
        "rule_status": "unknown",
        "enrichment_status": "needs_review",
        "existence_status": "candidate",
        "city": "San Francisco",
        "state": "CA",
        "geometry_quality": "osm_display_fallback",
        "provenance_note": "OpenStreetMap-derived candidate/probable parking zone; verify against official/operator sources before treating as authoritative."
      }
    },
    {
      "type": "Feature",
      "geometry": {
        "type": "Polygon",
        "coordinates": [
          [
            [
              -122.39281419999999,
              37.7839404
            ],
            [
              -122.3925742,
              37.7839404
            ],
            [
              -122.3925742,
              37.784180400000004
            ],
            [
              -122.39281419999999,
              37.784180400000004
            ],
            [
              -122.39281419999999,
              37.7839404
            ]
          ]
        ]
      },
      "properties": {
        "source_id": "osm:way:148588610",
        "name": "Parking area",
        "facility_type": "parking",
        "operator": "",
        "access": "",
        "fee": "unknown",
        "charge": "",
        "capacity": "",
        "opening_hours": "",
        "website": "",
        "confidence": 0.35,
        "last_verified_source": "OpenStreetMap via Overpass",
        "raw_tags": {
          "amenity": "parking",
          "layer": "-1"
        },
        "geometry_note": "Approximate display polygon generated from point/center. Production should use parcel, building, lot footprint, or authoritative GIS polygon.",
        "source_name": "OpenStreetMap via Overpass",
        "source_url": "https://www.openstreetmap.org/",
        "api_url": "https://overpass-api.de/api/interpreter",
        "evidence_url": "https://www.openstreetmap.org/way/148588610",
        "payment_url": null,
        "booking_url": null,
        "price_status": "unknown",
        "rule_status": "unknown",
        "enrichment_status": "needs_review",
        "existence_status": "candidate",
        "city": "San Francisco",
        "state": "CA",
        "geometry_quality": "osm_display_fallback",
        "provenance_note": "OpenStreetMap-derived candidate/probable parking zone; verify against official/operator sources before treating as authoritative."
      }
    },
    {
      "type": "Feature",
      "geometry": {
        "type": "Polygon",
        "coordinates": [
          [
            [
              -122.41152079999999,
              37.7913375
            ],
            [
              -122.4112808,
              37.7913375
            ],
            [
              -122.4112808,
              37.7915775
            ],
            [
              -122.41152079999999,
              37.7915775
            ],
            [
              -122.41152079999999,
              37.7913375
            ]
          ]
        ]
      },
      "properties": {
        "source_id": "osm:way:151316283",
        "name": "Crocker Garage",
        "facility_type": "multi-storey",
        "operator": "",
        "access": "yes",
        "fee": "yes",
        "charge": "",
        "capacity": "",
        "opening_hours": "",
        "website": "",
        "confidence": 0.35,
        "last_verified_source": "OpenStreetMap via Overpass",
        "raw_tags": {
          "access": "yes",
          "addr:housenumber": "1045",
          "addr:street": "California Street",
          "amenity": "parking",
          "building": "parking",
          "fee": "yes",
          "height": "14",
          "name": "Crocker Garage",
          "park_ride": "no",
          "parking": "multi-storey",
          "source": "Bing",
          "supervised": "yes"
        },
        "geometry_note": "Approximate display polygon generated from point/center. Production should use parcel, building, lot footprint, or authoritative GIS polygon.",
        "source_name": "OpenStreetMap via Overpass",
        "source_url": "https://www.openstreetmap.org/",
        "api_url": "https://overpass-api.de/api/interpreter",
        "evidence_url": "https://www.openstreetmap.org/way/151316283",
        "payment_url": null,
        "booking_url": null,
        "price_status": "paid_unknown",
        "rule_status": "unknown",
        "enrichment_status": "needs_review",
        "existence_status": "probable",
        "city": "San Francisco",
        "state": "CA",
        "geometry_quality": "osm_display_fallback",
        "provenance_note": "OpenStreetMap-derived candidate/probable parking zone; verify against official/operator sources before treating as authoritative."
      }
    },
    {
      "type": "Feature",
      "geometry": {
        "type": "Polygon",
        "coordinates": [
          [
            [
              -122.4106667,
              37.791543499999996
            ],
            [
              -122.4104267,
              37.791543499999996
            ],
            [
              -122.4104267,
              37.7917835
            ],
            [
              -122.4106667,
              37.7917835
            ],
            [
              -122.4106667,
              37.791543499999996
            ]
          ]
        ]
      },
      "properties": {
        "source_id": "osm:way:151316285",
        "name": "Parking area",
        "facility_type": "surface",
        "operator": "",
        "access": "",
        "fee": "unknown",
        "charge": "",
        "capacity": "",
        "opening_hours": "",
        "website": "",
        "confidence": 0.35,
        "last_verified_source": "OpenStreetMap via Overpass",
        "raw_tags": {
          "amenity": "parking",
          "area": "yes",
          "park_ride": "no",
          "parking": "surface",
          "supervised": "yes",
          "surface": "paved"
        },
        "geometry_note": "Approximate display polygon generated from point/center. Production should use parcel, building, lot footprint, or authoritative GIS polygon.",
        "source_name": "OpenStreetMap via Overpass",
        "source_url": "https://www.openstreetmap.org/",
        "api_url": "https://overpass-api.de/api/interpreter",
        "evidence_url": "https://www.openstreetmap.org/way/151316285",
        "payment_url": null,
        "booking_url": null,
        "price_status": "unknown",
        "rule_status": "unknown",
        "enrichment_status": "needs_review",
        "existence_status": "candidate",
        "city": "San Francisco",
        "state": "CA",
        "geometry_quality": "osm_display_fallback",
        "provenance_note": "OpenStreetMap-derived candidate/probable parking zone; verify against official/operator sources before treating as authoritative."
      }
    },
    {
      "type": "Feature",
      "geometry": {
        "type": "Polygon",
        "coordinates": [
          [
            [
              -122.41917079999999,
              37.765604599999996
            ],
            [
              -122.4189308,
              37.765604599999996
            ],
            [
              -122.4189308,
              37.7658446
            ],
            [
              -122.41917079999999,
              37.7658446
            ],
            [
              -122.41917079999999,
              37.765604599999996
            ]
          ]
        ]
      },
      "properties": {
        "source_id": "osm:way:151827258",
        "name": "Parking area",
        "facility_type": "parking",
        "operator": "",
        "access": "",
        "fee": "unknown",
        "charge": "",
        "capacity": "",
        "opening_hours": "",
        "website": "",
        "confidence": 0.35,
        "last_verified_source": "OpenStreetMap via Overpass",
        "raw_tags": {
          "amenity": "parking",
          "emergency": "assembly_point"
        },
        "geometry_note": "Approximate display polygon generated from point/center. Production should use parcel, building, lot footprint, or authoritative GIS polygon.",
        "source_name": "OpenStreetMap via Overpass",
        "source_url": "https://www.openstreetmap.org/",
        "api_url": "https://overpass-api.de/api/interpreter",
        "evidence_url": "https://www.openstreetmap.org/way/151827258",
        "payment_url": null,
        "booking_url": null,
        "price_status": "unknown",
        "rule_status": "unknown",
        "enrichment_status": "needs_review",
        "existence_status": "candidate",
        "city": "San Francisco",
        "state": "CA",
        "geometry_quality": "osm_display_fallback",
        "provenance_note": "OpenStreetMap-derived candidate/probable parking zone; verify against official/operator sources before treating as authoritative."
      }
    },
    {
      "type": "Feature",
      "geometry": {
        "type": "Polygon",
        "coordinates": [
          [
            [
              -122.4198519,
              37.7750091
            ],
            [
              -122.4196119,
              37.7750091
            ],
            [
              -122.4196119,
              37.7752491
            ],
            [
              -122.4198519,
              37.7752491
            ],
            [
              -122.4198519,
              37.7750091
            ]
          ]
        ]
      },
      "properties": {
        "source_id": "osm:way:154647388",
        "name": "Parking area",
        "facility_type": "surface",
        "operator": "",
        "access": "yes",
        "fee": "yes",
        "charge": "",
        "capacity": "",
        "opening_hours": "",
        "website": "",
        "confidence": 0.35,
        "last_verified_source": "OpenStreetMap via Overpass",
        "raw_tags": {
          "access": "yes",
          "amenity": "parking",
          "fee": "yes",
          "parking": "surface"
        },
        "geometry_note": "Approximate display polygon generated from point/center. Production should use parcel, building, lot footprint, or authoritative GIS polygon.",
        "source_name": "OpenStreetMap via Overpass",
        "source_url": "https://www.openstreetmap.org/",
        "api_url": "https://overpass-api.de/api/interpreter",
        "evidence_url": "https://www.openstreetmap.org/way/154647388",
        "payment_url": null,
        "booking_url": null,
        "price_status": "paid_unknown",
        "rule_status": "unknown",
        "enrichment_status": "needs_review",
        "existence_status": "candidate",
        "city": "San Francisco",
        "state": "CA",
        "geometry_quality": "osm_display_fallback",
        "provenance_note": "OpenStreetMap-derived candidate/probable parking zone; verify against official/operator sources before treating as authoritative."
      }
    },
    {
      "type": "Feature",
      "geometry": {
        "type": "Polygon",
        "coordinates": [
          [
            [
              -122.4209035,
              37.7754024
            ],
            [
              -122.4206635,
              37.7754024
            ],
            [
              -122.4206635,
              37.7756424
            ],
            [
              -122.4209035,
              37.7756424
            ],
            [
              -122.4209035,
              37.7754024
            ]
          ]
        ]
      },
      "properties": {
        "source_id": "osm:way:154647390",
        "name": "Parking area",
        "facility_type": "surface",
        "operator": "",
        "access": "",
        "fee": "yes",
        "charge": "",
        "capacity": "",
        "opening_hours": "",
        "website": "",
        "confidence": 0.35,
        "last_verified_source": "OpenStreetMap via Overpass",
        "raw_tags": {
          "amenity": "parking",
          "fee": "yes",
          "parking": "surface"
        },
        "geometry_note": "Approximate display polygon generated from point/center. Production should use parcel, building, lot footprint, or authoritative GIS polygon.",
        "source_name": "OpenStreetMap via Overpass",
        "source_url": "https://www.openstreetmap.org/",
        "api_url": "https://overpass-api.de/api/interpreter",
        "evidence_url": "https://www.openstreetmap.org/way/154647390",
        "payment_url": null,
        "booking_url": null,
        "price_status": "paid_unknown",
        "rule_status": "unknown",
        "enrichment_status": "needs_review",
        "existence_status": "candidate",
        "city": "San Francisco",
        "state": "CA",
        "geometry_quality": "osm_display_fallback",
        "provenance_note": "OpenStreetMap-derived candidate/probable parking zone; verify against official/operator sources before treating as authoritative."
      }
    },
    {
      "type": "Feature",
      "geometry": {
        "type": "Polygon",
        "coordinates": [
          [
            [
              -122.42065649999999,
              37.7747484
            ],
            [
              -122.4204165,
              37.7747484
            ],
            [
              -122.4204165,
              37.774988400000005
            ],
            [
              -122.42065649999999,
              37.774988400000005
            ],
            [
              -122.42065649999999,
              37.7747484
            ]
          ]
        ]
      },
      "properties": {
        "source_id": "osm:way:154647392",
        "name": "Parking area",
        "facility_type": "surface",
        "operator": "",
        "access": "",
        "fee": "yes",
        "charge": "",
        "capacity": "",
        "opening_hours": "",
        "website": "",
        "confidence": 0.35,
        "last_verified_source": "OpenStreetMap via Overpass",
        "raw_tags": {
          "amenity": "parking",
          "fee": "yes",
          "parking": "surface"
        },
        "geometry_note": "Approximate display polygon generated from point/center. Production should use parcel, building, lot footprint, or authoritative GIS polygon.",
        "source_name": "OpenStreetMap via Overpass",
        "source_url": "https://www.openstreetmap.org/",
        "api_url": "https://overpass-api.de/api/interpreter",
        "evidence_url": "https://www.openstreetmap.org/way/154647392",
        "payment_url": null,
        "booking_url": null,
        "price_status": "paid_unknown",
        "rule_status": "unknown",
        "enrichment_status": "needs_review",
        "existence_status": "candidate",
        "city": "San Francisco",
        "state": "CA",
        "geometry_quality": "osm_display_fallback",
        "provenance_note": "OpenStreetMap-derived candidate/probable parking zone; verify against official/operator sources before treating as authoritative."
      }
    },
    {
      "type": "Feature",
      "geometry": {
        "type": "Polygon",
        "coordinates": [
          [
            [
              -122.4052069,
              37.7832496
            ],
            [
              -122.4049669,
              37.7832496
            ],
            [
              -122.4049669,
              37.7834896
            ],
            [
              -122.4052069,
              37.7834896
            ],
            [
              -122.4052069,
              37.7832496
            ]
          ]
        ]
      },
      "properties": {
        "source_id": "osm:way:156123224",
        "name": "5th and Mission Garage",
        "facility_type": "multi-storey",
        "operator": "",
        "access": "",
        "fee": "yes",
        "charge": "",
        "capacity": "",
        "opening_hours": "",
        "website": "",
        "confidence": 0.35,
        "last_verified_source": "OpenStreetMap via Overpass",
        "raw_tags": {
          "amenity": "parking",
          "building": "yes",
          "fee": "yes",
          "height": "36 m",
          "name": "5th and Mission Garage",
          "parking": "multi-storey",
          "supervised": "yes"
        },
        "geometry_note": "Approximate display polygon generated from point/center. Production should use parcel, building, lot footprint, or authoritative GIS polygon.",
        "source_name": "OpenStreetMap via Overpass",
        "source_url": "https://www.openstreetmap.org/",
        "api_url": "https://overpass-api.de/api/interpreter",
        "evidence_url": "https://www.openstreetmap.org/way/156123224",
        "payment_url": null,
        "booking_url": null,
        "price_status": "paid_unknown",
        "rule_status": "unknown",
        "enrichment_status": "needs_review",
        "existence_status": "probable",
        "city": "San Francisco",
        "state": "CA",
        "geometry_quality": "osm_display_fallback",
        "provenance_note": "OpenStreetMap-derived candidate/probable parking zone; verify against official/operator sources before treating as authoritative."
      }
    },
    {
      "type": "Feature",
      "geometry": {
        "type": "Polygon",
        "coordinates": [
          [
            [
              -122.39769349999999,
              37.780468
            ],
            [
              -122.3974535,
              37.780468
            ],
            [
              -122.3974535,
              37.780708000000004
            ],
            [
              -122.39769349999999,
              37.780708000000004
            ],
            [
              -122.39769349999999,
              37.780468
            ]
          ]
        ]
      },
      "properties": {
        "source_id": "osm:way:160892132",
        "name": "Parking area",
        "facility_type": "parking",
        "operator": "",
        "access": "",
        "fee": "unknown",
        "charge": "",
        "capacity": "",
        "opening_hours": "",
        "website": "",
        "confidence": 0.35,
        "last_verified_source": "OpenStreetMap via Overpass",
        "raw_tags": {
          "amenity": "parking"
        },
        "geometry_note": "Approximate display polygon generated from point/center. Production should use parcel, building, lot footprint, or authoritative GIS polygon.",
        "source_name": "OpenStreetMap via Overpass",
        "source_url": "https://www.openstreetmap.org/",
        "api_url": "https://overpass-api.de/api/interpreter",
        "evidence_url": "https://www.openstreetmap.org/way/160892132",
        "payment_url": null,
        "booking_url": null,
        "price_status": "unknown",
        "rule_status": "unknown",
        "enrichment_status": "needs_review",
        "existence_status": "candidate",
        "city": "San Francisco",
        "state": "CA",
        "geometry_quality": "osm_display_fallback",
        "provenance_note": "OpenStreetMap-derived candidate/probable parking zone; verify against official/operator sources before treating as authoritative."
      }
    },
    {
      "type": "Feature",
      "geometry": {
        "type": "Polygon",
        "coordinates": [
          [
            [
              -122.4097032,
              37.798088799999995
            ],
            [
              -122.4094632,
              37.798088799999995
            ],
            [
              -122.4094632,
              37.7983288
            ],
            [
              -122.4097032,
              37.7983288
            ],
            [
              -122.4097032,
              37.798088799999995
            ]
          ]
        ]
      },
      "properties": {
        "source_id": "osm:way:162056251",
        "name": "North Beach Garage",
        "facility_type": "multi-storey",
        "operator": "LAZ Parking",
        "access": "",
        "fee": "yes",
        "charge": "",
        "capacity": "",
        "opening_hours": "24 hour - pay at machine",
        "website": "",
        "confidence": 0.35,
        "last_verified_source": "OpenStreetMap via Overpass",
        "raw_tags": {
          "addr:housenumber": "735",
          "addr:street": "Vallejo Street",
          "amenity": "parking",
          "building": "yes",
          "building:levels": "5",
          "covered": "yes",
          "fee": "yes",
          "height": "13",
          "name": "North Beach Garage",
          "opening_hours": "24 hour - pay at machine",
          "operator": "LAZ Parking",
          "parking": "multi-storey",
          "wheelchair": "yes"
        },
        "geometry_note": "Approximate display polygon generated from point/center. Production should use parcel, building, lot footprint, or authoritative GIS polygon.",
        "source_name": "OpenStreetMap via Overpass",
        "source_url": "https://www.openstreetmap.org/",
        "api_url": "https://overpass-api.de/api/interpreter",
        "evidence_url": "https://www.openstreetmap.org/way/162056251",
        "payment_url": null,
        "booking_url": null,
        "price_status": "paid_unknown",
        "rule_status": "partial",
        "enrichment_status": "needs_review",
        "existence_status": "probable",
        "city": "San Francisco",
        "state": "CA",
        "geometry_quality": "osm_display_fallback",
        "provenance_note": "OpenStreetMap-derived candidate/probable parking zone; verify against official/operator sources before treating as authoritative."
      }
    },
    {
      "type": "Feature",
      "geometry": {
        "type": "Polygon",
        "coordinates": [
          [
            [
              -122.42036639999999,
              37.783119299999996
            ],
            [
              -122.4201264,
              37.783119299999996
            ],
            [
              -122.4201264,
              37.7833593
            ],
            [
              -122.42036639999999,
              37.7833593
            ],
            [
              -122.42036639999999,
              37.783119299999996
            ]
          ]
        ]
      },
      "properties": {
        "source_id": "osm:way:172111623",
        "name": "Parking area",
        "facility_type": "parking",
        "operator": "",
        "access": "",
        "fee": "unknown",
        "charge": "",
        "capacity": "",
        "opening_hours": "",
        "website": "",
        "confidence": 0.35,
        "last_verified_source": "OpenStreetMap via Overpass",
        "raw_tags": {
          "amenity": "parking",
          "source": "Bing"
        },
        "geometry_note": "Approximate display polygon generated from point/center. Production should use parcel, building, lot footprint, or authoritative GIS polygon.",
        "source_name": "OpenStreetMap via Overpass",
        "source_url": "https://www.openstreetmap.org/",
        "api_url": "https://overpass-api.de/api/interpreter",
        "evidence_url": "https://www.openstreetmap.org/way/172111623",
        "payment_url": null,
        "booking_url": null,
        "price_status": "unknown",
        "rule_status": "unknown",
        "enrichment_status": "needs_review",
        "existence_status": "candidate",
        "city": "San Francisco",
        "state": "CA",
        "geometry_quality": "osm_display_fallback",
        "provenance_note": "OpenStreetMap-derived candidate/probable parking zone; verify against official/operator sources before treating as authoritative."
      }
    },
    {
      "type": "Feature",
      "geometry": {
        "type": "Polygon",
        "coordinates": [
          [
            [
              -122.41955709999999,
              37.783130199999995
            ],
            [
              -122.4193171,
              37.783130199999995
            ],
            [
              -122.4193171,
              37.7833702
            ],
            [
              -122.41955709999999,
              37.7833702
            ],
            [
              -122.41955709999999,
              37.783130199999995
            ]
          ]
        ]
      },
      "properties": {
        "source_id": "osm:way:172111624",
        "name": "Parking area",
        "facility_type": "parking",
        "operator": "",
        "access": "",
        "fee": "unknown",
        "charge": "",
        "capacity": "",
        "opening_hours": "",
        "website": "",
        "confidence": 0.35,
        "last_verified_source": "OpenStreetMap via Overpass",
        "raw_tags": {
          "amenity": "parking",
          "source": "Bing"
        },
        "geometry_note": "Approximate display polygon generated from point/center. Production should use parcel, building, lot footprint, or authoritative GIS polygon.",
        "source_name": "OpenStreetMap via Overpass",
        "source_url": "https://www.openstreetmap.org/",
        "api_url": "https://overpass-api.de/api/interpreter",
        "evidence_url": "https://www.openstreetmap.org/way/172111624",
        "payment_url": null,
        "booking_url": null,
        "price_status": "unknown",
        "rule_status": "unknown",
        "enrichment_status": "needs_review",
        "existence_status": "candidate",
        "city": "San Francisco",
        "state": "CA",
        "geometry_quality": "osm_display_fallback",
        "provenance_note": "OpenStreetMap-derived candidate/probable parking zone; verify against official/operator sources before treating as authoritative."
      }
    },
    {
      "type": "Feature",
      "geometry": {
        "type": "Polygon",
        "coordinates": [
          [
            [
              -122.4203819,
              37.7825912
            ],
            [
              -122.4201419,
              37.7825912
            ],
            [
              -122.4201419,
              37.782831200000004
            ],
            [
              -122.4203819,
              37.782831200000004
            ],
            [
              -122.4203819,
              37.7825912
            ]
          ]
        ]
      },
      "properties": {
        "source_id": "osm:way:172111625",
        "name": "Parking area",
        "facility_type": "parking",
        "operator": "",
        "access": "",
        "fee": "unknown",
        "charge": "",
        "capacity": "",
        "opening_hours": "",
        "website": "",
        "confidence": 0.35,
        "last_verified_source": "OpenStreetMap via Overpass",
        "raw_tags": {
          "amenity": "parking",
          "source": "Bing",
          "wheelchair": "yes"
        },
        "geometry_note": "Approximate display polygon generated from point/center. Production should use parcel, building, lot footprint, or authoritative GIS polygon.",
        "source_name": "OpenStreetMap via Overpass",
        "source_url": "https://www.openstreetmap.org/",
        "api_url": "https://overpass-api.de/api/interpreter",
        "evidence_url": "https://www.openstreetmap.org/way/172111625",
        "payment_url": null,
        "booking_url": null,
        "price_status": "unknown",
        "rule_status": "unknown",
        "enrichment_status": "needs_review",
        "existence_status": "candidate",
        "city": "San Francisco",
        "state": "CA",
        "geometry_quality": "osm_display_fallback",
        "provenance_note": "OpenStreetMap-derived candidate/probable parking zone; verify against official/operator sources before treating as authoritative."
      }
    },
    {
      "type": "Feature",
      "geometry": {
        "type": "Polygon",
        "coordinates": [
          [
            [
              -122.4199999,
              37.783165499999996
            ],
            [
              -122.4197599,
              37.783165499999996
            ],
            [
              -122.4197599,
              37.7834055
            ],
            [
              -122.4199999,
              37.7834055
            ],
            [
              -122.4199999,
              37.783165499999996
            ]
          ]
        ]
      },
      "properties": {
        "source_id": "osm:way:172111626",
        "name": "Parking area",
        "facility_type": "parking",
        "operator": "",
        "access": "",
        "fee": "unknown",
        "charge": "",
        "capacity": "",
        "opening_hours": "",
        "website": "",
        "confidence": 0.35,
        "last_verified_source": "OpenStreetMap via Overpass",
        "raw_tags": {
          "amenity": "parking",
          "source": "Bing"
        },
        "geometry_note": "Approximate display polygon generated from point/center. Production should use parcel, building, lot footprint, or authoritative GIS polygon.",
        "source_name": "OpenStreetMap via Overpass",
        "source_url": "https://www.openstreetmap.org/",
        "api_url": "https://overpass-api.de/api/interpreter",
        "evidence_url": "https://www.openstreetmap.org/way/172111626",
        "payment_url": null,
        "booking_url": null,
        "price_status": "unknown",
        "rule_status": "unknown",
        "enrichment_status": "needs_review",
        "existence_status": "candidate",
        "city": "San Francisco",
        "state": "CA",
        "geometry_quality": "osm_display_fallback",
        "provenance_note": "OpenStreetMap-derived candidate/probable parking zone; verify against official/operator sources before treating as authoritative."
      }
    },
    {
      "type": "Feature",
      "geometry": {
        "type": "Polygon",
        "coordinates": [
          [
            [
              -122.4134969,
              37.784943
            ],
            [
              -122.41325690000001,
              37.784943
            ],
            [
              -122.41325690000001,
              37.785183
            ],
            [
              -122.4134969,
              37.785183
            ],
            [
              -122.4134969,
              37.784943
            ]
          ]
        ]
      },
      "properties": {
        "source_id": "osm:way:173695339",
        "name": "Parking area",
        "facility_type": "parking",
        "operator": "",
        "access": "",
        "fee": "unknown",
        "charge": "",
        "capacity": "",
        "opening_hours": "",
        "website": "",
        "confidence": 0.35,
        "last_verified_source": "OpenStreetMap via Overpass",
        "raw_tags": {
          "amenity": "parking"
        },
        "geometry_note": "Approximate display polygon generated from point/center. Production should use parcel, building, lot footprint, or authoritative GIS polygon.",
        "source_name": "OpenStreetMap via Overpass",
        "source_url": "https://www.openstreetmap.org/",
        "api_url": "https://overpass-api.de/api/interpreter",
        "evidence_url": "https://www.openstreetmap.org/way/173695339",
        "payment_url": null,
        "booking_url": null,
        "price_status": "unknown",
        "rule_status": "unknown",
        "enrichment_status": "needs_review",
        "existence_status": "candidate",
        "city": "San Francisco",
        "state": "CA",
        "geometry_quality": "osm_display_fallback",
        "provenance_note": "OpenStreetMap-derived candidate/probable parking zone; verify against official/operator sources before treating as authoritative."
      }
    },
    {
      "type": "Feature",
      "geometry": {
        "type": "Polygon",
        "coordinates": [
          [
            [
              -122.4033743,
              37.780589899999995
            ],
            [
              -122.4031343,
              37.780589899999995
            ],
            [
              -122.4031343,
              37.7808299
            ],
            [
              -122.4033743,
              37.7808299
            ],
            [
              -122.4033743,
              37.780589899999995
            ]
          ]
        ]
      },
      "properties": {
        "source_id": "osm:way:173886731",
        "name": "Parking area",
        "facility_type": "parking",
        "operator": "",
        "access": "",
        "fee": "unknown",
        "charge": "",
        "capacity": "",
        "opening_hours": "",
        "website": "",
        "confidence": 0.35,
        "last_verified_source": "OpenStreetMap via Overpass",
        "raw_tags": {
          "amenity": "parking"
        },
        "geometry_note": "Approximate display polygon generated from point/center. Production should use parcel, building, lot footprint, or authoritative GIS polygon.",
        "source_name": "OpenStreetMap via Overpass",
        "source_url": "https://www.openstreetmap.org/",
        "api_url": "https://overpass-api.de/api/interpreter",
        "evidence_url": "https://www.openstreetmap.org/way/173886731",
        "payment_url": null,
        "booking_url": null,
        "price_status": "unknown",
        "rule_status": "unknown",
        "enrichment_status": "needs_review",
        "existence_status": "candidate",
        "city": "San Francisco",
        "state": "CA",
        "geometry_quality": "osm_display_fallback",
        "provenance_note": "OpenStreetMap-derived candidate/probable parking zone; verify against official/operator sources before treating as authoritative."
      }
    },
    {
      "type": "Feature",
      "geometry": {
        "type": "Polygon",
        "coordinates": [
          [
            [
              -122.397482,
              37.7820894
            ],
            [
              -122.397242,
              37.7820894
            ],
            [
              -122.397242,
              37.7823294
            ],
            [
              -122.397482,
              37.7823294
            ],
            [
              -122.397482,
              37.7820894
            ]
          ]
        ]
      },
      "properties": {
        "source_id": "osm:way:173886733",
        "name": "Parking area",
        "facility_type": "surface",
        "operator": "",
        "access": "yes",
        "fee": "yes",
        "charge": "",
        "capacity": "",
        "opening_hours": "",
        "website": "",
        "confidence": 0.35,
        "last_verified_source": "OpenStreetMap via Overpass",
        "raw_tags": {
          "access": "yes",
          "amenity": "parking",
          "fee": "yes",
          "parking": "surface"
        },
        "geometry_note": "Approximate display polygon generated from point/center. Production should use parcel, building, lot footprint, or authoritative GIS polygon.",
        "source_name": "OpenStreetMap via Overpass",
        "source_url": "https://www.openstreetmap.org/",
        "api_url": "https://overpass-api.de/api/interpreter",
        "evidence_url": "https://www.openstreetmap.org/way/173886733",
        "payment_url": null,
        "booking_url": null,
        "price_status": "paid_unknown",
        "rule_status": "unknown",
        "enrichment_status": "needs_review",
        "existence_status": "candidate",
        "city": "San Francisco",
        "state": "CA",
        "geometry_quality": "osm_display_fallback",
        "provenance_note": "OpenStreetMap-derived candidate/probable parking zone; verify against official/operator sources before treating as authoritative."
      }
    },
    {
      "type": "Feature",
      "geometry": {
        "type": "Polygon",
        "coordinates": [
          [
            [
              -122.39790599999999,
              37.7816884
            ],
            [
              -122.397666,
              37.7816884
            ],
            [
              -122.397666,
              37.781928400000005
            ],
            [
              -122.39790599999999,
              37.781928400000005
            ],
            [
              -122.39790599999999,
              37.7816884
            ]
          ]
        ]
      },
      "properties": {
        "source_id": "osm:way:173886734",
        "name": "Parking area",
        "facility_type": "parking",
        "operator": "",
        "access": "yes",
        "fee": "unknown",
        "charge": "",
        "capacity": "",
        "opening_hours": "",
        "website": "",
        "confidence": 0.35,
        "last_verified_source": "OpenStreetMap via Overpass",
        "raw_tags": {
          "access": "yes",
          "amenity": "parking"
        },
        "geometry_note": "Approximate display polygon generated from point/center. Production should use parcel, building, lot footprint, or authoritative GIS polygon.",
        "source_name": "OpenStreetMap via Overpass",
        "source_url": "https://www.openstreetmap.org/",
        "api_url": "https://overpass-api.de/api/interpreter",
        "evidence_url": "https://www.openstreetmap.org/way/173886734",
        "payment_url": null,
        "booking_url": null,
        "price_status": "unknown",
        "rule_status": "unknown",
        "enrichment_status": "needs_review",
        "existence_status": "candidate",
        "city": "San Francisco",
        "state": "CA",
        "geometry_quality": "osm_display_fallback",
        "provenance_note": "OpenStreetMap-derived candidate/probable parking zone; verify against official/operator sources before treating as authoritative."
      }
    },
    {
      "type": "Feature",
      "geometry": {
        "type": "Polygon",
        "coordinates": [
          [
            [
              -122.4216089,
              37.7960664
            ],
            [
              -122.4213689,
              37.7960664
            ],
            [
              -122.4213689,
              37.796306400000006
            ],
            [
              -122.4216089,
              37.796306400000006
            ],
            [
              -122.4216089,
              37.7960664
            ]
          ]
        ]
      },
      "properties": {
        "source_id": "osm:way:173897604",
        "name": "Parking area",
        "facility_type": "surface",
        "operator": "",
        "access": "yes",
        "fee": "yes",
        "charge": "",
        "capacity": "",
        "opening_hours": "",
        "website": "",
        "confidence": 0.35,
        "last_verified_source": "OpenStreetMap via Overpass",
        "raw_tags": {
          "access": "yes",
          "amenity": "parking",
          "fee": "yes",
          "parking": "surface",
          "surface": "asphalt"
        },
        "geometry_note": "Approximate display polygon generated from point/center. Production should use parcel, building, lot footprint, or authoritative GIS polygon.",
        "source_name": "OpenStreetMap via Overpass",
        "source_url": "https://www.openstreetmap.org/",
        "api_url": "https://overpass-api.de/api/interpreter",
        "evidence_url": "https://www.openstreetmap.org/way/173897604",
        "payment_url": null,
        "booking_url": null,
        "price_status": "paid_unknown",
        "rule_status": "unknown",
        "enrichment_status": "needs_review",
        "existence_status": "candidate",
        "city": "San Francisco",
        "state": "CA",
        "geometry_quality": "osm_display_fallback",
        "provenance_note": "OpenStreetMap-derived candidate/probable parking zone; verify against official/operator sources before treating as authoritative."
      }
    },
    {
      "type": "Feature",
      "geometry": {
        "type": "Polygon",
        "coordinates": [
          [
            [
              -122.3939474,
              37.7939471
            ],
            [
              -122.39370740000001,
              37.7939471
            ],
            [
              -122.39370740000001,
              37.7941871
            ],
            [
              -122.3939474,
              37.7941871
            ],
            [
              -122.3939474,
              37.7939471
            ]
          ]
        ]
      },
      "properties": {
        "source_id": "osm:way:196667172",
        "name": "Parking area",
        "facility_type": "surface",
        "operator": "",
        "access": "permit",
        "fee": "unknown",
        "charge": "",
        "capacity": "",
        "opening_hours": "",
        "website": "",
        "confidence": 0.35,
        "last_verified_source": "OpenStreetMap via Overpass",
        "raw_tags": {
          "access": "permit",
          "amenity": "parking",
          "lit": "yes",
          "parking": "surface",
          "surface": "concrete"
        },
        "geometry_note": "Approximate display polygon generated from point/center. Production should use parcel, building, lot footprint, or authoritative GIS polygon.",
        "source_name": "OpenStreetMap via Overpass",
        "source_url": "https://www.openstreetmap.org/",
        "api_url": "https://overpass-api.de/api/interpreter",
        "evidence_url": "https://www.openstreetmap.org/way/196667172",
        "payment_url": null,
        "booking_url": null,
        "price_status": "unknown",
        "rule_status": "unknown",
        "enrichment_status": "needs_review",
        "existence_status": "candidate",
        "city": "San Francisco",
        "state": "CA",
        "geometry_quality": "osm_display_fallback",
        "provenance_note": "OpenStreetMap-derived candidate/probable parking zone; verify against official/operator sources before treating as authoritative."
      }
    },
    {
      "type": "Feature",
      "geometry": {
        "type": "Polygon",
        "coordinates": [
          [
            [
              -122.4078761,
              37.7973217
            ],
            [
              -122.4076361,
              37.7973217
            ],
            [
              -122.4076361,
              37.7975617
            ],
            [
              -122.4078761,
              37.7975617
            ],
            [
              -122.4078761,
              37.7973217
            ]
          ]
        ]
      },
      "properties": {
        "source_id": "osm:way:196835919",
        "name": "Parking area",
        "facility_type": "surface",
        "operator": "",
        "access": "destination",
        "fee": "unknown",
        "charge": "",
        "capacity": "",
        "opening_hours": "",
        "website": "",
        "confidence": 0.35,
        "last_verified_source": "OpenStreetMap via Overpass",
        "raw_tags": {
          "access": "destination",
          "amenity": "parking",
          "parking": "surface"
        },
        "geometry_note": "Approximate display polygon generated from point/center. Production should use parcel, building, lot footprint, or authoritative GIS polygon.",
        "source_name": "OpenStreetMap via Overpass",
        "source_url": "https://www.openstreetmap.org/",
        "api_url": "https://overpass-api.de/api/interpreter",
        "evidence_url": "https://www.openstreetmap.org/way/196835919",
        "payment_url": null,
        "booking_url": null,
        "price_status": "unknown",
        "rule_status": "unknown",
        "enrichment_status": "needs_review",
        "existence_status": "candidate",
        "city": "San Francisco",
        "state": "CA",
        "geometry_quality": "osm_display_fallback",
        "provenance_note": "OpenStreetMap-derived candidate/probable parking zone; verify against official/operator sources before treating as authoritative."
      }
    },
    {
      "type": "Feature",
      "geometry": {
        "type": "Polygon",
        "coordinates": [
          [
            [
              -122.4079816,
              37.799254
            ],
            [
              -122.40774160000001,
              37.799254
            ],
            [
              -122.40774160000001,
              37.799494
            ],
            [
              -122.4079816,
              37.799494
            ],
            [
              -122.4079816,
              37.799254
            ]
          ]
        ]
      },
      "properties": {
        "source_id": "osm:way:196959333",
        "name": "Parking area",
        "facility_type": "parking",
        "operator": "",
        "access": "",
        "fee": "yes",
        "charge": "",
        "capacity": "",
        "opening_hours": "",
        "website": "",
        "confidence": 0.35,
        "last_verified_source": "OpenStreetMap via Overpass",
        "raw_tags": {
          "amenity": "parking",
          "fee": "yes"
        },
        "geometry_note": "Approximate display polygon generated from point/center. Production should use parcel, building, lot footprint, or authoritative GIS polygon.",
        "source_name": "OpenStreetMap via Overpass",
        "source_url": "https://www.openstreetmap.org/",
        "api_url": "https://overpass-api.de/api/interpreter",
        "evidence_url": "https://www.openstreetmap.org/way/196959333",
        "payment_url": null,
        "booking_url": null,
        "price_status": "paid_unknown",
        "rule_status": "unknown",
        "enrichment_status": "needs_review",
        "existence_status": "candidate",
        "city": "San Francisco",
        "state": "CA",
        "geometry_quality": "osm_display_fallback",
        "provenance_note": "OpenStreetMap-derived candidate/probable parking zone; verify against official/operator sources before treating as authoritative."
      }
    },
    {
      "type": "Feature",
      "geometry": {
        "type": "Polygon",
        "coordinates": [
          [
            [
              -122.4093821,
              37.765999099999995
            ],
            [
              -122.40914210000001,
              37.765999099999995
            ],
            [
              -122.40914210000001,
              37.7662391
            ],
            [
              -122.4093821,
              37.7662391
            ],
            [
              -122.4093821,
              37.765999099999995
            ]
          ]
        ]
      },
      "properties": {
        "source_id": "osm:way:197052359",
        "name": "Parking area",
        "facility_type": "multi-storey",
        "operator": "",
        "access": "customers",
        "fee": "unknown",
        "charge": "",
        "capacity": "",
        "opening_hours": "",
        "website": "",
        "confidence": 0.35,
        "last_verified_source": "OpenStreetMap via Overpass",
        "raw_tags": {
          "access": "customers",
          "amenity": "parking",
          "building": "parking",
          "parking": "multi-storey"
        },
        "geometry_note": "Approximate display polygon generated from point/center. Production should use parcel, building, lot footprint, or authoritative GIS polygon.",
        "source_name": "OpenStreetMap via Overpass",
        "source_url": "https://www.openstreetmap.org/",
        "api_url": "https://overpass-api.de/api/interpreter",
        "evidence_url": "https://www.openstreetmap.org/way/197052359",
        "payment_url": null,
        "booking_url": null,
        "price_status": "unknown",
        "rule_status": "unknown",
        "enrichment_status": "needs_review",
        "existence_status": "candidate",
        "city": "San Francisco",
        "state": "CA",
        "geometry_quality": "osm_display_fallback",
        "provenance_note": "OpenStreetMap-derived candidate/probable parking zone; verify against official/operator sources before treating as authoritative."
      }
    },
    {
      "type": "Feature",
      "geometry": {
        "type": "Polygon",
        "coordinates": [
          [
            [
              -122.4115757,
              37.789024999999995
            ],
            [
              -122.41133570000001,
              37.789024999999995
            ],
            [
              -122.41133570000001,
              37.789265
            ],
            [
              -122.4115757,
              37.789265
            ],
            [
              -122.4115757,
              37.789024999999995
            ]
          ]
        ]
      },
      "properties": {
        "source_id": "osm:way:197344279",
        "name": "California Parking",
        "facility_type": "surface",
        "operator": "",
        "access": "yes",
        "fee": "yes",
        "charge": "",
        "capacity": "",
        "opening_hours": "",
        "website": "",
        "confidence": 0.35,
        "last_verified_source": "OpenStreetMap via Overpass",
        "raw_tags": {
          "access": "yes",
          "amenity": "parking",
          "fee": "yes",
          "name": "California Parking",
          "parking": "surface"
        },
        "geometry_note": "Approximate display polygon generated from point/center. Production should use parcel, building, lot footprint, or authoritative GIS polygon.",
        "source_name": "OpenStreetMap via Overpass",
        "source_url": "https://www.openstreetmap.org/",
        "api_url": "https://overpass-api.de/api/interpreter",
        "evidence_url": "https://www.openstreetmap.org/way/197344279",
        "payment_url": null,
        "booking_url": null,
        "price_status": "paid_unknown",
        "rule_status": "unknown",
        "enrichment_status": "needs_review",
        "existence_status": "probable",
        "city": "San Francisco",
        "state": "CA",
        "geometry_quality": "osm_display_fallback",
        "provenance_note": "OpenStreetMap-derived candidate/probable parking zone; verify against official/operator sources before treating as authoritative."
      }
    },
    {
      "type": "Feature",
      "geometry": {
        "type": "Polygon",
        "coordinates": [
          [
            [
              -122.414519,
              37.7886654
            ],
            [
              -122.41427900000001,
              37.7886654
            ],
            [
              -122.41427900000001,
              37.788905400000004
            ],
            [
              -122.414519,
              37.788905400000004
            ],
            [
              -122.414519,
              37.7886654
            ]
          ]
        ]
      },
      "properties": {
        "source_id": "osm:way:197346084",
        "name": "Butterick Garage",
        "facility_type": "multi-storey",
        "operator": "",
        "access": "",
        "fee": "unknown",
        "charge": "",
        "capacity": "",
        "opening_hours": "",
        "website": "",
        "confidence": 0.35,
        "last_verified_source": "OpenStreetMap via Overpass",
        "raw_tags": {
          "addr:housenumber": "840",
          "addr:street": "Sutter Street",
          "amenity": "parking",
          "building": "parking",
          "height": "9",
          "name": "Butterick Garage",
          "parking": "multi-storey"
        },
        "geometry_note": "Approximate display polygon generated from point/center. Production should use parcel, building, lot footprint, or authoritative GIS polygon.",
        "source_name": "OpenStreetMap via Overpass",
        "source_url": "https://www.openstreetmap.org/",
        "api_url": "https://overpass-api.de/api/interpreter",
        "evidence_url": "https://www.openstreetmap.org/way/197346084",
        "payment_url": null,
        "booking_url": null,
        "price_status": "unknown",
        "rule_status": "unknown",
        "enrichment_status": "needs_review",
        "existence_status": "probable",
        "city": "San Francisco",
        "state": "CA",
        "geometry_quality": "osm_display_fallback",
        "provenance_note": "OpenStreetMap-derived candidate/probable parking zone; verify against official/operator sources before treating as authoritative."
      }
    },
    {
      "type": "Feature",
      "geometry": {
        "type": "Polygon",
        "coordinates": [
          [
            [
              -122.415048,
              37.788725
            ],
            [
              -122.41480800000001,
              37.788725
            ],
            [
              -122.41480800000001,
              37.788965000000005
            ],
            [
              -122.415048,
              37.788965000000005
            ],
            [
              -122.415048,
              37.788725
            ]
          ]
        ]
      },
      "properties": {
        "source_id": "osm:way:197346085",
        "name": "State Garage",
        "facility_type": "multi-storey",
        "operator": "",
        "access": "yes",
        "fee": "yes",
        "charge": "",
        "capacity": "",
        "opening_hours": "",
        "website": "",
        "confidence": 0.35,
        "last_verified_source": "OpenStreetMap via Overpass",
        "raw_tags": {
          "access": "yes",
          "addr:housenumber": "818",
          "addr:street": "Leavenworth Street",
          "amenity": "parking",
          "building": "parking",
          "fee": "yes",
          "height": "12",
          "name": "State Garage",
          "parking": "multi-storey"
        },
        "geometry_note": "Approximate display polygon generated from point/center. Production should use parcel, building, lot footprint, or authoritative GIS polygon.",
        "source_name": "OpenStreetMap via Overpass",
        "source_url": "https://www.openstreetmap.org/",
        "api_url": "https://overpass-api.de/api/interpreter",
        "evidence_url": "https://www.openstreetmap.org/way/197346085",
        "payment_url": null,
        "booking_url": null,
        "price_status": "paid_unknown",
        "rule_status": "unknown",
        "enrichment_status": "needs_review",
        "existence_status": "probable",
        "city": "San Francisco",
        "state": "CA",
        "geometry_quality": "osm_display_fallback",
        "provenance_note": "OpenStreetMap-derived candidate/probable parking zone; verify against official/operator sources before treating as authoritative."
      }
    },
    {
      "type": "Feature",
      "geometry": {
        "type": "Polygon",
        "coordinates": [
          [
            [
              -122.4217779,
              37.791022
            ],
            [
              -122.4215379,
              37.791022
            ],
            [
              -122.4215379,
              37.791262
            ],
            [
              -122.4217779,
              37.791262
            ],
            [
              -122.4217779,
              37.791022
            ]
          ]
        ]
      },
      "properties": {
        "source_id": "osm:way:197614617",
        "name": "Parking area",
        "facility_type": "surface",
        "operator": "",
        "access": "customers",
        "fee": "unknown",
        "charge": "",
        "capacity": "",
        "opening_hours": "",
        "website": "",
        "confidence": 0.35,
        "last_verified_source": "OpenStreetMap via Overpass",
        "raw_tags": {
          "access": "customers",
          "amenity": "parking",
          "parking": "surface"
        },
        "geometry_note": "Approximate display polygon generated from point/center. Production should use parcel, building, lot footprint, or authoritative GIS polygon.",
        "source_name": "OpenStreetMap via Overpass",
        "source_url": "https://www.openstreetmap.org/",
        "api_url": "https://overpass-api.de/api/interpreter",
        "evidence_url": "https://www.openstreetmap.org/way/197614617",
        "payment_url": null,
        "booking_url": null,
        "price_status": "unknown",
        "rule_status": "unknown",
        "enrichment_status": "needs_review",
        "existence_status": "candidate",
        "city": "San Francisco",
        "state": "CA",
        "geometry_quality": "osm_display_fallback",
        "provenance_note": "OpenStreetMap-derived candidate/probable parking zone; verify against official/operator sources before treating as authoritative."
      }
    },
    {
      "type": "Feature",
      "geometry": {
        "type": "Polygon",
        "coordinates": [
          [
            [
              -122.41253789999999,
              37.7910158
            ],
            [
              -122.4122979,
              37.7910158
            ],
            [
              -122.4122979,
              37.7912558
            ],
            [
              -122.41253789999999,
              37.7912558
            ],
            [
              -122.41253789999999,
              37.7910158
            ]
          ]
        ]
      },
      "properties": {
        "source_id": "osm:way:198001187",
        "name": "Parking area",
        "facility_type": "surface",
        "operator": "",
        "access": "yes",
        "fee": "no",
        "charge": "",
        "capacity": "",
        "opening_hours": "",
        "website": "",
        "confidence": 0.35,
        "last_verified_source": "OpenStreetMap via Overpass",
        "raw_tags": {
          "access": "yes",
          "amenity": "parking",
          "fee": "no",
          "park_ride": "no",
          "parking": "surface",
          "supervised": "no"
        },
        "geometry_note": "Approximate display polygon generated from point/center. Production should use parcel, building, lot footprint, or authoritative GIS polygon.",
        "source_name": "OpenStreetMap via Overpass",
        "source_url": "https://www.openstreetmap.org/",
        "api_url": "https://overpass-api.de/api/interpreter",
        "evidence_url": "https://www.openstreetmap.org/way/198001187",
        "payment_url": null,
        "booking_url": null,
        "price_status": "known_free",
        "rule_status": "unknown",
        "enrichment_status": "needs_review",
        "existence_status": "candidate",
        "city": "San Francisco",
        "state": "CA",
        "geometry_quality": "osm_display_fallback",
        "provenance_note": "OpenStreetMap-derived candidate/probable parking zone; verify against official/operator sources before treating as authoritative."
      }
    },
    {
      "type": "Feature",
      "geometry": {
        "type": "Polygon",
        "coordinates": [
          [
            [
              -122.40123559999999,
              37.767728299999995
            ],
            [
              -122.4009956,
              37.767728299999995
            ],
            [
              -122.4009956,
              37.7679683
            ],
            [
              -122.40123559999999,
              37.7679683
            ],
            [
              -122.40123559999999,
              37.767728299999995
            ]
          ]
        ]
      },
      "properties": {
        "source_id": "osm:way:205644324",
        "name": "Parking area",
        "facility_type": "surface",
        "operator": "",
        "access": "",
        "fee": "unknown",
        "charge": "",
        "capacity": "",
        "opening_hours": "",
        "website": "",
        "confidence": 0.35,
        "last_verified_source": "OpenStreetMap via Overpass",
        "raw_tags": {
          "amenity": "parking",
          "parking": "surface"
        },
        "geometry_note": "Approximate display polygon generated from point/center. Production should use parcel, building, lot footprint, or authoritative GIS polygon.",
        "source_name": "OpenStreetMap via Overpass",
        "source_url": "https://www.openstreetmap.org/",
        "api_url": "https://overpass-api.de/api/interpreter",
        "evidence_url": "https://www.openstreetmap.org/way/205644324",
        "payment_url": null,
        "booking_url": null,
        "price_status": "unknown",
        "rule_status": "unknown",
        "enrichment_status": "needs_review",
        "existence_status": "candidate",
        "city": "San Francisco",
        "state": "CA",
        "geometry_quality": "osm_display_fallback",
        "provenance_note": "OpenStreetMap-derived candidate/probable parking zone; verify against official/operator sources before treating as authoritative."
      }
    },
    {
      "type": "Feature",
      "geometry": {
        "type": "Polygon",
        "coordinates": [
          [
            [
              -122.4026052,
              37.7977303
            ],
            [
              -122.4023652,
              37.7977303
            ],
            [
              -122.4023652,
              37.7979703
            ],
            [
              -122.4026052,
              37.7979703
            ],
            [
              -122.4026052,
              37.7977303
            ]
          ]
        ]
      },
      "properties": {
        "source_id": "osm:way:206591566",
        "name": "Parking area",
        "facility_type": "multi-storey",
        "operator": "",
        "access": "yes",
        "fee": "yes",
        "charge": "",
        "capacity": "",
        "opening_hours": "",
        "website": "",
        "confidence": 0.35,
        "last_verified_source": "OpenStreetMap via Overpass",
        "raw_tags": {
          "access": "yes",
          "addr:city": "San Francisco",
          "addr:housenumber": "825",
          "addr:postcode": "94113",
          "addr:state": "CA",
          "addr:street": "Sansome Street",
          "amenity": "parking",
          "building": "yes",
          "fee": "yes",
          "height": "11",
          "parking": "multi-storey",
          "source": "Bing"
        },
        "geometry_note": "Approximate display polygon generated from point/center. Production should use parcel, building, lot footprint, or authoritative GIS polygon.",
        "source_name": "OpenStreetMap via Overpass",
        "source_url": "https://www.openstreetmap.org/",
        "api_url": "https://overpass-api.de/api/interpreter",
        "evidence_url": "https://www.openstreetmap.org/way/206591566",
        "payment_url": null,
        "booking_url": null,
        "price_status": "paid_unknown",
        "rule_status": "unknown",
        "enrichment_status": "needs_review",
        "existence_status": "candidate",
        "city": "San Francisco",
        "state": "CA",
        "geometry_quality": "osm_display_fallback",
        "provenance_note": "OpenStreetMap-derived candidate/probable parking zone; verify against official/operator sources before treating as authoritative."
      }
    },
    {
      "type": "Feature",
      "geometry": {
        "type": "Polygon",
        "coordinates": [
          [
            [
              -122.4017554,
              37.797712499999996
            ],
            [
              -122.40151540000001,
              37.797712499999996
            ],
            [
              -122.40151540000001,
              37.7979525
            ],
            [
              -122.4017554,
              37.7979525
            ],
            [
              -122.4017554,
              37.797712499999996
            ]
          ]
        ]
      },
      "properties": {
        "source_id": "osm:way:206623941",
        "name": "Parking area",
        "facility_type": "parking",
        "operator": "",
        "access": "yes",
        "fee": "yes",
        "charge": "",
        "capacity": "",
        "opening_hours": "",
        "website": "",
        "confidence": 0.35,
        "last_verified_source": "OpenStreetMap via Overpass",
        "raw_tags": {
          "access": "yes",
          "addr:housenumber": "350",
          "addr:street": "Pacific Avenue",
          "amenity": "parking",
          "building": "yes",
          "fee": "yes"
        },
        "geometry_note": "Approximate display polygon generated from point/center. Production should use parcel, building, lot footprint, or authoritative GIS polygon.",
        "source_name": "OpenStreetMap via Overpass",
        "source_url": "https://www.openstreetmap.org/",
        "api_url": "https://overpass-api.de/api/interpreter",
        "evidence_url": "https://www.openstreetmap.org/way/206623941",
        "payment_url": null,
        "booking_url": null,
        "price_status": "paid_unknown",
        "rule_status": "unknown",
        "enrichment_status": "needs_review",
        "existence_status": "candidate",
        "city": "San Francisco",
        "state": "CA",
        "geometry_quality": "osm_display_fallback",
        "provenance_note": "OpenStreetMap-derived candidate/probable parking zone; verify against official/operator sources before treating as authoritative."
      }
    },
    {
      "type": "Feature",
      "geometry": {
        "type": "Polygon",
        "coordinates": [
          [
            [
              -122.42377359999999,
              37.7866266
            ],
            [
              -122.4235336,
              37.7866266
            ],
            [
              -122.4235336,
              37.7868666
            ],
            [
              -122.42377359999999,
              37.7868666
            ],
            [
              -122.42377359999999,
              37.7866266
            ]
          ]
        ]
      },
      "properties": {
        "source_id": "osm:way:212214155",
        "name": "Walgreens",
        "facility_type": "surface",
        "operator": "Walgreens",
        "access": "customers",
        "fee": "no",
        "charge": "",
        "capacity": "",
        "opening_hours": "",
        "website": "",
        "confidence": 0.35,
        "last_verified_source": "OpenStreetMap via Overpass",
        "raw_tags": {
          "access": "customers",
          "amenity": "parking",
          "fee": "no",
          "operator": "Walgreens",
          "parking": "surface"
        },
        "geometry_note": "Approximate display polygon generated from point/center. Production should use parcel, building, lot footprint, or authoritative GIS polygon.",
        "source_name": "OpenStreetMap via Overpass",
        "source_url": "https://www.openstreetmap.org/",
        "api_url": "https://overpass-api.de/api/interpreter",
        "evidence_url": "https://www.openstreetmap.org/way/212214155",
        "payment_url": null,
        "booking_url": null,
        "price_status": "known_free",
        "rule_status": "unknown",
        "enrichment_status": "needs_review",
        "existence_status": "probable",
        "city": "San Francisco",
        "state": "CA",
        "geometry_quality": "osm_display_fallback",
        "provenance_note": "OpenStreetMap-derived candidate/probable parking zone; verify against official/operator sources before treating as authoritative."
      }
    },
    {
      "type": "Feature",
      "geometry": {
        "type": "Polygon",
        "coordinates": [
          [
            [
              -122.42332309999999,
              37.772242899999995
            ],
            [
              -122.4230831,
              37.772242899999995
            ],
            [
              -122.4230831,
              37.7724829
            ],
            [
              -122.42332309999999,
              37.7724829
            ],
            [
              -122.42332309999999,
              37.772242899999995
            ]
          ]
        ]
      },
      "properties": {
        "source_id": "osm:way:215705487",
        "name": "Parking area",
        "facility_type": "parking",
        "operator": "",
        "access": "private",
        "fee": "unknown",
        "charge": "",
        "capacity": "",
        "opening_hours": "",
        "website": "",
        "confidence": 0.35,
        "last_verified_source": "OpenStreetMap via Overpass",
        "raw_tags": {
          "access": "private",
          "amenity": "parking",
          "fixme": "This triangle appears to mark only the air-visible portion of an underground car park."
        },
        "geometry_note": "Approximate display polygon generated from point/center. Production should use parcel, building, lot footprint, or authoritative GIS polygon.",
        "source_name": "OpenStreetMap via Overpass",
        "source_url": "https://www.openstreetmap.org/",
        "api_url": "https://overpass-api.de/api/interpreter",
        "evidence_url": "https://www.openstreetmap.org/way/215705487",
        "payment_url": null,
        "booking_url": null,
        "price_status": "unknown",
        "rule_status": "unknown",
        "enrichment_status": "needs_review",
        "existence_status": "candidate",
        "city": "San Francisco",
        "state": "CA",
        "geometry_quality": "osm_display_fallback",
        "provenance_note": "OpenStreetMap-derived candidate/probable parking zone; verify against official/operator sources before treating as authoritative."
      }
    },
    {
      "type": "Feature",
      "geometry": {
        "type": "Polygon",
        "coordinates": [
          [
            [
              -122.3982942,
              37.7788222
            ],
            [
              -122.3980542,
              37.7788222
            ],
            [
              -122.3980542,
              37.779062200000006
            ],
            [
              -122.3982942,
              37.779062200000006
            ],
            [
              -122.3982942,
              37.7788222
            ]
          ]
        ]
      },
      "properties": {
        "source_id": "osm:way:216220339",
        "name": "Parking area",
        "facility_type": "surface",
        "operator": "",
        "access": "private",
        "fee": "unknown",
        "charge": "",
        "capacity": "",
        "opening_hours": "",
        "website": "",
        "confidence": 0.35,
        "last_verified_source": "OpenStreetMap via Overpass",
        "raw_tags": {
          "access": "private",
          "amenity": "parking",
          "parking": "surface"
        },
        "geometry_note": "Approximate display polygon generated from point/center. Production should use parcel, building, lot footprint, or authoritative GIS polygon.",
        "source_name": "OpenStreetMap via Overpass",
        "source_url": "https://www.openstreetmap.org/",
        "api_url": "https://overpass-api.de/api/interpreter",
        "evidence_url": "https://www.openstreetmap.org/way/216220339",
        "payment_url": null,
        "booking_url": null,
        "price_status": "unknown",
        "rule_status": "unknown",
        "enrichment_status": "needs_review",
        "existence_status": "candidate",
        "city": "San Francisco",
        "state": "CA",
        "geometry_quality": "osm_display_fallback",
        "provenance_note": "OpenStreetMap-derived candidate/probable parking zone; verify against official/operator sources before treating as authoritative."
      }
    },
    {
      "type": "Feature",
      "geometry": {
        "type": "Polygon",
        "coordinates": [
          [
            [
              -122.3952108,
              37.7776571
            ],
            [
              -122.39497080000001,
              37.7776571
            ],
            [
              -122.39497080000001,
              37.777897100000004
            ],
            [
              -122.3952108,
              37.777897100000004
            ],
            [
              -122.3952108,
              37.7776571
            ]
          ]
        ]
      },
      "properties": {
        "source_id": "osm:way:216223187",
        "name": "Parking area",
        "facility_type": "parking",
        "operator": "",
        "access": "private",
        "fee": "unknown",
        "charge": "",
        "capacity": "",
        "opening_hours": "",
        "website": "",
        "confidence": 0.35,
        "last_verified_source": "OpenStreetMap via Overpass",
        "raw_tags": {
          "access": "private",
          "amenity": "parking"
        },
        "geometry_note": "Approximate display polygon generated from point/center. Production should use parcel, building, lot footprint, or authoritative GIS polygon.",
        "source_name": "OpenStreetMap via Overpass",
        "source_url": "https://www.openstreetmap.org/",
        "api_url": "https://overpass-api.de/api/interpreter",
        "evidence_url": "https://www.openstreetmap.org/way/216223187",
        "payment_url": null,
        "booking_url": null,
        "price_status": "unknown",
        "rule_status": "unknown",
        "enrichment_status": "needs_review",
        "existence_status": "candidate",
        "city": "San Francisco",
        "state": "CA",
        "geometry_quality": "osm_display_fallback",
        "provenance_note": "OpenStreetMap-derived candidate/probable parking zone; verify against official/operator sources before treating as authoritative."
      }
    },
    {
      "type": "Feature",
      "geometry": {
        "type": "Polygon",
        "coordinates": [
          [
            [
              -122.395105,
              37.777269499999996
            ],
            [
              -122.39486500000001,
              37.777269499999996
            ],
            [
              -122.39486500000001,
              37.7775095
            ],
            [
              -122.395105,
              37.7775095
            ],
            [
              -122.395105,
              37.777269499999996
            ]
          ]
        ]
      },
      "properties": {
        "source_id": "osm:way:216223191",
        "name": "Parking area",
        "facility_type": "surface",
        "operator": "",
        "access": "private",
        "fee": "unknown",
        "charge": "",
        "capacity": "",
        "opening_hours": "",
        "website": "",
        "confidence": 0.35,
        "last_verified_source": "OpenStreetMap via Overpass",
        "raw_tags": {
          "access": "private",
          "amenity": "parking",
          "parking": "surface"
        },
        "geometry_note": "Approximate display polygon generated from point/center. Production should use parcel, building, lot footprint, or authoritative GIS polygon.",
        "source_name": "OpenStreetMap via Overpass",
        "source_url": "https://www.openstreetmap.org/",
        "api_url": "https://overpass-api.de/api/interpreter",
        "evidence_url": "https://www.openstreetmap.org/way/216223191",
        "payment_url": null,
        "booking_url": null,
        "price_status": "unknown",
        "rule_status": "unknown",
        "enrichment_status": "needs_review",
        "existence_status": "candidate",
        "city": "San Francisco",
        "state": "CA",
        "geometry_quality": "osm_display_fallback",
        "provenance_note": "OpenStreetMap-derived candidate/probable parking zone; verify against official/operator sources before treating as authoritative."
      }
    },
    {
      "type": "Feature",
      "geometry": {
        "type": "Polygon",
        "coordinates": [
          [
            [
              -122.4084397,
              37.7725387
            ],
            [
              -122.40819970000001,
              37.7725387
            ],
            [
              -122.40819970000001,
              37.7727787
            ],
            [
              -122.4084397,
              37.7727787
            ],
            [
              -122.4084397,
              37.7725387
            ]
          ]
        ]
      },
      "properties": {
        "source_id": "osm:way:219783488",
        "name": "Parking area",
        "facility_type": "surface",
        "operator": "",
        "access": "",
        "fee": "unknown",
        "charge": "",
        "capacity": "",
        "opening_hours": "",
        "website": "",
        "confidence": 0.35,
        "last_verified_source": "OpenStreetMap via Overpass",
        "raw_tags": {
          "amenity": "parking",
          "parking": "surface",
          "source": "Bing",
          "surface": "paved"
        },
        "geometry_note": "Approximate display polygon generated from point/center. Production should use parcel, building, lot footprint, or authoritative GIS polygon.",
        "source_name": "OpenStreetMap via Overpass",
        "source_url": "https://www.openstreetmap.org/",
        "api_url": "https://overpass-api.de/api/interpreter",
        "evidence_url": "https://www.openstreetmap.org/way/219783488",
        "payment_url": null,
        "booking_url": null,
        "price_status": "unknown",
        "rule_status": "unknown",
        "enrichment_status": "needs_review",
        "existence_status": "candidate",
        "city": "San Francisco",
        "state": "CA",
        "geometry_quality": "osm_display_fallback",
        "provenance_note": "OpenStreetMap-derived candidate/probable parking zone; verify against official/operator sources before treating as authoritative."
      }
    },
    {
      "type": "Feature",
      "geometry": {
        "type": "Polygon",
        "coordinates": [
          [
            [
              -122.4064775,
              37.7700191
            ],
            [
              -122.4062375,
              37.7700191
            ],
            [
              -122.4062375,
              37.770259100000004
            ],
            [
              -122.4064775,
              37.770259100000004
            ],
            [
              -122.4064775,
              37.7700191
            ]
          ]
        ]
      },
      "properties": {
        "source_id": "osm:way:219783490",
        "name": "Parking area",
        "facility_type": "multi-storey",
        "operator": "",
        "access": "",
        "fee": "unknown",
        "charge": "",
        "capacity": "",
        "opening_hours": "",
        "website": "",
        "confidence": 0.35,
        "last_verified_source": "OpenStreetMap via Overpass",
        "raw_tags": {
          "addr:city": "San Francisco",
          "addr:housenumber": "999",
          "addr:street": "Brannan Street",
          "building": "commercial",
          "height": "13",
          "office": "company",
          "old_name": "Dolby Laboratories",
          "parking": "multi-storey"
        },
        "geometry_note": "Approximate display polygon generated from point/center. Production should use parcel, building, lot footprint, or authoritative GIS polygon.",
        "source_name": "OpenStreetMap via Overpass",
        "source_url": "https://www.openstreetmap.org/",
        "api_url": "https://overpass-api.de/api/interpreter",
        "evidence_url": "https://www.openstreetmap.org/way/219783490",
        "payment_url": null,
        "booking_url": null,
        "price_status": "unknown",
        "rule_status": "unknown",
        "enrichment_status": "needs_review",
        "existence_status": "candidate",
        "city": "San Francisco",
        "state": "CA",
        "geometry_quality": "osm_display_fallback",
        "provenance_note": "OpenStreetMap-derived candidate/probable parking zone; verify against official/operator sources before treating as authoritative."
      }
    },
    {
      "type": "Feature",
      "geometry": {
        "type": "Polygon",
        "coordinates": [
          [
            [
              -122.4074821,
              37.772374899999996
            ],
            [
              -122.4072421,
              37.772374899999996
            ],
            [
              -122.4072421,
              37.7726149
            ],
            [
              -122.4074821,
              37.7726149
            ],
            [
              -122.4074821,
              37.772374899999996
            ]
          ]
        ]
      },
      "properties": {
        "source_id": "osm:way:219783501",
        "name": "Parking area",
        "facility_type": "surface",
        "operator": "",
        "access": "",
        "fee": "unknown",
        "charge": "",
        "capacity": "",
        "opening_hours": "",
        "website": "",
        "confidence": 0.35,
        "last_verified_source": "OpenStreetMap via Overpass",
        "raw_tags": {
          "amenity": "parking",
          "parking": "surface",
          "source": "Bing",
          "surface": "paved"
        },
        "geometry_note": "Approximate display polygon generated from point/center. Production should use parcel, building, lot footprint, or authoritative GIS polygon.",
        "source_name": "OpenStreetMap via Overpass",
        "source_url": "https://www.openstreetmap.org/",
        "api_url": "https://overpass-api.de/api/interpreter",
        "evidence_url": "https://www.openstreetmap.org/way/219783501",
        "payment_url": null,
        "booking_url": null,
        "price_status": "unknown",
        "rule_status": "unknown",
        "enrichment_status": "needs_review",
        "existence_status": "candidate",
        "city": "San Francisco",
        "state": "CA",
        "geometry_quality": "osm_display_fallback",
        "provenance_note": "OpenStreetMap-derived candidate/probable parking zone; verify against official/operator sources before treating as authoritative."
      }
    },
    {
      "type": "Feature",
      "geometry": {
        "type": "Polygon",
        "coordinates": [
          [
            [
              -122.41784849999999,
              37.7828896
            ],
            [
              -122.4176085,
              37.7828896
            ],
            [
              -122.4176085,
              37.7831296
            ],
            [
              -122.41784849999999,
              37.7831296
            ],
            [
              -122.41784849999999,
              37.7828896
            ]
          ]
        ]
      },
      "properties": {
        "source_id": "osm:way:222244878",
        "name": "Parking area",
        "facility_type": "parking",
        "operator": "",
        "access": "",
        "fee": "unknown",
        "charge": "",
        "capacity": "",
        "opening_hours": "",
        "website": "",
        "confidence": 0.35,
        "last_verified_source": "OpenStreetMap via Overpass",
        "raw_tags": {
          "amenity": "parking"
        },
        "geometry_note": "Approximate display polygon generated from point/center. Production should use parcel, building, lot footprint, or authoritative GIS polygon.",
        "source_name": "OpenStreetMap via Overpass",
        "source_url": "https://www.openstreetmap.org/",
        "api_url": "https://overpass-api.de/api/interpreter",
        "evidence_url": "https://www.openstreetmap.org/way/222244878",
        "payment_url": null,
        "booking_url": null,
        "price_status": "unknown",
        "rule_status": "unknown",
        "enrichment_status": "needs_review",
        "existence_status": "candidate",
        "city": "San Francisco",
        "state": "CA",
        "geometry_quality": "osm_display_fallback",
        "provenance_note": "OpenStreetMap-derived candidate/probable parking zone; verify against official/operator sources before treating as authoritative."
      }
    },
    {
      "type": "Feature",
      "geometry": {
        "type": "Polygon",
        "coordinates": [
          [
            [
              -122.4133483,
              37.7769796
            ],
            [
              -122.4131083,
              37.7769796
            ],
            [
              -122.4131083,
              37.7772196
            ],
            [
              -122.4133483,
              37.7772196
            ],
            [
              -122.4133483,
              37.7769796
            ]
          ]
        ]
      },
      "properties": {
        "source_id": "osm:way:227005954",
        "name": "Parking area",
        "facility_type": "surface",
        "operator": "",
        "access": "",
        "fee": "unknown",
        "charge": "",
        "capacity": "",
        "opening_hours": "",
        "website": "",
        "confidence": 0.35,
        "last_verified_source": "OpenStreetMap via Overpass",
        "raw_tags": {
          "amenity": "parking",
          "parking": "surface"
        },
        "geometry_note": "Approximate display polygon generated from point/center. Production should use parcel, building, lot footprint, or authoritative GIS polygon.",
        "source_name": "OpenStreetMap via Overpass",
        "source_url": "https://www.openstreetmap.org/",
        "api_url": "https://overpass-api.de/api/interpreter",
        "evidence_url": "https://www.openstreetmap.org/way/227005954",
        "payment_url": null,
        "booking_url": null,
        "price_status": "unknown",
        "rule_status": "unknown",
        "enrichment_status": "needs_review",
        "existence_status": "candidate",
        "city": "San Francisco",
        "state": "CA",
        "geometry_quality": "osm_display_fallback",
        "provenance_note": "OpenStreetMap-derived candidate/probable parking zone; verify against official/operator sources before treating as authoritative."
      }
    },
    {
      "type": "Feature",
      "geometry": {
        "type": "Polygon",
        "coordinates": [
          [
            [
              -122.4005368,
              37.7756784
            ],
            [
              -122.4002968,
              37.7756784
            ],
            [
              -122.4002968,
              37.7759184
            ],
            [
              -122.4005368,
              37.7759184
            ],
            [
              -122.4005368,
              37.7756784
            ]
          ]
        ]
      },
      "properties": {
        "source_id": "osm:way:243464424",
        "name": "Parking area",
        "facility_type": "surface",
        "operator": "",
        "access": "no",
        "fee": "unknown",
        "charge": "",
        "capacity": "",
        "opening_hours": "",
        "website": "",
        "confidence": 0.35,
        "last_verified_source": "OpenStreetMap via Overpass",
        "raw_tags": {
          "access": "no",
          "amenity": "parking",
          "parking": "surface",
          "surface": "asphalt"
        },
        "geometry_note": "Approximate display polygon generated from point/center. Production should use parcel, building, lot footprint, or authoritative GIS polygon.",
        "source_name": "OpenStreetMap via Overpass",
        "source_url": "https://www.openstreetmap.org/",
        "api_url": "https://overpass-api.de/api/interpreter",
        "evidence_url": "https://www.openstreetmap.org/way/243464424",
        "payment_url": null,
        "booking_url": null,
        "price_status": "unknown",
        "rule_status": "unknown",
        "enrichment_status": "needs_review",
        "existence_status": "candidate",
        "city": "San Francisco",
        "state": "CA",
        "geometry_quality": "osm_display_fallback",
        "provenance_note": "OpenStreetMap-derived candidate/probable parking zone; verify against official/operator sources before treating as authoritative."
      }
    },
    {
      "type": "Feature",
      "geometry": {
        "type": "Polygon",
        "coordinates": [
          [
            [
              -122.4010837,
              37.779256499999995
            ],
            [
              -122.40084370000001,
              37.779256499999995
            ],
            [
              -122.40084370000001,
              37.7794965
            ],
            [
              -122.4010837,
              37.7794965
            ],
            [
              -122.4010837,
              37.779256499999995
            ]
          ]
        ]
      },
      "properties": {
        "source_id": "osm:way:243464443",
        "name": "Parking area",
        "facility_type": "parking",
        "operator": "",
        "access": "",
        "fee": "unknown",
        "charge": "",
        "capacity": "",
        "opening_hours": "",
        "website": "",
        "confidence": 0.35,
        "last_verified_source": "OpenStreetMap via Overpass",
        "raw_tags": {
          "amenity": "parking"
        },
        "geometry_note": "Approximate display polygon generated from point/center. Production should use parcel, building, lot footprint, or authoritative GIS polygon.",
        "source_name": "OpenStreetMap via Overpass",
        "source_url": "https://www.openstreetmap.org/",
        "api_url": "https://overpass-api.de/api/interpreter",
        "evidence_url": "https://www.openstreetmap.org/way/243464443",
        "payment_url": null,
        "booking_url": null,
        "price_status": "unknown",
        "rule_status": "unknown",
        "enrichment_status": "needs_review",
        "existence_status": "candidate",
        "city": "San Francisco",
        "state": "CA",
        "geometry_quality": "osm_display_fallback",
        "provenance_note": "OpenStreetMap-derived candidate/probable parking zone; verify against official/operator sources before treating as authoritative."
      }
    },
    {
      "type": "Feature",
      "geometry": {
        "type": "Polygon",
        "coordinates": [
          [
            [
              -122.399644,
              37.775638199999996
            ],
            [
              -122.399404,
              37.775638199999996
            ],
            [
              -122.399404,
              37.7758782
            ],
            [
              -122.399644,
              37.7758782
            ],
            [
              -122.399644,
              37.775638199999996
            ]
          ]
        ]
      },
      "properties": {
        "source_id": "osm:way:243464458",
        "name": "Parking area",
        "facility_type": "surface",
        "operator": "",
        "access": "",
        "fee": "unknown",
        "charge": "",
        "capacity": "",
        "opening_hours": "",
        "website": "",
        "confidence": 0.35,
        "last_verified_source": "OpenStreetMap via Overpass",
        "raw_tags": {
          "amenity": "parking",
          "parking": "surface",
          "surface": "asphalt"
        },
        "geometry_note": "Approximate display polygon generated from point/center. Production should use parcel, building, lot footprint, or authoritative GIS polygon.",
        "source_name": "OpenStreetMap via Overpass",
        "source_url": "https://www.openstreetmap.org/",
        "api_url": "https://overpass-api.de/api/interpreter",
        "evidence_url": "https://www.openstreetmap.org/way/243464458",
        "payment_url": null,
        "booking_url": null,
        "price_status": "unknown",
        "rule_status": "unknown",
        "enrichment_status": "needs_review",
        "existence_status": "candidate",
        "city": "San Francisco",
        "state": "CA",
        "geometry_quality": "osm_display_fallback",
        "provenance_note": "OpenStreetMap-derived candidate/probable parking zone; verify against official/operator sources before treating as authoritative."
      }
    },
    {
      "type": "Feature",
      "geometry": {
        "type": "Polygon",
        "coordinates": [
          [
            [
              -122.3996588,
              37.7766631
            ],
            [
              -122.3994188,
              37.7766631
            ],
            [
              -122.3994188,
              37.776903100000006
            ],
            [
              -122.3996588,
              37.776903100000006
            ],
            [
              -122.3996588,
              37.7766631
            ]
          ]
        ]
      },
      "properties": {
        "source_id": "osm:way:243464462",
        "name": "Parking area",
        "facility_type": "surface",
        "operator": "",
        "access": "yes",
        "fee": "yes",
        "charge": "",
        "capacity": "",
        "opening_hours": "",
        "website": "",
        "confidence": 0.35,
        "last_verified_source": "OpenStreetMap via Overpass",
        "raw_tags": {
          "access": "yes",
          "amenity": "parking",
          "fee": "yes",
          "parking": "surface",
          "surface": "asphalt"
        },
        "geometry_note": "Approximate display polygon generated from point/center. Production should use parcel, building, lot footprint, or authoritative GIS polygon.",
        "source_name": "OpenStreetMap via Overpass",
        "source_url": "https://www.openstreetmap.org/",
        "api_url": "https://overpass-api.de/api/interpreter",
        "evidence_url": "https://www.openstreetmap.org/way/243464462",
        "payment_url": null,
        "booking_url": null,
        "price_status": "paid_unknown",
        "rule_status": "unknown",
        "enrichment_status": "needs_review",
        "existence_status": "candidate",
        "city": "San Francisco",
        "state": "CA",
        "geometry_quality": "osm_display_fallback",
        "provenance_note": "OpenStreetMap-derived candidate/probable parking zone; verify against official/operator sources before treating as authoritative."
      }
    },
    {
      "type": "Feature",
      "geometry": {
        "type": "Polygon",
        "coordinates": [
          [
            [
              -122.4022294,
              37.7767434
            ],
            [
              -122.4019894,
              37.7767434
            ],
            [
              -122.4019894,
              37.776983400000006
            ],
            [
              -122.4022294,
              37.776983400000006
            ],
            [
              -122.4022294,
              37.7767434
            ]
          ]
        ]
      },
      "properties": {
        "source_id": "osm:way:243464474",
        "name": "Parking area",
        "facility_type": "parking",
        "operator": "",
        "access": "",
        "fee": "unknown",
        "charge": "",
        "capacity": "",
        "opening_hours": "",
        "website": "",
        "confidence": 0.35,
        "last_verified_source": "OpenStreetMap via Overpass",
        "raw_tags": {
          "amenity": "parking"
        },
        "geometry_note": "Approximate display polygon generated from point/center. Production should use parcel, building, lot footprint, or authoritative GIS polygon.",
        "source_name": "OpenStreetMap via Overpass",
        "source_url": "https://www.openstreetmap.org/",
        "api_url": "https://overpass-api.de/api/interpreter",
        "evidence_url": "https://www.openstreetmap.org/way/243464474",
        "payment_url": null,
        "booking_url": null,
        "price_status": "unknown",
        "rule_status": "unknown",
        "enrichment_status": "needs_review",
        "existence_status": "candidate",
        "city": "San Francisco",
        "state": "CA",
        "geometry_quality": "osm_display_fallback",
        "provenance_note": "OpenStreetMap-derived candidate/probable parking zone; verify against official/operator sources before treating as authoritative."
      }
    },
    {
      "type": "Feature",
      "geometry": {
        "type": "Polygon",
        "coordinates": [
          [
            [
              -122.3993589,
              37.775783
            ],
            [
              -122.3991189,
              37.775783
            ],
            [
              -122.3991189,
              37.776023
            ],
            [
              -122.3993589,
              37.776023
            ],
            [
              -122.3993589,
              37.775783
            ]
          ]
        ]
      },
      "properties": {
        "source_id": "osm:way:243464481",
        "name": "Parking area",
        "facility_type": "parking",
        "operator": "",
        "access": "",
        "fee": "unknown",
        "charge": "",
        "capacity": "",
        "opening_hours": "",
        "website": "",
        "confidence": 0.35,
        "last_verified_source": "OpenStreetMap via Overpass",
        "raw_tags": {
          "amenity": "parking"
        },
        "geometry_note": "Approximate display polygon generated from point/center. Production should use parcel, building, lot footprint, or authoritative GIS polygon.",
        "source_name": "OpenStreetMap via Overpass",
        "source_url": "https://www.openstreetmap.org/",
        "api_url": "https://overpass-api.de/api/interpreter",
        "evidence_url": "https://www.openstreetmap.org/way/243464481",
        "payment_url": null,
        "booking_url": null,
        "price_status": "unknown",
        "rule_status": "unknown",
        "enrichment_status": "needs_review",
        "existence_status": "candidate",
        "city": "San Francisco",
        "state": "CA",
        "geometry_quality": "osm_display_fallback",
        "provenance_note": "OpenStreetMap-derived candidate/probable parking zone; verify against official/operator sources before treating as authoritative."
      }
    },
    {
      "type": "Feature",
      "geometry": {
        "type": "Polygon",
        "coordinates": [
          [
            [
              -122.39899539999999,
              37.7773451
            ],
            [
              -122.3987554,
              37.7773451
            ],
            [
              -122.3987554,
              37.7775851
            ],
            [
              -122.39899539999999,
              37.7775851
            ],
            [
              -122.39899539999999,
              37.7773451
            ]
          ]
        ]
      },
      "properties": {
        "source_id": "osm:way:243464482",
        "name": "United SF Parking",
        "facility_type": "surface",
        "operator": "United SF Parking",
        "access": "yes",
        "fee": "yes",
        "charge": "",
        "capacity": "",
        "opening_hours": "",
        "website": "",
        "confidence": 0.35,
        "last_verified_source": "OpenStreetMap via Overpass",
        "raw_tags": {
          "access": "yes",
          "amenity": "parking",
          "fee": "yes",
          "operator": "United SF Parking",
          "operator:type": "private",
          "parking": "surface",
          "surface": "asphalt"
        },
        "geometry_note": "Approximate display polygon generated from point/center. Production should use parcel, building, lot footprint, or authoritative GIS polygon.",
        "source_name": "OpenStreetMap via Overpass",
        "source_url": "https://www.openstreetmap.org/",
        "api_url": "https://overpass-api.de/api/interpreter",
        "evidence_url": "https://www.openstreetmap.org/way/243464482",
        "payment_url": null,
        "booking_url": null,
        "price_status": "paid_unknown",
        "rule_status": "unknown",
        "enrichment_status": "needs_review",
        "existence_status": "probable",
        "city": "San Francisco",
        "state": "CA",
        "geometry_quality": "osm_display_fallback",
        "provenance_note": "OpenStreetMap-derived candidate/probable parking zone; verify against official/operator sources before treating as authoritative."
      }
    },
    {
      "type": "Feature",
      "geometry": {
        "type": "Polygon",
        "coordinates": [
          [
            [
              -122.4052261,
              37.7783254
            ],
            [
              -122.4049861,
              37.7783254
            ],
            [
              -122.4049861,
              37.778565400000005
            ],
            [
              -122.4052261,
              37.778565400000005
            ],
            [
              -122.4052261,
              37.7783254
            ]
          ]
        ]
      },
      "properties": {
        "source_id": "osm:way:243464485",
        "name": "Parking area",
        "facility_type": "surface",
        "operator": "",
        "access": "",
        "fee": "yes",
        "charge": "",
        "capacity": "",
        "opening_hours": "",
        "website": "",
        "confidence": 0.35,
        "last_verified_source": "OpenStreetMap via Overpass",
        "raw_tags": {
          "amenity": "parking",
          "fee": "yes",
          "parking": "surface",
          "surface": "asphalt",
          "wheelchair": "yes"
        },
        "geometry_note": "Approximate display polygon generated from point/center. Production should use parcel, building, lot footprint, or authoritative GIS polygon.",
        "source_name": "OpenStreetMap via Overpass",
        "source_url": "https://www.openstreetmap.org/",
        "api_url": "https://overpass-api.de/api/interpreter",
        "evidence_url": "https://www.openstreetmap.org/way/243464485",
        "payment_url": null,
        "booking_url": null,
        "price_status": "paid_unknown",
        "rule_status": "unknown",
        "enrichment_status": "needs_review",
        "existence_status": "candidate",
        "city": "San Francisco",
        "state": "CA",
        "geometry_quality": "osm_display_fallback",
        "provenance_note": "OpenStreetMap-derived candidate/probable parking zone; verify against official/operator sources before treating as authoritative."
      }
    },
    {
      "type": "Feature",
      "geometry": {
        "type": "Polygon",
        "coordinates": [
          [
            [
              -122.4025087,
              37.7745007
            ],
            [
              -122.40226870000001,
              37.7745007
            ],
            [
              -122.40226870000001,
              37.7747407
            ],
            [
              -122.4025087,
              37.7747407
            ],
            [
              -122.4025087,
              37.7745007
            ]
          ]
        ]
      },
      "properties": {
        "source_id": "osm:way:243571702",
        "name": "Parking area",
        "facility_type": "surface",
        "operator": "",
        "access": "",
        "fee": "unknown",
        "charge": "",
        "capacity": "",
        "opening_hours": "",
        "website": "",
        "confidence": 0.35,
        "last_verified_source": "OpenStreetMap via Overpass",
        "raw_tags": {
          "amenity": "parking",
          "parking": "surface"
        },
        "geometry_note": "Approximate display polygon generated from point/center. Production should use parcel, building, lot footprint, or authoritative GIS polygon.",
        "source_name": "OpenStreetMap via Overpass",
        "source_url": "https://www.openstreetmap.org/",
        "api_url": "https://overpass-api.de/api/interpreter",
        "evidence_url": "https://www.openstreetmap.org/way/243571702",
        "payment_url": null,
        "booking_url": null,
        "price_status": "unknown",
        "rule_status": "unknown",
        "enrichment_status": "needs_review",
        "existence_status": "candidate",
        "city": "San Francisco",
        "state": "CA",
        "geometry_quality": "osm_display_fallback",
        "provenance_note": "OpenStreetMap-derived candidate/probable parking zone; verify against official/operator sources before treating as authoritative."
      }
    },
    {
      "type": "Feature",
      "geometry": {
        "type": "Polygon",
        "coordinates": [
          [
            [
              -122.4031071,
              37.7740997
            ],
            [
              -122.40286710000001,
              37.7740997
            ],
            [
              -122.40286710000001,
              37.774339700000006
            ],
            [
              -122.4031071,
              37.774339700000006
            ],
            [
              -122.4031071,
              37.7740997
            ]
          ]
        ]
      },
      "properties": {
        "source_id": "osm:way:243571718",
        "name": "Parking area",
        "facility_type": "parking",
        "operator": "",
        "access": "",
        "fee": "unknown",
        "charge": "",
        "capacity": "",
        "opening_hours": "",
        "website": "",
        "confidence": 0.35,
        "last_verified_source": "OpenStreetMap via Overpass",
        "raw_tags": {
          "amenity": "parking"
        },
        "geometry_note": "Approximate display polygon generated from point/center. Production should use parcel, building, lot footprint, or authoritative GIS polygon.",
        "source_name": "OpenStreetMap via Overpass",
        "source_url": "https://www.openstreetmap.org/",
        "api_url": "https://overpass-api.de/api/interpreter",
        "evidence_url": "https://www.openstreetmap.org/way/243571718",
        "payment_url": null,
        "booking_url": null,
        "price_status": "unknown",
        "rule_status": "unknown",
        "enrichment_status": "needs_review",
        "existence_status": "candidate",
        "city": "San Francisco",
        "state": "CA",
        "geometry_quality": "osm_display_fallback",
        "provenance_note": "OpenStreetMap-derived candidate/probable parking zone; verify against official/operator sources before treating as authoritative."
      }
    },
    {
      "type": "Feature",
      "geometry": {
        "type": "Polygon",
        "coordinates": [
          [
            [
              -122.40365399999999,
              37.7736083
            ],
            [
              -122.403414,
              37.7736083
            ],
            [
              -122.403414,
              37.773848300000004
            ],
            [
              -122.40365399999999,
              37.773848300000004
            ],
            [
              -122.40365399999999,
              37.7736083
            ]
          ]
        ]
      },
      "properties": {
        "source_id": "osm:way:243571720",
        "name": "Parking area",
        "facility_type": "surface",
        "operator": "",
        "access": "",
        "fee": "unknown",
        "charge": "",
        "capacity": "",
        "opening_hours": "",
        "website": "",
        "confidence": 0.35,
        "last_verified_source": "OpenStreetMap via Overpass",
        "raw_tags": {
          "amenity": "parking",
          "parking": "surface",
          "surface": "asphalt"
        },
        "geometry_note": "Approximate display polygon generated from point/center. Production should use parcel, building, lot footprint, or authoritative GIS polygon.",
        "source_name": "OpenStreetMap via Overpass",
        "source_url": "https://www.openstreetmap.org/",
        "api_url": "https://overpass-api.de/api/interpreter",
        "evidence_url": "https://www.openstreetmap.org/way/243571720",
        "payment_url": null,
        "booking_url": null,
        "price_status": "unknown",
        "rule_status": "unknown",
        "enrichment_status": "needs_review",
        "existence_status": "candidate",
        "city": "San Francisco",
        "state": "CA",
        "geometry_quality": "osm_display_fallback",
        "provenance_note": "OpenStreetMap-derived candidate/probable parking zone; verify against official/operator sources before treating as authoritative."
      }
    },
    {
      "type": "Feature",
      "geometry": {
        "type": "Polygon",
        "coordinates": [
          [
            [
              -122.4049115,
              37.7731028
            ],
            [
              -122.4046715,
              37.7731028
            ],
            [
              -122.4046715,
              37.7733428
            ],
            [
              -122.4049115,
              37.7733428
            ],
            [
              -122.4049115,
              37.7731028
            ]
          ]
        ]
      },
      "properties": {
        "source_id": "osm:way:243571723",
        "name": "Parking area",
        "facility_type": "parking",
        "operator": "",
        "access": "",
        "fee": "unknown",
        "charge": "",
        "capacity": "",
        "opening_hours": "",
        "website": "",
        "confidence": 0.35,
        "last_verified_source": "OpenStreetMap via Overpass",
        "raw_tags": {
          "amenity": "parking"
        },
        "geometry_note": "Approximate display polygon generated from point/center. Production should use parcel, building, lot footprint, or authoritative GIS polygon.",
        "source_name": "OpenStreetMap via Overpass",
        "source_url": "https://www.openstreetmap.org/",
        "api_url": "https://overpass-api.de/api/interpreter",
        "evidence_url": "https://www.openstreetmap.org/way/243571723",
        "payment_url": null,
        "booking_url": null,
        "price_status": "unknown",
        "rule_status": "unknown",
        "enrichment_status": "needs_review",
        "existence_status": "candidate",
        "city": "San Francisco",
        "state": "CA",
        "geometry_quality": "osm_display_fallback",
        "provenance_note": "OpenStreetMap-derived candidate/probable parking zone; verify against official/operator sources before treating as authoritative."
      }
    },
    {
      "type": "Feature",
      "geometry": {
        "type": "Polygon",
        "coordinates": [
          [
            [
              -122.40906299999999,
              37.781804799999996
            ],
            [
              -122.408823,
              37.781804799999996
            ],
            [
              -122.408823,
              37.7820448
            ],
            [
              -122.40906299999999,
              37.7820448
            ],
            [
              -122.40906299999999,
              37.781804799999996
            ]
          ]
        ]
      },
      "properties": {
        "source_id": "osm:way:243571743",
        "name": "Parking area",
        "facility_type": "parking",
        "operator": "",
        "access": "",
        "fee": "yes",
        "charge": "",
        "capacity": "",
        "opening_hours": "",
        "website": "",
        "confidence": 0.35,
        "last_verified_source": "OpenStreetMap via Overpass",
        "raw_tags": {
          "amenity": "parking",
          "fee": "yes"
        },
        "geometry_note": "Approximate display polygon generated from point/center. Production should use parcel, building, lot footprint, or authoritative GIS polygon.",
        "source_name": "OpenStreetMap via Overpass",
        "source_url": "https://www.openstreetmap.org/",
        "api_url": "https://overpass-api.de/api/interpreter",
        "evidence_url": "https://www.openstreetmap.org/way/243571743",
        "payment_url": null,
        "booking_url": null,
        "price_status": "paid_unknown",
        "rule_status": "unknown",
        "enrichment_status": "needs_review",
        "existence_status": "candidate",
        "city": "San Francisco",
        "state": "CA",
        "geometry_quality": "osm_display_fallback",
        "provenance_note": "OpenStreetMap-derived candidate/probable parking zone; verify against official/operator sources before treating as authoritative."
      }
    },
    {
      "type": "Feature",
      "geometry": {
        "type": "Polygon",
        "coordinates": [
          [
            [
              -122.4011314,
              37.7730666
            ],
            [
              -122.4008914,
              37.7730666
            ],
            [
              -122.4008914,
              37.773306600000005
            ],
            [
              -122.4011314,
              37.773306600000005
            ],
            [
              -122.4011314,
              37.7730666
            ]
          ]
        ]
      },
      "properties": {
        "source_id": "osm:way:243571744",
        "name": "Parking area",
        "facility_type": "surface",
        "operator": "",
        "access": "private",
        "fee": "unknown",
        "charge": "",
        "capacity": "",
        "opening_hours": "",
        "website": "",
        "confidence": 0.35,
        "last_verified_source": "OpenStreetMap via Overpass",
        "raw_tags": {
          "access": "private",
          "amenity": "parking",
          "parking": "surface"
        },
        "geometry_note": "Approximate display polygon generated from point/center. Production should use parcel, building, lot footprint, or authoritative GIS polygon.",
        "source_name": "OpenStreetMap via Overpass",
        "source_url": "https://www.openstreetmap.org/",
        "api_url": "https://overpass-api.de/api/interpreter",
        "evidence_url": "https://www.openstreetmap.org/way/243571744",
        "payment_url": null,
        "booking_url": null,
        "price_status": "unknown",
        "rule_status": "unknown",
        "enrichment_status": "needs_review",
        "existence_status": "candidate",
        "city": "San Francisco",
        "state": "CA",
        "geometry_quality": "osm_display_fallback",
        "provenance_note": "OpenStreetMap-derived candidate/probable parking zone; verify against official/operator sources before treating as authoritative."
      }
    },
    {
      "type": "Feature",
      "geometry": {
        "type": "Polygon",
        "coordinates": [
          [
            [
              -122.4021654,
              37.7723928
            ],
            [
              -122.40192540000001,
              37.7723928
            ],
            [
              -122.40192540000001,
              37.772632800000004
            ],
            [
              -122.4021654,
              37.772632800000004
            ],
            [
              -122.4021654,
              37.7723928
            ]
          ]
        ]
      },
      "properties": {
        "source_id": "osm:way:243571761",
        "name": "Parking area",
        "facility_type": "surface",
        "operator": "",
        "access": "",
        "fee": "unknown",
        "charge": "",
        "capacity": "",
        "opening_hours": "",
        "website": "",
        "confidence": 0.35,
        "last_verified_source": "OpenStreetMap via Overpass",
        "raw_tags": {
          "amenity": "parking",
          "parking": "surface"
        },
        "geometry_note": "Approximate display polygon generated from point/center. Production should use parcel, building, lot footprint, or authoritative GIS polygon.",
        "source_name": "OpenStreetMap via Overpass",
        "source_url": "https://www.openstreetmap.org/",
        "api_url": "https://overpass-api.de/api/interpreter",
        "evidence_url": "https://www.openstreetmap.org/way/243571761",
        "payment_url": null,
        "booking_url": null,
        "price_status": "unknown",
        "rule_status": "unknown",
        "enrichment_status": "needs_review",
        "existence_status": "candidate",
        "city": "San Francisco",
        "state": "CA",
        "geometry_quality": "osm_display_fallback",
        "provenance_note": "OpenStreetMap-derived candidate/probable parking zone; verify against official/operator sources before treating as authoritative."
      }
    },
    {
      "type": "Feature",
      "geometry": {
        "type": "Polygon",
        "coordinates": [
          [
            [
              -122.40124159999999,
              37.7741384
            ],
            [
              -122.4010016,
              37.7741384
            ],
            [
              -122.4010016,
              37.7743784
            ],
            [
              -122.40124159999999,
              37.7743784
            ],
            [
              -122.40124159999999,
              37.7741384
            ]
          ]
        ]
      },
      "properties": {
        "source_id": "osm:way:243571763",
        "name": "Parking area",
        "facility_type": "surface",
        "operator": "",
        "access": "",
        "fee": "unknown",
        "charge": "",
        "capacity": "",
        "opening_hours": "",
        "website": "",
        "confidence": 0.35,
        "last_verified_source": "OpenStreetMap via Overpass",
        "raw_tags": {
          "amenity": "parking",
          "parking": "surface",
          "surface": "asphalt"
        },
        "geometry_note": "Approximate display polygon generated from point/center. Production should use parcel, building, lot footprint, or authoritative GIS polygon.",
        "source_name": "OpenStreetMap via Overpass",
        "source_url": "https://www.openstreetmap.org/",
        "api_url": "https://overpass-api.de/api/interpreter",
        "evidence_url": "https://www.openstreetmap.org/way/243571763",
        "payment_url": null,
        "booking_url": null,
        "price_status": "unknown",
        "rule_status": "unknown",
        "enrichment_status": "needs_review",
        "existence_status": "candidate",
        "city": "San Francisco",
        "state": "CA",
        "geometry_quality": "osm_display_fallback",
        "provenance_note": "OpenStreetMap-derived candidate/probable parking zone; verify against official/operator sources before treating as authoritative."
      }
    },
    {
      "type": "Feature",
      "geometry": {
        "type": "Polygon",
        "coordinates": [
          [
            [
              -122.4226205,
              37.7780754
            ],
            [
              -122.4223805,
              37.7780754
            ],
            [
              -122.4223805,
              37.778315400000004
            ],
            [
              -122.4226205,
              37.778315400000004
            ],
            [
              -122.4226205,
              37.7780754
            ]
          ]
        ]
      },
      "properties": {
        "source_id": "osm:way:247561567",
        "name": "Performing Arts Garage",
        "facility_type": "multi-storey",
        "operator": "",
        "access": "yes",
        "fee": "yes",
        "charge": "",
        "capacity": "",
        "opening_hours": "",
        "website": "",
        "confidence": 0.35,
        "last_verified_source": "OpenStreetMap via Overpass",
        "raw_tags": {
          "access": "yes",
          "addr:housenumber": "360",
          "addr:street": "Grove Street",
          "amenity": "parking",
          "building": "parking",
          "description": "Multi-level car park",
          "fee": "yes",
          "name": "Performing Arts Garage",
          "parking": "multi-storey"
        },
        "geometry_note": "Approximate display polygon generated from point/center. Production should use parcel, building, lot footprint, or authoritative GIS polygon.",
        "source_name": "OpenStreetMap via Overpass",
        "source_url": "https://www.openstreetmap.org/",
        "api_url": "https://overpass-api.de/api/interpreter",
        "evidence_url": "https://www.openstreetmap.org/way/247561567",
        "payment_url": null,
        "booking_url": null,
        "price_status": "paid_unknown",
        "rule_status": "unknown",
        "enrichment_status": "needs_review",
        "existence_status": "probable",
        "city": "San Francisco",
        "state": "CA",
        "geometry_quality": "osm_display_fallback",
        "provenance_note": "OpenStreetMap-derived candidate/probable parking zone; verify against official/operator sources before treating as authoritative."
      }
    },
    {
      "type": "Feature",
      "geometry": {
        "type": "Polygon",
        "coordinates": [
          [
            [
              -122.4127292,
              37.788064899999995
            ],
            [
              -122.41248920000001,
              37.788064899999995
            ],
            [
              -122.41248920000001,
              37.7883049
            ],
            [
              -122.4127292,
              37.7883049
            ],
            [
              -122.4127292,
              37.788064899999995
            ]
          ]
        ]
      },
      "properties": {
        "source_id": "osm:way:247757132",
        "name": "Parking area",
        "facility_type": "surface",
        "operator": "",
        "access": "yes",
        "fee": "yes",
        "charge": "",
        "capacity": "",
        "opening_hours": "",
        "website": "",
        "confidence": 0.35,
        "last_verified_source": "OpenStreetMap via Overpass",
        "raw_tags": {
          "access": "yes",
          "amenity": "parking",
          "fee": "yes",
          "parking": "surface"
        },
        "geometry_note": "Approximate display polygon generated from point/center. Production should use parcel, building, lot footprint, or authoritative GIS polygon.",
        "source_name": "OpenStreetMap via Overpass",
        "source_url": "https://www.openstreetmap.org/",
        "api_url": "https://overpass-api.de/api/interpreter",
        "evidence_url": "https://www.openstreetmap.org/way/247757132",
        "payment_url": null,
        "booking_url": null,
        "price_status": "paid_unknown",
        "rule_status": "unknown",
        "enrichment_status": "needs_review",
        "existence_status": "candidate",
        "city": "San Francisco",
        "state": "CA",
        "geometry_quality": "osm_display_fallback",
        "provenance_note": "OpenStreetMap-derived candidate/probable parking zone; verify against official/operator sources before treating as authoritative."
      }
    },
    {
      "type": "Feature",
      "geometry": {
        "type": "Polygon",
        "coordinates": [
          [
            [
              -122.408605,
              37.7738916
            ],
            [
              -122.408365,
              37.7738916
            ],
            [
              -122.408365,
              37.774131600000004
            ],
            [
              -122.408605,
              37.774131600000004
            ],
            [
              -122.408605,
              37.7738916
            ]
          ]
        ]
      },
      "properties": {
        "source_id": "osm:way:247955022",
        "name": "Parking area",
        "facility_type": "surface",
        "operator": "",
        "access": "customers",
        "fee": "unknown",
        "charge": "",
        "capacity": "5",
        "opening_hours": "",
        "website": "",
        "confidence": 0.35,
        "last_verified_source": "OpenStreetMap via Overpass",
        "raw_tags": {
          "access": "customers",
          "amenity": "parking",
          "capacity": "5",
          "capacity:disabled": "no",
          "parking": "surface"
        },
        "geometry_note": "Approximate display polygon generated from point/center. Production should use parcel, building, lot footprint, or authoritative GIS polygon.",
        "source_name": "OpenStreetMap via Overpass",
        "source_url": "https://www.openstreetmap.org/",
        "api_url": "https://overpass-api.de/api/interpreter",
        "evidence_url": "https://www.openstreetmap.org/way/247955022",
        "payment_url": null,
        "booking_url": null,
        "price_status": "unknown",
        "rule_status": "unknown",
        "enrichment_status": "needs_review",
        "existence_status": "candidate",
        "city": "San Francisco",
        "state": "CA",
        "geometry_quality": "osm_display_fallback",
        "provenance_note": "OpenStreetMap-derived candidate/probable parking zone; verify against official/operator sources before treating as authoritative."
      }
    },
    {
      "type": "Feature",
      "geometry": {
        "type": "Polygon",
        "coordinates": [
          [
            [
              -122.39926009999999,
              37.7664883
            ],
            [
              -122.3990201,
              37.7664883
            ],
            [
              -122.3990201,
              37.766728300000004
            ],
            [
              -122.39926009999999,
              37.766728300000004
            ],
            [
              -122.39926009999999,
              37.7664883
            ]
          ]
        ]
      },
      "properties": {
        "source_id": "osm:way:247972579",
        "name": "Parking area",
        "facility_type": "surface",
        "operator": "",
        "access": "private",
        "fee": "unknown",
        "charge": "",
        "capacity": "",
        "opening_hours": "",
        "website": "",
        "confidence": 0.35,
        "last_verified_source": "OpenStreetMap via Overpass",
        "raw_tags": {
          "access": "private",
          "amenity": "parking",
          "parking": "surface"
        },
        "geometry_note": "Approximate display polygon generated from point/center. Production should use parcel, building, lot footprint, or authoritative GIS polygon.",
        "source_name": "OpenStreetMap via Overpass",
        "source_url": "https://www.openstreetmap.org/",
        "api_url": "https://overpass-api.de/api/interpreter",
        "evidence_url": "https://www.openstreetmap.org/way/247972579",
        "payment_url": null,
        "booking_url": null,
        "price_status": "unknown",
        "rule_status": "unknown",
        "enrichment_status": "needs_review",
        "existence_status": "candidate",
        "city": "San Francisco",
        "state": "CA",
        "geometry_quality": "osm_display_fallback",
        "provenance_note": "OpenStreetMap-derived candidate/probable parking zone; verify against official/operator sources before treating as authoritative."
      }
    },
    {
      "type": "Feature",
      "geometry": {
        "type": "Polygon",
        "coordinates": [
          [
            [
              -122.3989127,
              37.766697199999996
            ],
            [
              -122.3986727,
              37.766697199999996
            ],
            [
              -122.3986727,
              37.7669372
            ],
            [
              -122.3989127,
              37.7669372
            ],
            [
              -122.3989127,
              37.766697199999996
            ]
          ]
        ]
      },
      "properties": {
        "source_id": "osm:way:247972582",
        "name": "AT&T",
        "facility_type": "surface",
        "operator": "AT&T",
        "access": "private",
        "fee": "unknown",
        "charge": "",
        "capacity": "",
        "opening_hours": "",
        "website": "",
        "confidence": 0.35,
        "last_verified_source": "OpenStreetMap via Overpass",
        "raw_tags": {
          "access": "private",
          "amenity": "parking",
          "operator": "AT&T",
          "parking": "surface"
        },
        "geometry_note": "Approximate display polygon generated from point/center. Production should use parcel, building, lot footprint, or authoritative GIS polygon.",
        "source_name": "OpenStreetMap via Overpass",
        "source_url": "https://www.openstreetmap.org/",
        "api_url": "https://overpass-api.de/api/interpreter",
        "evidence_url": "https://www.openstreetmap.org/way/247972582",
        "payment_url": null,
        "booking_url": null,
        "price_status": "unknown",
        "rule_status": "unknown",
        "enrichment_status": "needs_review",
        "existence_status": "probable",
        "city": "San Francisco",
        "state": "CA",
        "geometry_quality": "osm_display_fallback",
        "provenance_note": "OpenStreetMap-derived candidate/probable parking zone; verify against official/operator sources before treating as authoritative."
      }
    },
    {
      "type": "Feature",
      "geometry": {
        "type": "Polygon",
        "coordinates": [
          [
            [
              -122.39024649999999,
              37.7723255
            ],
            [
              -122.3900065,
              37.7723255
            ],
            [
              -122.3900065,
              37.772565500000006
            ],
            [
              -122.39024649999999,
              37.772565500000006
            ],
            [
              -122.39024649999999,
              37.7723255
            ]
          ]
        ]
      },
      "properties": {
        "source_id": "osm:way:251511537",
        "name": "Parking area",
        "facility_type": "surface",
        "operator": "",
        "access": "yes",
        "fee": "unknown",
        "charge": "",
        "capacity": "",
        "opening_hours": "",
        "website": "",
        "confidence": 0.35,
        "last_verified_source": "OpenStreetMap via Overpass",
        "raw_tags": {
          "access": "yes",
          "amenity": "parking",
          "note": "Planned residential development",
          "parking": "surface"
        },
        "geometry_note": "Approximate display polygon generated from point/center. Production should use parcel, building, lot footprint, or authoritative GIS polygon.",
        "source_name": "OpenStreetMap via Overpass",
        "source_url": "https://www.openstreetmap.org/",
        "api_url": "https://overpass-api.de/api/interpreter",
        "evidence_url": "https://www.openstreetmap.org/way/251511537",
        "payment_url": null,
        "booking_url": null,
        "price_status": "unknown",
        "rule_status": "unknown",
        "enrichment_status": "needs_review",
        "existence_status": "candidate",
        "city": "San Francisco",
        "state": "CA",
        "geometry_quality": "osm_display_fallback",
        "provenance_note": "OpenStreetMap-derived candidate/probable parking zone; verify against official/operator sources before treating as authoritative."
      }
    },
    {
      "type": "Feature",
      "geometry": {
        "type": "Polygon",
        "coordinates": [
          [
            [
              -122.425218,
              37.7700197
            ],
            [
              -122.42497800000001,
              37.7700197
            ],
            [
              -122.42497800000001,
              37.770259700000004
            ],
            [
              -122.425218,
              37.770259700000004
            ],
            [
              -122.425218,
              37.7700197
            ]
          ]
        ]
      },
      "properties": {
        "source_id": "osm:way:252221780",
        "name": "Parking area",
        "facility_type": "surface",
        "operator": "",
        "access": "customers",
        "fee": "unknown",
        "charge": "",
        "capacity": "",
        "opening_hours": "",
        "website": "",
        "confidence": 0.35,
        "last_verified_source": "OpenStreetMap via Overpass",
        "raw_tags": {
          "access": "customers",
          "amenity": "parking",
          "parking": "surface"
        },
        "geometry_note": "Approximate display polygon generated from point/center. Production should use parcel, building, lot footprint, or authoritative GIS polygon.",
        "source_name": "OpenStreetMap via Overpass",
        "source_url": "https://www.openstreetmap.org/",
        "api_url": "https://overpass-api.de/api/interpreter",
        "evidence_url": "https://www.openstreetmap.org/way/252221780",
        "payment_url": null,
        "booking_url": null,
        "price_status": "unknown",
        "rule_status": "unknown",
        "enrichment_status": "needs_review",
        "existence_status": "candidate",
        "city": "San Francisco",
        "state": "CA",
        "geometry_quality": "osm_display_fallback",
        "provenance_note": "OpenStreetMap-derived candidate/probable parking zone; verify against official/operator sources before treating as authoritative."
      }
    },
    {
      "type": "Feature",
      "geometry": {
        "type": "Polygon",
        "coordinates": [
          [
            [
              -122.42496729999999,
              37.769845999999994
            ],
            [
              -122.4247273,
              37.769845999999994
            ],
            [
              -122.4247273,
              37.770086
            ],
            [
              -122.42496729999999,
              37.770086
            ],
            [
              -122.42496729999999,
              37.769845999999994
            ]
          ]
        ]
      },
      "properties": {
        "source_id": "osm:way:252221782",
        "name": "Parking area",
        "facility_type": "surface",
        "operator": "",
        "access": "customers",
        "fee": "no",
        "charge": "",
        "capacity": "",
        "opening_hours": "",
        "website": "",
        "confidence": 0.35,
        "last_verified_source": "OpenStreetMap via Overpass",
        "raw_tags": {
          "access": "customers",
          "amenity": "parking",
          "fee": "no",
          "parking": "surface"
        },
        "geometry_note": "Approximate display polygon generated from point/center. Production should use parcel, building, lot footprint, or authoritative GIS polygon.",
        "source_name": "OpenStreetMap via Overpass",
        "source_url": "https://www.openstreetmap.org/",
        "api_url": "https://overpass-api.de/api/interpreter",
        "evidence_url": "https://www.openstreetmap.org/way/252221782",
        "payment_url": null,
        "booking_url": null,
        "price_status": "known_free",
        "rule_status": "unknown",
        "enrichment_status": "needs_review",
        "existence_status": "candidate",
        "city": "San Francisco",
        "state": "CA",
        "geometry_quality": "osm_display_fallback",
        "provenance_note": "OpenStreetMap-derived candidate/probable parking zone; verify against official/operator sources before treating as authoritative."
      }
    },
    {
      "type": "Feature",
      "geometry": {
        "type": "Polygon",
        "coordinates": [
          [
            [
              -122.4110007,
              37.772282999999995
            ],
            [
              -122.41076070000001,
              37.772282999999995
            ],
            [
              -122.41076070000001,
              37.772523
            ],
            [
              -122.4110007,
              37.772523
            ],
            [
              -122.4110007,
              37.772282999999995
            ]
          ]
        ]
      },
      "properties": {
        "source_id": "osm:way:252235797",
        "name": "Parking area",
        "facility_type": "parking",
        "operator": "",
        "access": "customers",
        "fee": "unknown",
        "charge": "",
        "capacity": "",
        "opening_hours": "",
        "website": "",
        "confidence": 0.35,
        "last_verified_source": "OpenStreetMap via Overpass",
        "raw_tags": {
          "access": "customers",
          "amenity": "parking"
        },
        "geometry_note": "Approximate display polygon generated from point/center. Production should use parcel, building, lot footprint, or authoritative GIS polygon.",
        "source_name": "OpenStreetMap via Overpass",
        "source_url": "https://www.openstreetmap.org/",
        "api_url": "https://overpass-api.de/api/interpreter",
        "evidence_url": "https://www.openstreetmap.org/way/252235797",
        "payment_url": null,
        "booking_url": null,
        "price_status": "unknown",
        "rule_status": "unknown",
        "enrichment_status": "needs_review",
        "existence_status": "candidate",
        "city": "San Francisco",
        "state": "CA",
        "geometry_quality": "osm_display_fallback",
        "provenance_note": "OpenStreetMap-derived candidate/probable parking zone; verify against official/operator sources before treating as authoritative."
      }
    },
    {
      "type": "Feature",
      "geometry": {
        "type": "Polygon",
        "coordinates": [
          [
            [
              -122.40397449999999,
              37.774536399999995
            ],
            [
              -122.4037345,
              37.774536399999995
            ],
            [
              -122.4037345,
              37.7747764
            ],
            [
              -122.40397449999999,
              37.7747764
            ],
            [
              -122.40397449999999,
              37.774536399999995
            ]
          ]
        ]
      },
      "properties": {
        "source_id": "osm:way:256023475",
        "name": "Indoor Public Parking",
        "facility_type": "parking",
        "operator": "",
        "access": "",
        "fee": "yes",
        "charge": "",
        "capacity": "",
        "opening_hours": "",
        "website": "",
        "confidence": 0.35,
        "last_verified_source": "OpenStreetMap via Overpass",
        "raw_tags": {
          "amenity": "parking",
          "building": "yes",
          "fee": "yes",
          "name": "Indoor Public Parking"
        },
        "geometry_note": "Approximate display polygon generated from point/center. Production should use parcel, building, lot footprint, or authoritative GIS polygon.",
        "source_name": "OpenStreetMap via Overpass",
        "source_url": "https://www.openstreetmap.org/",
        "api_url": "https://overpass-api.de/api/interpreter",
        "evidence_url": "https://www.openstreetmap.org/way/256023475",
        "payment_url": null,
        "booking_url": null,
        "price_status": "paid_unknown",
        "rule_status": "unknown",
        "enrichment_status": "needs_review",
        "existence_status": "probable",
        "city": "San Francisco",
        "state": "CA",
        "geometry_quality": "osm_display_fallback",
        "provenance_note": "OpenStreetMap-derived candidate/probable parking zone; verify against official/operator sources before treating as authoritative."
      }
    },
    {
      "type": "Feature",
      "geometry": {
        "type": "Polygon",
        "coordinates": [
          [
            [
              -122.405597,
              37.784526799999995
            ],
            [
              -122.40535700000001,
              37.784526799999995
            ],
            [
              -122.40535700000001,
              37.7847668
            ],
            [
              -122.405597,
              37.7847668
            ],
            [
              -122.405597,
              37.784526799999995
            ]
          ]
        ]
      },
      "properties": {
        "source_id": "osm:way:256029752",
        "name": "Parking area",
        "facility_type": "underground",
        "operator": "",
        "access": "",
        "fee": "unknown",
        "charge": "",
        "capacity": "",
        "opening_hours": "",
        "website": "",
        "confidence": 0.35,
        "last_verified_source": "OpenStreetMap via Overpass",
        "raw_tags": {
          "amenity": "parking",
          "building": "yes",
          "layer": "-1",
          "parking": "underground"
        },
        "geometry_note": "Approximate display polygon generated from point/center. Production should use parcel, building, lot footprint, or authoritative GIS polygon.",
        "source_name": "OpenStreetMap via Overpass",
        "source_url": "https://www.openstreetmap.org/",
        "api_url": "https://overpass-api.de/api/interpreter",
        "evidence_url": "https://www.openstreetmap.org/way/256029752",
        "payment_url": null,
        "booking_url": null,
        "price_status": "unknown",
        "rule_status": "unknown",
        "enrichment_status": "needs_review",
        "existence_status": "candidate",
        "city": "San Francisco",
        "state": "CA",
        "geometry_quality": "osm_display_fallback",
        "provenance_note": "OpenStreetMap-derived candidate/probable parking zone; verify against official/operator sources before treating as authoritative."
      }
    },
    {
      "type": "Feature",
      "geometry": {
        "type": "Polygon",
        "coordinates": [
          [
            [
              -122.4004472,
              37.7991816
            ],
            [
              -122.40020720000001,
              37.7991816
            ],
            [
              -122.40020720000001,
              37.7994216
            ],
            [
              -122.4004472,
              37.7994216
            ],
            [
              -122.4004472,
              37.7991816
            ]
          ]
        ]
      },
      "properties": {
        "source_id": "osm:way:256089235",
        "name": "Parking area",
        "facility_type": "multi-storey",
        "operator": "",
        "access": "",
        "fee": "unknown",
        "charge": "",
        "capacity": "",
        "opening_hours": "",
        "website": "",
        "confidence": 0.35,
        "last_verified_source": "OpenStreetMap via Overpass",
        "raw_tags": {
          "amenity": "parking",
          "building": "yes",
          "height": "9",
          "parking": "multi-storey"
        },
        "geometry_note": "Approximate display polygon generated from point/center. Production should use parcel, building, lot footprint, or authoritative GIS polygon.",
        "source_name": "OpenStreetMap via Overpass",
        "source_url": "https://www.openstreetmap.org/",
        "api_url": "https://overpass-api.de/api/interpreter",
        "evidence_url": "https://www.openstreetmap.org/way/256089235",
        "payment_url": null,
        "booking_url": null,
        "price_status": "unknown",
        "rule_status": "unknown",
        "enrichment_status": "needs_review",
        "existence_status": "candidate",
        "city": "San Francisco",
        "state": "CA",
        "geometry_quality": "osm_display_fallback",
        "provenance_note": "OpenStreetMap-derived candidate/probable parking zone; verify against official/operator sources before treating as authoritative."
      }
    },
    {
      "type": "Feature",
      "geometry": {
        "type": "Polygon",
        "coordinates": [
          [
            [
              -122.4217774,
              37.7757243
            ],
            [
              -122.4215374,
              37.7757243
            ],
            [
              -122.4215374,
              37.775964300000005
            ],
            [
              -122.4217774,
              37.775964300000005
            ],
            [
              -122.4217774,
              37.7757243
            ]
          ]
        ]
      },
      "properties": {
        "source_id": "osm:way:256720491",
        "name": "Parking area",
        "facility_type": "parking",
        "operator": "",
        "access": "private",
        "fee": "unknown",
        "charge": "",
        "capacity": "",
        "opening_hours": "",
        "website": "",
        "confidence": 0.35,
        "last_verified_source": "OpenStreetMap via Overpass",
        "raw_tags": {
          "access": "private",
          "amenity": "parking",
          "ele": "19"
        },
        "geometry_note": "Approximate display polygon generated from point/center. Production should use parcel, building, lot footprint, or authoritative GIS polygon.",
        "source_name": "OpenStreetMap via Overpass",
        "source_url": "https://www.openstreetmap.org/",
        "api_url": "https://overpass-api.de/api/interpreter",
        "evidence_url": "https://www.openstreetmap.org/way/256720491",
        "payment_url": null,
        "booking_url": null,
        "price_status": "unknown",
        "rule_status": "unknown",
        "enrichment_status": "needs_review",
        "existence_status": "candidate",
        "city": "San Francisco",
        "state": "CA",
        "geometry_quality": "osm_display_fallback",
        "provenance_note": "OpenStreetMap-derived candidate/probable parking zone; verify against official/operator sources before treating as authoritative."
      }
    },
    {
      "type": "Feature",
      "geometry": {
        "type": "Polygon",
        "coordinates": [
          [
            [
              -122.408037,
              37.765450699999995
            ],
            [
              -122.407797,
              37.765450699999995
            ],
            [
              -122.407797,
              37.7656907
            ],
            [
              -122.408037,
              37.7656907
            ],
            [
              -122.408037,
              37.765450699999995
            ]
          ]
        ]
      },
      "properties": {
        "source_id": "osm:way:256807301",
        "name": "Parking area",
        "facility_type": "surface",
        "operator": "",
        "access": "customers",
        "fee": "unknown",
        "charge": "",
        "capacity": "",
        "opening_hours": "",
        "website": "",
        "confidence": 0.35,
        "last_verified_source": "OpenStreetMap via Overpass",
        "raw_tags": {
          "access": "customers",
          "amenity": "parking",
          "parking": "surface",
          "source": "survey"
        },
        "geometry_note": "Approximate display polygon generated from point/center. Production should use parcel, building, lot footprint, or authoritative GIS polygon.",
        "source_name": "OpenStreetMap via Overpass",
        "source_url": "https://www.openstreetmap.org/",
        "api_url": "https://overpass-api.de/api/interpreter",
        "evidence_url": "https://www.openstreetmap.org/way/256807301",
        "payment_url": null,
        "booking_url": null,
        "price_status": "unknown",
        "rule_status": "unknown",
        "enrichment_status": "needs_review",
        "existence_status": "candidate",
        "city": "San Francisco",
        "state": "CA",
        "geometry_quality": "osm_display_fallback",
        "provenance_note": "OpenStreetMap-derived candidate/probable parking zone; verify against official/operator sources before treating as authoritative."
      }
    },
    {
      "type": "Feature",
      "geometry": {
        "type": "Polygon",
        "coordinates": [
          [
            [
              -122.40847199999999,
              37.789524799999995
            ],
            [
              -122.408232,
              37.789524799999995
            ],
            [
              -122.408232,
              37.7897648
            ],
            [
              -122.40847199999999,
              37.7897648
            ],
            [
              -122.40847199999999,
              37.789524799999995
            ]
          ]
        ]
      },
      "properties": {
        "source_id": "osm:way:256917335",
        "name": "Parking area",
        "facility_type": "multi-storey",
        "operator": "",
        "access": "",
        "fee": "unknown",
        "charge": "",
        "capacity": "",
        "opening_hours": "",
        "website": "",
        "confidence": 0.35,
        "last_verified_source": "OpenStreetMap via Overpass",
        "raw_tags": {
          "amenity": "parking",
          "building": "yes",
          "building:levels": "4",
          "parking": "multi-storey"
        },
        "geometry_note": "Approximate display polygon generated from point/center. Production should use parcel, building, lot footprint, or authoritative GIS polygon.",
        "source_name": "OpenStreetMap via Overpass",
        "source_url": "https://www.openstreetmap.org/",
        "api_url": "https://overpass-api.de/api/interpreter",
        "evidence_url": "https://www.openstreetmap.org/way/256917335",
        "payment_url": null,
        "booking_url": null,
        "price_status": "unknown",
        "rule_status": "unknown",
        "enrichment_status": "needs_review",
        "existence_status": "candidate",
        "city": "San Francisco",
        "state": "CA",
        "geometry_quality": "osm_display_fallback",
        "provenance_note": "OpenStreetMap-derived candidate/probable parking zone; verify against official/operator sources before treating as authoritative."
      }
    },
    {
      "type": "Feature",
      "geometry": {
        "type": "Polygon",
        "coordinates": [
          [
            [
              -122.4098231,
              37.793141299999995
            ],
            [
              -122.4095831,
              37.793141299999995
            ],
            [
              -122.4095831,
              37.7933813
            ],
            [
              -122.4098231,
              37.7933813
            ],
            [
              -122.4098231,
              37.793141299999995
            ]
          ]
        ]
      },
      "properties": {
        "source_id": "osm:way:259264591",
        "name": "Annex Garage",
        "facility_type": "multi-storey",
        "operator": "",
        "access": "",
        "fee": "unknown",
        "charge": "",
        "capacity": "",
        "opening_hours": "",
        "website": "",
        "confidence": 0.35,
        "last_verified_source": "OpenStreetMap via Overpass",
        "raw_tags": {
          "addr:housenumber": "925",
          "addr:street": "Powell Street",
          "amenity": "parking",
          "building": "yes",
          "name": "Annex Garage",
          "parking": "multi-storey"
        },
        "geometry_note": "Approximate display polygon generated from point/center. Production should use parcel, building, lot footprint, or authoritative GIS polygon.",
        "source_name": "OpenStreetMap via Overpass",
        "source_url": "https://www.openstreetmap.org/",
        "api_url": "https://overpass-api.de/api/interpreter",
        "evidence_url": "https://www.openstreetmap.org/way/259264591",
        "payment_url": null,
        "booking_url": null,
        "price_status": "unknown",
        "rule_status": "unknown",
        "enrichment_status": "needs_review",
        "existence_status": "probable",
        "city": "San Francisco",
        "state": "CA",
        "geometry_quality": "osm_display_fallback",
        "provenance_note": "OpenStreetMap-derived candidate/probable parking zone; verify against official/operator sources before treating as authoritative."
      }
    },
    {
      "type": "Feature",
      "geometry": {
        "type": "Polygon",
        "coordinates": [
          [
            [
              -122.4164088,
              37.790335999999996
            ],
            [
              -122.41616880000001,
              37.790335999999996
            ],
            [
              -122.41616880000001,
              37.790576
            ],
            [
              -122.4164088,
              37.790576
            ],
            [
              -122.4164088,
              37.790335999999996
            ]
          ]
        ]
      },
      "properties": {
        "source_id": "osm:way:259922708",
        "name": "Parking area",
        "facility_type": "multi-storey",
        "operator": "",
        "access": "",
        "fee": "unknown",
        "charge": "",
        "capacity": "",
        "opening_hours": "",
        "website": "",
        "confidence": 0.35,
        "last_verified_source": "OpenStreetMap via Overpass",
        "raw_tags": {
          "addr:housenumber": "1230;1234;1240",
          "addr:street": "Pine Street",
          "amenity": "parking",
          "building": "yes",
          "height": "12",
          "parking": "multi-storey"
        },
        "geometry_note": "Approximate display polygon generated from point/center. Production should use parcel, building, lot footprint, or authoritative GIS polygon.",
        "source_name": "OpenStreetMap via Overpass",
        "source_url": "https://www.openstreetmap.org/",
        "api_url": "https://overpass-api.de/api/interpreter",
        "evidence_url": "https://www.openstreetmap.org/way/259922708",
        "payment_url": null,
        "booking_url": null,
        "price_status": "unknown",
        "rule_status": "unknown",
        "enrichment_status": "needs_review",
        "existence_status": "candidate",
        "city": "San Francisco",
        "state": "CA",
        "geometry_quality": "osm_display_fallback",
        "provenance_note": "OpenStreetMap-derived candidate/probable parking zone; verify against official/operator sources before treating as authoritative."
      }
    },
    {
      "type": "Feature",
      "geometry": {
        "type": "Polygon",
        "coordinates": [
          [
            [
              -122.41372539999999,
              37.7911285
            ],
            [
              -122.4134854,
              37.7911285
            ],
            [
              -122.4134854,
              37.791368500000004
            ],
            [
              -122.41372539999999,
              37.791368500000004
            ],
            [
              -122.41372539999999,
              37.7911285
            ]
          ]
        ]
      },
      "properties": {
        "source_id": "osm:way:259924357",
        "name": "Parking area",
        "facility_type": "parking",
        "operator": "",
        "access": "private",
        "fee": "unknown",
        "charge": "",
        "capacity": "",
        "opening_hours": "",
        "website": "",
        "confidence": 0.35,
        "last_verified_source": "OpenStreetMap via Overpass",
        "raw_tags": {
          "access": "private",
          "amenity": "parking"
        },
        "geometry_note": "Approximate display polygon generated from point/center. Production should use parcel, building, lot footprint, or authoritative GIS polygon.",
        "source_name": "OpenStreetMap via Overpass",
        "source_url": "https://www.openstreetmap.org/",
        "api_url": "https://overpass-api.de/api/interpreter",
        "evidence_url": "https://www.openstreetmap.org/way/259924357",
        "payment_url": null,
        "booking_url": null,
        "price_status": "unknown",
        "rule_status": "unknown",
        "enrichment_status": "needs_review",
        "existence_status": "candidate",
        "city": "San Francisco",
        "state": "CA",
        "geometry_quality": "osm_display_fallback",
        "provenance_note": "OpenStreetMap-derived candidate/probable parking zone; verify against official/operator sources before treating as authoritative."
      }
    },
    {
      "type": "Feature",
      "geometry": {
        "type": "Polygon",
        "coordinates": [
          [
            [
              -122.4131558,
              37.784170599999996
            ],
            [
              -122.41291580000001,
              37.784170599999996
            ],
            [
              -122.41291580000001,
              37.7844106
            ],
            [
              -122.4131558,
              37.7844106
            ],
            [
              -122.4131558,
              37.784170599999996
            ]
          ]
        ]
      },
      "properties": {
        "source_id": "osm:way:259979006",
        "name": "EZ Public Parking",
        "facility_type": "multi-storey",
        "operator": "",
        "access": "",
        "fee": "unknown",
        "charge": "",
        "capacity": "",
        "opening_hours": "Su-Th 06:00-23:30; Fr,Sa 06:00-02:00",
        "website": "http://ezpublicparking.com",
        "confidence": 0.35,
        "last_verified_source": "OpenStreetMap via Overpass",
        "raw_tags": {
          "addr:city": "San Francisco",
          "addr:housenumber": "333",
          "addr:postcode": "94102",
          "addr:state": "CA",
          "addr:street": "Jones Street",
          "amenity": "parking",
          "building": "yes",
          "contact:facebook": "https://www.facebook.com/EZ-Public-Parking-308637462494250/",
          "height": "10",
          "name": "EZ Public Parking",
          "opening_hours": "Su-Th 06:00-23:30; Fr,Sa 06:00-02:00",
          "parking": "multi-storey",
          "payment:american_express": "yes",
          "payment:cash": "yes",
          "payment:cheque": "yes",
          "payment:discover_card": "yes",
          "payment:mastercard": "yes",
          "payment:visa": "yes",
          "phone": "+1 415-508-7275",
          "website": "http://ezpublicparking.com"
        },
        "geometry_note": "Approximate display polygon generated from point/center. Production should use parcel, building, lot footprint, or authoritative GIS polygon.",
        "source_name": "OpenStreetMap via Overpass",
        "source_url": "https://www.openstreetmap.org/",
        "api_url": "https://overpass-api.de/api/interpreter",
        "evidence_url": "https://www.openstreetmap.org/way/259979006",
        "payment_url": null,
        "booking_url": null,
        "price_status": "unknown",
        "rule_status": "partial",
        "enrichment_status": "needs_review",
        "existence_status": "probable",
        "city": "San Francisco",
        "state": "CA",
        "geometry_quality": "osm_display_fallback",
        "provenance_note": "OpenStreetMap-derived candidate/probable parking zone; verify against official/operator sources before treating as authoritative."
      }
    },
    {
      "type": "Feature",
      "geometry": {
        "type": "Polygon",
        "coordinates": [
          [
            [
              -122.4120391,
              37.7826758
            ],
            [
              -122.41179910000001,
              37.7826758
            ],
            [
              -122.41179910000001,
              37.782915800000005
            ],
            [
              -122.4120391,
              37.782915800000005
            ],
            [
              -122.4120391,
              37.7826758
            ]
          ]
        ]
      },
      "properties": {
        "source_id": "osm:way:260129388",
        "name": "Parking area",
        "facility_type": "multi-storey",
        "operator": "",
        "access": "",
        "fee": "unknown",
        "charge": "",
        "capacity": "",
        "opening_hours": "",
        "website": "",
        "confidence": 0.35,
        "last_verified_source": "OpenStreetMap via Overpass",
        "raw_tags": {
          "addr:housenumber": "175",
          "addr:street": "Turk Street",
          "amenity": "parking",
          "building": "parking",
          "height": "20",
          "parking": "multi-storey"
        },
        "geometry_note": "Approximate display polygon generated from point/center. Production should use parcel, building, lot footprint, or authoritative GIS polygon.",
        "source_name": "OpenStreetMap via Overpass",
        "source_url": "https://www.openstreetmap.org/",
        "api_url": "https://overpass-api.de/api/interpreter",
        "evidence_url": "https://www.openstreetmap.org/way/260129388",
        "payment_url": null,
        "booking_url": null,
        "price_status": "unknown",
        "rule_status": "unknown",
        "enrichment_status": "needs_review",
        "existence_status": "candidate",
        "city": "San Francisco",
        "state": "CA",
        "geometry_quality": "osm_display_fallback",
        "provenance_note": "OpenStreetMap-derived candidate/probable parking zone; verify against official/operator sources before treating as authoritative."
      }
    },
    {
      "type": "Feature",
      "geometry": {
        "type": "Polygon",
        "coordinates": [
          [
            [
              -122.4154642,
              37.7831926
            ],
            [
              -122.41522420000001,
              37.7831926
            ],
            [
              -122.41522420000001,
              37.783432600000005
            ],
            [
              -122.4154642,
              37.783432600000005
            ],
            [
              -122.4154642,
              37.7831926
            ]
          ]
        ]
      },
      "properties": {
        "source_id": "osm:way:260142635",
        "name": "Golden Gate Parking",
        "facility_type": "parking",
        "operator": "Golden Gate Parking",
        "access": "",
        "fee": "yes",
        "charge": "",
        "capacity": "",
        "opening_hours": "",
        "website": "",
        "confidence": 0.35,
        "last_verified_source": "OpenStreetMap via Overpass",
        "raw_tags": {
          "addr:housenumber": "469",
          "addr:street": "Eddy Street",
          "amenity": "parking",
          "building": "yes",
          "fee": "yes",
          "height": "9",
          "operator": "Golden Gate Parking",
          "source": "survey"
        },
        "geometry_note": "Approximate display polygon generated from point/center. Production should use parcel, building, lot footprint, or authoritative GIS polygon.",
        "source_name": "OpenStreetMap via Overpass",
        "source_url": "https://www.openstreetmap.org/",
        "api_url": "https://overpass-api.de/api/interpreter",
        "evidence_url": "https://www.openstreetmap.org/way/260142635",
        "payment_url": null,
        "booking_url": null,
        "price_status": "paid_unknown",
        "rule_status": "unknown",
        "enrichment_status": "needs_review",
        "existence_status": "probable",
        "city": "San Francisco",
        "state": "CA",
        "geometry_quality": "osm_display_fallback",
        "provenance_note": "OpenStreetMap-derived candidate/probable parking zone; verify against official/operator sources before treating as authoritative."
      }
    },
    {
      "type": "Feature",
      "geometry": {
        "type": "Polygon",
        "coordinates": [
          [
            [
              -122.4236681,
              37.7944082
            ],
            [
              -122.42342810000001,
              37.7944082
            ],
            [
              -122.42342810000001,
              37.794648200000005
            ],
            [
              -122.4236681,
              37.794648200000005
            ],
            [
              -122.4236681,
              37.7944082
            ]
          ]
        ]
      },
      "properties": {
        "source_id": "osm:way:260390253",
        "name": "Parking area",
        "facility_type": "surface",
        "operator": "",
        "access": "",
        "fee": "unknown",
        "charge": "",
        "capacity": "",
        "opening_hours": "",
        "website": "",
        "confidence": 0.35,
        "last_verified_source": "OpenStreetMap via Overpass",
        "raw_tags": {
          "amenity": "parking",
          "parking": "surface",
          "surface": "asphalt"
        },
        "geometry_note": "Approximate display polygon generated from point/center. Production should use parcel, building, lot footprint, or authoritative GIS polygon.",
        "source_name": "OpenStreetMap via Overpass",
        "source_url": "https://www.openstreetmap.org/",
        "api_url": "https://overpass-api.de/api/interpreter",
        "evidence_url": "https://www.openstreetmap.org/way/260390253",
        "payment_url": null,
        "booking_url": null,
        "price_status": "unknown",
        "rule_status": "unknown",
        "enrichment_status": "needs_review",
        "existence_status": "candidate",
        "city": "San Francisco",
        "state": "CA",
        "geometry_quality": "osm_display_fallback",
        "provenance_note": "OpenStreetMap-derived candidate/probable parking zone; verify against official/operator sources before treating as authoritative."
      }
    },
    {
      "type": "Feature",
      "geometry": {
        "type": "Polygon",
        "coordinates": [
          [
            [
              -122.40963939999999,
              37.7951129
            ],
            [
              -122.4093994,
              37.7951129
            ],
            [
              -122.4093994,
              37.795352900000005
            ],
            [
              -122.40963939999999,
              37.795352900000005
            ],
            [
              -122.40963939999999,
              37.7951129
            ]
          ]
        ]
      },
      "properties": {
        "source_id": "osm:way:260916204",
        "name": "Chinese Hospital Parking Garage",
        "facility_type": "parking",
        "operator": "",
        "access": "",
        "fee": "unknown",
        "charge": "",
        "capacity": "",
        "opening_hours": "",
        "website": "",
        "confidence": 0.35,
        "last_verified_source": "OpenStreetMap via Overpass",
        "raw_tags": {
          "addr:housenumber": "1140",
          "addr:street": "Powell Street",
          "amenity": "parking",
          "building": "yes",
          "height": "11",
          "name": "Chinese Hospital Parking Garage"
        },
        "geometry_note": "Approximate display polygon generated from point/center. Production should use parcel, building, lot footprint, or authoritative GIS polygon.",
        "source_name": "OpenStreetMap via Overpass",
        "source_url": "https://www.openstreetmap.org/",
        "api_url": "https://overpass-api.de/api/interpreter",
        "evidence_url": "https://www.openstreetmap.org/way/260916204",
        "payment_url": null,
        "booking_url": null,
        "price_status": "unknown",
        "rule_status": "unknown",
        "enrichment_status": "needs_review",
        "existence_status": "probable",
        "city": "San Francisco",
        "state": "CA",
        "geometry_quality": "osm_display_fallback",
        "provenance_note": "OpenStreetMap-derived candidate/probable parking zone; verify against official/operator sources before treating as authoritative."
      }
    },
    {
      "type": "Feature",
      "geometry": {
        "type": "Polygon",
        "coordinates": [
          [
            [
              -122.4019762,
              37.772680799999996
            ],
            [
              -122.4017362,
              37.772680799999996
            ],
            [
              -122.4017362,
              37.7729208
            ],
            [
              -122.4019762,
              37.7729208
            ],
            [
              -122.4019762,
              37.772680799999996
            ]
          ]
        ]
      },
      "properties": {
        "source_id": "osm:way:264335387",
        "name": "Parking area",
        "facility_type": "parking",
        "operator": "",
        "access": "",
        "fee": "unknown",
        "charge": "",
        "capacity": "",
        "opening_hours": "",
        "website": "",
        "confidence": 0.35,
        "last_verified_source": "OpenStreetMap via Overpass",
        "raw_tags": {
          "amenity": "parking"
        },
        "geometry_note": "Approximate display polygon generated from point/center. Production should use parcel, building, lot footprint, or authoritative GIS polygon.",
        "source_name": "OpenStreetMap via Overpass",
        "source_url": "https://www.openstreetmap.org/",
        "api_url": "https://overpass-api.de/api/interpreter",
        "evidence_url": "https://www.openstreetmap.org/way/264335387",
        "payment_url": null,
        "booking_url": null,
        "price_status": "unknown",
        "rule_status": "unknown",
        "enrichment_status": "needs_review",
        "existence_status": "candidate",
        "city": "San Francisco",
        "state": "CA",
        "geometry_quality": "osm_display_fallback",
        "provenance_note": "OpenStreetMap-derived candidate/probable parking zone; verify against official/operator sources before treating as authoritative."
      }
    },
    {
      "type": "Feature",
      "geometry": {
        "type": "Polygon",
        "coordinates": [
          [
            [
              -122.4028486,
              37.798941899999996
            ],
            [
              -122.40260860000001,
              37.798941899999996
            ],
            [
              -122.40260860000001,
              37.7991819
            ],
            [
              -122.4028486,
              37.7991819
            ],
            [
              -122.4028486,
              37.798941899999996
            ]
          ]
        ]
      },
      "properties": {
        "source_id": "osm:way:264335388",
        "name": "Parking area",
        "facility_type": "multi-storey",
        "operator": "",
        "access": "",
        "fee": "unknown",
        "charge": "",
        "capacity": "",
        "opening_hours": "",
        "website": "",
        "confidence": 0.35,
        "last_verified_source": "OpenStreetMap via Overpass",
        "raw_tags": {
          "addr:housenumber": "955",
          "addr:street": "Sansome Street",
          "amenity": "parking",
          "building": "parking",
          "parking": "multi-storey"
        },
        "geometry_note": "Approximate display polygon generated from point/center. Production should use parcel, building, lot footprint, or authoritative GIS polygon.",
        "source_name": "OpenStreetMap via Overpass",
        "source_url": "https://www.openstreetmap.org/",
        "api_url": "https://overpass-api.de/api/interpreter",
        "evidence_url": "https://www.openstreetmap.org/way/264335388",
        "payment_url": null,
        "booking_url": null,
        "price_status": "unknown",
        "rule_status": "unknown",
        "enrichment_status": "needs_review",
        "existence_status": "candidate",
        "city": "San Francisco",
        "state": "CA",
        "geometry_quality": "osm_display_fallback",
        "provenance_note": "OpenStreetMap-derived candidate/probable parking zone; verify against official/operator sources before treating as authoritative."
      }
    },
    {
      "type": "Feature",
      "geometry": {
        "type": "Polygon",
        "coordinates": [
          [
            [
              -122.4103406,
              37.7904445
            ],
            [
              -122.4101006,
              37.7904445
            ],
            [
              -122.4101006,
              37.790684500000005
            ],
            [
              -122.4103406,
              37.790684500000005
            ],
            [
              -122.4103406,
              37.7904445
            ]
          ]
        ]
      },
      "properties": {
        "source_id": "osm:way:288500670",
        "name": "Grosvenor Suites",
        "facility_type": "multi-storey",
        "operator": "Grosvenor Suites",
        "access": "private",
        "fee": "unknown",
        "charge": "",
        "capacity": "",
        "opening_hours": "",
        "website": "",
        "confidence": 0.35,
        "last_verified_source": "OpenStreetMap via Overpass",
        "raw_tags": {
          "access": "private",
          "amenity": "parking",
          "building": "yes",
          "operator": "Grosvenor Suites",
          "parking": "multi-storey"
        },
        "geometry_note": "Approximate display polygon generated from point/center. Production should use parcel, building, lot footprint, or authoritative GIS polygon.",
        "source_name": "OpenStreetMap via Overpass",
        "source_url": "https://www.openstreetmap.org/",
        "api_url": "https://overpass-api.de/api/interpreter",
        "evidence_url": "https://www.openstreetmap.org/way/288500670",
        "payment_url": null,
        "booking_url": null,
        "price_status": "unknown",
        "rule_status": "unknown",
        "enrichment_status": "needs_review",
        "existence_status": "probable",
        "city": "San Francisco",
        "state": "CA",
        "geometry_quality": "osm_display_fallback",
        "provenance_note": "OpenStreetMap-derived candidate/probable parking zone; verify against official/operator sources before treating as authoritative."
      }
    },
    {
      "type": "Feature",
      "geometry": {
        "type": "Polygon",
        "coordinates": [
          [
            [
              -122.4108136,
              37.791241899999996
            ],
            [
              -122.4105736,
              37.791241899999996
            ],
            [
              -122.4105736,
              37.7914819
            ],
            [
              -122.4108136,
              37.7914819
            ],
            [
              -122.4108136,
              37.791241899999996
            ]
          ]
        ]
      },
      "properties": {
        "source_id": "osm:way:292210063",
        "name": "Parking area",
        "facility_type": "surface",
        "operator": "",
        "access": "yes",
        "fee": "no",
        "charge": "",
        "capacity": "",
        "opening_hours": "",
        "website": "",
        "confidence": 0.35,
        "last_verified_source": "OpenStreetMap via Overpass",
        "raw_tags": {
          "access": "yes",
          "addr:city": "San Francisco",
          "addr:postcode": "94108",
          "addr:street": "Mason Street",
          "amenity": "parking",
          "fee": "no",
          "park_ride": "no",
          "parking": "surface",
          "supervised": "no"
        },
        "geometry_note": "Approximate display polygon generated from point/center. Production should use parcel, building, lot footprint, or authoritative GIS polygon.",
        "source_name": "OpenStreetMap via Overpass",
        "source_url": "https://www.openstreetmap.org/",
        "api_url": "https://overpass-api.de/api/interpreter",
        "evidence_url": "https://www.openstreetmap.org/way/292210063",
        "payment_url": null,
        "booking_url": null,
        "price_status": "known_free",
        "rule_status": "unknown",
        "enrichment_status": "needs_review",
        "existence_status": "candidate",
        "city": "San Francisco",
        "state": "CA",
        "geometry_quality": "osm_display_fallback",
        "provenance_note": "OpenStreetMap-derived candidate/probable parking zone; verify against official/operator sources before treating as authoritative."
      }
    },
    {
      "type": "Feature",
      "geometry": {
        "type": "Polygon",
        "coordinates": [
          [
            [
              -122.4106285,
              37.790296899999994
            ],
            [
              -122.41038850000001,
              37.790296899999994
            ],
            [
              -122.41038850000001,
              37.7905369
            ],
            [
              -122.4106285,
              37.7905369
            ],
            [
              -122.4106285,
              37.790296899999994
            ]
          ]
        ]
      },
      "properties": {
        "source_id": "osm:way:292210064",
        "name": "Parking area",
        "facility_type": "surface",
        "operator": "",
        "access": "yes",
        "fee": "no",
        "charge": "",
        "capacity": "",
        "opening_hours": "",
        "website": "",
        "confidence": 0.35,
        "last_verified_source": "OpenStreetMap via Overpass",
        "raw_tags": {
          "access": "yes",
          "addr:city": "San Francisco",
          "addr:postcode": "94108",
          "addr:street": "Mason Street",
          "amenity": "parking",
          "fee": "no",
          "park_ride": "no",
          "parking": "surface",
          "supervised": "no"
        },
        "geometry_note": "Approximate display polygon generated from point/center. Production should use parcel, building, lot footprint, or authoritative GIS polygon.",
        "source_name": "OpenStreetMap via Overpass",
        "source_url": "https://www.openstreetmap.org/",
        "api_url": "https://overpass-api.de/api/interpreter",
        "evidence_url": "https://www.openstreetmap.org/way/292210064",
        "payment_url": null,
        "booking_url": null,
        "price_status": "known_free",
        "rule_status": "unknown",
        "enrichment_status": "needs_review",
        "existence_status": "candidate",
        "city": "San Francisco",
        "state": "CA",
        "geometry_quality": "osm_display_fallback",
        "provenance_note": "OpenStreetMap-derived candidate/probable parking zone; verify against official/operator sources before treating as authoritative."
      }
    },
    {
      "type": "Feature",
      "geometry": {
        "type": "Polygon",
        "coordinates": [
          [
            [
              -122.4165946,
              37.7706558
            ],
            [
              -122.4163546,
              37.7706558
            ],
            [
              -122.4163546,
              37.770895800000005
            ],
            [
              -122.4165946,
              37.770895800000005
            ],
            [
              -122.4165946,
              37.7706558
            ]
          ]
        ]
      },
      "properties": {
        "source_id": "osm:way:309122383",
        "name": "Parking area",
        "facility_type": "surface",
        "operator": "",
        "access": "customers",
        "fee": "unknown",
        "charge": "",
        "capacity": "",
        "opening_hours": "",
        "website": "",
        "confidence": 0.35,
        "last_verified_source": "OpenStreetMap via Overpass",
        "raw_tags": {
          "access": "customers",
          "amenity": "parking",
          "parking": "surface"
        },
        "geometry_note": "Approximate display polygon generated from point/center. Production should use parcel, building, lot footprint, or authoritative GIS polygon.",
        "source_name": "OpenStreetMap via Overpass",
        "source_url": "https://www.openstreetmap.org/",
        "api_url": "https://overpass-api.de/api/interpreter",
        "evidence_url": "https://www.openstreetmap.org/way/309122383",
        "payment_url": null,
        "booking_url": null,
        "price_status": "unknown",
        "rule_status": "unknown",
        "enrichment_status": "needs_review",
        "existence_status": "candidate",
        "city": "San Francisco",
        "state": "CA",
        "geometry_quality": "osm_display_fallback",
        "provenance_note": "OpenStreetMap-derived candidate/probable parking zone; verify against official/operator sources before treating as authoritative."
      }
    },
    {
      "type": "Feature",
      "geometry": {
        "type": "Polygon",
        "coordinates": [
          [
            [
              -122.3946014,
              37.7777111
            ],
            [
              -122.39436140000001,
              37.7777111
            ],
            [
              -122.39436140000001,
              37.7779511
            ],
            [
              -122.3946014,
              37.7779511
            ],
            [
              -122.3946014,
              37.7777111
            ]
          ]
        ]
      },
      "properties": {
        "source_id": "osm:way:311723348",
        "name": "Parking area",
        "facility_type": "surface",
        "operator": "",
        "access": "customers",
        "fee": "no",
        "charge": "",
        "capacity": "",
        "opening_hours": "",
        "website": "",
        "confidence": 0.35,
        "last_verified_source": "OpenStreetMap via Overpass",
        "raw_tags": {
          "access": "customers",
          "amenity": "parking",
          "check_date:fee": "2023-04-02",
          "fee": "no",
          "parking": "surface"
        },
        "geometry_note": "Approximate display polygon generated from point/center. Production should use parcel, building, lot footprint, or authoritative GIS polygon.",
        "source_name": "OpenStreetMap via Overpass",
        "source_url": "https://www.openstreetmap.org/",
        "api_url": "https://overpass-api.de/api/interpreter",
        "evidence_url": "https://www.openstreetmap.org/way/311723348",
        "payment_url": null,
        "booking_url": null,
        "price_status": "known_free",
        "rule_status": "unknown",
        "enrichment_status": "needs_review",
        "existence_status": "candidate",
        "city": "San Francisco",
        "state": "CA",
        "geometry_quality": "osm_display_fallback",
        "provenance_note": "OpenStreetMap-derived candidate/probable parking zone; verify against official/operator sources before treating as authoritative."
      }
    },
    {
      "type": "Feature",
      "geometry": {
        "type": "Polygon",
        "coordinates": [
          [
            [
              -122.4066132,
              37.789876199999995
            ],
            [
              -122.4063732,
              37.789876199999995
            ],
            [
              -122.4063732,
              37.7901162
            ],
            [
              -122.4066132,
              37.7901162
            ],
            [
              -122.4066132,
              37.789876199999995
            ]
          ]
        ]
      },
      "properties": {
        "source_id": "osm:way:332238072",
        "name": "Sutter Stockton Garage",
        "facility_type": "multi-storey",
        "operator": "SFMTA",
        "access": "yes",
        "fee": "yes",
        "charge": "",
        "capacity": "1865",
        "opening_hours": "",
        "website": "",
        "confidence": 0.35,
        "last_verified_source": "OpenStreetMap via Overpass",
        "raw_tags": {
          "access": "yes",
          "addr:city": "San Francisco",
          "addr:housenumber": "444",
          "addr:postcode": "94108",
          "addr:state": "CA",
          "addr:street": "Stockton Street",
          "amenity": "parking",
          "building": "yes",
          "building:levels": "10",
          "capacity": "1865",
          "fee": "yes",
          "height": "30",
          "name": "Sutter Stockton Garage",
          "operator": "SFMTA",
          "parking": "multi-storey",
          "roof:shape": "flat",
          "supervised": "yes",
          "wheelchair": "yes"
        },
        "geometry_note": "Approximate display polygon generated from point/center. Production should use parcel, building, lot footprint, or authoritative GIS polygon.",
        "source_name": "OpenStreetMap via Overpass",
        "source_url": "https://www.openstreetmap.org/",
        "api_url": "https://overpass-api.de/api/interpreter",
        "evidence_url": "https://www.openstreetmap.org/way/332238072",
        "payment_url": null,
        "booking_url": null,
        "price_status": "paid_unknown",
        "rule_status": "unknown",
        "enrichment_status": "needs_review",
        "existence_status": "probable",
        "city": "San Francisco",
        "state": "CA",
        "geometry_quality": "osm_display_fallback",
        "provenance_note": "OpenStreetMap-derived candidate/probable parking zone; verify against official/operator sources before treating as authoritative."
      }
    },
    {
      "type": "Feature",
      "geometry": {
        "type": "Polygon",
        "coordinates": [
          [
            [
              -122.41384049999999,
              37.7737463
            ],
            [
              -122.4136005,
              37.7737463
            ],
            [
              -122.4136005,
              37.773986300000004
            ],
            [
              -122.41384049999999,
              37.773986300000004
            ],
            [
              -122.41384049999999,
              37.7737463
            ]
          ]
        ]
      },
      "properties": {
        "source_id": "osm:way:350719350",
        "name": "Parking area",
        "facility_type": "parking",
        "operator": "",
        "access": "",
        "fee": "unknown",
        "charge": "",
        "capacity": "",
        "opening_hours": "",
        "website": "",
        "confidence": 0.35,
        "last_verified_source": "OpenStreetMap via Overpass",
        "raw_tags": {
          "amenity": "parking"
        },
        "geometry_note": "Approximate display polygon generated from point/center. Production should use parcel, building, lot footprint, or authoritative GIS polygon.",
        "source_name": "OpenStreetMap via Overpass",
        "source_url": "https://www.openstreetmap.org/",
        "api_url": "https://overpass-api.de/api/interpreter",
        "evidence_url": "https://www.openstreetmap.org/way/350719350",
        "payment_url": null,
        "booking_url": null,
        "price_status": "unknown",
        "rule_status": "unknown",
        "enrichment_status": "needs_review",
        "existence_status": "candidate",
        "city": "San Francisco",
        "state": "CA",
        "geometry_quality": "osm_display_fallback",
        "provenance_note": "OpenStreetMap-derived candidate/probable parking zone; verify against official/operator sources before treating as authoritative."
      }
    },
    {
      "type": "Feature",
      "geometry": {
        "type": "Polygon",
        "coordinates": [
          [
            [
              -122.4051169,
              37.7728271
            ],
            [
              -122.4048769,
              37.7728271
            ],
            [
              -122.4048769,
              37.773067100000006
            ],
            [
              -122.4051169,
              37.773067100000006
            ],
            [
              -122.4051169,
              37.7728271
            ]
          ]
        ]
      },
      "properties": {
        "source_id": "osm:way:353557948",
        "name": "Parking area",
        "facility_type": "surface",
        "operator": "",
        "access": "customers",
        "fee": "unknown",
        "charge": "",
        "capacity": "",
        "opening_hours": "",
        "website": "",
        "confidence": 0.35,
        "last_verified_source": "OpenStreetMap via Overpass",
        "raw_tags": {
          "access": "customers",
          "amenity": "parking",
          "parking": "surface",
          "surface": "asphalt"
        },
        "geometry_note": "Approximate display polygon generated from point/center. Production should use parcel, building, lot footprint, or authoritative GIS polygon.",
        "source_name": "OpenStreetMap via Overpass",
        "source_url": "https://www.openstreetmap.org/",
        "api_url": "https://overpass-api.de/api/interpreter",
        "evidence_url": "https://www.openstreetmap.org/way/353557948",
        "payment_url": null,
        "booking_url": null,
        "price_status": "unknown",
        "rule_status": "unknown",
        "enrichment_status": "needs_review",
        "existence_status": "candidate",
        "city": "San Francisco",
        "state": "CA",
        "geometry_quality": "osm_display_fallback",
        "provenance_note": "OpenStreetMap-derived candidate/probable parking zone; verify against official/operator sources before treating as authoritative."
      }
    },
    {
      "type": "Feature",
      "geometry": {
        "type": "Polygon",
        "coordinates": [
          [
            [
              -122.4045233,
              37.7727922
            ],
            [
              -122.4042833,
              37.7727922
            ],
            [
              -122.4042833,
              37.7730322
            ],
            [
              -122.4045233,
              37.7730322
            ],
            [
              -122.4045233,
              37.7727922
            ]
          ]
        ]
      },
      "properties": {
        "source_id": "osm:way:353558796",
        "name": "Parking area",
        "facility_type": "surface",
        "operator": "",
        "access": "private",
        "fee": "unknown",
        "charge": "",
        "capacity": "",
        "opening_hours": "",
        "website": "",
        "confidence": 0.35,
        "last_verified_source": "OpenStreetMap via Overpass",
        "raw_tags": {
          "access": "private",
          "amenity": "parking",
          "parking": "surface"
        },
        "geometry_note": "Approximate display polygon generated from point/center. Production should use parcel, building, lot footprint, or authoritative GIS polygon.",
        "source_name": "OpenStreetMap via Overpass",
        "source_url": "https://www.openstreetmap.org/",
        "api_url": "https://overpass-api.de/api/interpreter",
        "evidence_url": "https://www.openstreetmap.org/way/353558796",
        "payment_url": null,
        "booking_url": null,
        "price_status": "unknown",
        "rule_status": "unknown",
        "enrichment_status": "needs_review",
        "existence_status": "candidate",
        "city": "San Francisco",
        "state": "CA",
        "geometry_quality": "osm_display_fallback",
        "provenance_note": "OpenStreetMap-derived candidate/probable parking zone; verify against official/operator sources before treating as authoritative."
      }
    },
    {
      "type": "Feature",
      "geometry": {
        "type": "Polygon",
        "coordinates": [
          [
            [
              -122.4021628,
              37.7704587
            ],
            [
              -122.40192280000001,
              37.7704587
            ],
            [
              -122.40192280000001,
              37.770698700000004
            ],
            [
              -122.4021628,
              37.770698700000004
            ],
            [
              -122.4021628,
              37.7704587
            ]
          ]
        ]
      },
      "properties": {
        "source_id": "osm:way:356479005",
        "name": "Parking area",
        "facility_type": "multi-storey",
        "operator": "",
        "access": "unknown",
        "fee": "unknown",
        "charge": "",
        "capacity": "",
        "opening_hours": "",
        "website": "",
        "confidence": 0.35,
        "last_verified_source": "OpenStreetMap via Overpass",
        "raw_tags": {
          "access": "unknown",
          "addr:housenumber": "650",
          "addr:street": "King Street",
          "amenity": "parking",
          "building:part": "yes",
          "parking": "multi-storey"
        },
        "geometry_note": "Approximate display polygon generated from point/center. Production should use parcel, building, lot footprint, or authoritative GIS polygon.",
        "source_name": "OpenStreetMap via Overpass",
        "source_url": "https://www.openstreetmap.org/",
        "api_url": "https://overpass-api.de/api/interpreter",
        "evidence_url": "https://www.openstreetmap.org/way/356479005",
        "payment_url": null,
        "booking_url": null,
        "price_status": "unknown",
        "rule_status": "unknown",
        "enrichment_status": "needs_review",
        "existence_status": "candidate",
        "city": "San Francisco",
        "state": "CA",
        "geometry_quality": "osm_display_fallback",
        "provenance_note": "OpenStreetMap-derived candidate/probable parking zone; verify against official/operator sources before treating as authoritative."
      }
    },
    {
      "type": "Feature",
      "geometry": {
        "type": "Polygon",
        "coordinates": [
          [
            [
              -122.4237867,
              37.7897621
            ],
            [
              -122.4235467,
              37.7897621
            ],
            [
              -122.4235467,
              37.7900021
            ],
            [
              -122.4237867,
              37.7900021
            ],
            [
              -122.4237867,
              37.7897621
            ]
          ]
        ]
      },
      "properties": {
        "source_id": "osm:way:359619979",
        "name": "Parking area",
        "facility_type": "parking",
        "operator": "",
        "access": "",
        "fee": "unknown",
        "charge": "",
        "capacity": "",
        "opening_hours": "",
        "website": "",
        "confidence": 0.35,
        "last_verified_source": "OpenStreetMap via Overpass",
        "raw_tags": {
          "amenity": "parking"
        },
        "geometry_note": "Approximate display polygon generated from point/center. Production should use parcel, building, lot footprint, or authoritative GIS polygon.",
        "source_name": "OpenStreetMap via Overpass",
        "source_url": "https://www.openstreetmap.org/",
        "api_url": "https://overpass-api.de/api/interpreter",
        "evidence_url": "https://www.openstreetmap.org/way/359619979",
        "payment_url": null,
        "booking_url": null,
        "price_status": "unknown",
        "rule_status": "unknown",
        "enrichment_status": "needs_review",
        "existence_status": "candidate",
        "city": "San Francisco",
        "state": "CA",
        "geometry_quality": "osm_display_fallback",
        "provenance_note": "OpenStreetMap-derived candidate/probable parking zone; verify against official/operator sources before treating as authoritative."
      }
    },
    {
      "type": "Feature",
      "geometry": {
        "type": "Polygon",
        "coordinates": [
          [
            [
              -122.4030758,
              37.804020699999995
            ],
            [
              -122.4028358,
              37.804020699999995
            ],
            [
              -122.4028358,
              37.8042607
            ],
            [
              -122.4030758,
              37.8042607
            ],
            [
              -122.4030758,
              37.804020699999995
            ]
          ]
        ]
      },
      "properties": {
        "source_id": "osm:way:359899270",
        "name": "Parking area",
        "facility_type": "lane",
        "operator": "",
        "access": "",
        "fee": "unknown",
        "charge": "",
        "capacity": "",
        "opening_hours": "",
        "website": "",
        "confidence": 0.35,
        "last_verified_source": "OpenStreetMap via Overpass",
        "raw_tags": {
          "amenity": "parking",
          "parking": "lane",
          "surface": "asphalt"
        },
        "geometry_note": "Approximate display polygon generated from point/center. Production should use parcel, building, lot footprint, or authoritative GIS polygon.",
        "source_name": "OpenStreetMap via Overpass",
        "source_url": "https://www.openstreetmap.org/",
        "api_url": "https://overpass-api.de/api/interpreter",
        "evidence_url": "https://www.openstreetmap.org/way/359899270",
        "payment_url": null,
        "booking_url": null,
        "price_status": "unknown",
        "rule_status": "unknown",
        "enrichment_status": "needs_review",
        "existence_status": "candidate",
        "city": "San Francisco",
        "state": "CA",
        "geometry_quality": "osm_display_fallback",
        "provenance_note": "OpenStreetMap-derived candidate/probable parking zone; verify against official/operator sources before treating as authoritative."
      }
    },
    {
      "type": "Feature",
      "geometry": {
        "type": "Polygon",
        "coordinates": [
          [
            [
              -122.4174146,
              37.783788699999995
            ],
            [
              -122.41717460000001,
              37.783788699999995
            ],
            [
              -122.41717460000001,
              37.7840287
            ],
            [
              -122.4174146,
              37.7840287
            ],
            [
              -122.4174146,
              37.783788699999995
            ]
          ]
        ]
      },
      "properties": {
        "source_id": "osm:way:360264169",
        "name": "Parking area",
        "facility_type": "parking",
        "operator": "",
        "access": "",
        "fee": "unknown",
        "charge": "",
        "capacity": "",
        "opening_hours": "",
        "website": "",
        "confidence": 0.35,
        "last_verified_source": "OpenStreetMap via Overpass",
        "raw_tags": {
          "amenity": "parking"
        },
        "geometry_note": "Approximate display polygon generated from point/center. Production should use parcel, building, lot footprint, or authoritative GIS polygon.",
        "source_name": "OpenStreetMap via Overpass",
        "source_url": "https://www.openstreetmap.org/",
        "api_url": "https://overpass-api.de/api/interpreter",
        "evidence_url": "https://www.openstreetmap.org/way/360264169",
        "payment_url": null,
        "booking_url": null,
        "price_status": "unknown",
        "rule_status": "unknown",
        "enrichment_status": "needs_review",
        "existence_status": "candidate",
        "city": "San Francisco",
        "state": "CA",
        "geometry_quality": "osm_display_fallback",
        "provenance_note": "OpenStreetMap-derived candidate/probable parking zone; verify against official/operator sources before treating as authoritative."
      }
    },
    {
      "type": "Feature",
      "geometry": {
        "type": "Polygon",
        "coordinates": [
          [
            [
              -122.4121546,
              37.7713544
            ],
            [
              -122.4119146,
              37.7713544
            ],
            [
              -122.4119146,
              37.771594400000005
            ],
            [
              -122.4121546,
              37.771594400000005
            ],
            [
              -122.4121546,
              37.7713544
            ]
          ]
        ]
      },
      "properties": {
        "source_id": "osm:way:361063293",
        "name": "Parking area",
        "facility_type": "parking",
        "operator": "",
        "access": "",
        "fee": "unknown",
        "charge": "",
        "capacity": "",
        "opening_hours": "",
        "website": "",
        "confidence": 0.35,
        "last_verified_source": "OpenStreetMap via Overpass",
        "raw_tags": {
          "amenity": "parking"
        },
        "geometry_note": "Approximate display polygon generated from point/center. Production should use parcel, building, lot footprint, or authoritative GIS polygon.",
        "source_name": "OpenStreetMap via Overpass",
        "source_url": "https://www.openstreetmap.org/",
        "api_url": "https://overpass-api.de/api/interpreter",
        "evidence_url": "https://www.openstreetmap.org/way/361063293",
        "payment_url": null,
        "booking_url": null,
        "price_status": "unknown",
        "rule_status": "unknown",
        "enrichment_status": "needs_review",
        "existence_status": "candidate",
        "city": "San Francisco",
        "state": "CA",
        "geometry_quality": "osm_display_fallback",
        "provenance_note": "OpenStreetMap-derived candidate/probable parking zone; verify against official/operator sources before treating as authoritative."
      }
    },
    {
      "type": "Feature",
      "geometry": {
        "type": "Polygon",
        "coordinates": [
          [
            [
              -122.41938139999999,
              37.7874923
            ],
            [
              -122.4191414,
              37.7874923
            ],
            [
              -122.4191414,
              37.7877323
            ],
            [
              -122.41938139999999,
              37.7877323
            ],
            [
              -122.41938139999999,
              37.7874923
            ]
          ]
        ]
      },
      "properties": {
        "source_id": "osm:way:365618225",
        "name": "Parking area",
        "facility_type": "surface",
        "operator": "",
        "access": "private",
        "fee": "unknown",
        "charge": "",
        "capacity": "",
        "opening_hours": "",
        "website": "",
        "confidence": 0.35,
        "last_verified_source": "OpenStreetMap via Overpass",
        "raw_tags": {
          "access": "private",
          "amenity": "parking",
          "parking": "surface"
        },
        "geometry_note": "Approximate display polygon generated from point/center. Production should use parcel, building, lot footprint, or authoritative GIS polygon.",
        "source_name": "OpenStreetMap via Overpass",
        "source_url": "https://www.openstreetmap.org/",
        "api_url": "https://overpass-api.de/api/interpreter",
        "evidence_url": "https://www.openstreetmap.org/way/365618225",
        "payment_url": null,
        "booking_url": null,
        "price_status": "unknown",
        "rule_status": "unknown",
        "enrichment_status": "needs_review",
        "existence_status": "candidate",
        "city": "San Francisco",
        "state": "CA",
        "geometry_quality": "osm_display_fallback",
        "provenance_note": "OpenStreetMap-derived candidate/probable parking zone; verify against official/operator sources before treating as authoritative."
      }
    },
    {
      "type": "Feature",
      "geometry": {
        "type": "Polygon",
        "coordinates": [
          [
            [
              -122.38845549999999,
              37.7790016
            ],
            [
              -122.3882155,
              37.7790016
            ],
            [
              -122.3882155,
              37.779241600000006
            ],
            [
              -122.38845549999999,
              37.779241600000006
            ],
            [
              -122.38845549999999,
              37.7790016
            ]
          ]
        ]
      },
      "properties": {
        "source_id": "osm:way:368215209",
        "name": "Fan Lot",
        "facility_type": "parking",
        "operator": "",
        "access": "",
        "fee": "unknown",
        "charge": "",
        "capacity": "",
        "opening_hours": "",
        "website": "",
        "confidence": 0.35,
        "last_verified_source": "OpenStreetMap via Overpass",
        "raw_tags": {
          "amenity": "parking",
          "name": "Fan Lot"
        },
        "geometry_note": "Approximate display polygon generated from point/center. Production should use parcel, building, lot footprint, or authoritative GIS polygon.",
        "source_name": "OpenStreetMap via Overpass",
        "source_url": "https://www.openstreetmap.org/",
        "api_url": "https://overpass-api.de/api/interpreter",
        "evidence_url": "https://www.openstreetmap.org/way/368215209",
        "payment_url": null,
        "booking_url": null,
        "price_status": "unknown",
        "rule_status": "unknown",
        "enrichment_status": "needs_review",
        "existence_status": "probable",
        "city": "San Francisco",
        "state": "CA",
        "geometry_quality": "osm_display_fallback",
        "provenance_note": "OpenStreetMap-derived candidate/probable parking zone; verify against official/operator sources before treating as authoritative."
      }
    },
    {
      "type": "Feature",
      "geometry": {
        "type": "Polygon",
        "coordinates": [
          [
            [
              -122.41120599999999,
              37.799549299999995
            ],
            [
              -122.410966,
              37.799549299999995
            ],
            [
              -122.410966,
              37.7997893
            ],
            [
              -122.41120599999999,
              37.7997893
            ],
            [
              -122.41120599999999,
              37.799549299999995
            ]
          ]
        ]
      },
      "properties": {
        "source_id": "osm:way:374384492",
        "name": "Parking area",
        "facility_type": "multi-storey",
        "operator": "",
        "access": "",
        "fee": "unknown",
        "charge": "",
        "capacity": "",
        "opening_hours": "",
        "website": "",
        "confidence": 0.35,
        "last_verified_source": "OpenStreetMap via Overpass",
        "raw_tags": {
          "addr:city": "San Francisco",
          "addr:housenumber": "1625",
          "addr:postcode": "94133",
          "addr:state": "CA",
          "addr:street": "Powell Street",
          "amenity": "parking",
          "building": "garage",
          "height": "4",
          "parking": "multi-storey"
        },
        "geometry_note": "Approximate display polygon generated from point/center. Production should use parcel, building, lot footprint, or authoritative GIS polygon.",
        "source_name": "OpenStreetMap via Overpass",
        "source_url": "https://www.openstreetmap.org/",
        "api_url": "https://overpass-api.de/api/interpreter",
        "evidence_url": "https://www.openstreetmap.org/way/374384492",
        "payment_url": null,
        "booking_url": null,
        "price_status": "unknown",
        "rule_status": "unknown",
        "enrichment_status": "needs_review",
        "existence_status": "candidate",
        "city": "San Francisco",
        "state": "CA",
        "geometry_quality": "osm_display_fallback",
        "provenance_note": "OpenStreetMap-derived candidate/probable parking zone; verify against official/operator sources before treating as authoritative."
      }
    },
    {
      "type": "Feature",
      "geometry": {
        "type": "Polygon",
        "coordinates": [
          [
            [
              -122.4212493,
              37.768501699999995
            ],
            [
              -122.42100930000001,
              37.768501699999995
            ],
            [
              -122.42100930000001,
              37.7687417
            ],
            [
              -122.4212493,
              37.7687417
            ],
            [
              -122.4212493,
              37.768501699999995
            ]
          ]
        ]
      },
      "properties": {
        "source_id": "osm:way:376770616",
        "name": "Zenanli Parking",
        "facility_type": "surface",
        "operator": "",
        "access": "",
        "fee": "yes",
        "charge": "",
        "capacity": "",
        "opening_hours": "",
        "website": "",
        "confidence": 0.35,
        "last_verified_source": "OpenStreetMap via Overpass",
        "raw_tags": {
          "addr:city": "San Francisco",
          "addr:housenumber": "344",
          "addr:postcode": "94103",
          "addr:state": "CA",
          "addr:street": "14th Street",
          "amenity": "parking",
          "fee": "yes",
          "name": "Zenanli Parking",
          "parking": "surface",
          "supervised": "yes"
        },
        "geometry_note": "Approximate display polygon generated from point/center. Production should use parcel, building, lot footprint, or authoritative GIS polygon.",
        "source_name": "OpenStreetMap via Overpass",
        "source_url": "https://www.openstreetmap.org/",
        "api_url": "https://overpass-api.de/api/interpreter",
        "evidence_url": "https://www.openstreetmap.org/way/376770616",
        "payment_url": null,
        "booking_url": null,
        "price_status": "paid_unknown",
        "rule_status": "unknown",
        "enrichment_status": "needs_review",
        "existence_status": "probable",
        "city": "San Francisco",
        "state": "CA",
        "geometry_quality": "osm_display_fallback",
        "provenance_note": "OpenStreetMap-derived candidate/probable parking zone; verify against official/operator sources before treating as authoritative."
      }
    },
    {
      "type": "Feature",
      "geometry": {
        "type": "Polygon",
        "coordinates": [
          [
            [
              -122.4167983,
              37.781127399999995
            ],
            [
              -122.4165583,
              37.781127399999995
            ],
            [
              -122.4165583,
              37.7813674
            ],
            [
              -122.4167983,
              37.7813674
            ],
            [
              -122.4167983,
              37.781127399999995
            ]
          ]
        ]
      },
      "properties": {
        "source_id": "osm:way:387313434",
        "name": "UC Law San Francisco Parking Garage",
        "facility_type": "multi-storey",
        "operator": "UC Law San Francisco",
        "access": "yes",
        "fee": "yes",
        "charge": "",
        "capacity": "",
        "opening_hours": "",
        "website": "",
        "confidence": 0.35,
        "last_verified_source": "OpenStreetMap via Overpass",
        "raw_tags": {
          "access": "yes",
          "addr:city": "San Francisco",
          "addr:housenumber": "376",
          "addr:postcode": "94102",
          "addr:state": "CA",
          "addr:street": "Larkin Street",
          "amenity": "parking",
          "building": "parking",
          "fee": "yes",
          "height": "46",
          "name": "UC Law San Francisco Parking Garage",
          "operator": "UC Law San Francisco",
          "parking": "multi-storey"
        },
        "geometry_note": "Approximate display polygon generated from point/center. Production should use parcel, building, lot footprint, or authoritative GIS polygon.",
        "source_name": "OpenStreetMap via Overpass",
        "source_url": "https://www.openstreetmap.org/",
        "api_url": "https://overpass-api.de/api/interpreter",
        "evidence_url": "https://www.openstreetmap.org/way/387313434",
        "payment_url": null,
        "booking_url": null,
        "price_status": "paid_unknown",
        "rule_status": "unknown",
        "enrichment_status": "needs_review",
        "existence_status": "probable",
        "city": "San Francisco",
        "state": "CA",
        "geometry_quality": "osm_display_fallback",
        "provenance_note": "OpenStreetMap-derived candidate/probable parking zone; verify against official/operator sources before treating as authoritative."
      }
    },
    {
      "type": "Feature",
      "geometry": {
        "type": "Polygon",
        "coordinates": [
          [
            [
              -122.40999579999999,
              37.797669799999994
            ],
            [
              -122.4097558,
              37.797669799999994
            ],
            [
              -122.4097558,
              37.7979098
            ],
            [
              -122.40999579999999,
              37.7979098
            ],
            [
              -122.40999579999999,
              37.797669799999994
            ]
          ]
        ]
      },
      "properties": {
        "source_id": "osm:way:392871258",
        "name": "Parking area",
        "facility_type": "parking",
        "operator": "",
        "access": "",
        "fee": "unknown",
        "charge": "",
        "capacity": "",
        "opening_hours": "",
        "website": "",
        "confidence": 0.35,
        "last_verified_source": "OpenStreetMap via Overpass",
        "raw_tags": {
          "amenity": "parking"
        },
        "geometry_note": "Approximate display polygon generated from point/center. Production should use parcel, building, lot footprint, or authoritative GIS polygon.",
        "source_name": "OpenStreetMap via Overpass",
        "source_url": "https://www.openstreetmap.org/",
        "api_url": "https://overpass-api.de/api/interpreter",
        "evidence_url": "https://www.openstreetmap.org/way/392871258",
        "payment_url": null,
        "booking_url": null,
        "price_status": "unknown",
        "rule_status": "unknown",
        "enrichment_status": "needs_review",
        "existence_status": "candidate",
        "city": "San Francisco",
        "state": "CA",
        "geometry_quality": "osm_display_fallback",
        "provenance_note": "OpenStreetMap-derived candidate/probable parking zone; verify against official/operator sources before treating as authoritative."
      }
    },
    {
      "type": "Feature",
      "geometry": {
        "type": "Polygon",
        "coordinates": [
          [
            [
              -122.40582069999999,
              37.7953876
            ],
            [
              -122.4055807,
              37.7953876
            ],
            [
              -122.4055807,
              37.7956276
            ],
            [
              -122.40582069999999,
              37.7956276
            ],
            [
              -122.40582069999999,
              37.7953876
            ]
          ]
        ]
      },
      "properties": {
        "source_id": "osm:way:401531145",
        "name": "Parking area",
        "facility_type": "parking",
        "operator": "",
        "access": "",
        "fee": "unknown",
        "charge": "",
        "capacity": "",
        "opening_hours": "",
        "website": "",
        "confidence": 0.35,
        "last_verified_source": "OpenStreetMap via Overpass",
        "raw_tags": {
          "amenity": "parking"
        },
        "geometry_note": "Approximate display polygon generated from point/center. Production should use parcel, building, lot footprint, or authoritative GIS polygon.",
        "source_name": "OpenStreetMap via Overpass",
        "source_url": "https://www.openstreetmap.org/",
        "api_url": "https://overpass-api.de/api/interpreter",
        "evidence_url": "https://www.openstreetmap.org/way/401531145",
        "payment_url": null,
        "booking_url": null,
        "price_status": "unknown",
        "rule_status": "unknown",
        "enrichment_status": "needs_review",
        "existence_status": "candidate",
        "city": "San Francisco",
        "state": "CA",
        "geometry_quality": "osm_display_fallback",
        "provenance_note": "OpenStreetMap-derived candidate/probable parking zone; verify against official/operator sources before treating as authoritative."
      }
    },
    {
      "type": "Feature",
      "geometry": {
        "type": "Polygon",
        "coordinates": [
          [
            [
              -122.4136552,
              37.7813015
            ],
            [
              -122.4134152,
              37.7813015
            ],
            [
              -122.4134152,
              37.7815415
            ],
            [
              -122.4136552,
              37.7815415
            ],
            [
              -122.4136552,
              37.7813015
            ]
          ]
        ]
      },
      "properties": {
        "source_id": "osm:way:404144840",
        "name": "Parking area",
        "facility_type": "surface",
        "operator": "",
        "access": "",
        "fee": "unknown",
        "charge": "",
        "capacity": "16",
        "opening_hours": "",
        "website": "",
        "confidence": 0.35,
        "last_verified_source": "OpenStreetMap via Overpass",
        "raw_tags": {
          "amenity": "parking",
          "capacity": "16",
          "capacity:disabled": "2",
          "parking": "surface",
          "surface": "asphalt"
        },
        "geometry_note": "Approximate display polygon generated from point/center. Production should use parcel, building, lot footprint, or authoritative GIS polygon.",
        "source_name": "OpenStreetMap via Overpass",
        "source_url": "https://www.openstreetmap.org/",
        "api_url": "https://overpass-api.de/api/interpreter",
        "evidence_url": "https://www.openstreetmap.org/way/404144840",
        "payment_url": null,
        "booking_url": null,
        "price_status": "unknown",
        "rule_status": "unknown",
        "enrichment_status": "needs_review",
        "existence_status": "candidate",
        "city": "San Francisco",
        "state": "CA",
        "geometry_quality": "osm_display_fallback",
        "provenance_note": "OpenStreetMap-derived candidate/probable parking zone; verify against official/operator sources before treating as authoritative."
      }
    },
    {
      "type": "Feature",
      "geometry": {
        "type": "Polygon",
        "coordinates": [
          [
            [
              -122.4187267,
              37.7711082
            ],
            [
              -122.4184867,
              37.7711082
            ],
            [
              -122.4184867,
              37.771348200000006
            ],
            [
              -122.4187267,
              37.771348200000006
            ],
            [
              -122.4187267,
              37.7711082
            ]
          ]
        ]
      },
      "properties": {
        "source_id": "osm:way:407728875",
        "name": "Parking area",
        "facility_type": "surface",
        "operator": "",
        "access": "customers",
        "fee": "no",
        "charge": "",
        "capacity": "",
        "opening_hours": "",
        "website": "",
        "confidence": 0.35,
        "last_verified_source": "OpenStreetMap via Overpass",
        "raw_tags": {
          "access": "customers",
          "amenity": "parking",
          "barrier": "fence",
          "fee": "no",
          "parking": "surface"
        },
        "geometry_note": "Approximate display polygon generated from point/center. Production should use parcel, building, lot footprint, or authoritative GIS polygon.",
        "source_name": "OpenStreetMap via Overpass",
        "source_url": "https://www.openstreetmap.org/",
        "api_url": "https://overpass-api.de/api/interpreter",
        "evidence_url": "https://www.openstreetmap.org/way/407728875",
        "payment_url": null,
        "booking_url": null,
        "price_status": "known_free",
        "rule_status": "unknown",
        "enrichment_status": "needs_review",
        "existence_status": "candidate",
        "city": "San Francisco",
        "state": "CA",
        "geometry_quality": "osm_display_fallback",
        "provenance_note": "OpenStreetMap-derived candidate/probable parking zone; verify against official/operator sources before treating as authoritative."
      }
    },
    {
      "type": "Feature",
      "geometry": {
        "type": "Polygon",
        "coordinates": [
          [
            [
              -122.420942,
              37.771816599999994
            ],
            [
              -122.420702,
              37.771816599999994
            ],
            [
              -122.420702,
              37.7720566
            ],
            [
              -122.420942,
              37.7720566
            ],
            [
              -122.420942,
              37.771816599999994
            ]
          ]
        ]
      },
      "properties": {
        "source_id": "osm:way:408005284",
        "name": "Parking area",
        "facility_type": "surface",
        "operator": "",
        "access": "private",
        "fee": "unknown",
        "charge": "",
        "capacity": "",
        "opening_hours": "",
        "website": "",
        "confidence": 0.35,
        "last_verified_source": "OpenStreetMap via Overpass",
        "raw_tags": {
          "access": "private",
          "amenity": "parking",
          "parking": "surface"
        },
        "geometry_note": "Approximate display polygon generated from point/center. Production should use parcel, building, lot footprint, or authoritative GIS polygon.",
        "source_name": "OpenStreetMap via Overpass",
        "source_url": "https://www.openstreetmap.org/",
        "api_url": "https://overpass-api.de/api/interpreter",
        "evidence_url": "https://www.openstreetmap.org/way/408005284",
        "payment_url": null,
        "booking_url": null,
        "price_status": "unknown",
        "rule_status": "unknown",
        "enrichment_status": "needs_review",
        "existence_status": "candidate",
        "city": "San Francisco",
        "state": "CA",
        "geometry_quality": "osm_display_fallback",
        "provenance_note": "OpenStreetMap-derived candidate/probable parking zone; verify against official/operator sources before treating as authoritative."
      }
    },
    {
      "type": "Feature",
      "geometry": {
        "type": "Polygon",
        "coordinates": [
          [
            [
              -122.4223284,
              37.7718856
            ],
            [
              -122.4220884,
              37.7718856
            ],
            [
              -122.4220884,
              37.7721256
            ],
            [
              -122.4223284,
              37.7721256
            ],
            [
              -122.4223284,
              37.7718856
            ]
          ]
        ]
      },
      "properties": {
        "source_id": "osm:way:408005289",
        "name": "Travelodge",
        "facility_type": "surface",
        "operator": "Travelodge",
        "access": "customers",
        "fee": "unknown",
        "charge": "",
        "capacity": "",
        "opening_hours": "",
        "website": "",
        "confidence": 0.35,
        "last_verified_source": "OpenStreetMap via Overpass",
        "raw_tags": {
          "access": "customers",
          "amenity": "parking",
          "operator": "Travelodge",
          "operator:wikidata": "Q487907",
          "parking": "surface"
        },
        "geometry_note": "Approximate display polygon generated from point/center. Production should use parcel, building, lot footprint, or authoritative GIS polygon.",
        "source_name": "OpenStreetMap via Overpass",
        "source_url": "https://www.openstreetmap.org/",
        "api_url": "https://overpass-api.de/api/interpreter",
        "evidence_url": "https://www.openstreetmap.org/way/408005289",
        "payment_url": null,
        "booking_url": null,
        "price_status": "unknown",
        "rule_status": "unknown",
        "enrichment_status": "needs_review",
        "existence_status": "probable",
        "city": "San Francisco",
        "state": "CA",
        "geometry_quality": "osm_display_fallback",
        "provenance_note": "OpenStreetMap-derived candidate/probable parking zone; verify against official/operator sources before treating as authoritative."
      }
    },
    {
      "type": "Feature",
      "geometry": {
        "type": "Polygon",
        "coordinates": [
          [
            [
              -122.389724,
              37.7672933
            ],
            [
              -122.38948400000001,
              37.7672933
            ],
            [
              -122.38948400000001,
              37.767533300000004
            ],
            [
              -122.389724,
              37.767533300000004
            ],
            [
              -122.389724,
              37.7672933
            ]
          ]
        ]
      },
      "properties": {
        "source_id": "osm:way:410647716",
        "name": "Parking area",
        "facility_type": "surface",
        "operator": "",
        "access": "",
        "fee": "unknown",
        "charge": "",
        "capacity": "",
        "opening_hours": "",
        "website": "",
        "confidence": 0.35,
        "last_verified_source": "OpenStreetMap via Overpass",
        "raw_tags": {
          "amenity": "parking",
          "parking": "surface"
        },
        "geometry_note": "Approximate display polygon generated from point/center. Production should use parcel, building, lot footprint, or authoritative GIS polygon.",
        "source_name": "OpenStreetMap via Overpass",
        "source_url": "https://www.openstreetmap.org/",
        "api_url": "https://overpass-api.de/api/interpreter",
        "evidence_url": "https://www.openstreetmap.org/way/410647716",
        "payment_url": null,
        "booking_url": null,
        "price_status": "unknown",
        "rule_status": "unknown",
        "enrichment_status": "needs_review",
        "existence_status": "candidate",
        "city": "San Francisco",
        "state": "CA",
        "geometry_quality": "osm_display_fallback",
        "provenance_note": "OpenStreetMap-derived candidate/probable parking zone; verify against official/operator sources before treating as authoritative."
      }
    },
    {
      "type": "Feature",
      "geometry": {
        "type": "Polygon",
        "coordinates": [
          [
            [
              -122.3987793,
              37.772616199999995
            ],
            [
              -122.39853930000001,
              37.772616199999995
            ],
            [
              -122.39853930000001,
              37.7728562
            ],
            [
              -122.3987793,
              37.7728562
            ],
            [
              -122.3987793,
              37.772616199999995
            ]
          ]
        ]
      },
      "properties": {
        "source_id": "osm:way:410877296",
        "name": "Parking area",
        "facility_type": "surface",
        "operator": "",
        "access": "no",
        "fee": "unknown",
        "charge": "",
        "capacity": "",
        "opening_hours": "",
        "website": "",
        "confidence": 0.35,
        "last_verified_source": "OpenStreetMap via Overpass",
        "raw_tags": {
          "access": "no",
          "amenity": "parking",
          "parking": "surface"
        },
        "geometry_note": "Approximate display polygon generated from point/center. Production should use parcel, building, lot footprint, or authoritative GIS polygon.",
        "source_name": "OpenStreetMap via Overpass",
        "source_url": "https://www.openstreetmap.org/",
        "api_url": "https://overpass-api.de/api/interpreter",
        "evidence_url": "https://www.openstreetmap.org/way/410877296",
        "payment_url": null,
        "booking_url": null,
        "price_status": "unknown",
        "rule_status": "unknown",
        "enrichment_status": "needs_review",
        "existence_status": "candidate",
        "city": "San Francisco",
        "state": "CA",
        "geometry_quality": "osm_display_fallback",
        "provenance_note": "OpenStreetMap-derived candidate/probable parking zone; verify against official/operator sources before treating as authoritative."
      }
    },
    {
      "type": "Feature",
      "geometry": {
        "type": "Polygon",
        "coordinates": [
          [
            [
              -122.4179214,
              37.7895677
            ],
            [
              -122.4176814,
              37.7895677
            ],
            [
              -122.4176814,
              37.789807700000004
            ],
            [
              -122.4179214,
              37.789807700000004
            ],
            [
              -122.4179214,
              37.7895677
            ]
          ]
        ]
      },
      "properties": {
        "source_id": "osm:way:436474249",
        "name": "Parking area",
        "facility_type": "surface",
        "operator": "",
        "access": "private",
        "fee": "unknown",
        "charge": "",
        "capacity": "",
        "opening_hours": "",
        "website": "",
        "confidence": 0.35,
        "last_verified_source": "OpenStreetMap via Overpass",
        "raw_tags": {
          "access": "private",
          "amenity": "parking",
          "parking": "surface"
        },
        "geometry_note": "Approximate display polygon generated from point/center. Production should use parcel, building, lot footprint, or authoritative GIS polygon.",
        "source_name": "OpenStreetMap via Overpass",
        "source_url": "https://www.openstreetmap.org/",
        "api_url": "https://overpass-api.de/api/interpreter",
        "evidence_url": "https://www.openstreetmap.org/way/436474249",
        "payment_url": null,
        "booking_url": null,
        "price_status": "unknown",
        "rule_status": "unknown",
        "enrichment_status": "needs_review",
        "existence_status": "candidate",
        "city": "San Francisco",
        "state": "CA",
        "geometry_quality": "osm_display_fallback",
        "provenance_note": "OpenStreetMap-derived candidate/probable parking zone; verify against official/operator sources before treating as authoritative."
      }
    },
    {
      "type": "Feature",
      "geometry": {
        "type": "Polygon",
        "coordinates": [
          [
            [
              -122.3963687,
              37.7970432
            ],
            [
              -122.3961287,
              37.7970432
            ],
            [
              -122.3961287,
              37.7972832
            ],
            [
              -122.3963687,
              37.7972832
            ],
            [
              -122.3963687,
              37.7970432
            ]
          ]
        ]
      },
      "properties": {
        "source_id": "osm:way:436478195",
        "name": "Ace Parking",
        "facility_type": "surface",
        "operator": "Ace Parking",
        "access": "yes",
        "fee": "yes",
        "charge": "",
        "capacity": "",
        "opening_hours": "",
        "website": "",
        "confidence": 0.35,
        "last_verified_source": "OpenStreetMap via Overpass",
        "raw_tags": {
          "access": "yes",
          "amenity": "parking",
          "brand": "Ace Parking",
          "brand:wikidata": "Q108274179",
          "covered": "no",
          "fee": "yes",
          "name": "Ace Parking",
          "operator": "Ace Parking",
          "operator:type": "private",
          "operator:wikidata": "Q108274179",
          "parking": "surface",
          "surface": "asphalt"
        },
        "geometry_note": "Approximate display polygon generated from point/center. Production should use parcel, building, lot footprint, or authoritative GIS polygon.",
        "source_name": "OpenStreetMap via Overpass",
        "source_url": "https://www.openstreetmap.org/",
        "api_url": "https://overpass-api.de/api/interpreter",
        "evidence_url": "https://www.openstreetmap.org/way/436478195",
        "payment_url": null,
        "booking_url": null,
        "price_status": "paid_unknown",
        "rule_status": "unknown",
        "enrichment_status": "needs_review",
        "existence_status": "probable",
        "city": "San Francisco",
        "state": "CA",
        "geometry_quality": "osm_display_fallback",
        "provenance_note": "OpenStreetMap-derived candidate/probable parking zone; verify against official/operator sources before treating as authoritative."
      }
    },
    {
      "type": "Feature",
      "geometry": {
        "type": "Polygon",
        "coordinates": [
          [
            [
              -122.42260929999999,
              37.7809174
            ],
            [
              -122.4223693,
              37.7809174
            ],
            [
              -122.4223693,
              37.781157400000005
            ],
            [
              -122.42260929999999,
              37.781157400000005
            ],
            [
              -122.42260929999999,
              37.7809174
            ]
          ]
        ]
      },
      "properties": {
        "source_id": "osm:way:436480425",
        "name": "Parking area",
        "facility_type": "surface",
        "operator": "",
        "access": "",
        "fee": "unknown",
        "charge": "",
        "capacity": "",
        "opening_hours": "",
        "website": "",
        "confidence": 0.35,
        "last_verified_source": "OpenStreetMap via Overpass",
        "raw_tags": {
          "amenity": "parking",
          "parking": "surface"
        },
        "geometry_note": "Approximate display polygon generated from point/center. Production should use parcel, building, lot footprint, or authoritative GIS polygon.",
        "source_name": "OpenStreetMap via Overpass",
        "source_url": "https://www.openstreetmap.org/",
        "api_url": "https://overpass-api.de/api/interpreter",
        "evidence_url": "https://www.openstreetmap.org/way/436480425",
        "payment_url": null,
        "booking_url": null,
        "price_status": "unknown",
        "rule_status": "unknown",
        "enrichment_status": "needs_review",
        "existence_status": "candidate",
        "city": "San Francisco",
        "state": "CA",
        "geometry_quality": "osm_display_fallback",
        "provenance_note": "OpenStreetMap-derived candidate/probable parking zone; verify against official/operator sources before treating as authoritative."
      }
    },
    {
      "type": "Feature",
      "geometry": {
        "type": "Polygon",
        "coordinates": [
          [
            [
              -122.42329199999999,
              37.7817976
            ],
            [
              -122.423052,
              37.7817976
            ],
            [
              -122.423052,
              37.7820376
            ],
            [
              -122.42329199999999,
              37.7820376
            ],
            [
              -122.42329199999999,
              37.7817976
            ]
          ]
        ]
      },
      "properties": {
        "source_id": "osm:way:436480426",
        "name": "Parking area",
        "facility_type": "multi-storey",
        "operator": "",
        "access": "private",
        "fee": "unknown",
        "charge": "",
        "capacity": "",
        "opening_hours": "",
        "website": "",
        "confidence": 0.35,
        "last_verified_source": "OpenStreetMap via Overpass",
        "raw_tags": {
          "access": "private",
          "amenity": "parking",
          "parking": "multi-storey"
        },
        "geometry_note": "Approximate display polygon generated from point/center. Production should use parcel, building, lot footprint, or authoritative GIS polygon.",
        "source_name": "OpenStreetMap via Overpass",
        "source_url": "https://www.openstreetmap.org/",
        "api_url": "https://overpass-api.de/api/interpreter",
        "evidence_url": "https://www.openstreetmap.org/way/436480426",
        "payment_url": null,
        "booking_url": null,
        "price_status": "unknown",
        "rule_status": "unknown",
        "enrichment_status": "needs_review",
        "existence_status": "candidate",
        "city": "San Francisco",
        "state": "CA",
        "geometry_quality": "osm_display_fallback",
        "provenance_note": "OpenStreetMap-derived candidate/probable parking zone; verify against official/operator sources before treating as authoritative."
      }
    },
    {
      "type": "Feature",
      "geometry": {
        "type": "Polygon",
        "coordinates": [
          [
            [
              -122.42303869999999,
              37.7808619
            ],
            [
              -122.4227987,
              37.7808619
            ],
            [
              -122.4227987,
              37.7811019
            ],
            [
              -122.42303869999999,
              37.7811019
            ],
            [
              -122.42303869999999,
              37.7808619
            ]
          ]
        ]
      },
      "properties": {
        "source_id": "osm:way:436480427",
        "name": "Parking area",
        "facility_type": "parking",
        "operator": "",
        "access": "",
        "fee": "unknown",
        "charge": "",
        "capacity": "",
        "opening_hours": "",
        "website": "",
        "confidence": 0.35,
        "last_verified_source": "OpenStreetMap via Overpass",
        "raw_tags": {
          "amenity": "parking"
        },
        "geometry_note": "Approximate display polygon generated from point/center. Production should use parcel, building, lot footprint, or authoritative GIS polygon.",
        "source_name": "OpenStreetMap via Overpass",
        "source_url": "https://www.openstreetmap.org/",
        "api_url": "https://overpass-api.de/api/interpreter",
        "evidence_url": "https://www.openstreetmap.org/way/436480427",
        "payment_url": null,
        "booking_url": null,
        "price_status": "unknown",
        "rule_status": "unknown",
        "enrichment_status": "needs_review",
        "existence_status": "candidate",
        "city": "San Francisco",
        "state": "CA",
        "geometry_quality": "osm_display_fallback",
        "provenance_note": "OpenStreetMap-derived candidate/probable parking zone; verify against official/operator sources before treating as authoritative."
      }
    },
    {
      "type": "Feature",
      "geometry": {
        "type": "Polygon",
        "coordinates": [
          [
            [
              -122.4173989,
              37.8048204
            ],
            [
              -122.4171589,
              37.8048204
            ],
            [
              -122.4171589,
              37.8050604
            ],
            [
              -122.4173989,
              37.8050604
            ],
            [
              -122.4173989,
              37.8048204
            ]
          ]
        ]
      },
      "properties": {
        "source_id": "osm:way:456540525",
        "name": "Parking area",
        "facility_type": "surface",
        "operator": "",
        "access": "",
        "fee": "unknown",
        "charge": "",
        "capacity": "",
        "opening_hours": "",
        "website": "",
        "confidence": 0.35,
        "last_verified_source": "OpenStreetMap via Overpass",
        "raw_tags": {
          "amenity": "parking",
          "parking": "surface",
          "surface": "asphalt"
        },
        "geometry_note": "Approximate display polygon generated from point/center. Production should use parcel, building, lot footprint, or authoritative GIS polygon.",
        "source_name": "OpenStreetMap via Overpass",
        "source_url": "https://www.openstreetmap.org/",
        "api_url": "https://overpass-api.de/api/interpreter",
        "evidence_url": "https://www.openstreetmap.org/way/456540525",
        "payment_url": null,
        "booking_url": null,
        "price_status": "unknown",
        "rule_status": "unknown",
        "enrichment_status": "needs_review",
        "existence_status": "candidate",
        "city": "San Francisco",
        "state": "CA",
        "geometry_quality": "osm_display_fallback",
        "provenance_note": "OpenStreetMap-derived candidate/probable parking zone; verify against official/operator sources before treating as authoritative."
      }
    },
    {
      "type": "Feature",
      "geometry": {
        "type": "Polygon",
        "coordinates": [
          [
            [
              -122.4193354,
              37.770689499999996
            ],
            [
              -122.4190954,
              37.770689499999996
            ],
            [
              -122.4190954,
              37.7709295
            ],
            [
              -122.4193354,
              37.7709295
            ],
            [
              -122.4193354,
              37.770689499999996
            ]
          ]
        ]
      },
      "properties": {
        "source_id": "osm:way:458778349",
        "name": "Parking area",
        "facility_type": "surface",
        "operator": "",
        "access": "customers",
        "fee": "no",
        "charge": "",
        "capacity": "",
        "opening_hours": "",
        "website": "",
        "confidence": 0.35,
        "last_verified_source": "OpenStreetMap via Overpass",
        "raw_tags": {
          "access": "customers",
          "amenity": "parking",
          "fee": "no",
          "parking": "surface"
        },
        "geometry_note": "Approximate display polygon generated from point/center. Production should use parcel, building, lot footprint, or authoritative GIS polygon.",
        "source_name": "OpenStreetMap via Overpass",
        "source_url": "https://www.openstreetmap.org/",
        "api_url": "https://overpass-api.de/api/interpreter",
        "evidence_url": "https://www.openstreetmap.org/way/458778349",
        "payment_url": null,
        "booking_url": null,
        "price_status": "known_free",
        "rule_status": "unknown",
        "enrichment_status": "needs_review",
        "existence_status": "candidate",
        "city": "San Francisco",
        "state": "CA",
        "geometry_quality": "osm_display_fallback",
        "provenance_note": "OpenStreetMap-derived candidate/probable parking zone; verify against official/operator sources before treating as authoritative."
      }
    },
    {
      "type": "Feature",
      "geometry": {
        "type": "Polygon",
        "coordinates": [
          [
            [
              -122.4192403,
              37.7723801
            ],
            [
              -122.41900030000001,
              37.7723801
            ],
            [
              -122.41900030000001,
              37.772620100000005
            ],
            [
              -122.4192403,
              37.772620100000005
            ],
            [
              -122.4192403,
              37.7723801
            ]
          ]
        ]
      },
      "properties": {
        "source_id": "osm:way:460114148",
        "name": "Enterprise Car Rental Parking",
        "facility_type": "surface",
        "operator": "",
        "access": "private",
        "fee": "unknown",
        "charge": "",
        "capacity": "",
        "opening_hours": "",
        "website": "",
        "confidence": 0.35,
        "last_verified_source": "OpenStreetMap via Overpass",
        "raw_tags": {
          "access": "private",
          "amenity": "parking",
          "name": "Enterprise Car Rental Parking",
          "parking": "surface"
        },
        "geometry_note": "Approximate display polygon generated from point/center. Production should use parcel, building, lot footprint, or authoritative GIS polygon.",
        "source_name": "OpenStreetMap via Overpass",
        "source_url": "https://www.openstreetmap.org/",
        "api_url": "https://overpass-api.de/api/interpreter",
        "evidence_url": "https://www.openstreetmap.org/way/460114148",
        "payment_url": null,
        "booking_url": null,
        "price_status": "unknown",
        "rule_status": "unknown",
        "enrichment_status": "needs_review",
        "existence_status": "probable",
        "city": "San Francisco",
        "state": "CA",
        "geometry_quality": "osm_display_fallback",
        "provenance_note": "OpenStreetMap-derived candidate/probable parking zone; verify against official/operator sources before treating as authoritative."
      }
    },
    {
      "type": "Feature",
      "geometry": {
        "type": "Polygon",
        "coordinates": [
          [
            [
              -122.3916816,
              37.765544
            ],
            [
              -122.39144160000001,
              37.765544
            ],
            [
              -122.39144160000001,
              37.765784000000004
            ],
            [
              -122.3916816,
              37.765784000000004
            ],
            [
              -122.3916816,
              37.765544
            ]
          ]
        ]
      },
      "properties": {
        "source_id": "osm:way:472634642",
        "name": "Parking area",
        "facility_type": "parking",
        "operator": "",
        "access": "",
        "fee": "unknown",
        "charge": "",
        "capacity": "",
        "opening_hours": "",
        "website": "",
        "confidence": 0.35,
        "last_verified_source": "OpenStreetMap via Overpass",
        "raw_tags": {
          "amenity": "parking"
        },
        "geometry_note": "Approximate display polygon generated from point/center. Production should use parcel, building, lot footprint, or authoritative GIS polygon.",
        "source_name": "OpenStreetMap via Overpass",
        "source_url": "https://www.openstreetmap.org/",
        "api_url": "https://overpass-api.de/api/interpreter",
        "evidence_url": "https://www.openstreetmap.org/way/472634642",
        "payment_url": null,
        "booking_url": null,
        "price_status": "unknown",
        "rule_status": "unknown",
        "enrichment_status": "needs_review",
        "existence_status": "candidate",
        "city": "San Francisco",
        "state": "CA",
        "geometry_quality": "osm_display_fallback",
        "provenance_note": "OpenStreetMap-derived candidate/probable parking zone; verify against official/operator sources before treating as authoritative."
      }
    },
    {
      "type": "Feature",
      "geometry": {
        "type": "Polygon",
        "coordinates": [
          [
            [
              -122.3882737,
              37.779343
            ],
            [
              -122.38803370000001,
              37.779343
            ],
            [
              -122.38803370000001,
              37.779583
            ],
            [
              -122.3882737,
              37.779583
            ],
            [
              -122.3882737,
              37.779343
            ]
          ]
        ]
      },
      "properties": {
        "source_id": "osm:way:475076824",
        "name": "South Beach Harbor",
        "facility_type": "surface",
        "operator": "South Beach Harbor",
        "access": "private",
        "fee": "unknown",
        "charge": "",
        "capacity": "",
        "opening_hours": "",
        "website": "",
        "confidence": 0.35,
        "last_verified_source": "OpenStreetMap via Overpass",
        "raw_tags": {
          "access": "private",
          "amenity": "parking",
          "operator": "South Beach Harbor",
          "park_ride": "no",
          "parking": "surface",
          "surface": "asphalt"
        },
        "geometry_note": "Approximate display polygon generated from point/center. Production should use parcel, building, lot footprint, or authoritative GIS polygon.",
        "source_name": "OpenStreetMap via Overpass",
        "source_url": "https://www.openstreetmap.org/",
        "api_url": "https://overpass-api.de/api/interpreter",
        "evidence_url": "https://www.openstreetmap.org/way/475076824",
        "payment_url": null,
        "booking_url": null,
        "price_status": "unknown",
        "rule_status": "unknown",
        "enrichment_status": "needs_review",
        "existence_status": "probable",
        "city": "San Francisco",
        "state": "CA",
        "geometry_quality": "osm_display_fallback",
        "provenance_note": "OpenStreetMap-derived candidate/probable parking zone; verify against official/operator sources before treating as authoritative."
      }
    },
    {
      "type": "Feature",
      "geometry": {
        "type": "Polygon",
        "coordinates": [
          [
            [
              -122.3874744,
              37.781545099999995
            ],
            [
              -122.38723440000001,
              37.781545099999995
            ],
            [
              -122.38723440000001,
              37.7817851
            ],
            [
              -122.3874744,
              37.7817851
            ],
            [
              -122.3874744,
              37.781545099999995
            ]
          ]
        ]
      },
      "properties": {
        "source_id": "osm:way:475154470",
        "name": "Parking area",
        "facility_type": "surface",
        "operator": "",
        "access": "",
        "fee": "unknown",
        "charge": "",
        "capacity": "",
        "opening_hours": "",
        "website": "",
        "confidence": 0.35,
        "last_verified_source": "OpenStreetMap via Overpass",
        "raw_tags": {
          "amenity": "parking",
          "parking": "surface",
          "surface": "asphalt",
          "wheelchair": "yes"
        },
        "geometry_note": "Approximate display polygon generated from point/center. Production should use parcel, building, lot footprint, or authoritative GIS polygon.",
        "source_name": "OpenStreetMap via Overpass",
        "source_url": "https://www.openstreetmap.org/",
        "api_url": "https://overpass-api.de/api/interpreter",
        "evidence_url": "https://www.openstreetmap.org/way/475154470",
        "payment_url": null,
        "booking_url": null,
        "price_status": "unknown",
        "rule_status": "unknown",
        "enrichment_status": "needs_review",
        "existence_status": "candidate",
        "city": "San Francisco",
        "state": "CA",
        "geometry_quality": "osm_display_fallback",
        "provenance_note": "OpenStreetMap-derived candidate/probable parking zone; verify against official/operator sources before treating as authoritative."
      }
    },
    {
      "type": "Feature",
      "geometry": {
        "type": "Polygon",
        "coordinates": [
          [
            [
              -122.4167464,
              37.7648867
            ],
            [
              -122.4165064,
              37.7648867
            ],
            [
              -122.4165064,
              37.7651267
            ],
            [
              -122.4167464,
              37.7651267
            ],
            [
              -122.4167464,
              37.7648867
            ]
          ]
        ]
      },
      "properties": {
        "source_id": "osm:way:483432836",
        "name": "Mission Neighborhood Health Center",
        "facility_type": "surface",
        "operator": "Mission Neighborhood Health Center",
        "access": "customers",
        "fee": "no",
        "charge": "",
        "capacity": "",
        "opening_hours": "",
        "website": "",
        "confidence": 0.35,
        "last_verified_source": "OpenStreetMap via Overpass",
        "raw_tags": {
          "access": "customers",
          "amenity": "parking",
          "emergency": "assembly_point",
          "fee": "no",
          "operator": "Mission Neighborhood Health Center",
          "parking": "surface"
        },
        "geometry_note": "Approximate display polygon generated from point/center. Production should use parcel, building, lot footprint, or authoritative GIS polygon.",
        "source_name": "OpenStreetMap via Overpass",
        "source_url": "https://www.openstreetmap.org/",
        "api_url": "https://overpass-api.de/api/interpreter",
        "evidence_url": "https://www.openstreetmap.org/way/483432836",
        "payment_url": null,
        "booking_url": null,
        "price_status": "known_free",
        "rule_status": "unknown",
        "enrichment_status": "needs_review",
        "existence_status": "probable",
        "city": "San Francisco",
        "state": "CA",
        "geometry_quality": "osm_display_fallback",
        "provenance_note": "OpenStreetMap-derived candidate/probable parking zone; verify against official/operator sources before treating as authoritative."
      }
    },
    {
      "type": "Feature",
      "geometry": {
        "type": "Polygon",
        "coordinates": [
          [
            [
              -122.39516909999999,
              37.7923743
            ],
            [
              -122.3949291,
              37.7923743
            ],
            [
              -122.3949291,
              37.792614300000004
            ],
            [
              -122.39516909999999,
              37.792614300000004
            ],
            [
              -122.39516909999999,
              37.7923743
            ]
          ]
        ]
      },
      "properties": {
        "source_id": "osm:way:493994804",
        "name": "Parking area",
        "facility_type": "surface",
        "operator": "",
        "access": "private",
        "fee": "unknown",
        "charge": "",
        "capacity": "",
        "opening_hours": "",
        "website": "",
        "confidence": 0.35,
        "last_verified_source": "OpenStreetMap via Overpass",
        "raw_tags": {
          "access": "private",
          "amenity": "parking",
          "parking": "surface",
          "surface": "asphalt"
        },
        "geometry_note": "Approximate display polygon generated from point/center. Production should use parcel, building, lot footprint, or authoritative GIS polygon.",
        "source_name": "OpenStreetMap via Overpass",
        "source_url": "https://www.openstreetmap.org/",
        "api_url": "https://overpass-api.de/api/interpreter",
        "evidence_url": "https://www.openstreetmap.org/way/493994804",
        "payment_url": null,
        "booking_url": null,
        "price_status": "unknown",
        "rule_status": "unknown",
        "enrichment_status": "needs_review",
        "existence_status": "candidate",
        "city": "San Francisco",
        "state": "CA",
        "geometry_quality": "osm_display_fallback",
        "provenance_note": "OpenStreetMap-derived candidate/probable parking zone; verify against official/operator sources before treating as authoritative."
      }
    },
    {
      "type": "Feature",
      "geometry": {
        "type": "Polygon",
        "coordinates": [
          [
            [
              -122.42295469999999,
              37.773666299999995
            ],
            [
              -122.4227147,
              37.773666299999995
            ],
            [
              -122.4227147,
              37.7739063
            ],
            [
              -122.42295469999999,
              37.7739063
            ],
            [
              -122.42295469999999,
              37.773666299999995
            ]
          ]
        ]
      },
      "properties": {
        "source_id": "osm:way:499191061",
        "name": "Parking area",
        "facility_type": "surface",
        "operator": "",
        "access": "private",
        "fee": "unknown",
        "charge": "",
        "capacity": "",
        "opening_hours": "",
        "website": "",
        "confidence": 0.35,
        "last_verified_source": "OpenStreetMap via Overpass",
        "raw_tags": {
          "access": "private",
          "amenity": "parking",
          "parking": "surface"
        },
        "geometry_note": "Approximate display polygon generated from point/center. Production should use parcel, building, lot footprint, or authoritative GIS polygon.",
        "source_name": "OpenStreetMap via Overpass",
        "source_url": "https://www.openstreetmap.org/",
        "api_url": "https://overpass-api.de/api/interpreter",
        "evidence_url": "https://www.openstreetmap.org/way/499191061",
        "payment_url": null,
        "booking_url": null,
        "price_status": "unknown",
        "rule_status": "unknown",
        "enrichment_status": "needs_review",
        "existence_status": "candidate",
        "city": "San Francisco",
        "state": "CA",
        "geometry_quality": "osm_display_fallback",
        "provenance_note": "OpenStreetMap-derived candidate/probable parking zone; verify against official/operator sources before treating as authoritative."
      }
    },
    {
      "type": "Feature",
      "geometry": {
        "type": "Polygon",
        "coordinates": [
          [
            [
              -122.3906107,
              37.7774668
            ],
            [
              -122.3903707,
              37.7774668
            ],
            [
              -122.3903707,
              37.777706800000004
            ],
            [
              -122.3906107,
              37.777706800000004
            ],
            [
              -122.3906107,
              37.7774668
            ]
          ]
        ]
      },
      "properties": {
        "source_id": "osm:way:499568651",
        "name": "Parking area",
        "facility_type": "surface",
        "operator": "",
        "access": "private",
        "fee": "unknown",
        "charge": "",
        "capacity": "",
        "opening_hours": "",
        "website": "",
        "confidence": 0.35,
        "last_verified_source": "OpenStreetMap via Overpass",
        "raw_tags": {
          "access": "private",
          "amenity": "parking",
          "parking": "surface",
          "surface": "concrete"
        },
        "geometry_note": "Approximate display polygon generated from point/center. Production should use parcel, building, lot footprint, or authoritative GIS polygon.",
        "source_name": "OpenStreetMap via Overpass",
        "source_url": "https://www.openstreetmap.org/",
        "api_url": "https://overpass-api.de/api/interpreter",
        "evidence_url": "https://www.openstreetmap.org/way/499568651",
        "payment_url": null,
        "booking_url": null,
        "price_status": "unknown",
        "rule_status": "unknown",
        "enrichment_status": "needs_review",
        "existence_status": "candidate",
        "city": "San Francisco",
        "state": "CA",
        "geometry_quality": "osm_display_fallback",
        "provenance_note": "OpenStreetMap-derived candidate/probable parking zone; verify against official/operator sources before treating as authoritative."
      }
    },
    {
      "type": "Feature",
      "geometry": {
        "type": "Polygon",
        "coordinates": [
          [
            [
              -122.4218673,
              37.766017299999994
            ],
            [
              -122.42162730000001,
              37.766017299999994
            ],
            [
              -122.42162730000001,
              37.7662573
            ],
            [
              -122.4218673,
              37.7662573
            ],
            [
              -122.4218673,
              37.766017299999994
            ]
          ]
        ]
      },
      "properties": {
        "source_id": "osm:way:522280935",
        "name": "Parking area",
        "facility_type": "surface",
        "operator": "",
        "access": "customers",
        "fee": "no",
        "charge": "",
        "capacity": "",
        "opening_hours": "",
        "website": "",
        "confidence": 0.35,
        "last_verified_source": "OpenStreetMap via Overpass",
        "raw_tags": {
          "access": "customers",
          "amenity": "parking",
          "fee": "no",
          "parking": "surface"
        },
        "geometry_note": "Approximate display polygon generated from point/center. Production should use parcel, building, lot footprint, or authoritative GIS polygon.",
        "source_name": "OpenStreetMap via Overpass",
        "source_url": "https://www.openstreetmap.org/",
        "api_url": "https://overpass-api.de/api/interpreter",
        "evidence_url": "https://www.openstreetmap.org/way/522280935",
        "payment_url": null,
        "booking_url": null,
        "price_status": "known_free",
        "rule_status": "unknown",
        "enrichment_status": "needs_review",
        "existence_status": "candidate",
        "city": "San Francisco",
        "state": "CA",
        "geometry_quality": "osm_display_fallback",
        "provenance_note": "OpenStreetMap-derived candidate/probable parking zone; verify against official/operator sources before treating as authoritative."
      }
    },
    {
      "type": "Feature",
      "geometry": {
        "type": "Polygon",
        "coordinates": [
          [
            [
              -122.40238509999999,
              37.787182699999995
            ],
            [
              -122.4021451,
              37.787182699999995
            ],
            [
              -122.4021451,
              37.7874227
            ],
            [
              -122.40238509999999,
              37.7874227
            ],
            [
              -122.40238509999999,
              37.787182699999995
            ]
          ]
        ]
      },
      "properties": {
        "source_id": "osm:way:539699519",
        "name": "Parking area",
        "facility_type": "multi-storey",
        "operator": "",
        "access": "",
        "fee": "unknown",
        "charge": "",
        "capacity": "",
        "opening_hours": "",
        "website": "",
        "confidence": 0.35,
        "last_verified_source": "OpenStreetMap via Overpass",
        "raw_tags": {
          "amenity": "parking",
          "building:part": "yes",
          "parking": "multi-storey"
        },
        "geometry_note": "Approximate display polygon generated from point/center. Production should use parcel, building, lot footprint, or authoritative GIS polygon.",
        "source_name": "OpenStreetMap via Overpass",
        "source_url": "https://www.openstreetmap.org/",
        "api_url": "https://overpass-api.de/api/interpreter",
        "evidence_url": "https://www.openstreetmap.org/way/539699519",
        "payment_url": null,
        "booking_url": null,
        "price_status": "unknown",
        "rule_status": "unknown",
        "enrichment_status": "needs_review",
        "existence_status": "candidate",
        "city": "San Francisco",
        "state": "CA",
        "geometry_quality": "osm_display_fallback",
        "provenance_note": "OpenStreetMap-derived candidate/probable parking zone; verify against official/operator sources before treating as authoritative."
      }
    },
    {
      "type": "Feature",
      "geometry": {
        "type": "Polygon",
        "coordinates": [
          [
            [
              -122.4255575,
              37.7843127
            ],
            [
              -122.4253175,
              37.7843127
            ],
            [
              -122.4253175,
              37.784552700000006
            ],
            [
              -122.4255575,
              37.784552700000006
            ],
            [
              -122.4255575,
              37.7843127
            ]
          ]
        ]
      },
      "properties": {
        "source_id": "osm:way:547204366",
        "name": "Parking area",
        "facility_type": "street_side",
        "operator": "",
        "access": "",
        "fee": "unknown",
        "charge": "",
        "capacity": "",
        "opening_hours": "",
        "website": "",
        "confidence": 0.35,
        "last_verified_source": "OpenStreetMap via Overpass",
        "raw_tags": {
          "amenity": "parking",
          "parking": "street_side"
        },
        "geometry_note": "Approximate display polygon generated from point/center. Production should use parcel, building, lot footprint, or authoritative GIS polygon.",
        "source_name": "OpenStreetMap via Overpass",
        "source_url": "https://www.openstreetmap.org/",
        "api_url": "https://overpass-api.de/api/interpreter",
        "evidence_url": "https://www.openstreetmap.org/way/547204366",
        "payment_url": null,
        "booking_url": null,
        "price_status": "unknown",
        "rule_status": "unknown",
        "enrichment_status": "needs_review",
        "existence_status": "candidate",
        "city": "San Francisco",
        "state": "CA",
        "geometry_quality": "osm_display_fallback",
        "provenance_note": "OpenStreetMap-derived candidate/probable parking zone; verify against official/operator sources before treating as authoritative."
      }
    },
    {
      "type": "Feature",
      "geometry": {
        "type": "Polygon",
        "coordinates": [
          [
            [
              -122.4240554,
              37.7836187
            ],
            [
              -122.42381540000001,
              37.7836187
            ],
            [
              -122.42381540000001,
              37.7838587
            ],
            [
              -122.4240554,
              37.7838587
            ],
            [
              -122.4240554,
              37.7836187
            ]
          ]
        ]
      },
      "properties": {
        "source_id": "osm:way:547206421",
        "name": "Parking area",
        "facility_type": "multi-storey",
        "operator": "",
        "access": "",
        "fee": "unknown",
        "charge": "",
        "capacity": "",
        "opening_hours": "",
        "website": "",
        "confidence": 0.35,
        "last_verified_source": "OpenStreetMap via Overpass",
        "raw_tags": {
          "building": "parking",
          "building:levels": "3",
          "parking": "multi-storey"
        },
        "geometry_note": "Approximate display polygon generated from point/center. Production should use parcel, building, lot footprint, or authoritative GIS polygon.",
        "source_name": "OpenStreetMap via Overpass",
        "source_url": "https://www.openstreetmap.org/",
        "api_url": "https://overpass-api.de/api/interpreter",
        "evidence_url": "https://www.openstreetmap.org/way/547206421",
        "payment_url": null,
        "booking_url": null,
        "price_status": "unknown",
        "rule_status": "unknown",
        "enrichment_status": "needs_review",
        "existence_status": "candidate",
        "city": "San Francisco",
        "state": "CA",
        "geometry_quality": "osm_display_fallback",
        "provenance_note": "OpenStreetMap-derived candidate/probable parking zone; verify against official/operator sources before treating as authoritative."
      }
    },
    {
      "type": "Feature",
      "geometry": {
        "type": "Polygon",
        "coordinates": [
          [
            [
              -122.42424299999999,
              37.7846294
            ],
            [
              -122.424003,
              37.7846294
            ],
            [
              -122.424003,
              37.784869400000005
            ],
            [
              -122.42424299999999,
              37.784869400000005
            ],
            [
              -122.42424299999999,
              37.7846294
            ]
          ]
        ]
      },
      "properties": {
        "source_id": "osm:way:547220732",
        "name": "Parking area",
        "facility_type": "parking",
        "operator": "",
        "access": "destination",
        "fee": "unknown",
        "charge": "",
        "capacity": "",
        "opening_hours": "",
        "website": "",
        "confidence": 0.35,
        "last_verified_source": "OpenStreetMap via Overpass",
        "raw_tags": {
          "access": "destination",
          "amenity": "parking",
          "maxstay": "4 hours"
        },
        "geometry_note": "Approximate display polygon generated from point/center. Production should use parcel, building, lot footprint, or authoritative GIS polygon.",
        "source_name": "OpenStreetMap via Overpass",
        "source_url": "https://www.openstreetmap.org/",
        "api_url": "https://overpass-api.de/api/interpreter",
        "evidence_url": "https://www.openstreetmap.org/way/547220732",
        "payment_url": null,
        "booking_url": null,
        "price_status": "unknown",
        "rule_status": "unknown",
        "enrichment_status": "needs_review",
        "existence_status": "candidate",
        "city": "San Francisco",
        "state": "CA",
        "geometry_quality": "osm_display_fallback",
        "provenance_note": "OpenStreetMap-derived candidate/probable parking zone; verify against official/operator sources before treating as authoritative."
      }
    },
    {
      "type": "Feature",
      "geometry": {
        "type": "Polygon",
        "coordinates": [
          [
            [
              -122.4240349,
              37.784301899999996
            ],
            [
              -122.4237949,
              37.784301899999996
            ],
            [
              -122.4237949,
              37.7845419
            ],
            [
              -122.4240349,
              37.7845419
            ],
            [
              -122.4240349,
              37.784301899999996
            ]
          ]
        ]
      },
      "properties": {
        "source_id": "osm:way:547220734",
        "name": "Parking area",
        "facility_type": "parking",
        "operator": "",
        "access": "",
        "fee": "unknown",
        "charge": "",
        "capacity": "",
        "opening_hours": "",
        "website": "",
        "confidence": 0.35,
        "last_verified_source": "OpenStreetMap via Overpass",
        "raw_tags": {
          "amenity": "parking"
        },
        "geometry_note": "Approximate display polygon generated from point/center. Production should use parcel, building, lot footprint, or authoritative GIS polygon.",
        "source_name": "OpenStreetMap via Overpass",
        "source_url": "https://www.openstreetmap.org/",
        "api_url": "https://overpass-api.de/api/interpreter",
        "evidence_url": "https://www.openstreetmap.org/way/547220734",
        "payment_url": null,
        "booking_url": null,
        "price_status": "unknown",
        "rule_status": "unknown",
        "enrichment_status": "needs_review",
        "existence_status": "candidate",
        "city": "San Francisco",
        "state": "CA",
        "geometry_quality": "osm_display_fallback",
        "provenance_note": "OpenStreetMap-derived candidate/probable parking zone; verify against official/operator sources before treating as authoritative."
      }
    },
    {
      "type": "Feature",
      "geometry": {
        "type": "Polygon",
        "coordinates": [
          [
            [
              -122.4240068,
              37.7840887
            ],
            [
              -122.42376680000001,
              37.7840887
            ],
            [
              -122.42376680000001,
              37.7843287
            ],
            [
              -122.4240068,
              37.7843287
            ],
            [
              -122.4240068,
              37.7840887
            ]
          ]
        ]
      },
      "properties": {
        "source_id": "osm:way:547220737",
        "name": "Parking area",
        "facility_type": "parking",
        "operator": "",
        "access": "",
        "fee": "unknown",
        "charge": "",
        "capacity": "",
        "opening_hours": "",
        "website": "",
        "confidence": 0.35,
        "last_verified_source": "OpenStreetMap via Overpass",
        "raw_tags": {
          "amenity": "parking"
        },
        "geometry_note": "Approximate display polygon generated from point/center. Production should use parcel, building, lot footprint, or authoritative GIS polygon.",
        "source_name": "OpenStreetMap via Overpass",
        "source_url": "https://www.openstreetmap.org/",
        "api_url": "https://overpass-api.de/api/interpreter",
        "evidence_url": "https://www.openstreetmap.org/way/547220737",
        "payment_url": null,
        "booking_url": null,
        "price_status": "unknown",
        "rule_status": "unknown",
        "enrichment_status": "needs_review",
        "existence_status": "candidate",
        "city": "San Francisco",
        "state": "CA",
        "geometry_quality": "osm_display_fallback",
        "provenance_note": "OpenStreetMap-derived candidate/probable parking zone; verify against official/operator sources before treating as authoritative."
      }
    },
    {
      "type": "Feature",
      "geometry": {
        "type": "Polygon",
        "coordinates": [
          [
            [
              -122.4177734,
              37.7707591
            ],
            [
              -122.41753340000001,
              37.7707591
            ],
            [
              -122.41753340000001,
              37.770999100000004
            ],
            [
              -122.4177734,
              37.770999100000004
            ],
            [
              -122.4177734,
              37.7707591
            ]
          ]
        ]
      },
      "properties": {
        "source_id": "osm:way:558771466",
        "name": "Big O Tires",
        "facility_type": "surface",
        "operator": "Big O Tires",
        "access": "customers",
        "fee": "unknown",
        "charge": "",
        "capacity": "",
        "opening_hours": "",
        "website": "",
        "confidence": 0.35,
        "last_verified_source": "OpenStreetMap via Overpass",
        "raw_tags": {
          "access": "customers",
          "amenity": "parking",
          "operator": "Big O Tires",
          "parking": "surface"
        },
        "geometry_note": "Approximate display polygon generated from point/center. Production should use parcel, building, lot footprint, or authoritative GIS polygon.",
        "source_name": "OpenStreetMap via Overpass",
        "source_url": "https://www.openstreetmap.org/",
        "api_url": "https://overpass-api.de/api/interpreter",
        "evidence_url": "https://www.openstreetmap.org/way/558771466",
        "payment_url": null,
        "booking_url": null,
        "price_status": "unknown",
        "rule_status": "unknown",
        "enrichment_status": "needs_review",
        "existence_status": "probable",
        "city": "San Francisco",
        "state": "CA",
        "geometry_quality": "osm_display_fallback",
        "provenance_note": "OpenStreetMap-derived candidate/probable parking zone; verify against official/operator sources before treating as authoritative."
      }
    },
    {
      "type": "Feature",
      "geometry": {
        "type": "Polygon",
        "coordinates": [
          [
            [
              -122.40462819999999,
              37.801882799999994
            ],
            [
              -122.4043882,
              37.801882799999994
            ],
            [
              -122.4043882,
              37.8021228
            ],
            [
              -122.40462819999999,
              37.8021228
            ],
            [
              -122.40462819999999,
              37.801882799999994
            ]
          ]
        ]
      },
      "properties": {
        "source_id": "osm:way:606005384",
        "name": "Parking area",
        "facility_type": "parking",
        "operator": "",
        "access": "yes",
        "fee": "no",
        "charge": "",
        "capacity": "6",
        "opening_hours": "",
        "website": "",
        "confidence": 0.35,
        "last_verified_source": "OpenStreetMap via Overpass",
        "raw_tags": {
          "access": "yes",
          "amenity": "parking",
          "capacity": "6",
          "fee": "no",
          "maxstay:conditional": "2 hours @ (Mo-Sa 08:00-21:00)"
        },
        "geometry_note": "Approximate display polygon generated from point/center. Production should use parcel, building, lot footprint, or authoritative GIS polygon.",
        "source_name": "OpenStreetMap via Overpass",
        "source_url": "https://www.openstreetmap.org/",
        "api_url": "https://overpass-api.de/api/interpreter",
        "evidence_url": "https://www.openstreetmap.org/way/606005384",
        "payment_url": null,
        "booking_url": null,
        "price_status": "known_free",
        "rule_status": "unknown",
        "enrichment_status": "needs_review",
        "existence_status": "candidate",
        "city": "San Francisco",
        "state": "CA",
        "geometry_quality": "osm_display_fallback",
        "provenance_note": "OpenStreetMap-derived candidate/probable parking zone; verify against official/operator sources before treating as authoritative."
      }
    },
    {
      "type": "Feature",
      "geometry": {
        "type": "Polygon",
        "coordinates": [
          [
            [
              -122.4048756,
              37.801838999999994
            ],
            [
              -122.4046356,
              37.801838999999994
            ],
            [
              -122.4046356,
              37.802079
            ],
            [
              -122.4048756,
              37.802079
            ],
            [
              -122.4048756,
              37.801838999999994
            ]
          ]
        ]
      },
      "properties": {
        "source_id": "osm:way:606005385",
        "name": "Parking area",
        "facility_type": "parking",
        "operator": "",
        "access": "yes",
        "fee": "no",
        "charge": "",
        "capacity": "7",
        "opening_hours": "",
        "website": "",
        "confidence": 0.35,
        "last_verified_source": "OpenStreetMap via Overpass",
        "raw_tags": {
          "access": "yes",
          "amenity": "parking",
          "capacity": "7",
          "fee": "no",
          "maxstay:conditional": "2 hours @ (Mo-Sa 08:00-21:00)"
        },
        "geometry_note": "Approximate display polygon generated from point/center. Production should use parcel, building, lot footprint, or authoritative GIS polygon.",
        "source_name": "OpenStreetMap via Overpass",
        "source_url": "https://www.openstreetmap.org/",
        "api_url": "https://overpass-api.de/api/interpreter",
        "evidence_url": "https://www.openstreetmap.org/way/606005385",
        "payment_url": null,
        "booking_url": null,
        "price_status": "known_free",
        "rule_status": "unknown",
        "enrichment_status": "needs_review",
        "existence_status": "candidate",
        "city": "San Francisco",
        "state": "CA",
        "geometry_quality": "osm_display_fallback",
        "provenance_note": "OpenStreetMap-derived candidate/probable parking zone; verify against official/operator sources before treating as authoritative."
      }
    },
    {
      "type": "Feature",
      "geometry": {
        "type": "Polygon",
        "coordinates": [
          [
            [
              -122.40370089999999,
              37.778030799999996
            ],
            [
              -122.4034609,
              37.778030799999996
            ],
            [
              -122.4034609,
              37.7782708
            ],
            [
              -122.40370089999999,
              37.7782708
            ],
            [
              -122.40370089999999,
              37.778030799999996
            ]
          ]
        ]
      },
      "properties": {
        "source_id": "osm:way:617587082",
        "name": "Parking area",
        "facility_type": "surface",
        "operator": "",
        "access": "customers",
        "fee": "unknown",
        "charge": "",
        "capacity": "",
        "opening_hours": "",
        "website": "",
        "confidence": 0.35,
        "last_verified_source": "OpenStreetMap via Overpass",
        "raw_tags": {
          "access": "customers",
          "amenity": "parking",
          "parking": "surface"
        },
        "geometry_note": "Approximate display polygon generated from point/center. Production should use parcel, building, lot footprint, or authoritative GIS polygon.",
        "source_name": "OpenStreetMap via Overpass",
        "source_url": "https://www.openstreetmap.org/",
        "api_url": "https://overpass-api.de/api/interpreter",
        "evidence_url": "https://www.openstreetmap.org/way/617587082",
        "payment_url": null,
        "booking_url": null,
        "price_status": "unknown",
        "rule_status": "unknown",
        "enrichment_status": "needs_review",
        "existence_status": "candidate",
        "city": "San Francisco",
        "state": "CA",
        "geometry_quality": "osm_display_fallback",
        "provenance_note": "OpenStreetMap-derived candidate/probable parking zone; verify against official/operator sources before treating as authoritative."
      }
    },
    {
      "type": "Feature",
      "geometry": {
        "type": "Polygon",
        "coordinates": [
          [
            [
              -122.3932028,
              37.790324899999995
            ],
            [
              -122.3929628,
              37.790324899999995
            ],
            [
              -122.3929628,
              37.7905649
            ],
            [
              -122.3932028,
              37.7905649
            ],
            [
              -122.3932028,
              37.790324899999995
            ]
          ]
        ]
      },
      "properties": {
        "source_id": "osm:way:630121522",
        "name": "Parking area",
        "facility_type": "lane",
        "operator": "",
        "access": "yes",
        "fee": "unknown",
        "charge": "",
        "capacity": "40",
        "opening_hours": "",
        "website": "",
        "confidence": 0.35,
        "last_verified_source": "OpenStreetMap via Overpass",
        "raw_tags": {
          "access": "yes",
          "amenity": "motorcycle_parking",
          "capacity": "40",
          "covered": "no",
          "parking": "lane"
        },
        "geometry_note": "Approximate display polygon generated from point/center. Production should use parcel, building, lot footprint, or authoritative GIS polygon.",
        "source_name": "OpenStreetMap via Overpass",
        "source_url": "https://www.openstreetmap.org/",
        "api_url": "https://overpass-api.de/api/interpreter",
        "evidence_url": "https://www.openstreetmap.org/way/630121522",
        "payment_url": null,
        "booking_url": null,
        "price_status": "unknown",
        "rule_status": "unknown",
        "enrichment_status": "needs_review",
        "existence_status": "candidate",
        "city": "San Francisco",
        "state": "CA",
        "geometry_quality": "osm_display_fallback",
        "provenance_note": "OpenStreetMap-derived candidate/probable parking zone; verify against official/operator sources before treating as authoritative."
      }
    },
    {
      "type": "Feature",
      "geometry": {
        "type": "Polygon",
        "coordinates": [
          [
            [
              -122.3890886,
              37.7873756
            ],
            [
              -122.3888486,
              37.7873756
            ],
            [
              -122.3888486,
              37.7876156
            ],
            [
              -122.3890886,
              37.7876156
            ],
            [
              -122.3890886,
              37.7873756
            ]
          ]
        ]
      },
      "properties": {
        "source_id": "osm:way:662488993",
        "name": "Parking area",
        "facility_type": "parking",
        "operator": "",
        "access": "",
        "fee": "unknown",
        "charge": "",
        "capacity": "",
        "opening_hours": "",
        "website": "",
        "confidence": 0.35,
        "last_verified_source": "OpenStreetMap via Overpass",
        "raw_tags": {
          "amenity": "parking"
        },
        "geometry_note": "Approximate display polygon generated from point/center. Production should use parcel, building, lot footprint, or authoritative GIS polygon.",
        "source_name": "OpenStreetMap via Overpass",
        "source_url": "https://www.openstreetmap.org/",
        "api_url": "https://overpass-api.de/api/interpreter",
        "evidence_url": "https://www.openstreetmap.org/way/662488993",
        "payment_url": null,
        "booking_url": null,
        "price_status": "unknown",
        "rule_status": "unknown",
        "enrichment_status": "needs_review",
        "existence_status": "candidate",
        "city": "San Francisco",
        "state": "CA",
        "geometry_quality": "osm_display_fallback",
        "provenance_note": "OpenStreetMap-derived candidate/probable parking zone; verify against official/operator sources before treating as authoritative."
      }
    },
    {
      "type": "Feature",
      "geometry": {
        "type": "Polygon",
        "coordinates": [
          [
            [
              -122.4061029,
              37.7650569
            ],
            [
              -122.4058629,
              37.7650569
            ],
            [
              -122.4058629,
              37.7652969
            ],
            [
              -122.4061029,
              37.7652969
            ],
            [
              -122.4061029,
              37.7650569
            ]
          ]
        ]
      },
      "properties": {
        "source_id": "osm:way:683240940",
        "name": "UPS",
        "facility_type": "rooftop",
        "operator": "UPS",
        "access": "private",
        "fee": "unknown",
        "charge": "",
        "capacity": "",
        "opening_hours": "",
        "website": "",
        "confidence": 0.35,
        "last_verified_source": "OpenStreetMap via Overpass",
        "raw_tags": {
          "access": "private",
          "amenity": "parking",
          "level": "1",
          "operator": "UPS",
          "parking": "rooftop",
          "surface": "paved"
        },
        "geometry_note": "Approximate display polygon generated from point/center. Production should use parcel, building, lot footprint, or authoritative GIS polygon.",
        "source_name": "OpenStreetMap via Overpass",
        "source_url": "https://www.openstreetmap.org/",
        "api_url": "https://overpass-api.de/api/interpreter",
        "evidence_url": "https://www.openstreetmap.org/way/683240940",
        "payment_url": null,
        "booking_url": null,
        "price_status": "unknown",
        "rule_status": "unknown",
        "enrichment_status": "needs_review",
        "existence_status": "probable",
        "city": "San Francisco",
        "state": "CA",
        "geometry_quality": "osm_display_fallback",
        "provenance_note": "OpenStreetMap-derived candidate/probable parking zone; verify against official/operator sources before treating as authoritative."
      }
    },
    {
      "type": "Feature",
      "geometry": {
        "type": "Polygon",
        "coordinates": [
          [
            [
              -122.4062556,
              37.766155999999995
            ],
            [
              -122.4060156,
              37.766155999999995
            ],
            [
              -122.4060156,
              37.766396
            ],
            [
              -122.4062556,
              37.766396
            ],
            [
              -122.4062556,
              37.766155999999995
            ]
          ]
        ]
      },
      "properties": {
        "source_id": "osm:way:683240941",
        "name": "Parking area",
        "facility_type": "surface",
        "operator": "",
        "access": "private",
        "fee": "unknown",
        "charge": "",
        "capacity": "",
        "opening_hours": "",
        "website": "",
        "confidence": 0.35,
        "last_verified_source": "OpenStreetMap via Overpass",
        "raw_tags": {
          "access": "private",
          "amenity": "parking",
          "parking": "surface",
          "surface": "paved"
        },
        "geometry_note": "Approximate display polygon generated from point/center. Production should use parcel, building, lot footprint, or authoritative GIS polygon.",
        "source_name": "OpenStreetMap via Overpass",
        "source_url": "https://www.openstreetmap.org/",
        "api_url": "https://overpass-api.de/api/interpreter",
        "evidence_url": "https://www.openstreetmap.org/way/683240941",
        "payment_url": null,
        "booking_url": null,
        "price_status": "unknown",
        "rule_status": "unknown",
        "enrichment_status": "needs_review",
        "existence_status": "candidate",
        "city": "San Francisco",
        "state": "CA",
        "geometry_quality": "osm_display_fallback",
        "provenance_note": "OpenStreetMap-derived candidate/probable parking zone; verify against official/operator sources before treating as authoritative."
      }
    },
    {
      "type": "Feature",
      "geometry": {
        "type": "Polygon",
        "coordinates": [
          [
            [
              -122.3961535,
              37.7711179
            ],
            [
              -122.3959135,
              37.7711179
            ],
            [
              -122.3959135,
              37.771357900000005
            ],
            [
              -122.3961535,
              37.771357900000005
            ],
            [
              -122.3961535,
              37.7711179
            ]
          ]
        ]
      },
      "properties": {
        "source_id": "osm:way:700875792",
        "name": "Parking area",
        "facility_type": "surface",
        "operator": "",
        "access": "",
        "fee": "unknown",
        "charge": "",
        "capacity": "",
        "opening_hours": "",
        "website": "",
        "confidence": 0.35,
        "last_verified_source": "OpenStreetMap via Overpass",
        "raw_tags": {
          "amenity": "parking",
          "parking": "surface"
        },
        "geometry_note": "Approximate display polygon generated from point/center. Production should use parcel, building, lot footprint, or authoritative GIS polygon.",
        "source_name": "OpenStreetMap via Overpass",
        "source_url": "https://www.openstreetmap.org/",
        "api_url": "https://overpass-api.de/api/interpreter",
        "evidence_url": "https://www.openstreetmap.org/way/700875792",
        "payment_url": null,
        "booking_url": null,
        "price_status": "unknown",
        "rule_status": "unknown",
        "enrichment_status": "needs_review",
        "existence_status": "candidate",
        "city": "San Francisco",
        "state": "CA",
        "geometry_quality": "osm_display_fallback",
        "provenance_note": "OpenStreetMap-derived candidate/probable parking zone; verify against official/operator sources before treating as authoritative."
      }
    },
    {
      "type": "Feature",
      "geometry": {
        "type": "Polygon",
        "coordinates": [
          [
            [
              -122.39539309999999,
              37.7717086
            ],
            [
              -122.3951531,
              37.7717086
            ],
            [
              -122.3951531,
              37.7719486
            ],
            [
              -122.39539309999999,
              37.7719486
            ],
            [
              -122.39539309999999,
              37.7717086
            ]
          ]
        ]
      },
      "properties": {
        "source_id": "osm:way:700875794",
        "name": "Parking area",
        "facility_type": "surface",
        "operator": "",
        "access": "",
        "fee": "unknown",
        "charge": "",
        "capacity": "",
        "opening_hours": "",
        "website": "",
        "confidence": 0.35,
        "last_verified_source": "OpenStreetMap via Overpass",
        "raw_tags": {
          "amenity": "parking",
          "parking": "surface"
        },
        "geometry_note": "Approximate display polygon generated from point/center. Production should use parcel, building, lot footprint, or authoritative GIS polygon.",
        "source_name": "OpenStreetMap via Overpass",
        "source_url": "https://www.openstreetmap.org/",
        "api_url": "https://overpass-api.de/api/interpreter",
        "evidence_url": "https://www.openstreetmap.org/way/700875794",
        "payment_url": null,
        "booking_url": null,
        "price_status": "unknown",
        "rule_status": "unknown",
        "enrichment_status": "needs_review",
        "existence_status": "candidate",
        "city": "San Francisco",
        "state": "CA",
        "geometry_quality": "osm_display_fallback",
        "provenance_note": "OpenStreetMap-derived candidate/probable parking zone; verify against official/operator sources before treating as authoritative."
      }
    },
    {
      "type": "Feature",
      "geometry": {
        "type": "Polygon",
        "coordinates": [
          [
            [
              -122.39470779999999,
              37.7722608
            ],
            [
              -122.3944678,
              37.7722608
            ],
            [
              -122.3944678,
              37.7725008
            ],
            [
              -122.39470779999999,
              37.7725008
            ],
            [
              -122.39470779999999,
              37.7722608
            ]
          ]
        ]
      },
      "properties": {
        "source_id": "osm:way:700875795",
        "name": "Parking area",
        "facility_type": "surface",
        "operator": "",
        "access": "private",
        "fee": "unknown",
        "charge": "",
        "capacity": "",
        "opening_hours": "",
        "website": "",
        "confidence": 0.35,
        "last_verified_source": "OpenStreetMap via Overpass",
        "raw_tags": {
          "access": "private",
          "amenity": "parking",
          "parking": "surface"
        },
        "geometry_note": "Approximate display polygon generated from point/center. Production should use parcel, building, lot footprint, or authoritative GIS polygon.",
        "source_name": "OpenStreetMap via Overpass",
        "source_url": "https://www.openstreetmap.org/",
        "api_url": "https://overpass-api.de/api/interpreter",
        "evidence_url": "https://www.openstreetmap.org/way/700875795",
        "payment_url": null,
        "booking_url": null,
        "price_status": "unknown",
        "rule_status": "unknown",
        "enrichment_status": "needs_review",
        "existence_status": "candidate",
        "city": "San Francisco",
        "state": "CA",
        "geometry_quality": "osm_display_fallback",
        "provenance_note": "OpenStreetMap-derived candidate/probable parking zone; verify against official/operator sources before treating as authoritative."
      }
    },
    {
      "type": "Feature",
      "geometry": {
        "type": "Polygon",
        "coordinates": [
          [
            [
              -122.4133356,
              37.778134099999995
            ],
            [
              -122.4130956,
              37.778134099999995
            ],
            [
              -122.4130956,
              37.7783741
            ],
            [
              -122.4133356,
              37.7783741
            ],
            [
              -122.4133356,
              37.778134099999995
            ]
          ]
        ]
      },
      "properties": {
        "source_id": "osm:way:718215929",
        "name": "Parking area",
        "facility_type": "underground",
        "operator": "",
        "access": "yes",
        "fee": "yes",
        "charge": "",
        "capacity": "1400",
        "opening_hours": "Mo-Su 05:30-23:30",
        "website": "",
        "confidence": 0.35,
        "last_verified_source": "OpenStreetMap via Overpass",
        "raw_tags": {
          "access": "yes",
          "amenity": "parking",
          "capacity": "1400",
          "fee": "yes",
          "layer": "-1",
          "note": "Vehicles may not exit parking garage after close",
          "opening_hours": "Mo-Su 05:30-23:30",
          "parking": "underground",
          "surface": "concrete"
        },
        "geometry_note": "Approximate display polygon generated from point/center. Production should use parcel, building, lot footprint, or authoritative GIS polygon.",
        "source_name": "OpenStreetMap via Overpass",
        "source_url": "https://www.openstreetmap.org/",
        "api_url": "https://overpass-api.de/api/interpreter",
        "evidence_url": "https://www.openstreetmap.org/way/718215929",
        "payment_url": null,
        "booking_url": null,
        "price_status": "paid_unknown",
        "rule_status": "partial",
        "enrichment_status": "needs_review",
        "existence_status": "candidate",
        "city": "San Francisco",
        "state": "CA",
        "geometry_quality": "osm_display_fallback",
        "provenance_note": "OpenStreetMap-derived candidate/probable parking zone; verify against official/operator sources before treating as authoritative."
      }
    },
    {
      "type": "Feature",
      "geometry": {
        "type": "Polygon",
        "coordinates": [
          [
            [
              -122.3946696,
              37.7911487
            ],
            [
              -122.39442960000001,
              37.7911487
            ],
            [
              -122.39442960000001,
              37.791388700000006
            ],
            [
              -122.3946696,
              37.791388700000006
            ],
            [
              -122.3946696,
              37.7911487
            ]
          ]
        ]
      },
      "properties": {
        "source_id": "osm:way:778433916",
        "name": "Parking area",
        "facility_type": "surface",
        "operator": "",
        "access": "",
        "fee": "unknown",
        "charge": "",
        "capacity": "",
        "opening_hours": "",
        "website": "",
        "confidence": 0.35,
        "last_verified_source": "OpenStreetMap via Overpass",
        "raw_tags": {
          "amenity": "parking",
          "parking": "surface"
        },
        "geometry_note": "Approximate display polygon generated from point/center. Production should use parcel, building, lot footprint, or authoritative GIS polygon.",
        "source_name": "OpenStreetMap via Overpass",
        "source_url": "https://www.openstreetmap.org/",
        "api_url": "https://overpass-api.de/api/interpreter",
        "evidence_url": "https://www.openstreetmap.org/way/778433916",
        "payment_url": null,
        "booking_url": null,
        "price_status": "unknown",
        "rule_status": "unknown",
        "enrichment_status": "needs_review",
        "existence_status": "candidate",
        "city": "San Francisco",
        "state": "CA",
        "geometry_quality": "osm_display_fallback",
        "provenance_note": "OpenStreetMap-derived candidate/probable parking zone; verify against official/operator sources before treating as authoritative."
      }
    },
    {
      "type": "Feature",
      "geometry": {
        "type": "Polygon",
        "coordinates": [
          [
            [
              -122.3923299,
              37.769970699999995
            ],
            [
              -122.3920899,
              37.769970699999995
            ],
            [
              -122.3920899,
              37.7702107
            ],
            [
              -122.3923299,
              37.7702107
            ],
            [
              -122.3923299,
              37.769970699999995
            ]
          ]
        ]
      },
      "properties": {
        "source_id": "osm:way:807874999",
        "name": "Parking area",
        "facility_type": "surface",
        "operator": "",
        "access": "private",
        "fee": "unknown",
        "charge": "",
        "capacity": "",
        "opening_hours": "",
        "website": "",
        "confidence": 0.35,
        "last_verified_source": "OpenStreetMap via Overpass",
        "raw_tags": {
          "access": "private",
          "amenity": "parking",
          "parking": "surface"
        },
        "geometry_note": "Approximate display polygon generated from point/center. Production should use parcel, building, lot footprint, or authoritative GIS polygon.",
        "source_name": "OpenStreetMap via Overpass",
        "source_url": "https://www.openstreetmap.org/",
        "api_url": "https://overpass-api.de/api/interpreter",
        "evidence_url": "https://www.openstreetmap.org/way/807874999",
        "payment_url": null,
        "booking_url": null,
        "price_status": "unknown",
        "rule_status": "unknown",
        "enrichment_status": "needs_review",
        "existence_status": "candidate",
        "city": "San Francisco",
        "state": "CA",
        "geometry_quality": "osm_display_fallback",
        "provenance_note": "OpenStreetMap-derived candidate/probable parking zone; verify against official/operator sources before treating as authoritative."
      }
    },
    {
      "type": "Feature",
      "geometry": {
        "type": "Polygon",
        "coordinates": [
          [
            [
              -122.3937649,
              37.7698507
            ],
            [
              -122.3935249,
              37.7698507
            ],
            [
              -122.3935249,
              37.770090700000004
            ],
            [
              -122.3937649,
              37.770090700000004
            ],
            [
              -122.3937649,
              37.7698507
            ]
          ]
        ]
      },
      "properties": {
        "source_id": "osm:way:807875000",
        "name": "Parking area",
        "facility_type": "surface",
        "operator": "",
        "access": "private",
        "fee": "unknown",
        "charge": "",
        "capacity": "",
        "opening_hours": "",
        "website": "",
        "confidence": 0.35,
        "last_verified_source": "OpenStreetMap via Overpass",
        "raw_tags": {
          "access": "private",
          "amenity": "parking",
          "parking": "surface"
        },
        "geometry_note": "Approximate display polygon generated from point/center. Production should use parcel, building, lot footprint, or authoritative GIS polygon.",
        "source_name": "OpenStreetMap via Overpass",
        "source_url": "https://www.openstreetmap.org/",
        "api_url": "https://overpass-api.de/api/interpreter",
        "evidence_url": "https://www.openstreetmap.org/way/807875000",
        "payment_url": null,
        "booking_url": null,
        "price_status": "unknown",
        "rule_status": "unknown",
        "enrichment_status": "needs_review",
        "existence_status": "candidate",
        "city": "San Francisco",
        "state": "CA",
        "geometry_quality": "osm_display_fallback",
        "provenance_note": "OpenStreetMap-derived candidate/probable parking zone; verify against official/operator sources before treating as authoritative."
      }
    },
    {
      "type": "Feature",
      "geometry": {
        "type": "Polygon",
        "coordinates": [
          [
            [
              -122.3942999,
              37.7689185
            ],
            [
              -122.3940599,
              37.7689185
            ],
            [
              -122.3940599,
              37.7691585
            ],
            [
              -122.3942999,
              37.7691585
            ],
            [
              -122.3942999,
              37.7689185
            ]
          ]
        ]
      },
      "properties": {
        "source_id": "osm:way:807875002",
        "name": "Parking area",
        "facility_type": "parking",
        "operator": "",
        "access": "",
        "fee": "unknown",
        "charge": "",
        "capacity": "",
        "opening_hours": "",
        "website": "",
        "confidence": 0.35,
        "last_verified_source": "OpenStreetMap via Overpass",
        "raw_tags": {
          "amenity": "parking"
        },
        "geometry_note": "Approximate display polygon generated from point/center. Production should use parcel, building, lot footprint, or authoritative GIS polygon.",
        "source_name": "OpenStreetMap via Overpass",
        "source_url": "https://www.openstreetmap.org/",
        "api_url": "https://overpass-api.de/api/interpreter",
        "evidence_url": "https://www.openstreetmap.org/way/807875002",
        "payment_url": null,
        "booking_url": null,
        "price_status": "unknown",
        "rule_status": "unknown",
        "enrichment_status": "needs_review",
        "existence_status": "candidate",
        "city": "San Francisco",
        "state": "CA",
        "geometry_quality": "osm_display_fallback",
        "provenance_note": "OpenStreetMap-derived candidate/probable parking zone; verify against official/operator sources before treating as authoritative."
      }
    },
    {
      "type": "Feature",
      "geometry": {
        "type": "Polygon",
        "coordinates": [
          [
            [
              -122.388639,
              37.774119299999995
            ],
            [
              -122.388399,
              37.774119299999995
            ],
            [
              -122.388399,
              37.7743593
            ],
            [
              -122.388639,
              37.7743593
            ],
            [
              -122.388639,
              37.774119299999995
            ]
          ]
        ]
      },
      "properties": {
        "source_id": "osm:way:817076992",
        "name": "Oracle Park Parking Lot A",
        "facility_type": "surface",
        "operator": "",
        "access": "yes",
        "fee": "yes",
        "charge": "",
        "capacity": "",
        "opening_hours": "",
        "website": "",
        "confidence": 0.35,
        "last_verified_source": "OpenStreetMap via Overpass",
        "raw_tags": {
          "access": "yes",
          "amenity": "parking",
          "fee": "yes",
          "name": "Oracle Park Parking Lot A",
          "parking": "surface"
        },
        "geometry_note": "Approximate display polygon generated from point/center. Production should use parcel, building, lot footprint, or authoritative GIS polygon.",
        "source_name": "OpenStreetMap via Overpass",
        "source_url": "https://www.openstreetmap.org/",
        "api_url": "https://overpass-api.de/api/interpreter",
        "evidence_url": "https://www.openstreetmap.org/way/817076992",
        "payment_url": null,
        "booking_url": null,
        "price_status": "paid_unknown",
        "rule_status": "unknown",
        "enrichment_status": "needs_review",
        "existence_status": "probable",
        "city": "San Francisco",
        "state": "CA",
        "geometry_quality": "osm_display_fallback",
        "provenance_note": "OpenStreetMap-derived candidate/probable parking zone; verify against official/operator sources before treating as authoritative."
      }
    },
    {
      "type": "Feature",
      "geometry": {
        "type": "Polygon",
        "coordinates": [
          [
            [
              -122.3868172,
              37.7865524
            ],
            [
              -122.3865772,
              37.7865524
            ],
            [
              -122.3865772,
              37.7867924
            ],
            [
              -122.3868172,
              37.7867924
            ],
            [
              -122.3868172,
              37.7865524
            ]
          ]
        ]
      },
      "properties": {
        "source_id": "osm:way:831444005",
        "name": "Parking area",
        "facility_type": "parking",
        "operator": "",
        "access": "",
        "fee": "unknown",
        "charge": "",
        "capacity": "",
        "opening_hours": "",
        "website": "",
        "confidence": 0.35,
        "last_verified_source": "OpenStreetMap via Overpass",
        "raw_tags": {
          "amenity": "parking"
        },
        "geometry_note": "Approximate display polygon generated from point/center. Production should use parcel, building, lot footprint, or authoritative GIS polygon.",
        "source_name": "OpenStreetMap via Overpass",
        "source_url": "https://www.openstreetmap.org/",
        "api_url": "https://overpass-api.de/api/interpreter",
        "evidence_url": "https://www.openstreetmap.org/way/831444005",
        "payment_url": null,
        "booking_url": null,
        "price_status": "unknown",
        "rule_status": "unknown",
        "enrichment_status": "needs_review",
        "existence_status": "candidate",
        "city": "San Francisco",
        "state": "CA",
        "geometry_quality": "osm_display_fallback",
        "provenance_note": "OpenStreetMap-derived candidate/probable parking zone; verify against official/operator sources before treating as authoritative."
      }
    },
    {
      "type": "Feature",
      "geometry": {
        "type": "Polygon",
        "coordinates": [
          [
            [
              -122.4218073,
              37.8025684
            ],
            [
              -122.4215673,
              37.8025684
            ],
            [
              -122.4215673,
              37.8028084
            ],
            [
              -122.4218073,
              37.8028084
            ],
            [
              -122.4218073,
              37.8025684
            ]
          ]
        ]
      },
      "properties": {
        "source_id": "osm:way:852190686",
        "name": "Parking area",
        "facility_type": "lane",
        "operator": "",
        "access": "",
        "fee": "unknown",
        "charge": "",
        "capacity": "",
        "opening_hours": "",
        "website": "",
        "confidence": 0.35,
        "last_verified_source": "OpenStreetMap via Overpass",
        "raw_tags": {
          "amenity": "parking",
          "parking": "lane"
        },
        "geometry_note": "Approximate display polygon generated from point/center. Production should use parcel, building, lot footprint, or authoritative GIS polygon.",
        "source_name": "OpenStreetMap via Overpass",
        "source_url": "https://www.openstreetmap.org/",
        "api_url": "https://overpass-api.de/api/interpreter",
        "evidence_url": "https://www.openstreetmap.org/way/852190686",
        "payment_url": null,
        "booking_url": null,
        "price_status": "unknown",
        "rule_status": "unknown",
        "enrichment_status": "needs_review",
        "existence_status": "candidate",
        "city": "San Francisco",
        "state": "CA",
        "geometry_quality": "osm_display_fallback",
        "provenance_note": "OpenStreetMap-derived candidate/probable parking zone; verify against official/operator sources before treating as authoritative."
      }
    },
    {
      "type": "Feature",
      "geometry": {
        "type": "Polygon",
        "coordinates": [
          [
            [
              -122.4202825,
              37.800920299999994
            ],
            [
              -122.42004250000001,
              37.800920299999994
            ],
            [
              -122.42004250000001,
              37.8011603
            ],
            [
              -122.4202825,
              37.8011603
            ],
            [
              -122.4202825,
              37.800920299999994
            ]
          ]
        ]
      },
      "properties": {
        "source_id": "osm:way:856208649",
        "name": "Parking area",
        "facility_type": "street_side",
        "operator": "",
        "access": "yes",
        "fee": "no",
        "charge": "",
        "capacity": "",
        "opening_hours": "",
        "website": "",
        "confidence": 0.35,
        "last_verified_source": "OpenStreetMap via Overpass",
        "raw_tags": {
          "access": "yes",
          "amenity": "parking",
          "fee": "no",
          "parking": "street_side"
        },
        "geometry_note": "Approximate display polygon generated from point/center. Production should use parcel, building, lot footprint, or authoritative GIS polygon.",
        "source_name": "OpenStreetMap via Overpass",
        "source_url": "https://www.openstreetmap.org/",
        "api_url": "https://overpass-api.de/api/interpreter",
        "evidence_url": "https://www.openstreetmap.org/way/856208649",
        "payment_url": null,
        "booking_url": null,
        "price_status": "known_free",
        "rule_status": "unknown",
        "enrichment_status": "needs_review",
        "existence_status": "candidate",
        "city": "San Francisco",
        "state": "CA",
        "geometry_quality": "osm_display_fallback",
        "provenance_note": "OpenStreetMap-derived candidate/probable parking zone; verify against official/operator sources before treating as authoritative."
      }
    },
    {
      "type": "Feature",
      "geometry": {
        "type": "Polygon",
        "coordinates": [
          [
            [
              -122.40191279999999,
              37.768273799999996
            ],
            [
              -122.4016728,
              37.768273799999996
            ],
            [
              -122.4016728,
              37.7685138
            ],
            [
              -122.40191279999999,
              37.7685138
            ],
            [
              -122.40191279999999,
              37.768273799999996
            ]
          ]
        ]
      },
      "properties": {
        "source_id": "osm:way:917300211",
        "name": "Parking area",
        "facility_type": "surface",
        "operator": "",
        "access": "permissive",
        "fee": "unknown",
        "charge": "",
        "capacity": "",
        "opening_hours": "",
        "website": "",
        "confidence": 0.35,
        "last_verified_source": "OpenStreetMap via Overpass",
        "raw_tags": {
          "access": "permissive",
          "amenity": "parking",
          "parking": "surface"
        },
        "geometry_note": "Approximate display polygon generated from point/center. Production should use parcel, building, lot footprint, or authoritative GIS polygon.",
        "source_name": "OpenStreetMap via Overpass",
        "source_url": "https://www.openstreetmap.org/",
        "api_url": "https://overpass-api.de/api/interpreter",
        "evidence_url": "https://www.openstreetmap.org/way/917300211",
        "payment_url": null,
        "booking_url": null,
        "price_status": "unknown",
        "rule_status": "unknown",
        "enrichment_status": "needs_review",
        "existence_status": "candidate",
        "city": "San Francisco",
        "state": "CA",
        "geometry_quality": "osm_display_fallback",
        "provenance_note": "OpenStreetMap-derived candidate/probable parking zone; verify against official/operator sources before treating as authoritative."
      }
    },
    {
      "type": "Feature",
      "geometry": {
        "type": "Polygon",
        "coordinates": [
          [
            [
              -122.4104722,
              37.7874507
            ],
            [
              -122.41023220000001,
              37.7874507
            ],
            [
              -122.41023220000001,
              37.787690700000006
            ],
            [
              -122.4104722,
              37.787690700000006
            ],
            [
              -122.4104722,
              37.7874507
            ]
          ]
        ]
      },
      "properties": {
        "source_id": "osm:way:937963043",
        "name": "Parking area",
        "facility_type": "multi-storey",
        "operator": "",
        "access": "",
        "fee": "unknown",
        "charge": "",
        "capacity": "",
        "opening_hours": "",
        "website": "",
        "confidence": 0.35,
        "last_verified_source": "OpenStreetMap via Overpass",
        "raw_tags": {
          "amenity": "parking",
          "building": "parking",
          "building:levels": "3",
          "parking": "multi-storey"
        },
        "geometry_note": "Approximate display polygon generated from point/center. Production should use parcel, building, lot footprint, or authoritative GIS polygon.",
        "source_name": "OpenStreetMap via Overpass",
        "source_url": "https://www.openstreetmap.org/",
        "api_url": "https://overpass-api.de/api/interpreter",
        "evidence_url": "https://www.openstreetmap.org/way/937963043",
        "payment_url": null,
        "booking_url": null,
        "price_status": "unknown",
        "rule_status": "unknown",
        "enrichment_status": "needs_review",
        "existence_status": "candidate",
        "city": "San Francisco",
        "state": "CA",
        "geometry_quality": "osm_display_fallback",
        "provenance_note": "OpenStreetMap-derived candidate/probable parking zone; verify against official/operator sources before treating as authoritative."
      }
    },
    {
      "type": "Feature",
      "geometry": {
        "type": "Polygon",
        "coordinates": [
          [
            [
              -122.4208386,
              37.7727058
            ],
            [
              -122.4205986,
              37.7727058
            ],
            [
              -122.4205986,
              37.7729458
            ],
            [
              -122.4208386,
              37.7729458
            ],
            [
              -122.4208386,
              37.7727058
            ]
          ]
        ]
      },
      "properties": {
        "source_id": "osm:way:939462523",
        "name": "Parking area",
        "facility_type": "parking",
        "operator": "",
        "access": "",
        "fee": "unknown",
        "charge": "",
        "capacity": "",
        "opening_hours": "",
        "website": "",
        "confidence": 0.35,
        "last_verified_source": "OpenStreetMap via Overpass",
        "raw_tags": {
          "amenity": "parking"
        },
        "geometry_note": "Approximate display polygon generated from point/center. Production should use parcel, building, lot footprint, or authoritative GIS polygon.",
        "source_name": "OpenStreetMap via Overpass",
        "source_url": "https://www.openstreetmap.org/",
        "api_url": "https://overpass-api.de/api/interpreter",
        "evidence_url": "https://www.openstreetmap.org/way/939462523",
        "payment_url": null,
        "booking_url": null,
        "price_status": "unknown",
        "rule_status": "unknown",
        "enrichment_status": "needs_review",
        "existence_status": "candidate",
        "city": "San Francisco",
        "state": "CA",
        "geometry_quality": "osm_display_fallback",
        "provenance_note": "OpenStreetMap-derived candidate/probable parking zone; verify against official/operator sources before treating as authoritative."
      }
    },
    {
      "type": "Feature",
      "geometry": {
        "type": "Polygon",
        "coordinates": [
          [
            [
              -122.4053173,
              37.7759402
            ],
            [
              -122.4050773,
              37.7759402
            ],
            [
              -122.4050773,
              37.776180200000006
            ],
            [
              -122.4053173,
              37.776180200000006
            ],
            [
              -122.4053173,
              37.7759402
            ]
          ]
        ]
      },
      "properties": {
        "source_id": "osm:way:945537434",
        "name": "7th St./Harrison Lot",
        "facility_type": "surface",
        "operator": "SFMTA",
        "access": "yes",
        "fee": "yes",
        "charge": "",
        "capacity": "",
        "opening_hours": "Mo-Su 07:00-19:00; PH off",
        "website": "https://www.sfmta.com/garages-lots/7th-stharrison-lot",
        "confidence": 0.35,
        "last_verified_source": "OpenStreetMap via Overpass",
        "raw_tags": {
          "access": "yes",
          "addr:city": "San Francisco",
          "addr:housenumber": "415",
          "addr:street": "7th Street",
          "amenity": "parking",
          "fee": "yes",
          "name": "7th St./Harrison Lot",
          "opening_hours": "Mo-Su 07:00-19:00; PH off",
          "operator": "SFMTA",
          "operator:type": "public",
          "parking": "surface",
          "phone": "+1 415 765 9069",
          "surface": "asphalt",
          "website": "https://www.sfmta.com/garages-lots/7th-stharrison-lot"
        },
        "geometry_note": "Approximate display polygon generated from point/center. Production should use parcel, building, lot footprint, or authoritative GIS polygon.",
        "source_name": "OpenStreetMap via Overpass",
        "source_url": "https://www.openstreetmap.org/",
        "api_url": "https://overpass-api.de/api/interpreter",
        "evidence_url": "https://www.openstreetmap.org/way/945537434",
        "payment_url": null,
        "booking_url": null,
        "price_status": "paid_unknown",
        "rule_status": "partial",
        "enrichment_status": "needs_review",
        "existence_status": "probable",
        "city": "San Francisco",
        "state": "CA",
        "geometry_quality": "osm_display_fallback",
        "provenance_note": "OpenStreetMap-derived candidate/probable parking zone; verify against official/operator sources before treating as authoritative."
      }
    },
    {
      "type": "Feature",
      "geometry": {
        "type": "Polygon",
        "coordinates": [
          [
            [
              -122.4062812,
              37.774129699999996
            ],
            [
              -122.4060412,
              37.774129699999996
            ],
            [
              -122.4060412,
              37.7743697
            ],
            [
              -122.4062812,
              37.7743697
            ],
            [
              -122.4062812,
              37.774129699999996
            ]
          ]
        ]
      },
      "properties": {
        "source_id": "osm:way:945537435",
        "name": "Parking area",
        "facility_type": "parking",
        "operator": "",
        "access": "",
        "fee": "unknown",
        "charge": "",
        "capacity": "",
        "opening_hours": "",
        "website": "",
        "confidence": 0.35,
        "last_verified_source": "OpenStreetMap via Overpass",
        "raw_tags": {
          "amenity": "parking"
        },
        "geometry_note": "Approximate display polygon generated from point/center. Production should use parcel, building, lot footprint, or authoritative GIS polygon.",
        "source_name": "OpenStreetMap via Overpass",
        "source_url": "https://www.openstreetmap.org/",
        "api_url": "https://overpass-api.de/api/interpreter",
        "evidence_url": "https://www.openstreetmap.org/way/945537435",
        "payment_url": null,
        "booking_url": null,
        "price_status": "unknown",
        "rule_status": "unknown",
        "enrichment_status": "needs_review",
        "existence_status": "candidate",
        "city": "San Francisco",
        "state": "CA",
        "geometry_quality": "osm_display_fallback",
        "provenance_note": "OpenStreetMap-derived candidate/probable parking zone; verify against official/operator sources before treating as authoritative."
      }
    },
    {
      "type": "Feature",
      "geometry": {
        "type": "Polygon",
        "coordinates": [
          [
            [
              -122.4065694,
              37.772388899999996
            ],
            [
              -122.4063294,
              37.772388899999996
            ],
            [
              -122.4063294,
              37.7726289
            ],
            [
              -122.4065694,
              37.7726289
            ],
            [
              -122.4065694,
              37.772388899999996
            ]
          ]
        ]
      },
      "properties": {
        "source_id": "osm:way:945537437",
        "name": "Parking area",
        "facility_type": "parking",
        "operator": "",
        "access": "private",
        "fee": "unknown",
        "charge": "",
        "capacity": "",
        "opening_hours": "",
        "website": "",
        "confidence": 0.35,
        "last_verified_source": "OpenStreetMap via Overpass",
        "raw_tags": {
          "access": "private",
          "amenity": "parking"
        },
        "geometry_note": "Approximate display polygon generated from point/center. Production should use parcel, building, lot footprint, or authoritative GIS polygon.",
        "source_name": "OpenStreetMap via Overpass",
        "source_url": "https://www.openstreetmap.org/",
        "api_url": "https://overpass-api.de/api/interpreter",
        "evidence_url": "https://www.openstreetmap.org/way/945537437",
        "payment_url": null,
        "booking_url": null,
        "price_status": "unknown",
        "rule_status": "unknown",
        "enrichment_status": "needs_review",
        "existence_status": "candidate",
        "city": "San Francisco",
        "state": "CA",
        "geometry_quality": "osm_display_fallback",
        "provenance_note": "OpenStreetMap-derived candidate/probable parking zone; verify against official/operator sources before treating as authoritative."
      }
    },
    {
      "type": "Feature",
      "geometry": {
        "type": "Polygon",
        "coordinates": [
          [
            [
              -122.4062515,
              37.7711936
            ],
            [
              -122.4060115,
              37.7711936
            ],
            [
              -122.4060115,
              37.7714336
            ],
            [
              -122.4062515,
              37.7714336
            ],
            [
              -122.4062515,
              37.7711936
            ]
          ]
        ]
      },
      "properties": {
        "source_id": "osm:way:945537438",
        "name": "Parking area",
        "facility_type": "parking",
        "operator": "",
        "access": "",
        "fee": "unknown",
        "charge": "",
        "capacity": "",
        "opening_hours": "",
        "website": "",
        "confidence": 0.35,
        "last_verified_source": "OpenStreetMap via Overpass",
        "raw_tags": {
          "amenity": "parking",
          "fixme": "Parking roads withing the parking lot need to be added. Also, not sure where entrance to the lot is"
        },
        "geometry_note": "Approximate display polygon generated from point/center. Production should use parcel, building, lot footprint, or authoritative GIS polygon.",
        "source_name": "OpenStreetMap via Overpass",
        "source_url": "https://www.openstreetmap.org/",
        "api_url": "https://overpass-api.de/api/interpreter",
        "evidence_url": "https://www.openstreetmap.org/way/945537438",
        "payment_url": null,
        "booking_url": null,
        "price_status": "unknown",
        "rule_status": "unknown",
        "enrichment_status": "needs_review",
        "existence_status": "candidate",
        "city": "San Francisco",
        "state": "CA",
        "geometry_quality": "osm_display_fallback",
        "provenance_note": "OpenStreetMap-derived candidate/probable parking zone; verify against official/operator sources before treating as authoritative."
      }
    },
    {
      "type": "Feature",
      "geometry": {
        "type": "Polygon",
        "coordinates": [
          [
            [
              -122.40408749999999,
              37.7765978
            ],
            [
              -122.4038475,
              37.7765978
            ],
            [
              -122.4038475,
              37.7768378
            ],
            [
              -122.40408749999999,
              37.7768378
            ],
            [
              -122.40408749999999,
              37.7765978
            ]
          ]
        ]
      },
      "properties": {
        "source_id": "osm:way:945537439",
        "name": "Parking area",
        "facility_type": "parking",
        "operator": "",
        "access": "",
        "fee": "unknown",
        "charge": "",
        "capacity": "",
        "opening_hours": "",
        "website": "",
        "confidence": 0.35,
        "last_verified_source": "OpenStreetMap via Overpass",
        "raw_tags": {
          "amenity": "parking"
        },
        "geometry_note": "Approximate display polygon generated from point/center. Production should use parcel, building, lot footprint, or authoritative GIS polygon.",
        "source_name": "OpenStreetMap via Overpass",
        "source_url": "https://www.openstreetmap.org/",
        "api_url": "https://overpass-api.de/api/interpreter",
        "evidence_url": "https://www.openstreetmap.org/way/945537439",
        "payment_url": null,
        "booking_url": null,
        "price_status": "unknown",
        "rule_status": "unknown",
        "enrichment_status": "needs_review",
        "existence_status": "candidate",
        "city": "San Francisco",
        "state": "CA",
        "geometry_quality": "osm_display_fallback",
        "provenance_note": "OpenStreetMap-derived candidate/probable parking zone; verify against official/operator sources before treating as authoritative."
      }
    },
    {
      "type": "Feature",
      "geometry": {
        "type": "Polygon",
        "coordinates": [
          [
            [
              -122.4033805,
              37.7769884
            ],
            [
              -122.4031405,
              37.7769884
            ],
            [
              -122.4031405,
              37.777228400000006
            ],
            [
              -122.4033805,
              37.777228400000006
            ],
            [
              -122.4033805,
              37.7769884
            ]
          ]
        ]
      },
      "properties": {
        "source_id": "osm:way:945537440",
        "name": "Parking area",
        "facility_type": "parking",
        "operator": "",
        "access": "",
        "fee": "unknown",
        "charge": "",
        "capacity": "",
        "opening_hours": "",
        "website": "",
        "confidence": 0.35,
        "last_verified_source": "OpenStreetMap via Overpass",
        "raw_tags": {
          "amenity": "parking"
        },
        "geometry_note": "Approximate display polygon generated from point/center. Production should use parcel, building, lot footprint, or authoritative GIS polygon.",
        "source_name": "OpenStreetMap via Overpass",
        "source_url": "https://www.openstreetmap.org/",
        "api_url": "https://overpass-api.de/api/interpreter",
        "evidence_url": "https://www.openstreetmap.org/way/945537440",
        "payment_url": null,
        "booking_url": null,
        "price_status": "unknown",
        "rule_status": "unknown",
        "enrichment_status": "needs_review",
        "existence_status": "candidate",
        "city": "San Francisco",
        "state": "CA",
        "geometry_quality": "osm_display_fallback",
        "provenance_note": "OpenStreetMap-derived candidate/probable parking zone; verify against official/operator sources before treating as authoritative."
      }
    },
    {
      "type": "Feature",
      "geometry": {
        "type": "Polygon",
        "coordinates": [
          [
            [
              -122.40153,
              37.7781052
            ],
            [
              -122.40129,
              37.7781052
            ],
            [
              -122.40129,
              37.778345200000004
            ],
            [
              -122.40153,
              37.778345200000004
            ],
            [
              -122.40153,
              37.7781052
            ]
          ]
        ]
      },
      "properties": {
        "source_id": "osm:way:945537441",
        "name": "Parking area",
        "facility_type": "parking",
        "operator": "",
        "access": "",
        "fee": "unknown",
        "charge": "",
        "capacity": "",
        "opening_hours": "",
        "website": "",
        "confidence": 0.35,
        "last_verified_source": "OpenStreetMap via Overpass",
        "raw_tags": {
          "amenity": "parking"
        },
        "geometry_note": "Approximate display polygon generated from point/center. Production should use parcel, building, lot footprint, or authoritative GIS polygon.",
        "source_name": "OpenStreetMap via Overpass",
        "source_url": "https://www.openstreetmap.org/",
        "api_url": "https://overpass-api.de/api/interpreter",
        "evidence_url": "https://www.openstreetmap.org/way/945537441",
        "payment_url": null,
        "booking_url": null,
        "price_status": "unknown",
        "rule_status": "unknown",
        "enrichment_status": "needs_review",
        "existence_status": "candidate",
        "city": "San Francisco",
        "state": "CA",
        "geometry_quality": "osm_display_fallback",
        "provenance_note": "OpenStreetMap-derived candidate/probable parking zone; verify against official/operator sources before treating as authoritative."
      }
    },
    {
      "type": "Feature",
      "geometry": {
        "type": "Polygon",
        "coordinates": [
          [
            [
              -122.4020805,
              37.777743699999995
            ],
            [
              -122.4018405,
              37.777743699999995
            ],
            [
              -122.4018405,
              37.7779837
            ],
            [
              -122.4020805,
              37.7779837
            ],
            [
              -122.4020805,
              37.777743699999995
            ]
          ]
        ]
      },
      "properties": {
        "source_id": "osm:way:945537442",
        "name": "Parking area",
        "facility_type": "parking",
        "operator": "",
        "access": "",
        "fee": "unknown",
        "charge": "",
        "capacity": "",
        "opening_hours": "",
        "website": "",
        "confidence": 0.35,
        "last_verified_source": "OpenStreetMap via Overpass",
        "raw_tags": {
          "amenity": "parking"
        },
        "geometry_note": "Approximate display polygon generated from point/center. Production should use parcel, building, lot footprint, or authoritative GIS polygon.",
        "source_name": "OpenStreetMap via Overpass",
        "source_url": "https://www.openstreetmap.org/",
        "api_url": "https://overpass-api.de/api/interpreter",
        "evidence_url": "https://www.openstreetmap.org/way/945537442",
        "payment_url": null,
        "booking_url": null,
        "price_status": "unknown",
        "rule_status": "unknown",
        "enrichment_status": "needs_review",
        "existence_status": "candidate",
        "city": "San Francisco",
        "state": "CA",
        "geometry_quality": "osm_display_fallback",
        "provenance_note": "OpenStreetMap-derived candidate/probable parking zone; verify against official/operator sources before treating as authoritative."
      }
    },
    {
      "type": "Feature",
      "geometry": {
        "type": "Polygon",
        "coordinates": [
          [
            [
              -122.4027529,
              37.7773269
            ],
            [
              -122.4025129,
              37.7773269
            ],
            [
              -122.4025129,
              37.777566900000004
            ],
            [
              -122.4027529,
              37.777566900000004
            ],
            [
              -122.4027529,
              37.7773269
            ]
          ]
        ]
      },
      "properties": {
        "source_id": "osm:way:945537443",
        "name": "Parking area",
        "facility_type": "parking",
        "operator": "",
        "access": "",
        "fee": "unknown",
        "charge": "",
        "capacity": "",
        "opening_hours": "",
        "website": "",
        "confidence": 0.35,
        "last_verified_source": "OpenStreetMap via Overpass",
        "raw_tags": {
          "amenity": "parking"
        },
        "geometry_note": "Approximate display polygon generated from point/center. Production should use parcel, building, lot footprint, or authoritative GIS polygon.",
        "source_name": "OpenStreetMap via Overpass",
        "source_url": "https://www.openstreetmap.org/",
        "api_url": "https://overpass-api.de/api/interpreter",
        "evidence_url": "https://www.openstreetmap.org/way/945537443",
        "payment_url": null,
        "booking_url": null,
        "price_status": "unknown",
        "rule_status": "unknown",
        "enrichment_status": "needs_review",
        "existence_status": "candidate",
        "city": "San Francisco",
        "state": "CA",
        "geometry_quality": "osm_display_fallback",
        "provenance_note": "OpenStreetMap-derived candidate/probable parking zone; verify against official/operator sources before treating as authoritative."
      }
    },
    {
      "type": "Feature",
      "geometry": {
        "type": "Polygon",
        "coordinates": [
          [
            [
              -122.4128988,
              37.7663133
            ],
            [
              -122.4126588,
              37.7663133
            ],
            [
              -122.4126588,
              37.766553300000005
            ],
            [
              -122.4128988,
              37.766553300000005
            ],
            [
              -122.4128988,
              37.7663133
            ]
          ]
        ]
      },
      "properties": {
        "source_id": "osm:way:1042536395",
        "name": "Parking area",
        "facility_type": "surface",
        "operator": "",
        "access": "private",
        "fee": "unknown",
        "charge": "",
        "capacity": "",
        "opening_hours": "",
        "website": "",
        "confidence": 0.35,
        "last_verified_source": "OpenStreetMap via Overpass",
        "raw_tags": {
          "access": "private",
          "amenity": "parking",
          "barrier": "fence",
          "parking": "surface",
          "surface": "asphalt"
        },
        "geometry_note": "Approximate display polygon generated from point/center. Production should use parcel, building, lot footprint, or authoritative GIS polygon.",
        "source_name": "OpenStreetMap via Overpass",
        "source_url": "https://www.openstreetmap.org/",
        "api_url": "https://overpass-api.de/api/interpreter",
        "evidence_url": "https://www.openstreetmap.org/way/1042536395",
        "payment_url": null,
        "booking_url": null,
        "price_status": "unknown",
        "rule_status": "unknown",
        "enrichment_status": "needs_review",
        "existence_status": "candidate",
        "city": "San Francisco",
        "state": "CA",
        "geometry_quality": "osm_display_fallback",
        "provenance_note": "OpenStreetMap-derived candidate/probable parking zone; verify against official/operator sources before treating as authoritative."
      }
    },
    {
      "type": "Feature",
      "geometry": {
        "type": "Polygon",
        "coordinates": [
          [
            [
              -122.41849529999999,
              37.7875863
            ],
            [
              -122.4182553,
              37.7875863
            ],
            [
              -122.4182553,
              37.787826300000006
            ],
            [
              -122.41849529999999,
              37.787826300000006
            ],
            [
              -122.41849529999999,
              37.7875863
            ]
          ]
        ]
      },
      "properties": {
        "source_id": "osm:way:1043327123",
        "name": "Parking area",
        "facility_type": "street_side",
        "operator": "",
        "access": "",
        "fee": "unknown",
        "charge": "",
        "capacity": "5",
        "opening_hours": "",
        "website": "",
        "confidence": 0.35,
        "last_verified_source": "OpenStreetMap via Overpass",
        "raw_tags": {
          "amenity": "motorcycle_parking",
          "capacity": "5",
          "covered": "no",
          "parking": "street_side"
        },
        "geometry_note": "Approximate display polygon generated from point/center. Production should use parcel, building, lot footprint, or authoritative GIS polygon.",
        "source_name": "OpenStreetMap via Overpass",
        "source_url": "https://www.openstreetmap.org/",
        "api_url": "https://overpass-api.de/api/interpreter",
        "evidence_url": "https://www.openstreetmap.org/way/1043327123",
        "payment_url": null,
        "booking_url": null,
        "price_status": "unknown",
        "rule_status": "unknown",
        "enrichment_status": "needs_review",
        "existence_status": "candidate",
        "city": "San Francisco",
        "state": "CA",
        "geometry_quality": "osm_display_fallback",
        "provenance_note": "OpenStreetMap-derived candidate/probable parking zone; verify against official/operator sources before treating as authoritative."
      }
    },
    {
      "type": "Feature",
      "geometry": {
        "type": "Polygon",
        "coordinates": [
          [
            [
              -122.4217893,
              37.793958399999994
            ],
            [
              -122.42154930000001,
              37.793958399999994
            ],
            [
              -122.42154930000001,
              37.7941984
            ],
            [
              -122.4217893,
              37.7941984
            ],
            [
              -122.4217893,
              37.793958399999994
            ]
          ]
        ]
      },
      "properties": {
        "source_id": "osm:way:1077001240",
        "name": "Parking area",
        "facility_type": "street_side",
        "operator": "",
        "access": "yes",
        "fee": "yes",
        "charge": "",
        "capacity": "6",
        "opening_hours": "",
        "website": "",
        "confidence": 0.35,
        "last_verified_source": "OpenStreetMap via Overpass",
        "raw_tags": {
          "access": "yes",
          "amenity": "motorcycle_parking",
          "capacity": "6",
          "covered": "no",
          "fee": "yes",
          "parking": "street_side"
        },
        "geometry_note": "Approximate display polygon generated from point/center. Production should use parcel, building, lot footprint, or authoritative GIS polygon.",
        "source_name": "OpenStreetMap via Overpass",
        "source_url": "https://www.openstreetmap.org/",
        "api_url": "https://overpass-api.de/api/interpreter",
        "evidence_url": "https://www.openstreetmap.org/way/1077001240",
        "payment_url": null,
        "booking_url": null,
        "price_status": "paid_unknown",
        "rule_status": "unknown",
        "enrichment_status": "needs_review",
        "existence_status": "candidate",
        "city": "San Francisco",
        "state": "CA",
        "geometry_quality": "osm_display_fallback",
        "provenance_note": "OpenStreetMap-derived candidate/probable parking zone; verify against official/operator sources before treating as authoritative."
      }
    },
    {
      "type": "Feature",
      "geometry": {
        "type": "Polygon",
        "coordinates": [
          [
            [
              -122.40515649999999,
              37.764781799999994
            ],
            [
              -122.4049165,
              37.764781799999994
            ],
            [
              -122.4049165,
              37.7650218
            ],
            [
              -122.40515649999999,
              37.7650218
            ],
            [
              -122.40515649999999,
              37.764781799999994
            ]
          ]
        ]
      },
      "properties": {
        "source_id": "osm:way:1082634932",
        "name": "Parking area",
        "facility_type": "parking",
        "operator": "",
        "access": "",
        "fee": "unknown",
        "charge": "",
        "capacity": "",
        "opening_hours": "",
        "website": "",
        "confidence": 0.35,
        "last_verified_source": "OpenStreetMap via Overpass",
        "raw_tags": {
          "amenity": "parking"
        },
        "geometry_note": "Approximate display polygon generated from point/center. Production should use parcel, building, lot footprint, or authoritative GIS polygon.",
        "source_name": "OpenStreetMap via Overpass",
        "source_url": "https://www.openstreetmap.org/",
        "api_url": "https://overpass-api.de/api/interpreter",
        "evidence_url": "https://www.openstreetmap.org/way/1082634932",
        "payment_url": null,
        "booking_url": null,
        "price_status": "unknown",
        "rule_status": "unknown",
        "enrichment_status": "needs_review",
        "existence_status": "candidate",
        "city": "San Francisco",
        "state": "CA",
        "geometry_quality": "osm_display_fallback",
        "provenance_note": "OpenStreetMap-derived candidate/probable parking zone; verify against official/operator sources before treating as authoritative."
      }
    },
    {
      "type": "Feature",
      "geometry": {
        "type": "Polygon",
        "coordinates": [
          [
            [
              -122.4016576,
              37.7770854
            ],
            [
              -122.4014176,
              37.7770854
            ],
            [
              -122.4014176,
              37.7773254
            ],
            [
              -122.4016576,
              37.7773254
            ],
            [
              -122.4016576,
              37.7770854
            ]
          ]
        ]
      },
      "properties": {
        "source_id": "osm:way:1090982316",
        "name": "Parking area",
        "facility_type": "parking",
        "operator": "",
        "access": "",
        "fee": "unknown",
        "charge": "",
        "capacity": "",
        "opening_hours": "",
        "website": "",
        "confidence": 0.35,
        "last_verified_source": "OpenStreetMap via Overpass",
        "raw_tags": {
          "amenity": "parking",
          "capacity:disabled": "1"
        },
        "geometry_note": "Approximate display polygon generated from point/center. Production should use parcel, building, lot footprint, or authoritative GIS polygon.",
        "source_name": "OpenStreetMap via Overpass",
        "source_url": "https://www.openstreetmap.org/",
        "api_url": "https://overpass-api.de/api/interpreter",
        "evidence_url": "https://www.openstreetmap.org/way/1090982316",
        "payment_url": null,
        "booking_url": null,
        "price_status": "unknown",
        "rule_status": "unknown",
        "enrichment_status": "needs_review",
        "existence_status": "candidate",
        "city": "San Francisco",
        "state": "CA",
        "geometry_quality": "osm_display_fallback",
        "provenance_note": "OpenStreetMap-derived candidate/probable parking zone; verify against official/operator sources before treating as authoritative."
      }
    },
    {
      "type": "Feature",
      "geometry": {
        "type": "Polygon",
        "coordinates": [
          [
            [
              -122.4025243,
              37.776894899999995
            ],
            [
              -122.4022843,
              37.776894899999995
            ],
            [
              -122.4022843,
              37.7771349
            ],
            [
              -122.4025243,
              37.7771349
            ],
            [
              -122.4025243,
              37.776894899999995
            ]
          ]
        ]
      },
      "properties": {
        "source_id": "osm:way:1090982800",
        "name": "Parking area",
        "facility_type": "parking",
        "operator": "",
        "access": "",
        "fee": "unknown",
        "charge": "",
        "capacity": "",
        "opening_hours": "",
        "website": "",
        "confidence": 0.35,
        "last_verified_source": "OpenStreetMap via Overpass",
        "raw_tags": {
          "amenity": "parking"
        },
        "geometry_note": "Approximate display polygon generated from point/center. Production should use parcel, building, lot footprint, or authoritative GIS polygon.",
        "source_name": "OpenStreetMap via Overpass",
        "source_url": "https://www.openstreetmap.org/",
        "api_url": "https://overpass-api.de/api/interpreter",
        "evidence_url": "https://www.openstreetmap.org/way/1090982800",
        "payment_url": null,
        "booking_url": null,
        "price_status": "unknown",
        "rule_status": "unknown",
        "enrichment_status": "needs_review",
        "existence_status": "candidate",
        "city": "San Francisco",
        "state": "CA",
        "geometry_quality": "osm_display_fallback",
        "provenance_note": "OpenStreetMap-derived candidate/probable parking zone; verify against official/operator sources before treating as authoritative."
      }
    },
    {
      "type": "Feature",
      "geometry": {
        "type": "Polygon",
        "coordinates": [
          [
            [
              -122.4080171,
              37.776165899999995
            ],
            [
              -122.4077771,
              37.776165899999995
            ],
            [
              -122.4077771,
              37.7764059
            ],
            [
              -122.4080171,
              37.7764059
            ],
            [
              -122.4080171,
              37.776165899999995
            ]
          ]
        ]
      },
      "properties": {
        "source_id": "osm:way:1091855778",
        "name": "Parking area",
        "facility_type": "parking",
        "operator": "",
        "access": "",
        "fee": "unknown",
        "charge": "",
        "capacity": "",
        "opening_hours": "",
        "website": "",
        "confidence": 0.35,
        "last_verified_source": "OpenStreetMap via Overpass",
        "raw_tags": {
          "amenity": "parking"
        },
        "geometry_note": "Approximate display polygon generated from point/center. Production should use parcel, building, lot footprint, or authoritative GIS polygon.",
        "source_name": "OpenStreetMap via Overpass",
        "source_url": "https://www.openstreetmap.org/",
        "api_url": "https://overpass-api.de/api/interpreter",
        "evidence_url": "https://www.openstreetmap.org/way/1091855778",
        "payment_url": null,
        "booking_url": null,
        "price_status": "unknown",
        "rule_status": "unknown",
        "enrichment_status": "needs_review",
        "existence_status": "candidate",
        "city": "San Francisco",
        "state": "CA",
        "geometry_quality": "osm_display_fallback",
        "provenance_note": "OpenStreetMap-derived candidate/probable parking zone; verify against official/operator sources before treating as authoritative."
      }
    },
    {
      "type": "Feature",
      "geometry": {
        "type": "Polygon",
        "coordinates": [
          [
            [
              -122.41039049999999,
              37.775802299999995
            ],
            [
              -122.4101505,
              37.775802299999995
            ],
            [
              -122.4101505,
              37.7760423
            ],
            [
              -122.41039049999999,
              37.7760423
            ],
            [
              -122.41039049999999,
              37.775802299999995
            ]
          ]
        ]
      },
      "properties": {
        "source_id": "osm:way:1091856309",
        "name": "Parking area",
        "facility_type": "surface",
        "operator": "",
        "access": "",
        "fee": "unknown",
        "charge": "",
        "capacity": "",
        "opening_hours": "",
        "website": "",
        "confidence": 0.35,
        "last_verified_source": "OpenStreetMap via Overpass",
        "raw_tags": {
          "amenity": "parking",
          "parking": "surface"
        },
        "geometry_note": "Approximate display polygon generated from point/center. Production should use parcel, building, lot footprint, or authoritative GIS polygon.",
        "source_name": "OpenStreetMap via Overpass",
        "source_url": "https://www.openstreetmap.org/",
        "api_url": "https://overpass-api.de/api/interpreter",
        "evidence_url": "https://www.openstreetmap.org/way/1091856309",
        "payment_url": null,
        "booking_url": null,
        "price_status": "unknown",
        "rule_status": "unknown",
        "enrichment_status": "needs_review",
        "existence_status": "candidate",
        "city": "San Francisco",
        "state": "CA",
        "geometry_quality": "osm_display_fallback",
        "provenance_note": "OpenStreetMap-derived candidate/probable parking zone; verify against official/operator sources before treating as authoritative."
      }
    },
    {
      "type": "Feature",
      "geometry": {
        "type": "Polygon",
        "coordinates": [
          [
            [
              -122.40501929999999,
              37.7870711
            ],
            [
              -122.4047793,
              37.7870711
            ],
            [
              -122.4047793,
              37.787311100000004
            ],
            [
              -122.40501929999999,
              37.787311100000004
            ],
            [
              -122.40501929999999,
              37.7870711
            ]
          ]
        ]
      },
      "properties": {
        "source_id": "osm:way:1091985290",
        "name": "Parking area",
        "facility_type": "street_side",
        "operator": "",
        "access": "yes",
        "fee": "unknown",
        "charge": "",
        "capacity": "",
        "opening_hours": "",
        "website": "",
        "confidence": 0.35,
        "last_verified_source": "OpenStreetMap via Overpass",
        "raw_tags": {
          "access": "yes",
          "amenity": "motorcycle_parking",
          "covered": "no",
          "orientation": "perpendicular",
          "parking": "street_side"
        },
        "geometry_note": "Approximate display polygon generated from point/center. Production should use parcel, building, lot footprint, or authoritative GIS polygon.",
        "source_name": "OpenStreetMap via Overpass",
        "source_url": "https://www.openstreetmap.org/",
        "api_url": "https://overpass-api.de/api/interpreter",
        "evidence_url": "https://www.openstreetmap.org/way/1091985290",
        "payment_url": null,
        "booking_url": null,
        "price_status": "unknown",
        "rule_status": "unknown",
        "enrichment_status": "needs_review",
        "existence_status": "candidate",
        "city": "San Francisco",
        "state": "CA",
        "geometry_quality": "osm_display_fallback",
        "provenance_note": "OpenStreetMap-derived candidate/probable parking zone; verify against official/operator sources before treating as authoritative."
      }
    },
    {
      "type": "Feature",
      "geometry": {
        "type": "Polygon",
        "coordinates": [
          [
            [
              -122.3868991,
              37.772918999999995
            ],
            [
              -122.3866591,
              37.772918999999995
            ],
            [
              -122.3866591,
              37.773159
            ],
            [
              -122.3868991,
              37.773159
            ],
            [
              -122.3868991,
              37.772918999999995
            ]
          ]
        ]
      },
      "properties": {
        "source_id": "osm:way:1092463522",
        "name": "Parking area",
        "facility_type": "surface",
        "operator": "",
        "access": "yes",
        "fee": "yes",
        "charge": "",
        "capacity": "",
        "opening_hours": "",
        "website": "",
        "confidence": 0.35,
        "last_verified_source": "OpenStreetMap via Overpass",
        "raw_tags": {
          "access": "yes",
          "amenity": "parking",
          "fee": "yes",
          "parking": "surface"
        },
        "geometry_note": "Approximate display polygon generated from point/center. Production should use parcel, building, lot footprint, or authoritative GIS polygon.",
        "source_name": "OpenStreetMap via Overpass",
        "source_url": "https://www.openstreetmap.org/",
        "api_url": "https://overpass-api.de/api/interpreter",
        "evidence_url": "https://www.openstreetmap.org/way/1092463522",
        "payment_url": null,
        "booking_url": null,
        "price_status": "paid_unknown",
        "rule_status": "unknown",
        "enrichment_status": "needs_review",
        "existence_status": "candidate",
        "city": "San Francisco",
        "state": "CA",
        "geometry_quality": "osm_display_fallback",
        "provenance_note": "OpenStreetMap-derived candidate/probable parking zone; verify against official/operator sources before treating as authoritative."
      }
    },
    {
      "type": "Feature",
      "geometry": {
        "type": "Polygon",
        "coordinates": [
          [
            [
              -122.4120959,
              37.7945023
            ],
            [
              -122.4118559,
              37.7945023
            ],
            [
              -122.4118559,
              37.7947423
            ],
            [
              -122.4120959,
              37.7947423
            ],
            [
              -122.4120959,
              37.7945023
            ]
          ]
        ]
      },
      "properties": {
        "source_id": "osm:way:1093289113",
        "name": "Employee parking",
        "facility_type": "parking",
        "operator": "SFMTA",
        "access": "permit",
        "fee": "unknown",
        "charge": "",
        "capacity": "",
        "opening_hours": "",
        "website": "",
        "confidence": 0.35,
        "last_verified_source": "OpenStreetMap via Overpass",
        "raw_tags": {
          "access": "permit",
          "amenity": "parking",
          "name": "Employee parking",
          "operator": "SFMTA",
          "surface": "concrete"
        },
        "geometry_note": "Approximate display polygon generated from point/center. Production should use parcel, building, lot footprint, or authoritative GIS polygon.",
        "source_name": "OpenStreetMap via Overpass",
        "source_url": "https://www.openstreetmap.org/",
        "api_url": "https://overpass-api.de/api/interpreter",
        "evidence_url": "https://www.openstreetmap.org/way/1093289113",
        "payment_url": null,
        "booking_url": null,
        "price_status": "unknown",
        "rule_status": "unknown",
        "enrichment_status": "needs_review",
        "existence_status": "probable",
        "city": "San Francisco",
        "state": "CA",
        "geometry_quality": "osm_display_fallback",
        "provenance_note": "OpenStreetMap-derived candidate/probable parking zone; verify against official/operator sources before treating as authoritative."
      }
    },
    {
      "type": "Feature",
      "geometry": {
        "type": "Polygon",
        "coordinates": [
          [
            [
              -122.4216076,
              37.7788566
            ],
            [
              -122.42136760000001,
              37.7788566
            ],
            [
              -122.42136760000001,
              37.7790966
            ],
            [
              -122.4216076,
              37.7790966
            ],
            [
              -122.4216076,
              37.7788566
            ]
          ]
        ]
      },
      "properties": {
        "source_id": "osm:way:1102764107",
        "name": "Parking area",
        "facility_type": "street_side",
        "operator": "",
        "access": "",
        "fee": "unknown",
        "charge": "",
        "capacity": "",
        "opening_hours": "",
        "website": "",
        "confidence": 0.35,
        "last_verified_source": "OpenStreetMap via Overpass",
        "raw_tags": {
          "amenity": "parking",
          "orientation": "diagonal",
          "parking": "street_side",
          "surface": "paved"
        },
        "geometry_note": "Approximate display polygon generated from point/center. Production should use parcel, building, lot footprint, or authoritative GIS polygon.",
        "source_name": "OpenStreetMap via Overpass",
        "source_url": "https://www.openstreetmap.org/",
        "api_url": "https://overpass-api.de/api/interpreter",
        "evidence_url": "https://www.openstreetmap.org/way/1102764107",
        "payment_url": null,
        "booking_url": null,
        "price_status": "unknown",
        "rule_status": "unknown",
        "enrichment_status": "needs_review",
        "existence_status": "candidate",
        "city": "San Francisco",
        "state": "CA",
        "geometry_quality": "osm_display_fallback",
        "provenance_note": "OpenStreetMap-derived candidate/probable parking zone; verify against official/operator sources before treating as authoritative."
      }
    },
    {
      "type": "Feature",
      "geometry": {
        "type": "Polygon",
        "coordinates": [
          [
            [
              -122.4217223,
              37.7788718
            ],
            [
              -122.42148230000001,
              37.7788718
            ],
            [
              -122.42148230000001,
              37.7791118
            ],
            [
              -122.4217223,
              37.7791118
            ],
            [
              -122.4217223,
              37.7788718
            ]
          ]
        ]
      },
      "properties": {
        "source_id": "osm:way:1102764108",
        "name": "Parking area",
        "facility_type": "street_side",
        "operator": "",
        "access": "",
        "fee": "unknown",
        "charge": "",
        "capacity": "",
        "opening_hours": "",
        "website": "",
        "confidence": 0.35,
        "last_verified_source": "OpenStreetMap via Overpass",
        "raw_tags": {
          "amenity": "parking",
          "parking": "street_side",
          "parking:orientation": "parallel",
          "surface": "asphalt"
        },
        "geometry_note": "Approximate display polygon generated from point/center. Production should use parcel, building, lot footprint, or authoritative GIS polygon.",
        "source_name": "OpenStreetMap via Overpass",
        "source_url": "https://www.openstreetmap.org/",
        "api_url": "https://overpass-api.de/api/interpreter",
        "evidence_url": "https://www.openstreetmap.org/way/1102764108",
        "payment_url": null,
        "booking_url": null,
        "price_status": "unknown",
        "rule_status": "unknown",
        "enrichment_status": "needs_review",
        "existence_status": "candidate",
        "city": "San Francisco",
        "state": "CA",
        "geometry_quality": "osm_display_fallback",
        "provenance_note": "OpenStreetMap-derived candidate/probable parking zone; verify against official/operator sources before treating as authoritative."
      }
    },
    {
      "type": "Feature",
      "geometry": {
        "type": "Polygon",
        "coordinates": [
          [
            [
              -122.421719,
              37.7794241
            ],
            [
              -122.421479,
              37.7794241
            ],
            [
              -122.421479,
              37.779664100000005
            ],
            [
              -122.421719,
              37.779664100000005
            ],
            [
              -122.421719,
              37.7794241
            ]
          ]
        ]
      },
      "properties": {
        "source_id": "osm:way:1102764118",
        "name": "Parking area",
        "facility_type": "street_side",
        "operator": "",
        "access": "",
        "fee": "unknown",
        "charge": "",
        "capacity": "",
        "opening_hours": "",
        "website": "",
        "confidence": 0.35,
        "last_verified_source": "OpenStreetMap via Overpass",
        "raw_tags": {
          "amenity": "parking",
          "orientation": "diagonal",
          "parking": "street_side",
          "surface": "asphalt"
        },
        "geometry_note": "Approximate display polygon generated from point/center. Production should use parcel, building, lot footprint, or authoritative GIS polygon.",
        "source_name": "OpenStreetMap via Overpass",
        "source_url": "https://www.openstreetmap.org/",
        "api_url": "https://overpass-api.de/api/interpreter",
        "evidence_url": "https://www.openstreetmap.org/way/1102764118",
        "payment_url": null,
        "booking_url": null,
        "price_status": "unknown",
        "rule_status": "unknown",
        "enrichment_status": "needs_review",
        "existence_status": "candidate",
        "city": "San Francisco",
        "state": "CA",
        "geometry_quality": "osm_display_fallback",
        "provenance_note": "OpenStreetMap-derived candidate/probable parking zone; verify against official/operator sources before treating as authoritative."
      }
    },
    {
      "type": "Feature",
      "geometry": {
        "type": "Polygon",
        "coordinates": [
          [
            [
              -122.4218214,
              37.7794086
            ],
            [
              -122.42158140000001,
              37.7794086
            ],
            [
              -122.42158140000001,
              37.7796486
            ],
            [
              -122.4218214,
              37.7796486
            ],
            [
              -122.4218214,
              37.7794086
            ]
          ]
        ]
      },
      "properties": {
        "source_id": "osm:way:1102764119",
        "name": "Parking area",
        "facility_type": "street_side",
        "operator": "",
        "access": "",
        "fee": "unknown",
        "charge": "",
        "capacity": "",
        "opening_hours": "",
        "website": "",
        "confidence": 0.35,
        "last_verified_source": "OpenStreetMap via Overpass",
        "raw_tags": {
          "amenity": "parking",
          "orientation": "diagonal",
          "parking": "street_side",
          "surface": "asphalt"
        },
        "geometry_note": "Approximate display polygon generated from point/center. Production should use parcel, building, lot footprint, or authoritative GIS polygon.",
        "source_name": "OpenStreetMap via Overpass",
        "source_url": "https://www.openstreetmap.org/",
        "api_url": "https://overpass-api.de/api/interpreter",
        "evidence_url": "https://www.openstreetmap.org/way/1102764119",
        "payment_url": null,
        "booking_url": null,
        "price_status": "unknown",
        "rule_status": "unknown",
        "enrichment_status": "needs_review",
        "existence_status": "candidate",
        "city": "San Francisco",
        "state": "CA",
        "geometry_quality": "osm_display_fallback",
        "provenance_note": "OpenStreetMap-derived candidate/probable parking zone; verify against official/operator sources before treating as authoritative."
      }
    },
    {
      "type": "Feature",
      "geometry": {
        "type": "Polygon",
        "coordinates": [
          [
            [
              -122.4040828,
              37.779188
            ],
            [
              -122.4038428,
              37.779188
            ],
            [
              -122.4038428,
              37.779428
            ],
            [
              -122.4040828,
              37.779428
            ],
            [
              -122.4040828,
              37.779188
            ]
          ]
        ]
      },
      "properties": {
        "source_id": "osm:way:1105256404",
        "name": "Parking area",
        "facility_type": "surface",
        "operator": "",
        "access": "private",
        "fee": "unknown",
        "charge": "",
        "capacity": "",
        "opening_hours": "",
        "website": "",
        "confidence": 0.35,
        "last_verified_source": "OpenStreetMap via Overpass",
        "raw_tags": {
          "access": "private",
          "amenity": "parking",
          "parking": "surface",
          "surface": "paved"
        },
        "geometry_note": "Approximate display polygon generated from point/center. Production should use parcel, building, lot footprint, or authoritative GIS polygon.",
        "source_name": "OpenStreetMap via Overpass",
        "source_url": "https://www.openstreetmap.org/",
        "api_url": "https://overpass-api.de/api/interpreter",
        "evidence_url": "https://www.openstreetmap.org/way/1105256404",
        "payment_url": null,
        "booking_url": null,
        "price_status": "unknown",
        "rule_status": "unknown",
        "enrichment_status": "needs_review",
        "existence_status": "candidate",
        "city": "San Francisco",
        "state": "CA",
        "geometry_quality": "osm_display_fallback",
        "provenance_note": "OpenStreetMap-derived candidate/probable parking zone; verify against official/operator sources before treating as authoritative."
      }
    },
    {
      "type": "Feature",
      "geometry": {
        "type": "Polygon",
        "coordinates": [
          [
            [
              -122.39965559999999,
              37.7754288
            ],
            [
              -122.3994156,
              37.7754288
            ],
            [
              -122.3994156,
              37.775668800000005
            ],
            [
              -122.39965559999999,
              37.775668800000005
            ],
            [
              -122.39965559999999,
              37.7754288
            ]
          ]
        ]
      },
      "properties": {
        "source_id": "osm:way:1116735875",
        "name": "Parking area",
        "facility_type": "street_side",
        "operator": "",
        "access": "",
        "fee": "unknown",
        "charge": "",
        "capacity": "",
        "opening_hours": "",
        "website": "",
        "confidence": 0.35,
        "last_verified_source": "OpenStreetMap via Overpass",
        "raw_tags": {
          "amenity": "parking",
          "parking": "street_side",
          "parking:orientation": "perpendicular",
          "surface": "asphalt"
        },
        "geometry_note": "Approximate display polygon generated from point/center. Production should use parcel, building, lot footprint, or authoritative GIS polygon.",
        "source_name": "OpenStreetMap via Overpass",
        "source_url": "https://www.openstreetmap.org/",
        "api_url": "https://overpass-api.de/api/interpreter",
        "evidence_url": "https://www.openstreetmap.org/way/1116735875",
        "payment_url": null,
        "booking_url": null,
        "price_status": "unknown",
        "rule_status": "unknown",
        "enrichment_status": "needs_review",
        "existence_status": "candidate",
        "city": "San Francisco",
        "state": "CA",
        "geometry_quality": "osm_display_fallback",
        "provenance_note": "OpenStreetMap-derived candidate/probable parking zone; verify against official/operator sources before treating as authoritative."
      }
    },
    {
      "type": "Feature",
      "geometry": {
        "type": "Polygon",
        "coordinates": [
          [
            [
              -122.3988882,
              37.775496399999994
            ],
            [
              -122.39864820000001,
              37.775496399999994
            ],
            [
              -122.39864820000001,
              37.7757364
            ],
            [
              -122.3988882,
              37.7757364
            ],
            [
              -122.3988882,
              37.775496399999994
            ]
          ]
        ]
      },
      "properties": {
        "source_id": "osm:way:1116735876",
        "name": "Parking area",
        "facility_type": "surface",
        "operator": "",
        "access": "",
        "fee": "unknown",
        "charge": "",
        "capacity": "",
        "opening_hours": "",
        "website": "",
        "confidence": 0.35,
        "last_verified_source": "OpenStreetMap via Overpass",
        "raw_tags": {
          "amenity": "parking",
          "parking": "surface",
          "surface": "asphalt"
        },
        "geometry_note": "Approximate display polygon generated from point/center. Production should use parcel, building, lot footprint, or authoritative GIS polygon.",
        "source_name": "OpenStreetMap via Overpass",
        "source_url": "https://www.openstreetmap.org/",
        "api_url": "https://overpass-api.de/api/interpreter",
        "evidence_url": "https://www.openstreetmap.org/way/1116735876",
        "payment_url": null,
        "booking_url": null,
        "price_status": "unknown",
        "rule_status": "unknown",
        "enrichment_status": "needs_review",
        "existence_status": "candidate",
        "city": "San Francisco",
        "state": "CA",
        "geometry_quality": "osm_display_fallback",
        "provenance_note": "OpenStreetMap-derived candidate/probable parking zone; verify against official/operator sources before treating as authoritative."
      }
    },
    {
      "type": "Feature",
      "geometry": {
        "type": "Polygon",
        "coordinates": [
          [
            [
              -122.3964879,
              37.7778005
            ],
            [
              -122.3962479,
              37.7778005
            ],
            [
              -122.3962479,
              37.7780405
            ],
            [
              -122.3964879,
              37.7780405
            ],
            [
              -122.3964879,
              37.7778005
            ]
          ]
        ]
      },
      "properties": {
        "source_id": "osm:way:1119498391",
        "name": "Parking area",
        "facility_type": "surface",
        "operator": "",
        "access": "private",
        "fee": "unknown",
        "charge": "",
        "capacity": "",
        "opening_hours": "",
        "website": "",
        "confidence": 0.35,
        "last_verified_source": "OpenStreetMap via Overpass",
        "raw_tags": {
          "access": "private",
          "amenity": "parking",
          "parking": "surface"
        },
        "geometry_note": "Approximate display polygon generated from point/center. Production should use parcel, building, lot footprint, or authoritative GIS polygon.",
        "source_name": "OpenStreetMap via Overpass",
        "source_url": "https://www.openstreetmap.org/",
        "api_url": "https://overpass-api.de/api/interpreter",
        "evidence_url": "https://www.openstreetmap.org/way/1119498391",
        "payment_url": null,
        "booking_url": null,
        "price_status": "unknown",
        "rule_status": "unknown",
        "enrichment_status": "needs_review",
        "existence_status": "candidate",
        "city": "San Francisco",
        "state": "CA",
        "geometry_quality": "osm_display_fallback",
        "provenance_note": "OpenStreetMap-derived candidate/probable parking zone; verify against official/operator sources before treating as authoritative."
      }
    },
    {
      "type": "Feature",
      "geometry": {
        "type": "Polygon",
        "coordinates": [
          [
            [
              -122.39947629999999,
              37.777633099999996
            ],
            [
              -122.3992363,
              37.777633099999996
            ],
            [
              -122.3992363,
              37.7778731
            ],
            [
              -122.39947629999999,
              37.7778731
            ],
            [
              -122.39947629999999,
              37.777633099999996
            ]
          ]
        ]
      },
      "properties": {
        "source_id": "osm:way:1120467676",
        "name": "Parking area",
        "facility_type": "street_side",
        "operator": "",
        "access": "",
        "fee": "unknown",
        "charge": "",
        "capacity": "",
        "opening_hours": "",
        "website": "",
        "confidence": 0.35,
        "last_verified_source": "OpenStreetMap via Overpass",
        "raw_tags": {
          "amenity": "parking",
          "parking": "street_side",
          "parking:orientation": "perpendicular"
        },
        "geometry_note": "Approximate display polygon generated from point/center. Production should use parcel, building, lot footprint, or authoritative GIS polygon.",
        "source_name": "OpenStreetMap via Overpass",
        "source_url": "https://www.openstreetmap.org/",
        "api_url": "https://overpass-api.de/api/interpreter",
        "evidence_url": "https://www.openstreetmap.org/way/1120467676",
        "payment_url": null,
        "booking_url": null,
        "price_status": "unknown",
        "rule_status": "unknown",
        "enrichment_status": "needs_review",
        "existence_status": "candidate",
        "city": "San Francisco",
        "state": "CA",
        "geometry_quality": "osm_display_fallback",
        "provenance_note": "OpenStreetMap-derived candidate/probable parking zone; verify against official/operator sources before treating as authoritative."
      }
    },
    {
      "type": "Feature",
      "geometry": {
        "type": "Polygon",
        "coordinates": [
          [
            [
              -122.3991958,
              37.7749506
            ],
            [
              -122.39895580000001,
              37.7749506
            ],
            [
              -122.39895580000001,
              37.7751906
            ],
            [
              -122.3991958,
              37.7751906
            ],
            [
              -122.3991958,
              37.7749506
            ]
          ]
        ]
      },
      "properties": {
        "source_id": "osm:way:1120467688",
        "name": "Parking area",
        "facility_type": "street_side",
        "operator": "",
        "access": "",
        "fee": "unknown",
        "charge": "",
        "capacity": "",
        "opening_hours": "",
        "website": "",
        "confidence": 0.35,
        "last_verified_source": "OpenStreetMap via Overpass",
        "raw_tags": {
          "amenity": "parking",
          "orientation": "perpendicular",
          "parking": "street_side",
          "surface": "asphalt"
        },
        "geometry_note": "Approximate display polygon generated from point/center. Production should use parcel, building, lot footprint, or authoritative GIS polygon.",
        "source_name": "OpenStreetMap via Overpass",
        "source_url": "https://www.openstreetmap.org/",
        "api_url": "https://overpass-api.de/api/interpreter",
        "evidence_url": "https://www.openstreetmap.org/way/1120467688",
        "payment_url": null,
        "booking_url": null,
        "price_status": "unknown",
        "rule_status": "unknown",
        "enrichment_status": "needs_review",
        "existence_status": "candidate",
        "city": "San Francisco",
        "state": "CA",
        "geometry_quality": "osm_display_fallback",
        "provenance_note": "OpenStreetMap-derived candidate/probable parking zone; verify against official/operator sources before treating as authoritative."
      }
    },
    {
      "type": "Feature",
      "geometry": {
        "type": "Polygon",
        "coordinates": [
          [
            [
              -122.40448549999999,
              37.7736308
            ],
            [
              -122.4042455,
              37.7736308
            ],
            [
              -122.4042455,
              37.773870800000005
            ],
            [
              -122.40448549999999,
              37.773870800000005
            ],
            [
              -122.40448549999999,
              37.7736308
            ]
          ]
        ]
      },
      "properties": {
        "source_id": "osm:way:1120695048",
        "name": "Parking area",
        "facility_type": "surface",
        "operator": "",
        "access": "",
        "fee": "unknown",
        "charge": "",
        "capacity": "",
        "opening_hours": "",
        "website": "",
        "confidence": 0.35,
        "last_verified_source": "OpenStreetMap via Overpass",
        "raw_tags": {
          "amenity": "parking",
          "parking": "surface",
          "surface": "asphalt"
        },
        "geometry_note": "Approximate display polygon generated from point/center. Production should use parcel, building, lot footprint, or authoritative GIS polygon.",
        "source_name": "OpenStreetMap via Overpass",
        "source_url": "https://www.openstreetmap.org/",
        "api_url": "https://overpass-api.de/api/interpreter",
        "evidence_url": "https://www.openstreetmap.org/way/1120695048",
        "payment_url": null,
        "booking_url": null,
        "price_status": "unknown",
        "rule_status": "unknown",
        "enrichment_status": "needs_review",
        "existence_status": "candidate",
        "city": "San Francisco",
        "state": "CA",
        "geometry_quality": "osm_display_fallback",
        "provenance_note": "OpenStreetMap-derived candidate/probable parking zone; verify against official/operator sources before treating as authoritative."
      }
    },
    {
      "type": "Feature",
      "geometry": {
        "type": "Polygon",
        "coordinates": [
          [
            [
              -122.4034509,
              37.775965
            ],
            [
              -122.4032109,
              37.775965
            ],
            [
              -122.4032109,
              37.776205000000004
            ],
            [
              -122.4034509,
              37.776205000000004
            ],
            [
              -122.4034509,
              37.775965
            ]
          ]
        ]
      },
      "properties": {
        "source_id": "osm:way:1121944582",
        "name": "Parking area",
        "facility_type": "surface",
        "operator": "",
        "access": "",
        "fee": "unknown",
        "charge": "",
        "capacity": "",
        "opening_hours": "",
        "website": "",
        "confidence": 0.35,
        "last_verified_source": "OpenStreetMap via Overpass",
        "raw_tags": {
          "amenity": "parking",
          "parking": "surface",
          "surface": "paved"
        },
        "geometry_note": "Approximate display polygon generated from point/center. Production should use parcel, building, lot footprint, or authoritative GIS polygon.",
        "source_name": "OpenStreetMap via Overpass",
        "source_url": "https://www.openstreetmap.org/",
        "api_url": "https://overpass-api.de/api/interpreter",
        "evidence_url": "https://www.openstreetmap.org/way/1121944582",
        "payment_url": null,
        "booking_url": null,
        "price_status": "unknown",
        "rule_status": "unknown",
        "enrichment_status": "needs_review",
        "existence_status": "candidate",
        "city": "San Francisco",
        "state": "CA",
        "geometry_quality": "osm_display_fallback",
        "provenance_note": "OpenStreetMap-derived candidate/probable parking zone; verify against official/operator sources before treating as authoritative."
      }
    },
    {
      "type": "Feature",
      "geometry": {
        "type": "Polygon",
        "coordinates": [
          [
            [
              -122.4021124,
              37.775824099999994
            ],
            [
              -122.4018724,
              37.775824099999994
            ],
            [
              -122.4018724,
              37.7760641
            ],
            [
              -122.4021124,
              37.7760641
            ],
            [
              -122.4021124,
              37.775824099999994
            ]
          ]
        ]
      },
      "properties": {
        "source_id": "osm:way:1121952100",
        "name": "Parking area",
        "facility_type": "surface",
        "operator": "",
        "access": "",
        "fee": "unknown",
        "charge": "",
        "capacity": "",
        "opening_hours": "",
        "website": "",
        "confidence": 0.35,
        "last_verified_source": "OpenStreetMap via Overpass",
        "raw_tags": {
          "amenity": "parking",
          "parking": "surface",
          "surface": "asphalt"
        },
        "geometry_note": "Approximate display polygon generated from point/center. Production should use parcel, building, lot footprint, or authoritative GIS polygon.",
        "source_name": "OpenStreetMap via Overpass",
        "source_url": "https://www.openstreetmap.org/",
        "api_url": "https://overpass-api.de/api/interpreter",
        "evidence_url": "https://www.openstreetmap.org/way/1121952100",
        "payment_url": null,
        "booking_url": null,
        "price_status": "unknown",
        "rule_status": "unknown",
        "enrichment_status": "needs_review",
        "existence_status": "candidate",
        "city": "San Francisco",
        "state": "CA",
        "geometry_quality": "osm_display_fallback",
        "provenance_note": "OpenStreetMap-derived candidate/probable parking zone; verify against official/operator sources before treating as authoritative."
      }
    },
    {
      "type": "Feature",
      "geometry": {
        "type": "Polygon",
        "coordinates": [
          [
            [
              -122.4014474,
              37.7760409
            ],
            [
              -122.4012074,
              37.7760409
            ],
            [
              -122.4012074,
              37.7762809
            ],
            [
              -122.4014474,
              37.7762809
            ],
            [
              -122.4014474,
              37.7760409
            ]
          ]
        ]
      },
      "properties": {
        "source_id": "osm:way:1122202324",
        "name": "Parking area",
        "facility_type": "surface",
        "operator": "",
        "access": "",
        "fee": "unknown",
        "charge": "",
        "capacity": "",
        "opening_hours": "",
        "website": "",
        "confidence": 0.35,
        "last_verified_source": "OpenStreetMap via Overpass",
        "raw_tags": {
          "amenity": "parking",
          "parking": "surface",
          "surface": "asphalt"
        },
        "geometry_note": "Approximate display polygon generated from point/center. Production should use parcel, building, lot footprint, or authoritative GIS polygon.",
        "source_name": "OpenStreetMap via Overpass",
        "source_url": "https://www.openstreetmap.org/",
        "api_url": "https://overpass-api.de/api/interpreter",
        "evidence_url": "https://www.openstreetmap.org/way/1122202324",
        "payment_url": null,
        "booking_url": null,
        "price_status": "unknown",
        "rule_status": "unknown",
        "enrichment_status": "needs_review",
        "existence_status": "candidate",
        "city": "San Francisco",
        "state": "CA",
        "geometry_quality": "osm_display_fallback",
        "provenance_note": "OpenStreetMap-derived candidate/probable parking zone; verify against official/operator sources before treating as authoritative."
      }
    },
    {
      "type": "Feature",
      "geometry": {
        "type": "Polygon",
        "coordinates": [
          [
            [
              -122.39390569999999,
              37.764589699999995
            ],
            [
              -122.3936657,
              37.764589699999995
            ],
            [
              -122.3936657,
              37.7648297
            ],
            [
              -122.39390569999999,
              37.7648297
            ],
            [
              -122.39390569999999,
              37.764589699999995
            ]
          ]
        ]
      },
      "properties": {
        "source_id": "osm:way:1125790878",
        "name": "Parking area",
        "facility_type": "street_side",
        "operator": "",
        "access": "",
        "fee": "unknown",
        "charge": "",
        "capacity": "",
        "opening_hours": "",
        "website": "",
        "confidence": 0.35,
        "last_verified_source": "OpenStreetMap via Overpass",
        "raw_tags": {
          "amenity": "parking",
          "parking": "street_side",
          "parking:orientation": "perpendicular"
        },
        "geometry_note": "Approximate display polygon generated from point/center. Production should use parcel, building, lot footprint, or authoritative GIS polygon.",
        "source_name": "OpenStreetMap via Overpass",
        "source_url": "https://www.openstreetmap.org/",
        "api_url": "https://overpass-api.de/api/interpreter",
        "evidence_url": "https://www.openstreetmap.org/way/1125790878",
        "payment_url": null,
        "booking_url": null,
        "price_status": "unknown",
        "rule_status": "unknown",
        "enrichment_status": "needs_review",
        "existence_status": "candidate",
        "city": "San Francisco",
        "state": "CA",
        "geometry_quality": "osm_display_fallback",
        "provenance_note": "OpenStreetMap-derived candidate/probable parking zone; verify against official/operator sources before treating as authoritative."
      }
    },
    {
      "type": "Feature",
      "geometry": {
        "type": "Polygon",
        "coordinates": [
          [
            [
              -122.4023139,
              37.775908599999994
            ],
            [
              -122.4020739,
              37.775908599999994
            ],
            [
              -122.4020739,
              37.7761486
            ],
            [
              -122.4023139,
              37.7761486
            ],
            [
              -122.4023139,
              37.775908599999994
            ]
          ]
        ]
      },
      "properties": {
        "source_id": "osm:way:1150199656",
        "name": "Parking area",
        "facility_type": "surface",
        "operator": "",
        "access": "",
        "fee": "unknown",
        "charge": "",
        "capacity": "",
        "opening_hours": "",
        "website": "",
        "confidence": 0.35,
        "last_verified_source": "OpenStreetMap via Overpass",
        "raw_tags": {
          "amenity": "parking",
          "parking": "surface",
          "surface": "asphalt"
        },
        "geometry_note": "Approximate display polygon generated from point/center. Production should use parcel, building, lot footprint, or authoritative GIS polygon.",
        "source_name": "OpenStreetMap via Overpass",
        "source_url": "https://www.openstreetmap.org/",
        "api_url": "https://overpass-api.de/api/interpreter",
        "evidence_url": "https://www.openstreetmap.org/way/1150199656",
        "payment_url": null,
        "booking_url": null,
        "price_status": "unknown",
        "rule_status": "unknown",
        "enrichment_status": "needs_review",
        "existence_status": "candidate",
        "city": "San Francisco",
        "state": "CA",
        "geometry_quality": "osm_display_fallback",
        "provenance_note": "OpenStreetMap-derived candidate/probable parking zone; verify against official/operator sources before treating as authoritative."
      }
    },
    {
      "type": "Feature",
      "geometry": {
        "type": "Polygon",
        "coordinates": [
          [
            [
              -122.3971906,
              37.7881341
            ],
            [
              -122.39695060000001,
              37.7881341
            ],
            [
              -122.39695060000001,
              37.788374100000006
            ],
            [
              -122.3971906,
              37.788374100000006
            ],
            [
              -122.3971906,
              37.7881341
            ]
          ]
        ]
      },
      "properties": {
        "source_id": "osm:way:1153914406",
        "name": "Parking area",
        "facility_type": "surface",
        "operator": "",
        "access": "yes",
        "fee": "yes",
        "charge": "",
        "capacity": "",
        "opening_hours": "",
        "website": "",
        "confidence": 0.35,
        "last_verified_source": "OpenStreetMap via Overpass",
        "raw_tags": {
          "access": "yes",
          "amenity": "parking",
          "fee": "yes",
          "parking": "surface",
          "surface": "asphalt"
        },
        "geometry_note": "Approximate display polygon generated from point/center. Production should use parcel, building, lot footprint, or authoritative GIS polygon.",
        "source_name": "OpenStreetMap via Overpass",
        "source_url": "https://www.openstreetmap.org/",
        "api_url": "https://overpass-api.de/api/interpreter",
        "evidence_url": "https://www.openstreetmap.org/way/1153914406",
        "payment_url": null,
        "booking_url": null,
        "price_status": "paid_unknown",
        "rule_status": "unknown",
        "enrichment_status": "needs_review",
        "existence_status": "candidate",
        "city": "San Francisco",
        "state": "CA",
        "geometry_quality": "osm_display_fallback",
        "provenance_note": "OpenStreetMap-derived candidate/probable parking zone; verify against official/operator sources before treating as authoritative."
      }
    },
    {
      "type": "Feature",
      "geometry": {
        "type": "Polygon",
        "coordinates": [
          [
            [
              -122.4242139,
              37.7773924
            ],
            [
              -122.42397390000001,
              37.7773924
            ],
            [
              -122.42397390000001,
              37.7776324
            ],
            [
              -122.4242139,
              37.7776324
            ],
            [
              -122.4242139,
              37.7773924
            ]
          ]
        ]
      },
      "properties": {
        "source_id": "osm:way:1164695707",
        "name": "Parking area",
        "facility_type": "parking",
        "operator": "",
        "access": "",
        "fee": "unknown",
        "charge": "",
        "capacity": "",
        "opening_hours": "",
        "website": "",
        "confidence": 0.35,
        "last_verified_source": "OpenStreetMap via Overpass",
        "raw_tags": {
          "amenity": "parking"
        },
        "geometry_note": "Approximate display polygon generated from point/center. Production should use parcel, building, lot footprint, or authoritative GIS polygon.",
        "source_name": "OpenStreetMap via Overpass",
        "source_url": "https://www.openstreetmap.org/",
        "api_url": "https://overpass-api.de/api/interpreter",
        "evidence_url": "https://www.openstreetmap.org/way/1164695707",
        "payment_url": null,
        "booking_url": null,
        "price_status": "unknown",
        "rule_status": "unknown",
        "enrichment_status": "needs_review",
        "existence_status": "candidate",
        "city": "San Francisco",
        "state": "CA",
        "geometry_quality": "osm_display_fallback",
        "provenance_note": "OpenStreetMap-derived candidate/probable parking zone; verify against official/operator sources before treating as authoritative."
      }
    },
    {
      "type": "Feature",
      "geometry": {
        "type": "Polygon",
        "coordinates": [
          [
            [
              -122.3992883,
              37.778799199999995
            ],
            [
              -122.3990483,
              37.778799199999995
            ],
            [
              -122.3990483,
              37.7790392
            ],
            [
              -122.3992883,
              37.7790392
            ],
            [
              -122.3992883,
              37.778799199999995
            ]
          ]
        ]
      },
      "properties": {
        "source_id": "osm:way:1167668211",
        "name": "Parking area",
        "facility_type": "street_side",
        "operator": "",
        "access": "",
        "fee": "unknown",
        "charge": "",
        "capacity": "8",
        "opening_hours": "",
        "website": "",
        "confidence": 0.35,
        "last_verified_source": "OpenStreetMap via Overpass",
        "raw_tags": {
          "amenity": "parking",
          "capacity": "8",
          "capacity:disabled": "2",
          "orientation": "perpendicular",
          "parking": "street_side",
          "surface": "asphalt"
        },
        "geometry_note": "Approximate display polygon generated from point/center. Production should use parcel, building, lot footprint, or authoritative GIS polygon.",
        "source_name": "OpenStreetMap via Overpass",
        "source_url": "https://www.openstreetmap.org/",
        "api_url": "https://overpass-api.de/api/interpreter",
        "evidence_url": "https://www.openstreetmap.org/way/1167668211",
        "payment_url": null,
        "booking_url": null,
        "price_status": "unknown",
        "rule_status": "unknown",
        "enrichment_status": "needs_review",
        "existence_status": "candidate",
        "city": "San Francisco",
        "state": "CA",
        "geometry_quality": "osm_display_fallback",
        "provenance_note": "OpenStreetMap-derived candidate/probable parking zone; verify against official/operator sources before treating as authoritative."
      }
    },
    {
      "type": "Feature",
      "geometry": {
        "type": "Polygon",
        "coordinates": [
          [
            [
              -122.3938172,
              37.7800278
            ],
            [
              -122.39357720000001,
              37.7800278
            ],
            [
              -122.39357720000001,
              37.780267800000004
            ],
            [
              -122.3938172,
              37.780267800000004
            ],
            [
              -122.3938172,
              37.7800278
            ]
          ]
        ]
      },
      "properties": {
        "source_id": "osm:way:1169236101",
        "name": "Parking area",
        "facility_type": "surface",
        "operator": "",
        "access": "private",
        "fee": "unknown",
        "charge": "",
        "capacity": "",
        "opening_hours": "",
        "website": "",
        "confidence": 0.35,
        "last_verified_source": "OpenStreetMap via Overpass",
        "raw_tags": {
          "access": "private",
          "amenity": "parking",
          "parking": "surface",
          "surface": "asphalt"
        },
        "geometry_note": "Approximate display polygon generated from point/center. Production should use parcel, building, lot footprint, or authoritative GIS polygon.",
        "source_name": "OpenStreetMap via Overpass",
        "source_url": "https://www.openstreetmap.org/",
        "api_url": "https://overpass-api.de/api/interpreter",
        "evidence_url": "https://www.openstreetmap.org/way/1169236101",
        "payment_url": null,
        "booking_url": null,
        "price_status": "unknown",
        "rule_status": "unknown",
        "enrichment_status": "needs_review",
        "existence_status": "candidate",
        "city": "San Francisco",
        "state": "CA",
        "geometry_quality": "osm_display_fallback",
        "provenance_note": "OpenStreetMap-derived candidate/probable parking zone; verify against official/operator sources before treating as authoritative."
      }
    },
    {
      "type": "Feature",
      "geometry": {
        "type": "Polygon",
        "coordinates": [
          [
            [
              -122.39413379999999,
              37.7755539
            ],
            [
              -122.3938938,
              37.7755539
            ],
            [
              -122.3938938,
              37.775793900000004
            ],
            [
              -122.39413379999999,
              37.775793900000004
            ],
            [
              -122.39413379999999,
              37.7755539
            ]
          ]
        ]
      },
      "properties": {
        "source_id": "osm:way:1172936110",
        "name": "Parking area",
        "facility_type": "street_side",
        "operator": "",
        "access": "",
        "fee": "unknown",
        "charge": "",
        "capacity": "",
        "opening_hours": "",
        "website": "",
        "confidence": 0.35,
        "last_verified_source": "OpenStreetMap via Overpass",
        "raw_tags": {
          "amenity": "parking",
          "parking": "street_side",
          "surface": "concrete"
        },
        "geometry_note": "Approximate display polygon generated from point/center. Production should use parcel, building, lot footprint, or authoritative GIS polygon.",
        "source_name": "OpenStreetMap via Overpass",
        "source_url": "https://www.openstreetmap.org/",
        "api_url": "https://overpass-api.de/api/interpreter",
        "evidence_url": "https://www.openstreetmap.org/way/1172936110",
        "payment_url": null,
        "booking_url": null,
        "price_status": "unknown",
        "rule_status": "unknown",
        "enrichment_status": "needs_review",
        "existence_status": "candidate",
        "city": "San Francisco",
        "state": "CA",
        "geometry_quality": "osm_display_fallback",
        "provenance_note": "OpenStreetMap-derived candidate/probable parking zone; verify against official/operator sources before treating as authoritative."
      }
    },
    {
      "type": "Feature",
      "geometry": {
        "type": "Polygon",
        "coordinates": [
          [
            [
              -122.405827,
              37.770274199999996
            ],
            [
              -122.40558700000001,
              37.770274199999996
            ],
            [
              -122.40558700000001,
              37.7705142
            ],
            [
              -122.405827,
              37.7705142
            ],
            [
              -122.405827,
              37.770274199999996
            ]
          ]
        ]
      },
      "properties": {
        "source_id": "osm:way:1174903951",
        "name": "Parking area",
        "facility_type": "surface",
        "operator": "",
        "access": "yes",
        "fee": "yes",
        "charge": "",
        "capacity": "",
        "opening_hours": "",
        "website": "",
        "confidence": 0.35,
        "last_verified_source": "OpenStreetMap via Overpass",
        "raw_tags": {
          "access": "yes",
          "amenity": "parking",
          "fee": "yes",
          "parking": "surface",
          "surface": "asphalt"
        },
        "geometry_note": "Approximate display polygon generated from point/center. Production should use parcel, building, lot footprint, or authoritative GIS polygon.",
        "source_name": "OpenStreetMap via Overpass",
        "source_url": "https://www.openstreetmap.org/",
        "api_url": "https://overpass-api.de/api/interpreter",
        "evidence_url": "https://www.openstreetmap.org/way/1174903951",
        "payment_url": null,
        "booking_url": null,
        "price_status": "paid_unknown",
        "rule_status": "unknown",
        "enrichment_status": "needs_review",
        "existence_status": "candidate",
        "city": "San Francisco",
        "state": "CA",
        "geometry_quality": "osm_display_fallback",
        "provenance_note": "OpenStreetMap-derived candidate/probable parking zone; verify against official/operator sources before treating as authoritative."
      }
    },
    {
      "type": "Feature",
      "geometry": {
        "type": "Polygon",
        "coordinates": [
          [
            [
              -122.4054657,
              37.770905799999994
            ],
            [
              -122.4052257,
              37.770905799999994
            ],
            [
              -122.4052257,
              37.7711458
            ],
            [
              -122.4054657,
              37.7711458
            ],
            [
              -122.4054657,
              37.770905799999994
            ]
          ]
        ]
      },
      "properties": {
        "source_id": "osm:way:1174903953",
        "name": "Parking area",
        "facility_type": "street_side",
        "operator": "",
        "access": "customers",
        "fee": "no",
        "charge": "",
        "capacity": "",
        "opening_hours": "",
        "website": "",
        "confidence": 0.35,
        "last_verified_source": "OpenStreetMap via Overpass",
        "raw_tags": {
          "access": "customers",
          "amenity": "parking",
          "fee": "no",
          "parking": "street_side",
          "surface": "asphalt"
        },
        "geometry_note": "Approximate display polygon generated from point/center. Production should use parcel, building, lot footprint, or authoritative GIS polygon.",
        "source_name": "OpenStreetMap via Overpass",
        "source_url": "https://www.openstreetmap.org/",
        "api_url": "https://overpass-api.de/api/interpreter",
        "evidence_url": "https://www.openstreetmap.org/way/1174903953",
        "payment_url": null,
        "booking_url": null,
        "price_status": "known_free",
        "rule_status": "unknown",
        "enrichment_status": "needs_review",
        "existence_status": "candidate",
        "city": "San Francisco",
        "state": "CA",
        "geometry_quality": "osm_display_fallback",
        "provenance_note": "OpenStreetMap-derived candidate/probable parking zone; verify against official/operator sources before treating as authoritative."
      }
    },
    {
      "type": "Feature",
      "geometry": {
        "type": "Polygon",
        "coordinates": [
          [
            [
              -122.4042439,
              37.771566299999996
            ],
            [
              -122.4040039,
              37.771566299999996
            ],
            [
              -122.4040039,
              37.7718063
            ],
            [
              -122.4042439,
              37.7718063
            ],
            [
              -122.4042439,
              37.771566299999996
            ]
          ]
        ]
      },
      "properties": {
        "source_id": "osm:way:1174903958",
        "name": "Parking area",
        "facility_type": "multi-storey",
        "operator": "",
        "access": "",
        "fee": "unknown",
        "charge": "",
        "capacity": "",
        "opening_hours": "",
        "website": "",
        "confidence": 0.35,
        "last_verified_source": "OpenStreetMap via Overpass",
        "raw_tags": {
          "amenity": "parking",
          "building": "yes",
          "building:levels": "6",
          "parking": "multi-storey"
        },
        "geometry_note": "Approximate display polygon generated from point/center. Production should use parcel, building, lot footprint, or authoritative GIS polygon.",
        "source_name": "OpenStreetMap via Overpass",
        "source_url": "https://www.openstreetmap.org/",
        "api_url": "https://overpass-api.de/api/interpreter",
        "evidence_url": "https://www.openstreetmap.org/way/1174903958",
        "payment_url": null,
        "booking_url": null,
        "price_status": "unknown",
        "rule_status": "unknown",
        "enrichment_status": "needs_review",
        "existence_status": "candidate",
        "city": "San Francisco",
        "state": "CA",
        "geometry_quality": "osm_display_fallback",
        "provenance_note": "OpenStreetMap-derived candidate/probable parking zone; verify against official/operator sources before treating as authoritative."
      }
    },
    {
      "type": "Feature",
      "geometry": {
        "type": "Polygon",
        "coordinates": [
          [
            [
              -122.40050819999999,
              37.773871799999995
            ],
            [
              -122.4002682,
              37.773871799999995
            ],
            [
              -122.4002682,
              37.7741118
            ],
            [
              -122.40050819999999,
              37.7741118
            ],
            [
              -122.40050819999999,
              37.773871799999995
            ]
          ]
        ]
      },
      "properties": {
        "source_id": "osm:way:1174903959",
        "name": "Enforcement lot",
        "facility_type": "surface",
        "operator": "",
        "access": "private",
        "fee": "unknown",
        "charge": "",
        "capacity": "",
        "opening_hours": "",
        "website": "",
        "confidence": 0.35,
        "last_verified_source": "OpenStreetMap via Overpass",
        "raw_tags": {
          "access": "private",
          "amenity": "parking",
          "name": "Enforcement lot",
          "parking": "surface",
          "surface": "asphalt"
        },
        "geometry_note": "Approximate display polygon generated from point/center. Production should use parcel, building, lot footprint, or authoritative GIS polygon.",
        "source_name": "OpenStreetMap via Overpass",
        "source_url": "https://www.openstreetmap.org/",
        "api_url": "https://overpass-api.de/api/interpreter",
        "evidence_url": "https://www.openstreetmap.org/way/1174903959",
        "payment_url": null,
        "booking_url": null,
        "price_status": "unknown",
        "rule_status": "unknown",
        "enrichment_status": "needs_review",
        "existence_status": "probable",
        "city": "San Francisco",
        "state": "CA",
        "geometry_quality": "osm_display_fallback",
        "provenance_note": "OpenStreetMap-derived candidate/probable parking zone; verify against official/operator sources before treating as authoritative."
      }
    },
    {
      "type": "Feature",
      "geometry": {
        "type": "Polygon",
        "coordinates": [
          [
            [
              -122.38966219999999,
              37.783319299999995
            ],
            [
              -122.3894222,
              37.783319299999995
            ],
            [
              -122.3894222,
              37.7835593
            ],
            [
              -122.38966219999999,
              37.7835593
            ],
            [
              -122.38966219999999,
              37.783319299999995
            ]
          ]
        ]
      },
      "properties": {
        "source_id": "osm:way:1174904715",
        "name": "Parking area",
        "facility_type": "street_side",
        "operator": "",
        "access": "",
        "fee": "unknown",
        "charge": "",
        "capacity": "",
        "opening_hours": "",
        "website": "",
        "confidence": 0.35,
        "last_verified_source": "OpenStreetMap via Overpass",
        "raw_tags": {
          "amenity": "parking",
          "orientation": "perpendicular",
          "parking": "street_side",
          "surface": "asphalt"
        },
        "geometry_note": "Approximate display polygon generated from point/center. Production should use parcel, building, lot footprint, or authoritative GIS polygon.",
        "source_name": "OpenStreetMap via Overpass",
        "source_url": "https://www.openstreetmap.org/",
        "api_url": "https://overpass-api.de/api/interpreter",
        "evidence_url": "https://www.openstreetmap.org/way/1174904715",
        "payment_url": null,
        "booking_url": null,
        "price_status": "unknown",
        "rule_status": "unknown",
        "enrichment_status": "needs_review",
        "existence_status": "candidate",
        "city": "San Francisco",
        "state": "CA",
        "geometry_quality": "osm_display_fallback",
        "provenance_note": "OpenStreetMap-derived candidate/probable parking zone; verify against official/operator sources before treating as authoritative."
      }
    },
    {
      "type": "Feature",
      "geometry": {
        "type": "Polygon",
        "coordinates": [
          [
            [
              -122.38980289999999,
              37.7832618
            ],
            [
              -122.3895629,
              37.7832618
            ],
            [
              -122.3895629,
              37.7835018
            ],
            [
              -122.38980289999999,
              37.7835018
            ],
            [
              -122.38980289999999,
              37.7832618
            ]
          ]
        ]
      },
      "properties": {
        "source_id": "osm:way:1174904716",
        "name": "Parking area",
        "facility_type": "street_side",
        "operator": "",
        "access": "",
        "fee": "unknown",
        "charge": "",
        "capacity": "",
        "opening_hours": "",
        "website": "",
        "confidence": 0.35,
        "last_verified_source": "OpenStreetMap via Overpass",
        "raw_tags": {
          "amenity": "parking",
          "orientation": "perpendicular",
          "parking": "street_side",
          "surface": "asphalt"
        },
        "geometry_note": "Approximate display polygon generated from point/center. Production should use parcel, building, lot footprint, or authoritative GIS polygon.",
        "source_name": "OpenStreetMap via Overpass",
        "source_url": "https://www.openstreetmap.org/",
        "api_url": "https://overpass-api.de/api/interpreter",
        "evidence_url": "https://www.openstreetmap.org/way/1174904716",
        "payment_url": null,
        "booking_url": null,
        "price_status": "unknown",
        "rule_status": "unknown",
        "enrichment_status": "needs_review",
        "existence_status": "candidate",
        "city": "San Francisco",
        "state": "CA",
        "geometry_quality": "osm_display_fallback",
        "provenance_note": "OpenStreetMap-derived candidate/probable parking zone; verify against official/operator sources before treating as authoritative."
      }
    },
    {
      "type": "Feature",
      "geometry": {
        "type": "Polygon",
        "coordinates": [
          [
            [
              -122.38962579999999,
              37.783120999999994
            ],
            [
              -122.3893858,
              37.783120999999994
            ],
            [
              -122.3893858,
              37.783361
            ],
            [
              -122.38962579999999,
              37.783361
            ],
            [
              -122.38962579999999,
              37.783120999999994
            ]
          ]
        ]
      },
      "properties": {
        "source_id": "osm:way:1174904717",
        "name": "Parking area",
        "facility_type": "street_side",
        "operator": "",
        "access": "",
        "fee": "unknown",
        "charge": "",
        "capacity": "",
        "opening_hours": "",
        "website": "",
        "confidence": 0.35,
        "last_verified_source": "OpenStreetMap via Overpass",
        "raw_tags": {
          "amenity": "parking",
          "orientation": "perpendicular",
          "parking": "street_side",
          "surface": "asphalt"
        },
        "geometry_note": "Approximate display polygon generated from point/center. Production should use parcel, building, lot footprint, or authoritative GIS polygon.",
        "source_name": "OpenStreetMap via Overpass",
        "source_url": "https://www.openstreetmap.org/",
        "api_url": "https://overpass-api.de/api/interpreter",
        "evidence_url": "https://www.openstreetmap.org/way/1174904717",
        "payment_url": null,
        "booking_url": null,
        "price_status": "unknown",
        "rule_status": "unknown",
        "enrichment_status": "needs_review",
        "existence_status": "candidate",
        "city": "San Francisco",
        "state": "CA",
        "geometry_quality": "osm_display_fallback",
        "provenance_note": "OpenStreetMap-derived candidate/probable parking zone; verify against official/operator sources before treating as authoritative."
      }
    },
    {
      "type": "Feature",
      "geometry": {
        "type": "Polygon",
        "coordinates": [
          [
            [
              -122.38951499999999,
              37.783199599999996
            ],
            [
              -122.389275,
              37.783199599999996
            ],
            [
              -122.389275,
              37.7834396
            ],
            [
              -122.38951499999999,
              37.7834396
            ],
            [
              -122.38951499999999,
              37.783199599999996
            ]
          ]
        ]
      },
      "properties": {
        "source_id": "osm:way:1174904718",
        "name": "Parking area",
        "facility_type": "street_side",
        "operator": "",
        "access": "",
        "fee": "unknown",
        "charge": "",
        "capacity": "",
        "opening_hours": "",
        "website": "",
        "confidence": 0.35,
        "last_verified_source": "OpenStreetMap via Overpass",
        "raw_tags": {
          "amenity": "parking",
          "orientation": "perpendicular",
          "parking": "street_side",
          "surface": "asphalt"
        },
        "geometry_note": "Approximate display polygon generated from point/center. Production should use parcel, building, lot footprint, or authoritative GIS polygon.",
        "source_name": "OpenStreetMap via Overpass",
        "source_url": "https://www.openstreetmap.org/",
        "api_url": "https://overpass-api.de/api/interpreter",
        "evidence_url": "https://www.openstreetmap.org/way/1174904718",
        "payment_url": null,
        "booking_url": null,
        "price_status": "unknown",
        "rule_status": "unknown",
        "enrichment_status": "needs_review",
        "existence_status": "candidate",
        "city": "San Francisco",
        "state": "CA",
        "geometry_quality": "osm_display_fallback",
        "provenance_note": "OpenStreetMap-derived candidate/probable parking zone; verify against official/operator sources before treating as authoritative."
      }
    },
    {
      "type": "Feature",
      "geometry": {
        "type": "Polygon",
        "coordinates": [
          [
            [
              -122.3892233,
              37.7829676
            ],
            [
              -122.3889833,
              37.7829676
            ],
            [
              -122.3889833,
              37.783207600000004
            ],
            [
              -122.3892233,
              37.783207600000004
            ],
            [
              -122.3892233,
              37.7829676
            ]
          ]
        ]
      },
      "properties": {
        "source_id": "osm:way:1174904719",
        "name": "Parking area",
        "facility_type": "street_side",
        "operator": "",
        "access": "",
        "fee": "unknown",
        "charge": "",
        "capacity": "",
        "opening_hours": "",
        "website": "",
        "confidence": 0.35,
        "last_verified_source": "OpenStreetMap via Overpass",
        "raw_tags": {
          "amenity": "parking",
          "orientation": "perpendicular",
          "parking": "street_side",
          "surface": "asphalt"
        },
        "geometry_note": "Approximate display polygon generated from point/center. Production should use parcel, building, lot footprint, or authoritative GIS polygon.",
        "source_name": "OpenStreetMap via Overpass",
        "source_url": "https://www.openstreetmap.org/",
        "api_url": "https://overpass-api.de/api/interpreter",
        "evidence_url": "https://www.openstreetmap.org/way/1174904719",
        "payment_url": null,
        "booking_url": null,
        "price_status": "unknown",
        "rule_status": "unknown",
        "enrichment_status": "needs_review",
        "existence_status": "candidate",
        "city": "San Francisco",
        "state": "CA",
        "geometry_quality": "osm_display_fallback",
        "provenance_note": "OpenStreetMap-derived candidate/probable parking zone; verify against official/operator sources before treating as authoritative."
      }
    },
    {
      "type": "Feature",
      "geometry": {
        "type": "Polygon",
        "coordinates": [
          [
            [
              -122.38932319999999,
              37.782879799999996
            ],
            [
              -122.3890832,
              37.782879799999996
            ],
            [
              -122.3890832,
              37.7831198
            ],
            [
              -122.38932319999999,
              37.7831198
            ],
            [
              -122.38932319999999,
              37.782879799999996
            ]
          ]
        ]
      },
      "properties": {
        "source_id": "osm:way:1174904720",
        "name": "Parking area",
        "facility_type": "street_side",
        "operator": "",
        "access": "",
        "fee": "unknown",
        "charge": "",
        "capacity": "",
        "opening_hours": "",
        "website": "",
        "confidence": 0.35,
        "last_verified_source": "OpenStreetMap via Overpass",
        "raw_tags": {
          "amenity": "parking",
          "orientation": "perpendicular",
          "parking": "street_side",
          "surface": "asphalt"
        },
        "geometry_note": "Approximate display polygon generated from point/center. Production should use parcel, building, lot footprint, or authoritative GIS polygon.",
        "source_name": "OpenStreetMap via Overpass",
        "source_url": "https://www.openstreetmap.org/",
        "api_url": "https://overpass-api.de/api/interpreter",
        "evidence_url": "https://www.openstreetmap.org/way/1174904720",
        "payment_url": null,
        "booking_url": null,
        "price_status": "unknown",
        "rule_status": "unknown",
        "enrichment_status": "needs_review",
        "existence_status": "candidate",
        "city": "San Francisco",
        "state": "CA",
        "geometry_quality": "osm_display_fallback",
        "provenance_note": "OpenStreetMap-derived candidate/probable parking zone; verify against official/operator sources before treating as authoritative."
      }
    },
    {
      "type": "Feature",
      "geometry": {
        "type": "Polygon",
        "coordinates": [
          [
            [
              -122.3894693,
              37.7829943
            ],
            [
              -122.38922930000001,
              37.7829943
            ],
            [
              -122.38922930000001,
              37.783234300000004
            ],
            [
              -122.3894693,
              37.783234300000004
            ],
            [
              -122.3894693,
              37.7829943
            ]
          ]
        ]
      },
      "properties": {
        "source_id": "osm:way:1174904721",
        "name": "Parking area",
        "facility_type": "street_side",
        "operator": "",
        "access": "",
        "fee": "unknown",
        "charge": "",
        "capacity": "",
        "opening_hours": "",
        "website": "",
        "confidence": 0.35,
        "last_verified_source": "OpenStreetMap via Overpass",
        "raw_tags": {
          "amenity": "parking",
          "orientation": "perpendicular",
          "parking": "street_side",
          "surface": "asphalt"
        },
        "geometry_note": "Approximate display polygon generated from point/center. Production should use parcel, building, lot footprint, or authoritative GIS polygon.",
        "source_name": "OpenStreetMap via Overpass",
        "source_url": "https://www.openstreetmap.org/",
        "api_url": "https://overpass-api.de/api/interpreter",
        "evidence_url": "https://www.openstreetmap.org/way/1174904721",
        "payment_url": null,
        "booking_url": null,
        "price_status": "unknown",
        "rule_status": "unknown",
        "enrichment_status": "needs_review",
        "existence_status": "candidate",
        "city": "San Francisco",
        "state": "CA",
        "geometry_quality": "osm_display_fallback",
        "provenance_note": "OpenStreetMap-derived candidate/probable parking zone; verify against official/operator sources before treating as authoritative."
      }
    },
    {
      "type": "Feature",
      "geometry": {
        "type": "Polygon",
        "coordinates": [
          [
            [
              -122.394365,
              37.7654783
            ],
            [
              -122.394125,
              37.7654783
            ],
            [
              -122.394125,
              37.7657183
            ],
            [
              -122.394365,
              37.7657183
            ],
            [
              -122.394365,
              37.7654783
            ]
          ]
        ]
      },
      "properties": {
        "source_id": "osm:way:1178657553",
        "name": "Parking area",
        "facility_type": "surface",
        "operator": "",
        "access": "private",
        "fee": "unknown",
        "charge": "",
        "capacity": "",
        "opening_hours": "",
        "website": "",
        "confidence": 0.35,
        "last_verified_source": "OpenStreetMap via Overpass",
        "raw_tags": {
          "access": "private",
          "amenity": "parking",
          "parking": "surface",
          "surface": "asphalt"
        },
        "geometry_note": "Approximate display polygon generated from point/center. Production should use parcel, building, lot footprint, or authoritative GIS polygon.",
        "source_name": "OpenStreetMap via Overpass",
        "source_url": "https://www.openstreetmap.org/",
        "api_url": "https://overpass-api.de/api/interpreter",
        "evidence_url": "https://www.openstreetmap.org/way/1178657553",
        "payment_url": null,
        "booking_url": null,
        "price_status": "unknown",
        "rule_status": "unknown",
        "enrichment_status": "needs_review",
        "existence_status": "candidate",
        "city": "San Francisco",
        "state": "CA",
        "geometry_quality": "osm_display_fallback",
        "provenance_note": "OpenStreetMap-derived candidate/probable parking zone; verify against official/operator sources before treating as authoritative."
      }
    },
    {
      "type": "Feature",
      "geometry": {
        "type": "Polygon",
        "coordinates": [
          [
            [
              -122.405086,
              37.7756761
            ],
            [
              -122.404846,
              37.7756761
            ],
            [
              -122.404846,
              37.7759161
            ],
            [
              -122.405086,
              37.7759161
            ],
            [
              -122.405086,
              37.7756761
            ]
          ]
        ]
      },
      "properties": {
        "source_id": "osm:way:1181904669",
        "name": "Parking area",
        "facility_type": "surface",
        "operator": "",
        "access": "private",
        "fee": "unknown",
        "charge": "",
        "capacity": "",
        "opening_hours": "",
        "website": "",
        "confidence": 0.35,
        "last_verified_source": "OpenStreetMap via Overpass",
        "raw_tags": {
          "access": "private",
          "amenity": "parking",
          "barrier": "fence",
          "parking": "surface",
          "surface": "asphalt"
        },
        "geometry_note": "Approximate display polygon generated from point/center. Production should use parcel, building, lot footprint, or authoritative GIS polygon.",
        "source_name": "OpenStreetMap via Overpass",
        "source_url": "https://www.openstreetmap.org/",
        "api_url": "https://overpass-api.de/api/interpreter",
        "evidence_url": "https://www.openstreetmap.org/way/1181904669",
        "payment_url": null,
        "booking_url": null,
        "price_status": "unknown",
        "rule_status": "unknown",
        "enrichment_status": "needs_review",
        "existence_status": "candidate",
        "city": "San Francisco",
        "state": "CA",
        "geometry_quality": "osm_display_fallback",
        "provenance_note": "OpenStreetMap-derived candidate/probable parking zone; verify against official/operator sources before treating as authoritative."
      }
    },
    {
      "type": "Feature",
      "geometry": {
        "type": "Polygon",
        "coordinates": [
          [
            [
              -122.42196179999999,
              37.7918798
            ],
            [
              -122.4217218,
              37.7918798
            ],
            [
              -122.4217218,
              37.7921198
            ],
            [
              -122.42196179999999,
              37.7921198
            ],
            [
              -122.42196179999999,
              37.7918798
            ]
          ]
        ]
      },
      "properties": {
        "source_id": "osm:way:1186181735",
        "name": "Parking area",
        "facility_type": "parking",
        "operator": "",
        "access": "",
        "fee": "unknown",
        "charge": "",
        "capacity": "",
        "opening_hours": "",
        "website": "",
        "confidence": 0.35,
        "last_verified_source": "OpenStreetMap via Overpass",
        "raw_tags": {
          "amenity": "parking"
        },
        "geometry_note": "Approximate display polygon generated from point/center. Production should use parcel, building, lot footprint, or authoritative GIS polygon.",
        "source_name": "OpenStreetMap via Overpass",
        "source_url": "https://www.openstreetmap.org/",
        "api_url": "https://overpass-api.de/api/interpreter",
        "evidence_url": "https://www.openstreetmap.org/way/1186181735",
        "payment_url": null,
        "booking_url": null,
        "price_status": "unknown",
        "rule_status": "unknown",
        "enrichment_status": "needs_review",
        "existence_status": "candidate",
        "city": "San Francisco",
        "state": "CA",
        "geometry_quality": "osm_display_fallback",
        "provenance_note": "OpenStreetMap-derived candidate/probable parking zone; verify against official/operator sources before treating as authoritative."
      }
    },
    {
      "type": "Feature",
      "geometry": {
        "type": "Polygon",
        "coordinates": [
          [
            [
              -122.4021975,
              37.7793311
            ],
            [
              -122.40195750000001,
              37.7793311
            ],
            [
              -122.40195750000001,
              37.779571100000005
            ],
            [
              -122.4021975,
              37.779571100000005
            ],
            [
              -122.4021975,
              37.7793311
            ]
          ]
        ]
      },
      "properties": {
        "source_id": "osm:way:1186804271",
        "name": "Parking area",
        "facility_type": "surface",
        "operator": "",
        "access": "customers",
        "fee": "unknown",
        "charge": "",
        "capacity": "",
        "opening_hours": "",
        "website": "",
        "confidence": 0.35,
        "last_verified_source": "OpenStreetMap via Overpass",
        "raw_tags": {
          "access": "customers",
          "amenity": "parking",
          "parking": "surface"
        },
        "geometry_note": "Approximate display polygon generated from point/center. Production should use parcel, building, lot footprint, or authoritative GIS polygon.",
        "source_name": "OpenStreetMap via Overpass",
        "source_url": "https://www.openstreetmap.org/",
        "api_url": "https://overpass-api.de/api/interpreter",
        "evidence_url": "https://www.openstreetmap.org/way/1186804271",
        "payment_url": null,
        "booking_url": null,
        "price_status": "unknown",
        "rule_status": "unknown",
        "enrichment_status": "needs_review",
        "existence_status": "candidate",
        "city": "San Francisco",
        "state": "CA",
        "geometry_quality": "osm_display_fallback",
        "provenance_note": "OpenStreetMap-derived candidate/probable parking zone; verify against official/operator sources before treating as authoritative."
      }
    },
    {
      "type": "Feature",
      "geometry": {
        "type": "Polygon",
        "coordinates": [
          [
            [
              -122.4019781,
              37.779182
            ],
            [
              -122.4017381,
              37.779182
            ],
            [
              -122.4017381,
              37.779422000000004
            ],
            [
              -122.4019781,
              37.779422000000004
            ],
            [
              -122.4019781,
              37.779182
            ]
          ]
        ]
      },
      "properties": {
        "source_id": "osm:way:1186804272",
        "name": "Parking area",
        "facility_type": "surface",
        "operator": "",
        "access": "customers",
        "fee": "unknown",
        "charge": "",
        "capacity": "",
        "opening_hours": "",
        "website": "",
        "confidence": 0.35,
        "last_verified_source": "OpenStreetMap via Overpass",
        "raw_tags": {
          "access": "customers",
          "amenity": "parking",
          "parking": "surface"
        },
        "geometry_note": "Approximate display polygon generated from point/center. Production should use parcel, building, lot footprint, or authoritative GIS polygon.",
        "source_name": "OpenStreetMap via Overpass",
        "source_url": "https://www.openstreetmap.org/",
        "api_url": "https://overpass-api.de/api/interpreter",
        "evidence_url": "https://www.openstreetmap.org/way/1186804272",
        "payment_url": null,
        "booking_url": null,
        "price_status": "unknown",
        "rule_status": "unknown",
        "enrichment_status": "needs_review",
        "existence_status": "candidate",
        "city": "San Francisco",
        "state": "CA",
        "geometry_quality": "osm_display_fallback",
        "provenance_note": "OpenStreetMap-derived candidate/probable parking zone; verify against official/operator sources before treating as authoritative."
      }
    },
    {
      "type": "Feature",
      "geometry": {
        "type": "Polygon",
        "coordinates": [
          [
            [
              -122.40186539999999,
              37.7793342
            ],
            [
              -122.4016254,
              37.7793342
            ],
            [
              -122.4016254,
              37.779574200000006
            ],
            [
              -122.40186539999999,
              37.779574200000006
            ],
            [
              -122.40186539999999,
              37.7793342
            ]
          ]
        ]
      },
      "properties": {
        "source_id": "osm:way:1186804273",
        "name": "Parking area",
        "facility_type": "surface",
        "operator": "",
        "access": "",
        "fee": "unknown",
        "charge": "",
        "capacity": "",
        "opening_hours": "",
        "website": "",
        "confidence": 0.35,
        "last_verified_source": "OpenStreetMap via Overpass",
        "raw_tags": {
          "amenity": "parking",
          "parking": "surface"
        },
        "geometry_note": "Approximate display polygon generated from point/center. Production should use parcel, building, lot footprint, or authoritative GIS polygon.",
        "source_name": "OpenStreetMap via Overpass",
        "source_url": "https://www.openstreetmap.org/",
        "api_url": "https://overpass-api.de/api/interpreter",
        "evidence_url": "https://www.openstreetmap.org/way/1186804273",
        "payment_url": null,
        "booking_url": null,
        "price_status": "unknown",
        "rule_status": "unknown",
        "enrichment_status": "needs_review",
        "existence_status": "candidate",
        "city": "San Francisco",
        "state": "CA",
        "geometry_quality": "osm_display_fallback",
        "provenance_note": "OpenStreetMap-derived candidate/probable parking zone; verify against official/operator sources before treating as authoritative."
      }
    },
    {
      "type": "Feature",
      "geometry": {
        "type": "Polygon",
        "coordinates": [
          [
            [
              -122.4108246,
              37.7726069
            ],
            [
              -122.4105846,
              37.7726069
            ],
            [
              -122.4105846,
              37.772846900000005
            ],
            [
              -122.4108246,
              37.772846900000005
            ],
            [
              -122.4108246,
              37.7726069
            ]
          ]
        ]
      },
      "properties": {
        "source_id": "osm:way:1190963456",
        "name": "Parking area",
        "facility_type": "surface",
        "operator": "",
        "access": "customers",
        "fee": "unknown",
        "charge": "",
        "capacity": "",
        "opening_hours": "",
        "website": "",
        "confidence": 0.35,
        "last_verified_source": "OpenStreetMap via Overpass",
        "raw_tags": {
          "access": "customers",
          "amenity": "parking",
          "parking": "surface"
        },
        "geometry_note": "Approximate display polygon generated from point/center. Production should use parcel, building, lot footprint, or authoritative GIS polygon.",
        "source_name": "OpenStreetMap via Overpass",
        "source_url": "https://www.openstreetmap.org/",
        "api_url": "https://overpass-api.de/api/interpreter",
        "evidence_url": "https://www.openstreetmap.org/way/1190963456",
        "payment_url": null,
        "booking_url": null,
        "price_status": "unknown",
        "rule_status": "unknown",
        "enrichment_status": "needs_review",
        "existence_status": "candidate",
        "city": "San Francisco",
        "state": "CA",
        "geometry_quality": "osm_display_fallback",
        "provenance_note": "OpenStreetMap-derived candidate/probable parking zone; verify against official/operator sources before treating as authoritative."
      }
    },
    {
      "type": "Feature",
      "geometry": {
        "type": "Polygon",
        "coordinates": [
          [
            [
              -122.4191195,
              37.784137099999995
            ],
            [
              -122.4188795,
              37.784137099999995
            ],
            [
              -122.4188795,
              37.7843771
            ],
            [
              -122.4191195,
              37.7843771
            ],
            [
              -122.4191195,
              37.784137099999995
            ]
          ]
        ]
      },
      "properties": {
        "source_id": "osm:way:1194963312",
        "name": "Parking area",
        "facility_type": "parking",
        "operator": "",
        "access": "",
        "fee": "unknown",
        "charge": "",
        "capacity": "26",
        "opening_hours": "",
        "website": "",
        "confidence": 0.35,
        "last_verified_source": "OpenStreetMap via Overpass",
        "raw_tags": {
          "amenity": "parking",
          "capacity": "26",
          "capacity:disabled": "1"
        },
        "geometry_note": "Approximate display polygon generated from point/center. Production should use parcel, building, lot footprint, or authoritative GIS polygon.",
        "source_name": "OpenStreetMap via Overpass",
        "source_url": "https://www.openstreetmap.org/",
        "api_url": "https://overpass-api.de/api/interpreter",
        "evidence_url": "https://www.openstreetmap.org/way/1194963312",
        "payment_url": null,
        "booking_url": null,
        "price_status": "unknown",
        "rule_status": "unknown",
        "enrichment_status": "needs_review",
        "existence_status": "candidate",
        "city": "San Francisco",
        "state": "CA",
        "geometry_quality": "osm_display_fallback",
        "provenance_note": "OpenStreetMap-derived candidate/probable parking zone; verify against official/operator sources before treating as authoritative."
      }
    },
    {
      "type": "Feature",
      "geometry": {
        "type": "Polygon",
        "coordinates": [
          [
            [
              -122.4030294,
              37.769321899999994
            ],
            [
              -122.4027894,
              37.769321899999994
            ],
            [
              -122.4027894,
              37.7695619
            ],
            [
              -122.4030294,
              37.7695619
            ],
            [
              -122.4030294,
              37.769321899999994
            ]
          ]
        ]
      },
      "properties": {
        "source_id": "osm:way:1205032698",
        "name": "Parking area",
        "facility_type": "street_side",
        "operator": "",
        "access": "",
        "fee": "unknown",
        "charge": "",
        "capacity": "",
        "opening_hours": "",
        "website": "",
        "confidence": 0.35,
        "last_verified_source": "OpenStreetMap via Overpass",
        "raw_tags": {
          "amenity": "parking",
          "orientation": "perpendicular",
          "parking": "street_side",
          "surface": "asphalt"
        },
        "geometry_note": "Approximate display polygon generated from point/center. Production should use parcel, building, lot footprint, or authoritative GIS polygon.",
        "source_name": "OpenStreetMap via Overpass",
        "source_url": "https://www.openstreetmap.org/",
        "api_url": "https://overpass-api.de/api/interpreter",
        "evidence_url": "https://www.openstreetmap.org/way/1205032698",
        "payment_url": null,
        "booking_url": null,
        "price_status": "unknown",
        "rule_status": "unknown",
        "enrichment_status": "needs_review",
        "existence_status": "candidate",
        "city": "San Francisco",
        "state": "CA",
        "geometry_quality": "osm_display_fallback",
        "provenance_note": "OpenStreetMap-derived candidate/probable parking zone; verify against official/operator sources before treating as authoritative."
      }
    },
    {
      "type": "Feature",
      "geometry": {
        "type": "Polygon",
        "coordinates": [
          [
            [
              -122.40289369999999,
              37.7696152
            ],
            [
              -122.4026537,
              37.7696152
            ],
            [
              -122.4026537,
              37.7698552
            ],
            [
              -122.40289369999999,
              37.7698552
            ],
            [
              -122.40289369999999,
              37.7696152
            ]
          ]
        ]
      },
      "properties": {
        "source_id": "osm:way:1205032699",
        "name": "Parking area",
        "facility_type": "street_side",
        "operator": "",
        "access": "",
        "fee": "unknown",
        "charge": "",
        "capacity": "",
        "opening_hours": "",
        "website": "",
        "confidence": 0.35,
        "last_verified_source": "OpenStreetMap via Overpass",
        "raw_tags": {
          "amenity": "parking",
          "orientation": "perpendicular",
          "parking": "street_side",
          "surface": "asphalt"
        },
        "geometry_note": "Approximate display polygon generated from point/center. Production should use parcel, building, lot footprint, or authoritative GIS polygon.",
        "source_name": "OpenStreetMap via Overpass",
        "source_url": "https://www.openstreetmap.org/",
        "api_url": "https://overpass-api.de/api/interpreter",
        "evidence_url": "https://www.openstreetmap.org/way/1205032699",
        "payment_url": null,
        "booking_url": null,
        "price_status": "unknown",
        "rule_status": "unknown",
        "enrichment_status": "needs_review",
        "existence_status": "candidate",
        "city": "San Francisco",
        "state": "CA",
        "geometry_quality": "osm_display_fallback",
        "provenance_note": "OpenStreetMap-derived candidate/probable parking zone; verify against official/operator sources before treating as authoritative."
      }
    },
    {
      "type": "Feature",
      "geometry": {
        "type": "Polygon",
        "coordinates": [
          [
            [
              -122.4026396,
              37.768999
            ],
            [
              -122.40239960000001,
              37.768999
            ],
            [
              -122.40239960000001,
              37.769239000000006
            ],
            [
              -122.4026396,
              37.769239000000006
            ],
            [
              -122.4026396,
              37.768999
            ]
          ]
        ]
      },
      "properties": {
        "source_id": "osm:way:1205032700",
        "name": "Parking area",
        "facility_type": "surface",
        "operator": "",
        "access": "",
        "fee": "unknown",
        "charge": "",
        "capacity": "",
        "opening_hours": "",
        "website": "",
        "confidence": 0.35,
        "last_verified_source": "OpenStreetMap via Overpass",
        "raw_tags": {
          "amenity": "parking",
          "parking": "surface",
          "surface": "asphalt"
        },
        "geometry_note": "Approximate display polygon generated from point/center. Production should use parcel, building, lot footprint, or authoritative GIS polygon.",
        "source_name": "OpenStreetMap via Overpass",
        "source_url": "https://www.openstreetmap.org/",
        "api_url": "https://overpass-api.de/api/interpreter",
        "evidence_url": "https://www.openstreetmap.org/way/1205032700",
        "payment_url": null,
        "booking_url": null,
        "price_status": "unknown",
        "rule_status": "unknown",
        "enrichment_status": "needs_review",
        "existence_status": "candidate",
        "city": "San Francisco",
        "state": "CA",
        "geometry_quality": "osm_display_fallback",
        "provenance_note": "OpenStreetMap-derived candidate/probable parking zone; verify against official/operator sources before treating as authoritative."
      }
    },
    {
      "type": "Feature",
      "geometry": {
        "type": "Polygon",
        "coordinates": [
          [
            [
              -122.38966529999999,
              37.790521899999995
            ],
            [
              -122.3894253,
              37.790521899999995
            ],
            [
              -122.3894253,
              37.7907619
            ],
            [
              -122.38966529999999,
              37.7907619
            ],
            [
              -122.38966529999999,
              37.790521899999995
            ]
          ]
        ]
      },
      "properties": {
        "source_id": "osm:way:1215498045",
        "name": "Parking area",
        "facility_type": "street_side",
        "operator": "",
        "access": "yes",
        "fee": "yes",
        "charge": "",
        "capacity": "",
        "opening_hours": "",
        "website": "",
        "confidence": 0.35,
        "last_verified_source": "OpenStreetMap via Overpass",
        "raw_tags": {
          "access": "yes",
          "amenity": "parking",
          "fee": "yes",
          "orientation": "parallel",
          "parking": "street_side",
          "surface": "asphalt"
        },
        "geometry_note": "Approximate display polygon generated from point/center. Production should use parcel, building, lot footprint, or authoritative GIS polygon.",
        "source_name": "OpenStreetMap via Overpass",
        "source_url": "https://www.openstreetmap.org/",
        "api_url": "https://overpass-api.de/api/interpreter",
        "evidence_url": "https://www.openstreetmap.org/way/1215498045",
        "payment_url": null,
        "booking_url": null,
        "price_status": "paid_unknown",
        "rule_status": "unknown",
        "enrichment_status": "needs_review",
        "existence_status": "candidate",
        "city": "San Francisco",
        "state": "CA",
        "geometry_quality": "osm_display_fallback",
        "provenance_note": "OpenStreetMap-derived candidate/probable parking zone; verify against official/operator sources before treating as authoritative."
      }
    },
    {
      "type": "Feature",
      "geometry": {
        "type": "Polygon",
        "coordinates": [
          [
            [
              -122.4242242,
              37.8005801
            ],
            [
              -122.4239842,
              37.8005801
            ],
            [
              -122.4239842,
              37.8008201
            ],
            [
              -122.4242242,
              37.8008201
            ],
            [
              -122.4242242,
              37.8005801
            ]
          ]
        ]
      },
      "properties": {
        "source_id": "osm:way:1218657564",
        "name": "Parking area",
        "facility_type": "surface",
        "operator": "",
        "access": "",
        "fee": "unknown",
        "charge": "",
        "capacity": "",
        "opening_hours": "",
        "website": "",
        "confidence": 0.35,
        "last_verified_source": "OpenStreetMap via Overpass",
        "raw_tags": {
          "amenity": "parking",
          "parking": "surface",
          "surface": "asphalt"
        },
        "geometry_note": "Approximate display polygon generated from point/center. Production should use parcel, building, lot footprint, or authoritative GIS polygon.",
        "source_name": "OpenStreetMap via Overpass",
        "source_url": "https://www.openstreetmap.org/",
        "api_url": "https://overpass-api.de/api/interpreter",
        "evidence_url": "https://www.openstreetmap.org/way/1218657564",
        "payment_url": null,
        "booking_url": null,
        "price_status": "unknown",
        "rule_status": "unknown",
        "enrichment_status": "needs_review",
        "existence_status": "candidate",
        "city": "San Francisco",
        "state": "CA",
        "geometry_quality": "osm_display_fallback",
        "provenance_note": "OpenStreetMap-derived candidate/probable parking zone; verify against official/operator sources before treating as authoritative."
      }
    },
    {
      "type": "Feature",
      "geometry": {
        "type": "Polygon",
        "coordinates": [
          [
            [
              -122.4114116,
              37.7685386
            ],
            [
              -122.4111716,
              37.7685386
            ],
            [
              -122.4111716,
              37.768778600000005
            ],
            [
              -122.4114116,
              37.768778600000005
            ],
            [
              -122.4114116,
              37.7685386
            ]
          ]
        ]
      },
      "properties": {
        "source_id": "osm:way:1220131169",
        "name": "Parking area",
        "facility_type": "rooftop",
        "operator": "",
        "access": "private",
        "fee": "unknown",
        "charge": "",
        "capacity": "36",
        "opening_hours": "",
        "website": "",
        "confidence": 0.35,
        "last_verified_source": "OpenStreetMap via Overpass",
        "raw_tags": {
          "access": "private",
          "amenity": "parking",
          "capacity": "36",
          "capacity:disabled": "2",
          "layer": "1",
          "location": "rooftop",
          "parking": "rooftop"
        },
        "geometry_note": "Approximate display polygon generated from point/center. Production should use parcel, building, lot footprint, or authoritative GIS polygon.",
        "source_name": "OpenStreetMap via Overpass",
        "source_url": "https://www.openstreetmap.org/",
        "api_url": "https://overpass-api.de/api/interpreter",
        "evidence_url": "https://www.openstreetmap.org/way/1220131169",
        "payment_url": null,
        "booking_url": null,
        "price_status": "unknown",
        "rule_status": "unknown",
        "enrichment_status": "needs_review",
        "existence_status": "candidate",
        "city": "San Francisco",
        "state": "CA",
        "geometry_quality": "osm_display_fallback",
        "provenance_note": "OpenStreetMap-derived candidate/probable parking zone; verify against official/operator sources before treating as authoritative."
      }
    },
    {
      "type": "Feature",
      "geometry": {
        "type": "Polygon",
        "coordinates": [
          [
            [
              -122.4203689,
              37.7845015
            ],
            [
              -122.42012890000001,
              37.7845015
            ],
            [
              -122.42012890000001,
              37.7847415
            ],
            [
              -122.4203689,
              37.7847415
            ],
            [
              -122.4203689,
              37.7845015
            ]
          ]
        ]
      },
      "properties": {
        "source_id": "osm:way:1242858230",
        "name": "Parking area",
        "facility_type": "parking",
        "operator": "",
        "access": "",
        "fee": "unknown",
        "charge": "",
        "capacity": "",
        "opening_hours": "",
        "website": "",
        "confidence": 0.35,
        "last_verified_source": "OpenStreetMap via Overpass",
        "raw_tags": {
          "amenity": "parking"
        },
        "geometry_note": "Approximate display polygon generated from point/center. Production should use parcel, building, lot footprint, or authoritative GIS polygon.",
        "source_name": "OpenStreetMap via Overpass",
        "source_url": "https://www.openstreetmap.org/",
        "api_url": "https://overpass-api.de/api/interpreter",
        "evidence_url": "https://www.openstreetmap.org/way/1242858230",
        "payment_url": null,
        "booking_url": null,
        "price_status": "unknown",
        "rule_status": "unknown",
        "enrichment_status": "needs_review",
        "existence_status": "candidate",
        "city": "San Francisco",
        "state": "CA",
        "geometry_quality": "osm_display_fallback",
        "provenance_note": "OpenStreetMap-derived candidate/probable parking zone; verify against official/operator sources before treating as authoritative."
      }
    },
    {
      "type": "Feature",
      "geometry": {
        "type": "Polygon",
        "coordinates": [
          [
            [
              -122.4197595,
              37.782509499999996
            ],
            [
              -122.4195195,
              37.782509499999996
            ],
            [
              -122.4195195,
              37.7827495
            ],
            [
              -122.4197595,
              37.7827495
            ],
            [
              -122.4197595,
              37.782509499999996
            ]
          ]
        ]
      },
      "properties": {
        "source_id": "osm:way:1243325065",
        "name": "Parking area",
        "facility_type": "parking",
        "operator": "",
        "access": "",
        "fee": "unknown",
        "charge": "",
        "capacity": "",
        "opening_hours": "",
        "website": "",
        "confidence": 0.35,
        "last_verified_source": "OpenStreetMap via Overpass",
        "raw_tags": {
          "amenity": "parking"
        },
        "geometry_note": "Approximate display polygon generated from point/center. Production should use parcel, building, lot footprint, or authoritative GIS polygon.",
        "source_name": "OpenStreetMap via Overpass",
        "source_url": "https://www.openstreetmap.org/",
        "api_url": "https://overpass-api.de/api/interpreter",
        "evidence_url": "https://www.openstreetmap.org/way/1243325065",
        "payment_url": null,
        "booking_url": null,
        "price_status": "unknown",
        "rule_status": "unknown",
        "enrichment_status": "needs_review",
        "existence_status": "candidate",
        "city": "San Francisco",
        "state": "CA",
        "geometry_quality": "osm_display_fallback",
        "provenance_note": "OpenStreetMap-derived candidate/probable parking zone; verify against official/operator sources before treating as authoritative."
      }
    },
    {
      "type": "Feature",
      "geometry": {
        "type": "Polygon",
        "coordinates": [
          [
            [
              -122.4143024,
              37.802213599999995
            ],
            [
              -122.4140624,
              37.802213599999995
            ],
            [
              -122.4140624,
              37.8024536
            ],
            [
              -122.4143024,
              37.8024536
            ],
            [
              -122.4143024,
              37.802213599999995
            ]
          ]
        ]
      },
      "properties": {
        "source_id": "osm:way:1245636264",
        "name": "Parking area",
        "facility_type": "multi-storey",
        "operator": "",
        "access": "private",
        "fee": "unknown",
        "charge": "",
        "capacity": "",
        "opening_hours": "",
        "website": "",
        "confidence": 0.35,
        "last_verified_source": "OpenStreetMap via Overpass",
        "raw_tags": {
          "access": "private",
          "amenity": "parking",
          "building": "yes",
          "parking": "multi-storey"
        },
        "geometry_note": "Approximate display polygon generated from point/center. Production should use parcel, building, lot footprint, or authoritative GIS polygon.",
        "source_name": "OpenStreetMap via Overpass",
        "source_url": "https://www.openstreetmap.org/",
        "api_url": "https://overpass-api.de/api/interpreter",
        "evidence_url": "https://www.openstreetmap.org/way/1245636264",
        "payment_url": null,
        "booking_url": null,
        "price_status": "unknown",
        "rule_status": "unknown",
        "enrichment_status": "needs_review",
        "existence_status": "candidate",
        "city": "San Francisco",
        "state": "CA",
        "geometry_quality": "osm_display_fallback",
        "provenance_note": "OpenStreetMap-derived candidate/probable parking zone; verify against official/operator sources before treating as authoritative."
      }
    },
    {
      "type": "Feature",
      "geometry": {
        "type": "Polygon",
        "coordinates": [
          [
            [
              -122.39790819999999,
              37.774851399999996
            ],
            [
              -122.3976682,
              37.774851399999996
            ],
            [
              -122.3976682,
              37.7750914
            ],
            [
              -122.39790819999999,
              37.7750914
            ],
            [
              -122.39790819999999,
              37.774851399999996
            ]
          ]
        ]
      },
      "properties": {
        "source_id": "osm:way:1247989069",
        "name": "Parking area",
        "facility_type": "street_side",
        "operator": "",
        "access": "",
        "fee": "unknown",
        "charge": "",
        "capacity": "5",
        "opening_hours": "",
        "website": "",
        "confidence": 0.35,
        "last_verified_source": "OpenStreetMap via Overpass",
        "raw_tags": {
          "amenity": "parking",
          "capacity": "5",
          "orientation": "parallel",
          "parking": "street_side",
          "surface": "asphalt"
        },
        "geometry_note": "Approximate display polygon generated from point/center. Production should use parcel, building, lot footprint, or authoritative GIS polygon.",
        "source_name": "OpenStreetMap via Overpass",
        "source_url": "https://www.openstreetmap.org/",
        "api_url": "https://overpass-api.de/api/interpreter",
        "evidence_url": "https://www.openstreetmap.org/way/1247989069",
        "payment_url": null,
        "booking_url": null,
        "price_status": "unknown",
        "rule_status": "unknown",
        "enrichment_status": "needs_review",
        "existence_status": "candidate",
        "city": "San Francisco",
        "state": "CA",
        "geometry_quality": "osm_display_fallback",
        "provenance_note": "OpenStreetMap-derived candidate/probable parking zone; verify against official/operator sources before treating as authoritative."
      }
    },
    {
      "type": "Feature",
      "geometry": {
        "type": "Polygon",
        "coordinates": [
          [
            [
              -122.3982554,
              37.7745776
            ],
            [
              -122.3980154,
              37.7745776
            ],
            [
              -122.3980154,
              37.774817600000006
            ],
            [
              -122.3982554,
              37.774817600000006
            ],
            [
              -122.3982554,
              37.7745776
            ]
          ]
        ]
      },
      "properties": {
        "source_id": "osm:way:1247989070",
        "name": "Parking area",
        "facility_type": "street_side",
        "operator": "",
        "access": "",
        "fee": "unknown",
        "charge": "",
        "capacity": "4",
        "opening_hours": "",
        "website": "",
        "confidence": 0.35,
        "last_verified_source": "OpenStreetMap via Overpass",
        "raw_tags": {
          "amenity": "parking",
          "capacity": "4",
          "orientation": "parallel",
          "parking": "street_side",
          "surface": "asphalt"
        },
        "geometry_note": "Approximate display polygon generated from point/center. Production should use parcel, building, lot footprint, or authoritative GIS polygon.",
        "source_name": "OpenStreetMap via Overpass",
        "source_url": "https://www.openstreetmap.org/",
        "api_url": "https://overpass-api.de/api/interpreter",
        "evidence_url": "https://www.openstreetmap.org/way/1247989070",
        "payment_url": null,
        "booking_url": null,
        "price_status": "unknown",
        "rule_status": "unknown",
        "enrichment_status": "needs_review",
        "existence_status": "candidate",
        "city": "San Francisco",
        "state": "CA",
        "geometry_quality": "osm_display_fallback",
        "provenance_note": "OpenStreetMap-derived candidate/probable parking zone; verify against official/operator sources before treating as authoritative."
      }
    },
    {
      "type": "Feature",
      "geometry": {
        "type": "Polygon",
        "coordinates": [
          [
            [
              -122.3986156,
              37.774291
            ],
            [
              -122.39837560000001,
              37.774291
            ],
            [
              -122.39837560000001,
              37.774531
            ],
            [
              -122.3986156,
              37.774531
            ],
            [
              -122.3986156,
              37.774291
            ]
          ]
        ]
      },
      "properties": {
        "source_id": "osm:way:1247989071",
        "name": "Parking area",
        "facility_type": "street_side",
        "operator": "",
        "access": "",
        "fee": "unknown",
        "charge": "",
        "capacity": "6",
        "opening_hours": "",
        "website": "",
        "confidence": 0.35,
        "last_verified_source": "OpenStreetMap via Overpass",
        "raw_tags": {
          "amenity": "parking",
          "capacity": "6",
          "orientation": "parallel",
          "parking": "street_side",
          "surface": "asphalt"
        },
        "geometry_note": "Approximate display polygon generated from point/center. Production should use parcel, building, lot footprint, or authoritative GIS polygon.",
        "source_name": "OpenStreetMap via Overpass",
        "source_url": "https://www.openstreetmap.org/",
        "api_url": "https://overpass-api.de/api/interpreter",
        "evidence_url": "https://www.openstreetmap.org/way/1247989071",
        "payment_url": null,
        "booking_url": null,
        "price_status": "unknown",
        "rule_status": "unknown",
        "enrichment_status": "needs_review",
        "existence_status": "candidate",
        "city": "San Francisco",
        "state": "CA",
        "geometry_quality": "osm_display_fallback",
        "provenance_note": "OpenStreetMap-derived candidate/probable parking zone; verify against official/operator sources before treating as authoritative."
      }
    },
    {
      "type": "Feature",
      "geometry": {
        "type": "Polygon",
        "coordinates": [
          [
            [
              -122.3985948,
              37.7741915
            ],
            [
              -122.3983548,
              37.7741915
            ],
            [
              -122.3983548,
              37.774431500000006
            ],
            [
              -122.3985948,
              37.774431500000006
            ],
            [
              -122.3985948,
              37.7741915
            ]
          ]
        ]
      },
      "properties": {
        "source_id": "osm:way:1247989072",
        "name": "Parking area",
        "facility_type": "street_side",
        "operator": "",
        "access": "",
        "fee": "unknown",
        "charge": "",
        "capacity": "12",
        "opening_hours": "",
        "website": "",
        "confidence": 0.35,
        "last_verified_source": "OpenStreetMap via Overpass",
        "raw_tags": {
          "amenity": "parking",
          "capacity": "12",
          "orientation": "parallel",
          "parking": "street_side",
          "surface": "asphalt"
        },
        "geometry_note": "Approximate display polygon generated from point/center. Production should use parcel, building, lot footprint, or authoritative GIS polygon.",
        "source_name": "OpenStreetMap via Overpass",
        "source_url": "https://www.openstreetmap.org/",
        "api_url": "https://overpass-api.de/api/interpreter",
        "evidence_url": "https://www.openstreetmap.org/way/1247989072",
        "payment_url": null,
        "booking_url": null,
        "price_status": "unknown",
        "rule_status": "unknown",
        "enrichment_status": "needs_review",
        "existence_status": "candidate",
        "city": "San Francisco",
        "state": "CA",
        "geometry_quality": "osm_display_fallback",
        "provenance_note": "OpenStreetMap-derived candidate/probable parking zone; verify against official/operator sources before treating as authoritative."
      }
    },
    {
      "type": "Feature",
      "geometry": {
        "type": "Polygon",
        "coordinates": [
          [
            [
              -122.39923139999999,
              37.7736891
            ],
            [
              -122.3989914,
              37.7736891
            ],
            [
              -122.3989914,
              37.773929100000004
            ],
            [
              -122.39923139999999,
              37.773929100000004
            ],
            [
              -122.39923139999999,
              37.7736891
            ]
          ]
        ]
      },
      "properties": {
        "source_id": "osm:way:1247989073",
        "name": "Parking area",
        "facility_type": "street_side",
        "operator": "",
        "access": "",
        "fee": "unknown",
        "charge": "",
        "capacity": "8",
        "opening_hours": "",
        "website": "",
        "confidence": 0.35,
        "last_verified_source": "OpenStreetMap via Overpass",
        "raw_tags": {
          "amenity": "parking",
          "capacity": "8",
          "orientation": "parallel",
          "parking": "street_side",
          "surface": "asphalt"
        },
        "geometry_note": "Approximate display polygon generated from point/center. Production should use parcel, building, lot footprint, or authoritative GIS polygon.",
        "source_name": "OpenStreetMap via Overpass",
        "source_url": "https://www.openstreetmap.org/",
        "api_url": "https://overpass-api.de/api/interpreter",
        "evidence_url": "https://www.openstreetmap.org/way/1247989073",
        "payment_url": null,
        "booking_url": null,
        "price_status": "unknown",
        "rule_status": "unknown",
        "enrichment_status": "needs_review",
        "existence_status": "candidate",
        "city": "San Francisco",
        "state": "CA",
        "geometry_quality": "osm_display_fallback",
        "provenance_note": "OpenStreetMap-derived candidate/probable parking zone; verify against official/operator sources before treating as authoritative."
      }
    },
    {
      "type": "Feature",
      "geometry": {
        "type": "Polygon",
        "coordinates": [
          [
            [
              -122.4000033,
              37.773182299999995
            ],
            [
              -122.3997633,
              37.773182299999995
            ],
            [
              -122.3997633,
              37.7734223
            ],
            [
              -122.4000033,
              37.7734223
            ],
            [
              -122.4000033,
              37.773182299999995
            ]
          ]
        ]
      },
      "properties": {
        "source_id": "osm:way:1247989074",
        "name": "Parking area",
        "facility_type": "street_side",
        "operator": "",
        "access": "",
        "fee": "unknown",
        "charge": "",
        "capacity": "3",
        "opening_hours": "",
        "website": "",
        "confidence": 0.35,
        "last_verified_source": "OpenStreetMap via Overpass",
        "raw_tags": {
          "amenity": "parking",
          "capacity": "3",
          "orientation": "parallel",
          "parking": "street_side",
          "surface": "asphalt"
        },
        "geometry_note": "Approximate display polygon generated from point/center. Production should use parcel, building, lot footprint, or authoritative GIS polygon.",
        "source_name": "OpenStreetMap via Overpass",
        "source_url": "https://www.openstreetmap.org/",
        "api_url": "https://overpass-api.de/api/interpreter",
        "evidence_url": "https://www.openstreetmap.org/way/1247989074",
        "payment_url": null,
        "booking_url": null,
        "price_status": "unknown",
        "rule_status": "unknown",
        "enrichment_status": "needs_review",
        "existence_status": "candidate",
        "city": "San Francisco",
        "state": "CA",
        "geometry_quality": "osm_display_fallback",
        "provenance_note": "OpenStreetMap-derived candidate/probable parking zone; verify against official/operator sources before treating as authoritative."
      }
    },
    {
      "type": "Feature",
      "geometry": {
        "type": "Polygon",
        "coordinates": [
          [
            [
              -122.4009664,
              37.7724773
            ],
            [
              -122.40072640000001,
              37.7724773
            ],
            [
              -122.40072640000001,
              37.772717300000004
            ],
            [
              -122.4009664,
              37.772717300000004
            ],
            [
              -122.4009664,
              37.7724773
            ]
          ]
        ]
      },
      "properties": {
        "source_id": "osm:way:1247989075",
        "name": "Parking area",
        "facility_type": "street_side",
        "operator": "",
        "access": "",
        "fee": "unknown",
        "charge": "",
        "capacity": "",
        "opening_hours": "",
        "website": "",
        "confidence": 0.35,
        "last_verified_source": "OpenStreetMap via Overpass",
        "raw_tags": {
          "amenity": "parking",
          "orientation": "parallel",
          "parking": "street_side",
          "surface": "asphalt"
        },
        "geometry_note": "Approximate display polygon generated from point/center. Production should use parcel, building, lot footprint, or authoritative GIS polygon.",
        "source_name": "OpenStreetMap via Overpass",
        "source_url": "https://www.openstreetmap.org/",
        "api_url": "https://overpass-api.de/api/interpreter",
        "evidence_url": "https://www.openstreetmap.org/way/1247989075",
        "payment_url": null,
        "booking_url": null,
        "price_status": "unknown",
        "rule_status": "unknown",
        "enrichment_status": "needs_review",
        "existence_status": "candidate",
        "city": "San Francisco",
        "state": "CA",
        "geometry_quality": "osm_display_fallback",
        "provenance_note": "OpenStreetMap-derived candidate/probable parking zone; verify against official/operator sources before treating as authoritative."
      }
    },
    {
      "type": "Feature",
      "geometry": {
        "type": "Polygon",
        "coordinates": [
          [
            [
              -122.400401,
              37.772758599999996
            ],
            [
              -122.40016100000001,
              37.772758599999996
            ],
            [
              -122.40016100000001,
              37.7729986
            ],
            [
              -122.400401,
              37.7729986
            ],
            [
              -122.400401,
              37.772758599999996
            ]
          ]
        ]
      },
      "properties": {
        "source_id": "osm:way:1247989077",
        "name": "Parking area",
        "facility_type": "street_side",
        "operator": "",
        "access": "",
        "fee": "unknown",
        "charge": "",
        "capacity": "",
        "opening_hours": "",
        "website": "",
        "confidence": 0.35,
        "last_verified_source": "OpenStreetMap via Overpass",
        "raw_tags": {
          "amenity": "parking",
          "orientation": "parallel",
          "parking": "street_side",
          "surface": "asphalt"
        },
        "geometry_note": "Approximate display polygon generated from point/center. Production should use parcel, building, lot footprint, or authoritative GIS polygon.",
        "source_name": "OpenStreetMap via Overpass",
        "source_url": "https://www.openstreetmap.org/",
        "api_url": "https://overpass-api.de/api/interpreter",
        "evidence_url": "https://www.openstreetmap.org/way/1247989077",
        "payment_url": null,
        "booking_url": null,
        "price_status": "unknown",
        "rule_status": "unknown",
        "enrichment_status": "needs_review",
        "existence_status": "candidate",
        "city": "San Francisco",
        "state": "CA",
        "geometry_quality": "osm_display_fallback",
        "provenance_note": "OpenStreetMap-derived candidate/probable parking zone; verify against official/operator sources before treating as authoritative."
      }
    },
    {
      "type": "Feature",
      "geometry": {
        "type": "Polygon",
        "coordinates": [
          [
            [
              -122.39630199999999,
              37.7684224
            ],
            [
              -122.396062,
              37.7684224
            ],
            [
              -122.396062,
              37.768662400000004
            ],
            [
              -122.39630199999999,
              37.768662400000004
            ],
            [
              -122.39630199999999,
              37.7684224
            ]
          ]
        ]
      },
      "properties": {
        "source_id": "osm:way:1255820209",
        "name": "Parking area",
        "facility_type": "multi-storey",
        "operator": "",
        "access": "",
        "fee": "unknown",
        "charge": "",
        "capacity": "",
        "opening_hours": "",
        "website": "",
        "confidence": 0.35,
        "last_verified_source": "OpenStreetMap via Overpass",
        "raw_tags": {
          "amenity": "parking",
          "building": "yes",
          "parking": "multi-storey"
        },
        "geometry_note": "Approximate display polygon generated from point/center. Production should use parcel, building, lot footprint, or authoritative GIS polygon.",
        "source_name": "OpenStreetMap via Overpass",
        "source_url": "https://www.openstreetmap.org/",
        "api_url": "https://overpass-api.de/api/interpreter",
        "evidence_url": "https://www.openstreetmap.org/way/1255820209",
        "payment_url": null,
        "booking_url": null,
        "price_status": "unknown",
        "rule_status": "unknown",
        "enrichment_status": "needs_review",
        "existence_status": "candidate",
        "city": "San Francisco",
        "state": "CA",
        "geometry_quality": "osm_display_fallback",
        "provenance_note": "OpenStreetMap-derived candidate/probable parking zone; verify against official/operator sources before treating as authoritative."
      }
    },
    {
      "type": "Feature",
      "geometry": {
        "type": "Polygon",
        "coordinates": [
          [
            [
              -122.395625,
              37.7659917
            ],
            [
              -122.395385,
              37.7659917
            ],
            [
              -122.395385,
              37.766231700000006
            ],
            [
              -122.395625,
              37.766231700000006
            ],
            [
              -122.395625,
              37.7659917
            ]
          ]
        ]
      },
      "properties": {
        "source_id": "osm:way:1255820211",
        "name": "Parking area",
        "facility_type": "multi-storey",
        "operator": "",
        "access": "yes",
        "fee": "yes",
        "charge": "1.50 USD / 15 minute",
        "capacity": "",
        "opening_hours": "",
        "website": "",
        "confidence": 0.35,
        "last_verified_source": "OpenStreetMap via Overpass",
        "raw_tags": {
          "access": "yes",
          "amenity": "parking",
          "building": "parking",
          "charge": "1.50 USD / 15 minute",
          "fee": "yes",
          "parking": "multi-storey",
          "surface": "concrete"
        },
        "geometry_note": "Approximate display polygon generated from point/center. Production should use parcel, building, lot footprint, or authoritative GIS polygon.",
        "source_name": "OpenStreetMap via Overpass",
        "source_url": "https://www.openstreetmap.org/",
        "api_url": "https://overpass-api.de/api/interpreter",
        "evidence_url": "https://www.openstreetmap.org/way/1255820211",
        "payment_url": null,
        "booking_url": null,
        "price_status": "known_priced",
        "rule_status": "unknown",
        "enrichment_status": "needs_review",
        "existence_status": "candidate",
        "city": "San Francisco",
        "state": "CA",
        "geometry_quality": "osm_display_fallback",
        "provenance_note": "OpenStreetMap-derived candidate/probable parking zone; verify against official/operator sources before treating as authoritative."
      }
    },
    {
      "type": "Feature",
      "geometry": {
        "type": "Polygon",
        "coordinates": [
          [
            [
              -122.41695279999999,
              37.7687872
            ],
            [
              -122.4167128,
              37.7687872
            ],
            [
              -122.4167128,
              37.769027200000004
            ],
            [
              -122.41695279999999,
              37.769027200000004
            ],
            [
              -122.41695279999999,
              37.7687872
            ]
          ]
        ]
      },
      "properties": {
        "source_id": "osm:way:1257942017",
        "name": "Parking area",
        "facility_type": "parking",
        "operator": "",
        "access": "",
        "fee": "unknown",
        "charge": "",
        "capacity": "",
        "opening_hours": "",
        "website": "",
        "confidence": 0.35,
        "last_verified_source": "OpenStreetMap via Overpass",
        "raw_tags": {
          "amenity": "parking"
        },
        "geometry_note": "Approximate display polygon generated from point/center. Production should use parcel, building, lot footprint, or authoritative GIS polygon.",
        "source_name": "OpenStreetMap via Overpass",
        "source_url": "https://www.openstreetmap.org/",
        "api_url": "https://overpass-api.de/api/interpreter",
        "evidence_url": "https://www.openstreetmap.org/way/1257942017",
        "payment_url": null,
        "booking_url": null,
        "price_status": "unknown",
        "rule_status": "unknown",
        "enrichment_status": "needs_review",
        "existence_status": "candidate",
        "city": "San Francisco",
        "state": "CA",
        "geometry_quality": "osm_display_fallback",
        "provenance_note": "OpenStreetMap-derived candidate/probable parking zone; verify against official/operator sources before treating as authoritative."
      }
    },
    {
      "type": "Feature",
      "geometry": {
        "type": "Polygon",
        "coordinates": [
          [
            [
              -122.4163798,
              37.7686862
            ],
            [
              -122.41613980000001,
              37.7686862
            ],
            [
              -122.41613980000001,
              37.7689262
            ],
            [
              -122.4163798,
              37.7689262
            ],
            [
              -122.4163798,
              37.7686862
            ]
          ]
        ]
      },
      "properties": {
        "source_id": "osm:way:1257942018",
        "name": "Parking area",
        "facility_type": "parking",
        "operator": "",
        "access": "",
        "fee": "unknown",
        "charge": "",
        "capacity": "",
        "opening_hours": "",
        "website": "",
        "confidence": 0.35,
        "last_verified_source": "OpenStreetMap via Overpass",
        "raw_tags": {
          "amenity": "parking"
        },
        "geometry_note": "Approximate display polygon generated from point/center. Production should use parcel, building, lot footprint, or authoritative GIS polygon.",
        "source_name": "OpenStreetMap via Overpass",
        "source_url": "https://www.openstreetmap.org/",
        "api_url": "https://overpass-api.de/api/interpreter",
        "evidence_url": "https://www.openstreetmap.org/way/1257942018",
        "payment_url": null,
        "booking_url": null,
        "price_status": "unknown",
        "rule_status": "unknown",
        "enrichment_status": "needs_review",
        "existence_status": "candidate",
        "city": "San Francisco",
        "state": "CA",
        "geometry_quality": "osm_display_fallback",
        "provenance_note": "OpenStreetMap-derived candidate/probable parking zone; verify against official/operator sources before treating as authoritative."
      }
    },
    {
      "type": "Feature",
      "geometry": {
        "type": "Polygon",
        "coordinates": [
          [
            [
              -122.4160339,
              37.768561999999996
            ],
            [
              -122.41579390000001,
              37.768561999999996
            ],
            [
              -122.41579390000001,
              37.768802
            ],
            [
              -122.4160339,
              37.768802
            ],
            [
              -122.4160339,
              37.768561999999996
            ]
          ]
        ]
      },
      "properties": {
        "source_id": "osm:way:1257942019",
        "name": "Parking area",
        "facility_type": "parking",
        "operator": "",
        "access": "",
        "fee": "unknown",
        "charge": "",
        "capacity": "",
        "opening_hours": "",
        "website": "",
        "confidence": 0.35,
        "last_verified_source": "OpenStreetMap via Overpass",
        "raw_tags": {
          "amenity": "parking"
        },
        "geometry_note": "Approximate display polygon generated from point/center. Production should use parcel, building, lot footprint, or authoritative GIS polygon.",
        "source_name": "OpenStreetMap via Overpass",
        "source_url": "https://www.openstreetmap.org/",
        "api_url": "https://overpass-api.de/api/interpreter",
        "evidence_url": "https://www.openstreetmap.org/way/1257942019",
        "payment_url": null,
        "booking_url": null,
        "price_status": "unknown",
        "rule_status": "unknown",
        "enrichment_status": "needs_review",
        "existence_status": "candidate",
        "city": "San Francisco",
        "state": "CA",
        "geometry_quality": "osm_display_fallback",
        "provenance_note": "OpenStreetMap-derived candidate/probable parking zone; verify against official/operator sources before treating as authoritative."
      }
    },
    {
      "type": "Feature",
      "geometry": {
        "type": "Polygon",
        "coordinates": [
          [
            [
              -122.4096728,
              37.7835269
            ],
            [
              -122.4094328,
              37.7835269
            ],
            [
              -122.4094328,
              37.7837669
            ],
            [
              -122.4096728,
              37.7837669
            ],
            [
              -122.4096728,
              37.7835269
            ]
          ]
        ]
      },
      "properties": {
        "source_id": "osm:way:1258043771",
        "name": "Parking area",
        "facility_type": "parking",
        "operator": "",
        "access": "",
        "fee": "unknown",
        "charge": "",
        "capacity": "",
        "opening_hours": "",
        "website": "",
        "confidence": 0.35,
        "last_verified_source": "OpenStreetMap via Overpass",
        "raw_tags": {
          "amenity": "parking"
        },
        "geometry_note": "Approximate display polygon generated from point/center. Production should use parcel, building, lot footprint, or authoritative GIS polygon.",
        "source_name": "OpenStreetMap via Overpass",
        "source_url": "https://www.openstreetmap.org/",
        "api_url": "https://overpass-api.de/api/interpreter",
        "evidence_url": "https://www.openstreetmap.org/way/1258043771",
        "payment_url": null,
        "booking_url": null,
        "price_status": "unknown",
        "rule_status": "unknown",
        "enrichment_status": "needs_review",
        "existence_status": "candidate",
        "city": "San Francisco",
        "state": "CA",
        "geometry_quality": "osm_display_fallback",
        "provenance_note": "OpenStreetMap-derived candidate/probable parking zone; verify against official/operator sources before treating as authoritative."
      }
    },
    {
      "type": "Feature",
      "geometry": {
        "type": "Polygon",
        "coordinates": [
          [
            [
              -122.4106522,
              37.7835477
            ],
            [
              -122.41041220000001,
              37.7835477
            ],
            [
              -122.41041220000001,
              37.783787700000005
            ],
            [
              -122.4106522,
              37.783787700000005
            ],
            [
              -122.4106522,
              37.7835477
            ]
          ]
        ]
      },
      "properties": {
        "source_id": "osm:way:1258508929",
        "name": "Parking area",
        "facility_type": "parking",
        "operator": "",
        "access": "",
        "fee": "unknown",
        "charge": "",
        "capacity": "",
        "opening_hours": "",
        "website": "",
        "confidence": 0.35,
        "last_verified_source": "OpenStreetMap via Overpass",
        "raw_tags": {
          "amenity": "parking"
        },
        "geometry_note": "Approximate display polygon generated from point/center. Production should use parcel, building, lot footprint, or authoritative GIS polygon.",
        "source_name": "OpenStreetMap via Overpass",
        "source_url": "https://www.openstreetmap.org/",
        "api_url": "https://overpass-api.de/api/interpreter",
        "evidence_url": "https://www.openstreetmap.org/way/1258508929",
        "payment_url": null,
        "booking_url": null,
        "price_status": "unknown",
        "rule_status": "unknown",
        "enrichment_status": "needs_review",
        "existence_status": "candidate",
        "city": "San Francisco",
        "state": "CA",
        "geometry_quality": "osm_display_fallback",
        "provenance_note": "OpenStreetMap-derived candidate/probable parking zone; verify against official/operator sources before treating as authoritative."
      }
    },
    {
      "type": "Feature",
      "geometry": {
        "type": "Polygon",
        "coordinates": [
          [
            [
              -122.4102794,
              37.7838487
            ],
            [
              -122.4100394,
              37.7838487
            ],
            [
              -122.4100394,
              37.784088700000005
            ],
            [
              -122.4102794,
              37.784088700000005
            ],
            [
              -122.4102794,
              37.7838487
            ]
          ]
        ]
      },
      "properties": {
        "source_id": "osm:way:1258508932",
        "name": "Parking area",
        "facility_type": "parking",
        "operator": "",
        "access": "",
        "fee": "unknown",
        "charge": "",
        "capacity": "",
        "opening_hours": "",
        "website": "",
        "confidence": 0.35,
        "last_verified_source": "OpenStreetMap via Overpass",
        "raw_tags": {
          "amenity": "parking"
        },
        "geometry_note": "Approximate display polygon generated from point/center. Production should use parcel, building, lot footprint, or authoritative GIS polygon.",
        "source_name": "OpenStreetMap via Overpass",
        "source_url": "https://www.openstreetmap.org/",
        "api_url": "https://overpass-api.de/api/interpreter",
        "evidence_url": "https://www.openstreetmap.org/way/1258508932",
        "payment_url": null,
        "booking_url": null,
        "price_status": "unknown",
        "rule_status": "unknown",
        "enrichment_status": "needs_review",
        "existence_status": "candidate",
        "city": "San Francisco",
        "state": "CA",
        "geometry_quality": "osm_display_fallback",
        "provenance_note": "OpenStreetMap-derived candidate/probable parking zone; verify against official/operator sources before treating as authoritative."
      }
    },
    {
      "type": "Feature",
      "geometry": {
        "type": "Polygon",
        "coordinates": [
          [
            [
              -122.41207519999999,
              37.7832436
            ],
            [
              -122.4118352,
              37.7832436
            ],
            [
              -122.4118352,
              37.783483600000004
            ],
            [
              -122.41207519999999,
              37.783483600000004
            ],
            [
              -122.41207519999999,
              37.7832436
            ]
          ]
        ]
      },
      "properties": {
        "source_id": "osm:way:1258508935",
        "name": "Parking area",
        "facility_type": "parking",
        "operator": "",
        "access": "",
        "fee": "unknown",
        "charge": "",
        "capacity": "",
        "opening_hours": "",
        "website": "",
        "confidence": 0.35,
        "last_verified_source": "OpenStreetMap via Overpass",
        "raw_tags": {
          "amenity": "parking"
        },
        "geometry_note": "Approximate display polygon generated from point/center. Production should use parcel, building, lot footprint, or authoritative GIS polygon.",
        "source_name": "OpenStreetMap via Overpass",
        "source_url": "https://www.openstreetmap.org/",
        "api_url": "https://overpass-api.de/api/interpreter",
        "evidence_url": "https://www.openstreetmap.org/way/1258508935",
        "payment_url": null,
        "booking_url": null,
        "price_status": "unknown",
        "rule_status": "unknown",
        "enrichment_status": "needs_review",
        "existence_status": "candidate",
        "city": "San Francisco",
        "state": "CA",
        "geometry_quality": "osm_display_fallback",
        "provenance_note": "OpenStreetMap-derived candidate/probable parking zone; verify against official/operator sources before treating as authoritative."
      }
    },
    {
      "type": "Feature",
      "geometry": {
        "type": "Polygon",
        "coordinates": [
          [
            [
              -122.41135949999999,
              37.7827637
            ],
            [
              -122.4111195,
              37.7827637
            ],
            [
              -122.4111195,
              37.7830037
            ],
            [
              -122.41135949999999,
              37.7830037
            ],
            [
              -122.41135949999999,
              37.7827637
            ]
          ]
        ]
      },
      "properties": {
        "source_id": "osm:way:1258513963",
        "name": "Parking area",
        "facility_type": "parking",
        "operator": "",
        "access": "",
        "fee": "unknown",
        "charge": "",
        "capacity": "",
        "opening_hours": "",
        "website": "",
        "confidence": 0.35,
        "last_verified_source": "OpenStreetMap via Overpass",
        "raw_tags": {
          "amenity": "parking"
        },
        "geometry_note": "Approximate display polygon generated from point/center. Production should use parcel, building, lot footprint, or authoritative GIS polygon.",
        "source_name": "OpenStreetMap via Overpass",
        "source_url": "https://www.openstreetmap.org/",
        "api_url": "https://overpass-api.de/api/interpreter",
        "evidence_url": "https://www.openstreetmap.org/way/1258513963",
        "payment_url": null,
        "booking_url": null,
        "price_status": "unknown",
        "rule_status": "unknown",
        "enrichment_status": "needs_review",
        "existence_status": "candidate",
        "city": "San Francisco",
        "state": "CA",
        "geometry_quality": "osm_display_fallback",
        "provenance_note": "OpenStreetMap-derived candidate/probable parking zone; verify against official/operator sources before treating as authoritative."
      }
    },
    {
      "type": "Feature",
      "geometry": {
        "type": "Polygon",
        "coordinates": [
          [
            [
              -122.4119731,
              37.7851247
            ],
            [
              -122.4117331,
              37.7851247
            ],
            [
              -122.4117331,
              37.7853647
            ],
            [
              -122.4119731,
              37.7853647
            ],
            [
              -122.4119731,
              37.7851247
            ]
          ]
        ]
      },
      "properties": {
        "source_id": "osm:way:1259119305",
        "name": "Parking area",
        "facility_type": "parking",
        "operator": "",
        "access": "private",
        "fee": "unknown",
        "charge": "",
        "capacity": "",
        "opening_hours": "",
        "website": "",
        "confidence": 0.35,
        "last_verified_source": "OpenStreetMap via Overpass",
        "raw_tags": {
          "access": "private",
          "amenity": "parking"
        },
        "geometry_note": "Approximate display polygon generated from point/center. Production should use parcel, building, lot footprint, or authoritative GIS polygon.",
        "source_name": "OpenStreetMap via Overpass",
        "source_url": "https://www.openstreetmap.org/",
        "api_url": "https://overpass-api.de/api/interpreter",
        "evidence_url": "https://www.openstreetmap.org/way/1259119305",
        "payment_url": null,
        "booking_url": null,
        "price_status": "unknown",
        "rule_status": "unknown",
        "enrichment_status": "needs_review",
        "existence_status": "candidate",
        "city": "San Francisco",
        "state": "CA",
        "geometry_quality": "osm_display_fallback",
        "provenance_note": "OpenStreetMap-derived candidate/probable parking zone; verify against official/operator sources before treating as authoritative."
      }
    },
    {
      "type": "Feature",
      "geometry": {
        "type": "Polygon",
        "coordinates": [
          [
            [
              -122.4149547,
              37.7838213
            ],
            [
              -122.4147147,
              37.7838213
            ],
            [
              -122.4147147,
              37.784061300000005
            ],
            [
              -122.4149547,
              37.784061300000005
            ],
            [
              -122.4149547,
              37.7838213
            ]
          ]
        ]
      },
      "properties": {
        "source_id": "osm:way:1259171451",
        "name": "Parking area",
        "facility_type": "parking",
        "operator": "",
        "access": "private",
        "fee": "unknown",
        "charge": "",
        "capacity": "",
        "opening_hours": "",
        "website": "",
        "confidence": 0.35,
        "last_verified_source": "OpenStreetMap via Overpass",
        "raw_tags": {
          "access": "private",
          "amenity": "parking"
        },
        "geometry_note": "Approximate display polygon generated from point/center. Production should use parcel, building, lot footprint, or authoritative GIS polygon.",
        "source_name": "OpenStreetMap via Overpass",
        "source_url": "https://www.openstreetmap.org/",
        "api_url": "https://overpass-api.de/api/interpreter",
        "evidence_url": "https://www.openstreetmap.org/way/1259171451",
        "payment_url": null,
        "booking_url": null,
        "price_status": "unknown",
        "rule_status": "unknown",
        "enrichment_status": "needs_review",
        "existence_status": "candidate",
        "city": "San Francisco",
        "state": "CA",
        "geometry_quality": "osm_display_fallback",
        "provenance_note": "OpenStreetMap-derived candidate/probable parking zone; verify against official/operator sources before treating as authoritative."
      }
    },
    {
      "type": "Feature",
      "geometry": {
        "type": "Polygon",
        "coordinates": [
          [
            [
              -122.415123,
              37.7841867
            ],
            [
              -122.414883,
              37.7841867
            ],
            [
              -122.414883,
              37.784426700000004
            ],
            [
              -122.415123,
              37.784426700000004
            ],
            [
              -122.415123,
              37.7841867
            ]
          ]
        ]
      },
      "properties": {
        "source_id": "osm:way:1259171452",
        "name": "Parking area",
        "facility_type": "parking",
        "operator": "",
        "access": "private",
        "fee": "unknown",
        "charge": "",
        "capacity": "",
        "opening_hours": "",
        "website": "",
        "confidence": 0.35,
        "last_verified_source": "OpenStreetMap via Overpass",
        "raw_tags": {
          "access": "private",
          "amenity": "parking"
        },
        "geometry_note": "Approximate display polygon generated from point/center. Production should use parcel, building, lot footprint, or authoritative GIS polygon.",
        "source_name": "OpenStreetMap via Overpass",
        "source_url": "https://www.openstreetmap.org/",
        "api_url": "https://overpass-api.de/api/interpreter",
        "evidence_url": "https://www.openstreetmap.org/way/1259171452",
        "payment_url": null,
        "booking_url": null,
        "price_status": "unknown",
        "rule_status": "unknown",
        "enrichment_status": "needs_review",
        "existence_status": "candidate",
        "city": "San Francisco",
        "state": "CA",
        "geometry_quality": "osm_display_fallback",
        "provenance_note": "OpenStreetMap-derived candidate/probable parking zone; verify against official/operator sources before treating as authoritative."
      }
    },
    {
      "type": "Feature",
      "geometry": {
        "type": "Polygon",
        "coordinates": [
          [
            [
              -122.4098233,
              37.7883802
            ],
            [
              -122.40958330000001,
              37.7883802
            ],
            [
              -122.40958330000001,
              37.788620200000004
            ],
            [
              -122.4098233,
              37.788620200000004
            ],
            [
              -122.4098233,
              37.7883802
            ]
          ]
        ]
      },
      "properties": {
        "source_id": "osm:way:1261920374",
        "name": "ProPark",
        "facility_type": "multi-storey",
        "operator": "ProPark",
        "access": "",
        "fee": "unknown",
        "charge": "",
        "capacity": "",
        "opening_hours": "",
        "website": "",
        "confidence": 0.35,
        "last_verified_source": "OpenStreetMap via Overpass",
        "raw_tags": {
          "addr:city": "San Francisco",
          "addr:country": "US",
          "addr:housenumber": "490",
          "addr:street": "Post Street",
          "amenity": "parking",
          "building": "yes",
          "garage": "yes",
          "operator": "ProPark",
          "parking": "multi-storey",
          "source": "survey"
        },
        "geometry_note": "Approximate display polygon generated from point/center. Production should use parcel, building, lot footprint, or authoritative GIS polygon.",
        "source_name": "OpenStreetMap via Overpass",
        "source_url": "https://www.openstreetmap.org/",
        "api_url": "https://overpass-api.de/api/interpreter",
        "evidence_url": "https://www.openstreetmap.org/way/1261920374",
        "payment_url": null,
        "booking_url": null,
        "price_status": "unknown",
        "rule_status": "unknown",
        "enrichment_status": "needs_review",
        "existence_status": "probable",
        "city": "San Francisco",
        "state": "CA",
        "geometry_quality": "osm_display_fallback",
        "provenance_note": "OpenStreetMap-derived candidate/probable parking zone; verify against official/operator sources before treating as authoritative."
      }
    },
    {
      "type": "Feature",
      "geometry": {
        "type": "Polygon",
        "coordinates": [
          [
            [
              -122.4186869,
              37.782406599999995
            ],
            [
              -122.4184469,
              37.782406599999995
            ],
            [
              -122.4184469,
              37.7826466
            ],
            [
              -122.4186869,
              37.7826466
            ],
            [
              -122.4186869,
              37.782406599999995
            ]
          ]
        ]
      },
      "properties": {
        "source_id": "osm:way:1261923920",
        "name": "Parking area",
        "facility_type": "parking",
        "operator": "",
        "access": "",
        "fee": "unknown",
        "charge": "",
        "capacity": "",
        "opening_hours": "",
        "website": "",
        "confidence": 0.35,
        "last_verified_source": "OpenStreetMap via Overpass",
        "raw_tags": {
          "amenity": "parking"
        },
        "geometry_note": "Approximate display polygon generated from point/center. Production should use parcel, building, lot footprint, or authoritative GIS polygon.",
        "source_name": "OpenStreetMap via Overpass",
        "source_url": "https://www.openstreetmap.org/",
        "api_url": "https://overpass-api.de/api/interpreter",
        "evidence_url": "https://www.openstreetmap.org/way/1261923920",
        "payment_url": null,
        "booking_url": null,
        "price_status": "unknown",
        "rule_status": "unknown",
        "enrichment_status": "needs_review",
        "existence_status": "candidate",
        "city": "San Francisco",
        "state": "CA",
        "geometry_quality": "osm_display_fallback",
        "provenance_note": "OpenStreetMap-derived candidate/probable parking zone; verify against official/operator sources before treating as authoritative."
      }
    },
    {
      "type": "Feature",
      "geometry": {
        "type": "Polygon",
        "coordinates": [
          [
            [
              -122.41694129999999,
              37.784053699999994
            ],
            [
              -122.4167013,
              37.784053699999994
            ],
            [
              -122.4167013,
              37.7842937
            ],
            [
              -122.41694129999999,
              37.7842937
            ],
            [
              -122.41694129999999,
              37.784053699999994
            ]
          ]
        ]
      },
      "properties": {
        "source_id": "osm:way:1261935104",
        "name": "Parking area",
        "facility_type": "parking",
        "operator": "",
        "access": "",
        "fee": "unknown",
        "charge": "",
        "capacity": "",
        "opening_hours": "",
        "website": "",
        "confidence": 0.35,
        "last_verified_source": "OpenStreetMap via Overpass",
        "raw_tags": {
          "amenity": "parking"
        },
        "geometry_note": "Approximate display polygon generated from point/center. Production should use parcel, building, lot footprint, or authoritative GIS polygon.",
        "source_name": "OpenStreetMap via Overpass",
        "source_url": "https://www.openstreetmap.org/",
        "api_url": "https://overpass-api.de/api/interpreter",
        "evidence_url": "https://www.openstreetmap.org/way/1261935104",
        "payment_url": null,
        "booking_url": null,
        "price_status": "unknown",
        "rule_status": "unknown",
        "enrichment_status": "needs_review",
        "existence_status": "candidate",
        "city": "San Francisco",
        "state": "CA",
        "geometry_quality": "osm_display_fallback",
        "provenance_note": "OpenStreetMap-derived candidate/probable parking zone; verify against official/operator sources before treating as authoritative."
      }
    },
    {
      "type": "Feature",
      "geometry": {
        "type": "Polygon",
        "coordinates": [
          [
            [
              -122.4174017,
              37.7845412
            ],
            [
              -122.41716170000001,
              37.7845412
            ],
            [
              -122.41716170000001,
              37.784781200000005
            ],
            [
              -122.4174017,
              37.784781200000005
            ],
            [
              -122.4174017,
              37.7845412
            ]
          ]
        ]
      },
      "properties": {
        "source_id": "osm:way:1261939056",
        "name": "Parking area",
        "facility_type": "parking",
        "operator": "",
        "access": "private",
        "fee": "unknown",
        "charge": "",
        "capacity": "",
        "opening_hours": "",
        "website": "",
        "confidence": 0.35,
        "last_verified_source": "OpenStreetMap via Overpass",
        "raw_tags": {
          "access": "private",
          "amenity": "parking"
        },
        "geometry_note": "Approximate display polygon generated from point/center. Production should use parcel, building, lot footprint, or authoritative GIS polygon.",
        "source_name": "OpenStreetMap via Overpass",
        "source_url": "https://www.openstreetmap.org/",
        "api_url": "https://overpass-api.de/api/interpreter",
        "evidence_url": "https://www.openstreetmap.org/way/1261939056",
        "payment_url": null,
        "booking_url": null,
        "price_status": "unknown",
        "rule_status": "unknown",
        "enrichment_status": "needs_review",
        "existence_status": "candidate",
        "city": "San Francisco",
        "state": "CA",
        "geometry_quality": "osm_display_fallback",
        "provenance_note": "OpenStreetMap-derived candidate/probable parking zone; verify against official/operator sources before treating as authoritative."
      }
    },
    {
      "type": "Feature",
      "geometry": {
        "type": "Polygon",
        "coordinates": [
          [
            [
              -122.4114032,
              37.7874615
            ],
            [
              -122.4111632,
              37.7874615
            ],
            [
              -122.4111632,
              37.787701500000004
            ],
            [
              -122.4114032,
              37.787701500000004
            ],
            [
              -122.4114032,
              37.7874615
            ]
          ]
        ]
      },
      "properties": {
        "source_id": "osm:way:1261984860",
        "name": "Post Taylor Garage",
        "facility_type": "multi-storey",
        "operator": "Priority Parking",
        "access": "yes",
        "fee": "yes",
        "charge": "",
        "capacity": "",
        "opening_hours": "",
        "website": "",
        "confidence": 0.35,
        "last_verified_source": "OpenStreetMap via Overpass",
        "raw_tags": {
          "access": "yes",
          "amenity": "parking",
          "building": "yes",
          "fee": "yes",
          "name": "Post Taylor Garage",
          "operator": "Priority Parking",
          "parking": "multi-storey",
          "phone": "+1-415-777-4042",
          "public": "yes",
          "source": "survey"
        },
        "geometry_note": "Approximate display polygon generated from point/center. Production should use parcel, building, lot footprint, or authoritative GIS polygon.",
        "source_name": "OpenStreetMap via Overpass",
        "source_url": "https://www.openstreetmap.org/",
        "api_url": "https://overpass-api.de/api/interpreter",
        "evidence_url": "https://www.openstreetmap.org/way/1261984860",
        "payment_url": null,
        "booking_url": null,
        "price_status": "paid_unknown",
        "rule_status": "unknown",
        "enrichment_status": "needs_review",
        "existence_status": "probable",
        "city": "San Francisco",
        "state": "CA",
        "geometry_quality": "osm_display_fallback",
        "provenance_note": "OpenStreetMap-derived candidate/probable parking zone; verify against official/operator sources before treating as authoritative."
      }
    },
    {
      "type": "Feature",
      "geometry": {
        "type": "Polygon",
        "coordinates": [
          [
            [
              -122.41244739999999,
              37.787281799999995
            ],
            [
              -122.4122074,
              37.787281799999995
            ],
            [
              -122.4122074,
              37.7875218
            ],
            [
              -122.41244739999999,
              37.7875218
            ],
            [
              -122.41244739999999,
              37.787281799999995
            ]
          ]
        ]
      },
      "properties": {
        "source_id": "osm:way:1262010659",
        "name": "Parking area",
        "facility_type": "parking",
        "operator": "",
        "access": "private",
        "fee": "unknown",
        "charge": "",
        "capacity": "",
        "opening_hours": "",
        "website": "",
        "confidence": 0.35,
        "last_verified_source": "OpenStreetMap via Overpass",
        "raw_tags": {
          "access": "private",
          "amenity": "parking"
        },
        "geometry_note": "Approximate display polygon generated from point/center. Production should use parcel, building, lot footprint, or authoritative GIS polygon.",
        "source_name": "OpenStreetMap via Overpass",
        "source_url": "https://www.openstreetmap.org/",
        "api_url": "https://overpass-api.de/api/interpreter",
        "evidence_url": "https://www.openstreetmap.org/way/1262010659",
        "payment_url": null,
        "booking_url": null,
        "price_status": "unknown",
        "rule_status": "unknown",
        "enrichment_status": "needs_review",
        "existence_status": "candidate",
        "city": "San Francisco",
        "state": "CA",
        "geometry_quality": "osm_display_fallback",
        "provenance_note": "OpenStreetMap-derived candidate/probable parking zone; verify against official/operator sources before treating as authoritative."
      }
    },
    {
      "type": "Feature",
      "geometry": {
        "type": "Polygon",
        "coordinates": [
          [
            [
              -122.4124265,
              37.78718
            ],
            [
              -122.4121865,
              37.78718
            ],
            [
              -122.4121865,
              37.787420000000004
            ],
            [
              -122.4124265,
              37.787420000000004
            ],
            [
              -122.4124265,
              37.78718
            ]
          ]
        ]
      },
      "properties": {
        "source_id": "osm:way:1262010662",
        "name": "Parking area",
        "facility_type": "parking",
        "operator": "",
        "access": "private",
        "fee": "unknown",
        "charge": "",
        "capacity": "",
        "opening_hours": "",
        "website": "",
        "confidence": 0.35,
        "last_verified_source": "OpenStreetMap via Overpass",
        "raw_tags": {
          "access": "private",
          "amenity": "parking"
        },
        "geometry_note": "Approximate display polygon generated from point/center. Production should use parcel, building, lot footprint, or authoritative GIS polygon.",
        "source_name": "OpenStreetMap via Overpass",
        "source_url": "https://www.openstreetmap.org/",
        "api_url": "https://overpass-api.de/api/interpreter",
        "evidence_url": "https://www.openstreetmap.org/way/1262010662",
        "payment_url": null,
        "booking_url": null,
        "price_status": "unknown",
        "rule_status": "unknown",
        "enrichment_status": "needs_review",
        "existence_status": "candidate",
        "city": "San Francisco",
        "state": "CA",
        "geometry_quality": "osm_display_fallback",
        "provenance_note": "OpenStreetMap-derived candidate/probable parking zone; verify against official/operator sources before treating as authoritative."
      }
    },
    {
      "type": "Feature",
      "geometry": {
        "type": "Polygon",
        "coordinates": [
          [
            [
              -122.41562139999999,
              37.7865506
            ],
            [
              -122.4153814,
              37.7865506
            ],
            [
              -122.4153814,
              37.7867906
            ],
            [
              -122.41562139999999,
              37.7867906
            ],
            [
              -122.41562139999999,
              37.7865506
            ]
          ]
        ]
      },
      "properties": {
        "source_id": "osm:way:1262256941",
        "name": "Parking area",
        "facility_type": "parking",
        "operator": "",
        "access": "private",
        "fee": "unknown",
        "charge": "",
        "capacity": "",
        "opening_hours": "",
        "website": "",
        "confidence": 0.35,
        "last_verified_source": "OpenStreetMap via Overpass",
        "raw_tags": {
          "access": "private",
          "amenity": "parking"
        },
        "geometry_note": "Approximate display polygon generated from point/center. Production should use parcel, building, lot footprint, or authoritative GIS polygon.",
        "source_name": "OpenStreetMap via Overpass",
        "source_url": "https://www.openstreetmap.org/",
        "api_url": "https://overpass-api.de/api/interpreter",
        "evidence_url": "https://www.openstreetmap.org/way/1262256941",
        "payment_url": null,
        "booking_url": null,
        "price_status": "unknown",
        "rule_status": "unknown",
        "enrichment_status": "needs_review",
        "existence_status": "candidate",
        "city": "San Francisco",
        "state": "CA",
        "geometry_quality": "osm_display_fallback",
        "provenance_note": "OpenStreetMap-derived candidate/probable parking zone; verify against official/operator sources before treating as authoritative."
      }
    },
    {
      "type": "Feature",
      "geometry": {
        "type": "Polygon",
        "coordinates": [
          [
            [
              -122.41693989999999,
              37.786604399999995
            ],
            [
              -122.4166999,
              37.786604399999995
            ],
            [
              -122.4166999,
              37.7868444
            ],
            [
              -122.41693989999999,
              37.7868444
            ],
            [
              -122.41693989999999,
              37.786604399999995
            ]
          ]
        ]
      },
      "properties": {
        "source_id": "osm:way:1262258714",
        "name": "Parking area",
        "facility_type": "parking",
        "operator": "",
        "access": "private",
        "fee": "unknown",
        "charge": "",
        "capacity": "",
        "opening_hours": "",
        "website": "",
        "confidence": 0.35,
        "last_verified_source": "OpenStreetMap via Overpass",
        "raw_tags": {
          "access": "private",
          "amenity": "parking"
        },
        "geometry_note": "Approximate display polygon generated from point/center. Production should use parcel, building, lot footprint, or authoritative GIS polygon.",
        "source_name": "OpenStreetMap via Overpass",
        "source_url": "https://www.openstreetmap.org/",
        "api_url": "https://overpass-api.de/api/interpreter",
        "evidence_url": "https://www.openstreetmap.org/way/1262258714",
        "payment_url": null,
        "booking_url": null,
        "price_status": "unknown",
        "rule_status": "unknown",
        "enrichment_status": "needs_review",
        "existence_status": "candidate",
        "city": "San Francisco",
        "state": "CA",
        "geometry_quality": "osm_display_fallback",
        "provenance_note": "OpenStreetMap-derived candidate/probable parking zone; verify against official/operator sources before treating as authoritative."
      }
    },
    {
      "type": "Feature",
      "geometry": {
        "type": "Polygon",
        "coordinates": [
          [
            [
              -122.42201949999999,
              37.7823989
            ],
            [
              -122.4217795,
              37.7823989
            ],
            [
              -122.4217795,
              37.7826389
            ],
            [
              -122.42201949999999,
              37.7826389
            ],
            [
              -122.42201949999999,
              37.7823989
            ]
          ]
        ]
      },
      "properties": {
        "source_id": "osm:way:1262294734",
        "name": "Parking area",
        "facility_type": "multi-storey",
        "operator": "",
        "access": "private",
        "fee": "unknown",
        "charge": "",
        "capacity": "",
        "opening_hours": "",
        "website": "",
        "confidence": 0.35,
        "last_verified_source": "OpenStreetMap via Overpass",
        "raw_tags": {
          "access": "private",
          "amenity": "parking",
          "building": "yes",
          "building:levels": "2",
          "parking": "multi-storey"
        },
        "geometry_note": "Approximate display polygon generated from point/center. Production should use parcel, building, lot footprint, or authoritative GIS polygon.",
        "source_name": "OpenStreetMap via Overpass",
        "source_url": "https://www.openstreetmap.org/",
        "api_url": "https://overpass-api.de/api/interpreter",
        "evidence_url": "https://www.openstreetmap.org/way/1262294734",
        "payment_url": null,
        "booking_url": null,
        "price_status": "unknown",
        "rule_status": "unknown",
        "enrichment_status": "needs_review",
        "existence_status": "candidate",
        "city": "San Francisco",
        "state": "CA",
        "geometry_quality": "osm_display_fallback",
        "provenance_note": "OpenStreetMap-derived candidate/probable parking zone; verify against official/operator sources before treating as authoritative."
      }
    },
    {
      "type": "Feature",
      "geometry": {
        "type": "Polygon",
        "coordinates": [
          [
            [
              -122.42192949999999,
              37.7819721
            ],
            [
              -122.4216895,
              37.7819721
            ],
            [
              -122.4216895,
              37.7822121
            ],
            [
              -122.42192949999999,
              37.7822121
            ],
            [
              -122.42192949999999,
              37.7819721
            ]
          ]
        ]
      },
      "properties": {
        "source_id": "osm:way:1262294735",
        "name": "Parking area",
        "facility_type": "multi-storey",
        "operator": "",
        "access": "private",
        "fee": "unknown",
        "charge": "",
        "capacity": "",
        "opening_hours": "",
        "website": "",
        "confidence": 0.35,
        "last_verified_source": "OpenStreetMap via Overpass",
        "raw_tags": {
          "access": "private",
          "amenity": "parking",
          "building": "yes",
          "building:levels": "1",
          "parking": "multi-storey"
        },
        "geometry_note": "Approximate display polygon generated from point/center. Production should use parcel, building, lot footprint, or authoritative GIS polygon.",
        "source_name": "OpenStreetMap via Overpass",
        "source_url": "https://www.openstreetmap.org/",
        "api_url": "https://overpass-api.de/api/interpreter",
        "evidence_url": "https://www.openstreetmap.org/way/1262294735",
        "payment_url": null,
        "booking_url": null,
        "price_status": "unknown",
        "rule_status": "unknown",
        "enrichment_status": "needs_review",
        "existence_status": "candidate",
        "city": "San Francisco",
        "state": "CA",
        "geometry_quality": "osm_display_fallback",
        "provenance_note": "OpenStreetMap-derived candidate/probable parking zone; verify against official/operator sources before treating as authoritative."
      }
    },
    {
      "type": "Feature",
      "geometry": {
        "type": "Polygon",
        "coordinates": [
          [
            [
              -122.4062431,
              37.7909271
            ],
            [
              -122.4060031,
              37.7909271
            ],
            [
              -122.4060031,
              37.7911671
            ],
            [
              -122.4062431,
              37.7911671
            ],
            [
              -122.4062431,
              37.7909271
            ]
          ]
        ]
      },
      "properties": {
        "source_id": "osm:way:1262342635",
        "name": "Parking area",
        "facility_type": "parking",
        "operator": "",
        "access": "",
        "fee": "unknown",
        "charge": "",
        "capacity": "",
        "opening_hours": "",
        "website": "",
        "confidence": 0.35,
        "last_verified_source": "OpenStreetMap via Overpass",
        "raw_tags": {
          "amenity": "parking"
        },
        "geometry_note": "Approximate display polygon generated from point/center. Production should use parcel, building, lot footprint, or authoritative GIS polygon.",
        "source_name": "OpenStreetMap via Overpass",
        "source_url": "https://www.openstreetmap.org/",
        "api_url": "https://overpass-api.de/api/interpreter",
        "evidence_url": "https://www.openstreetmap.org/way/1262342635",
        "payment_url": null,
        "booking_url": null,
        "price_status": "unknown",
        "rule_status": "unknown",
        "enrichment_status": "needs_review",
        "existence_status": "candidate",
        "city": "San Francisco",
        "state": "CA",
        "geometry_quality": "osm_display_fallback",
        "provenance_note": "OpenStreetMap-derived candidate/probable parking zone; verify against official/operator sources before treating as authoritative."
      }
    },
    {
      "type": "Feature",
      "geometry": {
        "type": "Polygon",
        "coordinates": [
          [
            [
              -122.4088725,
              37.7933063
            ],
            [
              -122.40863250000001,
              37.7933063
            ],
            [
              -122.40863250000001,
              37.7935463
            ],
            [
              -122.4088725,
              37.7935463
            ],
            [
              -122.4088725,
              37.7933063
            ]
          ]
        ]
      },
      "properties": {
        "source_id": "osm:way:1262622365",
        "name": "Parking area",
        "facility_type": "parking",
        "operator": "",
        "access": "private",
        "fee": "unknown",
        "charge": "",
        "capacity": "",
        "opening_hours": "",
        "website": "",
        "confidence": 0.35,
        "last_verified_source": "OpenStreetMap via Overpass",
        "raw_tags": {
          "access": "private",
          "amenity": "parking"
        },
        "geometry_note": "Approximate display polygon generated from point/center. Production should use parcel, building, lot footprint, or authoritative GIS polygon.",
        "source_name": "OpenStreetMap via Overpass",
        "source_url": "https://www.openstreetmap.org/",
        "api_url": "https://overpass-api.de/api/interpreter",
        "evidence_url": "https://www.openstreetmap.org/way/1262622365",
        "payment_url": null,
        "booking_url": null,
        "price_status": "unknown",
        "rule_status": "unknown",
        "enrichment_status": "needs_review",
        "existence_status": "candidate",
        "city": "San Francisco",
        "state": "CA",
        "geometry_quality": "osm_display_fallback",
        "provenance_note": "OpenStreetMap-derived candidate/probable parking zone; verify against official/operator sources before treating as authoritative."
      }
    },
    {
      "type": "Feature",
      "geometry": {
        "type": "Polygon",
        "coordinates": [
          [
            [
              -122.40843149999999,
              37.7931719
            ],
            [
              -122.4081915,
              37.7931719
            ],
            [
              -122.4081915,
              37.7934119
            ],
            [
              -122.40843149999999,
              37.7934119
            ],
            [
              -122.40843149999999,
              37.7931719
            ]
          ]
        ]
      },
      "properties": {
        "source_id": "osm:way:1262622366",
        "name": "Parking area",
        "facility_type": "parking",
        "operator": "",
        "access": "private",
        "fee": "unknown",
        "charge": "",
        "capacity": "",
        "opening_hours": "",
        "website": "",
        "confidence": 0.35,
        "last_verified_source": "OpenStreetMap via Overpass",
        "raw_tags": {
          "access": "private",
          "amenity": "parking"
        },
        "geometry_note": "Approximate display polygon generated from point/center. Production should use parcel, building, lot footprint, or authoritative GIS polygon.",
        "source_name": "OpenStreetMap via Overpass",
        "source_url": "https://www.openstreetmap.org/",
        "api_url": "https://overpass-api.de/api/interpreter",
        "evidence_url": "https://www.openstreetmap.org/way/1262622366",
        "payment_url": null,
        "booking_url": null,
        "price_status": "unknown",
        "rule_status": "unknown",
        "enrichment_status": "needs_review",
        "existence_status": "candidate",
        "city": "San Francisco",
        "state": "CA",
        "geometry_quality": "osm_display_fallback",
        "provenance_note": "OpenStreetMap-derived candidate/probable parking zone; verify against official/operator sources before treating as authoritative."
      }
    },
    {
      "type": "Feature",
      "geometry": {
        "type": "Polygon",
        "coordinates": [
          [
            [
              -122.4070845,
              37.792399499999995
            ],
            [
              -122.4068445,
              37.792399499999995
            ],
            [
              -122.4068445,
              37.7926395
            ],
            [
              -122.4070845,
              37.7926395
            ],
            [
              -122.4070845,
              37.792399499999995
            ]
          ]
        ]
      },
      "properties": {
        "source_id": "osm:way:1262626316",
        "name": "Parking area",
        "facility_type": "parking",
        "operator": "",
        "access": "",
        "fee": "unknown",
        "charge": "",
        "capacity": "",
        "opening_hours": "",
        "website": "",
        "confidence": 0.35,
        "last_verified_source": "OpenStreetMap via Overpass",
        "raw_tags": {
          "amenity": "parking"
        },
        "geometry_note": "Approximate display polygon generated from point/center. Production should use parcel, building, lot footprint, or authoritative GIS polygon.",
        "source_name": "OpenStreetMap via Overpass",
        "source_url": "https://www.openstreetmap.org/",
        "api_url": "https://overpass-api.de/api/interpreter",
        "evidence_url": "https://www.openstreetmap.org/way/1262626316",
        "payment_url": null,
        "booking_url": null,
        "price_status": "unknown",
        "rule_status": "unknown",
        "enrichment_status": "needs_review",
        "existence_status": "candidate",
        "city": "San Francisco",
        "state": "CA",
        "geometry_quality": "osm_display_fallback",
        "provenance_note": "OpenStreetMap-derived candidate/probable parking zone; verify against official/operator sources before treating as authoritative."
      }
    },
    {
      "type": "Feature",
      "geometry": {
        "type": "Polygon",
        "coordinates": [
          [
            [
              -122.40708939999999,
              37.792579499999995
            ],
            [
              -122.4068494,
              37.792579499999995
            ],
            [
              -122.4068494,
              37.7928195
            ],
            [
              -122.40708939999999,
              37.7928195
            ],
            [
              -122.40708939999999,
              37.792579499999995
            ]
          ]
        ]
      },
      "properties": {
        "source_id": "osm:way:1262626317",
        "name": "Parking area",
        "facility_type": "parking",
        "operator": "",
        "access": "",
        "fee": "unknown",
        "charge": "",
        "capacity": "",
        "opening_hours": "",
        "website": "",
        "confidence": 0.35,
        "last_verified_source": "OpenStreetMap via Overpass",
        "raw_tags": {
          "amenity": "parking"
        },
        "geometry_note": "Approximate display polygon generated from point/center. Production should use parcel, building, lot footprint, or authoritative GIS polygon.",
        "source_name": "OpenStreetMap via Overpass",
        "source_url": "https://www.openstreetmap.org/",
        "api_url": "https://overpass-api.de/api/interpreter",
        "evidence_url": "https://www.openstreetmap.org/way/1262626317",
        "payment_url": null,
        "booking_url": null,
        "price_status": "unknown",
        "rule_status": "unknown",
        "enrichment_status": "needs_review",
        "existence_status": "candidate",
        "city": "San Francisco",
        "state": "CA",
        "geometry_quality": "osm_display_fallback",
        "provenance_note": "OpenStreetMap-derived candidate/probable parking zone; verify against official/operator sources before treating as authoritative."
      }
    },
    {
      "type": "Feature",
      "geometry": {
        "type": "Polygon",
        "coordinates": [
          [
            [
              -122.4227454,
              37.789853099999995
            ],
            [
              -122.4225054,
              37.789853099999995
            ],
            [
              -122.4225054,
              37.7900931
            ],
            [
              -122.4227454,
              37.7900931
            ],
            [
              -122.4227454,
              37.789853099999995
            ]
          ]
        ]
      },
      "properties": {
        "source_id": "osm:way:1262642421",
        "name": "Parking area",
        "facility_type": "parking",
        "operator": "",
        "access": "private",
        "fee": "unknown",
        "charge": "",
        "capacity": "",
        "opening_hours": "",
        "website": "",
        "confidence": 0.35,
        "last_verified_source": "OpenStreetMap via Overpass",
        "raw_tags": {
          "access": "private",
          "amenity": "parking"
        },
        "geometry_note": "Approximate display polygon generated from point/center. Production should use parcel, building, lot footprint, or authoritative GIS polygon.",
        "source_name": "OpenStreetMap via Overpass",
        "source_url": "https://www.openstreetmap.org/",
        "api_url": "https://overpass-api.de/api/interpreter",
        "evidence_url": "https://www.openstreetmap.org/way/1262642421",
        "payment_url": null,
        "booking_url": null,
        "price_status": "unknown",
        "rule_status": "unknown",
        "enrichment_status": "needs_review",
        "existence_status": "candidate",
        "city": "San Francisco",
        "state": "CA",
        "geometry_quality": "osm_display_fallback",
        "provenance_note": "OpenStreetMap-derived candidate/probable parking zone; verify against official/operator sources before treating as authoritative."
      }
    },
    {
      "type": "Feature",
      "geometry": {
        "type": "Polygon",
        "coordinates": [
          [
            [
              -122.4034934,
              37.793453299999996
            ],
            [
              -122.40325340000001,
              37.793453299999996
            ],
            [
              -122.40325340000001,
              37.7936933
            ],
            [
              -122.4034934,
              37.7936933
            ],
            [
              -122.4034934,
              37.793453299999996
            ]
          ]
        ]
      },
      "properties": {
        "source_id": "osm:way:1279459275",
        "name": "Parking area",
        "facility_type": "parking",
        "operator": "",
        "access": "private",
        "fee": "unknown",
        "charge": "",
        "capacity": "",
        "opening_hours": "",
        "website": "",
        "confidence": 0.35,
        "last_verified_source": "OpenStreetMap via Overpass",
        "raw_tags": {
          "access": "private",
          "amenity": "parking"
        },
        "geometry_note": "Approximate display polygon generated from point/center. Production should use parcel, building, lot footprint, or authoritative GIS polygon.",
        "source_name": "OpenStreetMap via Overpass",
        "source_url": "https://www.openstreetmap.org/",
        "api_url": "https://overpass-api.de/api/interpreter",
        "evidence_url": "https://www.openstreetmap.org/way/1279459275",
        "payment_url": null,
        "booking_url": null,
        "price_status": "unknown",
        "rule_status": "unknown",
        "enrichment_status": "needs_review",
        "existence_status": "candidate",
        "city": "San Francisco",
        "state": "CA",
        "geometry_quality": "osm_display_fallback",
        "provenance_note": "OpenStreetMap-derived candidate/probable parking zone; verify against official/operator sources before treating as authoritative."
      }
    },
    {
      "type": "Feature",
      "geometry": {
        "type": "Polygon",
        "coordinates": [
          [
            [
              -122.3942695,
              37.7905583
            ],
            [
              -122.3940295,
              37.7905583
            ],
            [
              -122.3940295,
              37.790798300000006
            ],
            [
              -122.3942695,
              37.790798300000006
            ],
            [
              -122.3942695,
              37.7905583
            ]
          ]
        ]
      },
      "properties": {
        "source_id": "osm:way:1279483247",
        "name": "Parking area",
        "facility_type": "parking",
        "operator": "",
        "access": "",
        "fee": "unknown",
        "charge": "",
        "capacity": "",
        "opening_hours": "",
        "website": "",
        "confidence": 0.35,
        "last_verified_source": "OpenStreetMap via Overpass",
        "raw_tags": {
          "amenity": "parking"
        },
        "geometry_note": "Approximate display polygon generated from point/center. Production should use parcel, building, lot footprint, or authoritative GIS polygon.",
        "source_name": "OpenStreetMap via Overpass",
        "source_url": "https://www.openstreetmap.org/",
        "api_url": "https://overpass-api.de/api/interpreter",
        "evidence_url": "https://www.openstreetmap.org/way/1279483247",
        "payment_url": null,
        "booking_url": null,
        "price_status": "unknown",
        "rule_status": "unknown",
        "enrichment_status": "needs_review",
        "existence_status": "candidate",
        "city": "San Francisco",
        "state": "CA",
        "geometry_quality": "osm_display_fallback",
        "provenance_note": "OpenStreetMap-derived candidate/probable parking zone; verify against official/operator sources before treating as authoritative."
      }
    },
    {
      "type": "Feature",
      "geometry": {
        "type": "Polygon",
        "coordinates": [
          [
            [
              -122.396149,
              37.7921939
            ],
            [
              -122.395909,
              37.7921939
            ],
            [
              -122.395909,
              37.792433900000006
            ],
            [
              -122.396149,
              37.792433900000006
            ],
            [
              -122.396149,
              37.7921939
            ]
          ]
        ]
      },
      "properties": {
        "source_id": "osm:way:1279504248",
        "name": "Parking area",
        "facility_type": "multi-storey",
        "operator": "",
        "access": "private",
        "fee": "unknown",
        "charge": "",
        "capacity": "",
        "opening_hours": "",
        "website": "",
        "confidence": 0.35,
        "last_verified_source": "OpenStreetMap via Overpass",
        "raw_tags": {
          "access": "private",
          "amenity": "parking",
          "building": "yes",
          "building:levels": "2",
          "parking": "multi-storey",
          "roof:shape": "flat"
        },
        "geometry_note": "Approximate display polygon generated from point/center. Production should use parcel, building, lot footprint, or authoritative GIS polygon.",
        "source_name": "OpenStreetMap via Overpass",
        "source_url": "https://www.openstreetmap.org/",
        "api_url": "https://overpass-api.de/api/interpreter",
        "evidence_url": "https://www.openstreetmap.org/way/1279504248",
        "payment_url": null,
        "booking_url": null,
        "price_status": "unknown",
        "rule_status": "unknown",
        "enrichment_status": "needs_review",
        "existence_status": "candidate",
        "city": "San Francisco",
        "state": "CA",
        "geometry_quality": "osm_display_fallback",
        "provenance_note": "OpenStreetMap-derived candidate/probable parking zone; verify against official/operator sources before treating as authoritative."
      }
    },
    {
      "type": "Feature",
      "geometry": {
        "type": "Polygon",
        "coordinates": [
          [
            [
              -122.4000109,
              37.781701899999995
            ],
            [
              -122.39977090000001,
              37.781701899999995
            ],
            [
              -122.39977090000001,
              37.7819419
            ],
            [
              -122.4000109,
              37.7819419
            ],
            [
              -122.4000109,
              37.781701899999995
            ]
          ]
        ]
      },
      "properties": {
        "source_id": "osm:way:1279516437",
        "name": "Parking area",
        "facility_type": "parking",
        "operator": "",
        "access": "",
        "fee": "unknown",
        "charge": "",
        "capacity": "",
        "opening_hours": "",
        "website": "",
        "confidence": 0.35,
        "last_verified_source": "OpenStreetMap via Overpass",
        "raw_tags": {
          "amenity": "parking"
        },
        "geometry_note": "Approximate display polygon generated from point/center. Production should use parcel, building, lot footprint, or authoritative GIS polygon.",
        "source_name": "OpenStreetMap via Overpass",
        "source_url": "https://www.openstreetmap.org/",
        "api_url": "https://overpass-api.de/api/interpreter",
        "evidence_url": "https://www.openstreetmap.org/way/1279516437",
        "payment_url": null,
        "booking_url": null,
        "price_status": "unknown",
        "rule_status": "unknown",
        "enrichment_status": "needs_review",
        "existence_status": "candidate",
        "city": "San Francisco",
        "state": "CA",
        "geometry_quality": "osm_display_fallback",
        "provenance_note": "OpenStreetMap-derived candidate/probable parking zone; verify against official/operator sources before treating as authoritative."
      }
    },
    {
      "type": "Feature",
      "geometry": {
        "type": "Polygon",
        "coordinates": [
          [
            [
              -122.40320059999999,
              37.7818701
            ],
            [
              -122.4029606,
              37.7818701
            ],
            [
              -122.4029606,
              37.782110100000004
            ],
            [
              -122.40320059999999,
              37.782110100000004
            ],
            [
              -122.40320059999999,
              37.7818701
            ]
          ]
        ]
      },
      "properties": {
        "source_id": "osm:way:1282042035",
        "name": "Parking area",
        "facility_type": "surface",
        "operator": "",
        "access": "private",
        "fee": "unknown",
        "charge": "",
        "capacity": "13",
        "opening_hours": "",
        "website": "",
        "confidence": 0.35,
        "last_verified_source": "OpenStreetMap via Overpass",
        "raw_tags": {
          "access": "private",
          "amenity": "parking",
          "capacity": "13",
          "capacity:disabled": "2",
          "parking": "surface",
          "surface": "asphalt"
        },
        "geometry_note": "Approximate display polygon generated from point/center. Production should use parcel, building, lot footprint, or authoritative GIS polygon.",
        "source_name": "OpenStreetMap via Overpass",
        "source_url": "https://www.openstreetmap.org/",
        "api_url": "https://overpass-api.de/api/interpreter",
        "evidence_url": "https://www.openstreetmap.org/way/1282042035",
        "payment_url": null,
        "booking_url": null,
        "price_status": "unknown",
        "rule_status": "unknown",
        "enrichment_status": "needs_review",
        "existence_status": "candidate",
        "city": "San Francisco",
        "state": "CA",
        "geometry_quality": "osm_display_fallback",
        "provenance_note": "OpenStreetMap-derived candidate/probable parking zone; verify against official/operator sources before treating as authoritative."
      }
    },
    {
      "type": "Feature",
      "geometry": {
        "type": "Polygon",
        "coordinates": [
          [
            [
              -122.4025339,
              37.782401199999995
            ],
            [
              -122.4022939,
              37.782401199999995
            ],
            [
              -122.4022939,
              37.7826412
            ],
            [
              -122.4025339,
              37.7826412
            ],
            [
              -122.4025339,
              37.782401199999995
            ]
          ]
        ]
      },
      "properties": {
        "source_id": "osm:way:1282042038",
        "name": "Parking area",
        "facility_type": "surface",
        "operator": "",
        "access": "private",
        "fee": "unknown",
        "charge": "",
        "capacity": "",
        "opening_hours": "",
        "website": "",
        "confidence": 0.35,
        "last_verified_source": "OpenStreetMap via Overpass",
        "raw_tags": {
          "access": "private",
          "amenity": "parking",
          "parking": "surface",
          "surface": "asphalt"
        },
        "geometry_note": "Approximate display polygon generated from point/center. Production should use parcel, building, lot footprint, or authoritative GIS polygon.",
        "source_name": "OpenStreetMap via Overpass",
        "source_url": "https://www.openstreetmap.org/",
        "api_url": "https://overpass-api.de/api/interpreter",
        "evidence_url": "https://www.openstreetmap.org/way/1282042038",
        "payment_url": null,
        "booking_url": null,
        "price_status": "unknown",
        "rule_status": "unknown",
        "enrichment_status": "needs_review",
        "existence_status": "candidate",
        "city": "San Francisco",
        "state": "CA",
        "geometry_quality": "osm_display_fallback",
        "provenance_note": "OpenStreetMap-derived candidate/probable parking zone; verify against official/operator sources before treating as authoritative."
      }
    },
    {
      "type": "Feature",
      "geometry": {
        "type": "Polygon",
        "coordinates": [
          [
            [
              -122.3862047,
              37.785785999999995
            ],
            [
              -122.3859647,
              37.785785999999995
            ],
            [
              -122.3859647,
              37.786026
            ],
            [
              -122.3862047,
              37.786026
            ],
            [
              -122.3862047,
              37.785785999999995
            ]
          ]
        ]
      },
      "properties": {
        "source_id": "osm:way:1287222480",
        "name": "Parking area",
        "facility_type": "surface",
        "operator": "",
        "access": "",
        "fee": "unknown",
        "charge": "",
        "capacity": "",
        "opening_hours": "",
        "website": "",
        "confidence": 0.35,
        "last_verified_source": "OpenStreetMap via Overpass",
        "raw_tags": {
          "amenity": "parking",
          "parking": "surface",
          "surface": "asphalt"
        },
        "geometry_note": "Approximate display polygon generated from point/center. Production should use parcel, building, lot footprint, or authoritative GIS polygon.",
        "source_name": "OpenStreetMap via Overpass",
        "source_url": "https://www.openstreetmap.org/",
        "api_url": "https://overpass-api.de/api/interpreter",
        "evidence_url": "https://www.openstreetmap.org/way/1287222480",
        "payment_url": null,
        "booking_url": null,
        "price_status": "unknown",
        "rule_status": "unknown",
        "enrichment_status": "needs_review",
        "existence_status": "candidate",
        "city": "San Francisco",
        "state": "CA",
        "geometry_quality": "osm_display_fallback",
        "provenance_note": "OpenStreetMap-derived candidate/probable parking zone; verify against official/operator sources before treating as authoritative."
      }
    },
    {
      "type": "Feature",
      "geometry": {
        "type": "Polygon",
        "coordinates": [
          [
            [
              -122.3916193,
              37.7912213
            ],
            [
              -122.39137930000001,
              37.7912213
            ],
            [
              -122.39137930000001,
              37.7914613
            ],
            [
              -122.3916193,
              37.7914613
            ],
            [
              -122.3916193,
              37.7912213
            ]
          ]
        ]
      },
      "properties": {
        "source_id": "osm:way:1287232117",
        "name": "201 Spear Upper Lot",
        "facility_type": "surface",
        "operator": "ABM Parking Services",
        "access": "yes",
        "fee": "yes",
        "charge": "",
        "capacity": "",
        "opening_hours": "",
        "website": "",
        "confidence": 0.35,
        "last_verified_source": "OpenStreetMap via Overpass",
        "raw_tags": {
          "access": "yes",
          "addr:housenumber": "298",
          "addr:street": "Steuart Lane",
          "amenity": "parking",
          "fee": "yes",
          "name": "201 Spear Upper Lot",
          "operator": "ABM Parking Services",
          "operator:type": "private",
          "parking": "surface",
          "surface": "asphalt"
        },
        "geometry_note": "Approximate display polygon generated from point/center. Production should use parcel, building, lot footprint, or authoritative GIS polygon.",
        "source_name": "OpenStreetMap via Overpass",
        "source_url": "https://www.openstreetmap.org/",
        "api_url": "https://overpass-api.de/api/interpreter",
        "evidence_url": "https://www.openstreetmap.org/way/1287232117",
        "payment_url": null,
        "booking_url": null,
        "price_status": "paid_unknown",
        "rule_status": "unknown",
        "enrichment_status": "needs_review",
        "existence_status": "probable",
        "city": "San Francisco",
        "state": "CA",
        "geometry_quality": "osm_display_fallback",
        "provenance_note": "OpenStreetMap-derived candidate/probable parking zone; verify against official/operator sources before treating as authoritative."
      }
    },
    {
      "type": "Feature",
      "geometry": {
        "type": "Polygon",
        "coordinates": [
          [
            [
              -122.41110549999999,
              37.7780042
            ],
            [
              -122.4108655,
              37.7780042
            ],
            [
              -122.4108655,
              37.7782442
            ],
            [
              -122.41110549999999,
              37.7782442
            ],
            [
              -122.41110549999999,
              37.7780042
            ]
          ]
        ]
      },
      "properties": {
        "source_id": "osm:way:1288536980",
        "name": "Parking area",
        "facility_type": "parking",
        "operator": "",
        "access": "",
        "fee": "unknown",
        "charge": "",
        "capacity": "",
        "opening_hours": "",
        "website": "",
        "confidence": 0.35,
        "last_verified_source": "OpenStreetMap via Overpass",
        "raw_tags": {
          "amenity": "parking"
        },
        "geometry_note": "Approximate display polygon generated from point/center. Production should use parcel, building, lot footprint, or authoritative GIS polygon.",
        "source_name": "OpenStreetMap via Overpass",
        "source_url": "https://www.openstreetmap.org/",
        "api_url": "https://overpass-api.de/api/interpreter",
        "evidence_url": "https://www.openstreetmap.org/way/1288536980",
        "payment_url": null,
        "booking_url": null,
        "price_status": "unknown",
        "rule_status": "unknown",
        "enrichment_status": "needs_review",
        "existence_status": "candidate",
        "city": "San Francisco",
        "state": "CA",
        "geometry_quality": "osm_display_fallback",
        "provenance_note": "OpenStreetMap-derived candidate/probable parking zone; verify against official/operator sources before treating as authoritative."
      }
    },
    {
      "type": "Feature",
      "geometry": {
        "type": "Polygon",
        "coordinates": [
          [
            [
              -122.4116152,
              37.7780614
            ],
            [
              -122.41137520000001,
              37.7780614
            ],
            [
              -122.41137520000001,
              37.778301400000004
            ],
            [
              -122.4116152,
              37.778301400000004
            ],
            [
              -122.4116152,
              37.7780614
            ]
          ]
        ]
      },
      "properties": {
        "source_id": "osm:way:1288536986",
        "name": "Parking area",
        "facility_type": "parking",
        "operator": "",
        "access": "",
        "fee": "unknown",
        "charge": "",
        "capacity": "",
        "opening_hours": "",
        "website": "",
        "confidence": 0.35,
        "last_verified_source": "OpenStreetMap via Overpass",
        "raw_tags": {
          "amenity": "parking"
        },
        "geometry_note": "Approximate display polygon generated from point/center. Production should use parcel, building, lot footprint, or authoritative GIS polygon.",
        "source_name": "OpenStreetMap via Overpass",
        "source_url": "https://www.openstreetmap.org/",
        "api_url": "https://overpass-api.de/api/interpreter",
        "evidence_url": "https://www.openstreetmap.org/way/1288536986",
        "payment_url": null,
        "booking_url": null,
        "price_status": "unknown",
        "rule_status": "unknown",
        "enrichment_status": "needs_review",
        "existence_status": "candidate",
        "city": "San Francisco",
        "state": "CA",
        "geometry_quality": "osm_display_fallback",
        "provenance_note": "OpenStreetMap-derived candidate/probable parking zone; verify against official/operator sources before treating as authoritative."
      }
    },
    {
      "type": "Feature",
      "geometry": {
        "type": "Polygon",
        "coordinates": [
          [
            [
              -122.4114999,
              37.778108599999996
            ],
            [
              -122.4112599,
              37.778108599999996
            ],
            [
              -122.4112599,
              37.7783486
            ],
            [
              -122.4114999,
              37.7783486
            ],
            [
              -122.4114999,
              37.778108599999996
            ]
          ]
        ]
      },
      "properties": {
        "source_id": "osm:way:1288536987",
        "name": "Parking area",
        "facility_type": "parking",
        "operator": "",
        "access": "",
        "fee": "unknown",
        "charge": "",
        "capacity": "",
        "opening_hours": "",
        "website": "",
        "confidence": 0.35,
        "last_verified_source": "OpenStreetMap via Overpass",
        "raw_tags": {
          "amenity": "parking"
        },
        "geometry_note": "Approximate display polygon generated from point/center. Production should use parcel, building, lot footprint, or authoritative GIS polygon.",
        "source_name": "OpenStreetMap via Overpass",
        "source_url": "https://www.openstreetmap.org/",
        "api_url": "https://overpass-api.de/api/interpreter",
        "evidence_url": "https://www.openstreetmap.org/way/1288536987",
        "payment_url": null,
        "booking_url": null,
        "price_status": "unknown",
        "rule_status": "unknown",
        "enrichment_status": "needs_review",
        "existence_status": "candidate",
        "city": "San Francisco",
        "state": "CA",
        "geometry_quality": "osm_display_fallback",
        "provenance_note": "OpenStreetMap-derived candidate/probable parking zone; verify against official/operator sources before treating as authoritative."
      }
    },
    {
      "type": "Feature",
      "geometry": {
        "type": "Polygon",
        "coordinates": [
          [
            [
              -122.40911659999999,
              37.7768752
            ],
            [
              -122.4088766,
              37.7768752
            ],
            [
              -122.4088766,
              37.777115200000004
            ],
            [
              -122.40911659999999,
              37.777115200000004
            ],
            [
              -122.40911659999999,
              37.7768752
            ]
          ]
        ]
      },
      "properties": {
        "source_id": "osm:way:1288538348",
        "name": "Parking area",
        "facility_type": "parking",
        "operator": "",
        "access": "",
        "fee": "unknown",
        "charge": "",
        "capacity": "",
        "opening_hours": "",
        "website": "",
        "confidence": 0.35,
        "last_verified_source": "OpenStreetMap via Overpass",
        "raw_tags": {
          "amenity": "parking"
        },
        "geometry_note": "Approximate display polygon generated from point/center. Production should use parcel, building, lot footprint, or authoritative GIS polygon.",
        "source_name": "OpenStreetMap via Overpass",
        "source_url": "https://www.openstreetmap.org/",
        "api_url": "https://overpass-api.de/api/interpreter",
        "evidence_url": "https://www.openstreetmap.org/way/1288538348",
        "payment_url": null,
        "booking_url": null,
        "price_status": "unknown",
        "rule_status": "unknown",
        "enrichment_status": "needs_review",
        "existence_status": "candidate",
        "city": "San Francisco",
        "state": "CA",
        "geometry_quality": "osm_display_fallback",
        "provenance_note": "OpenStreetMap-derived candidate/probable parking zone; verify against official/operator sources before treating as authoritative."
      }
    },
    {
      "type": "Feature",
      "geometry": {
        "type": "Polygon",
        "coordinates": [
          [
            [
              -122.4111082,
              37.7760135
            ],
            [
              -122.41086820000001,
              37.7760135
            ],
            [
              -122.41086820000001,
              37.7762535
            ],
            [
              -122.4111082,
              37.7762535
            ],
            [
              -122.4111082,
              37.7760135
            ]
          ]
        ]
      },
      "properties": {
        "source_id": "osm:way:1288538350",
        "name": "Parking area",
        "facility_type": "surface",
        "operator": "",
        "access": "",
        "fee": "unknown",
        "charge": "",
        "capacity": "",
        "opening_hours": "",
        "website": "",
        "confidence": 0.35,
        "last_verified_source": "OpenStreetMap via Overpass",
        "raw_tags": {
          "amenity": "parking",
          "parking": "surface"
        },
        "geometry_note": "Approximate display polygon generated from point/center. Production should use parcel, building, lot footprint, or authoritative GIS polygon.",
        "source_name": "OpenStreetMap via Overpass",
        "source_url": "https://www.openstreetmap.org/",
        "api_url": "https://overpass-api.de/api/interpreter",
        "evidence_url": "https://www.openstreetmap.org/way/1288538350",
        "payment_url": null,
        "booking_url": null,
        "price_status": "unknown",
        "rule_status": "unknown",
        "enrichment_status": "needs_review",
        "existence_status": "candidate",
        "city": "San Francisco",
        "state": "CA",
        "geometry_quality": "osm_display_fallback",
        "provenance_note": "OpenStreetMap-derived candidate/probable parking zone; verify against official/operator sources before treating as authoritative."
      }
    },
    {
      "type": "Feature",
      "geometry": {
        "type": "Polygon",
        "coordinates": [
          [
            [
              -122.41023399999999,
              37.7754972
            ],
            [
              -122.409994,
              37.7754972
            ],
            [
              -122.409994,
              37.7757372
            ],
            [
              -122.41023399999999,
              37.7757372
            ],
            [
              -122.41023399999999,
              37.7754972
            ]
          ]
        ]
      },
      "properties": {
        "source_id": "osm:way:1288538351",
        "name": "Parking area",
        "facility_type": "surface",
        "operator": "",
        "access": "",
        "fee": "unknown",
        "charge": "",
        "capacity": "",
        "opening_hours": "",
        "website": "",
        "confidence": 0.35,
        "last_verified_source": "OpenStreetMap via Overpass",
        "raw_tags": {
          "amenity": "parking",
          "parking": "surface"
        },
        "geometry_note": "Approximate display polygon generated from point/center. Production should use parcel, building, lot footprint, or authoritative GIS polygon.",
        "source_name": "OpenStreetMap via Overpass",
        "source_url": "https://www.openstreetmap.org/",
        "api_url": "https://overpass-api.de/api/interpreter",
        "evidence_url": "https://www.openstreetmap.org/way/1288538351",
        "payment_url": null,
        "booking_url": null,
        "price_status": "unknown",
        "rule_status": "unknown",
        "enrichment_status": "needs_review",
        "existence_status": "candidate",
        "city": "San Francisco",
        "state": "CA",
        "geometry_quality": "osm_display_fallback",
        "provenance_note": "OpenStreetMap-derived candidate/probable parking zone; verify against official/operator sources before treating as authoritative."
      }
    },
    {
      "type": "Feature",
      "geometry": {
        "type": "Polygon",
        "coordinates": [
          [
            [
              -122.4112249,
              37.7647908
            ],
            [
              -122.4109849,
              37.7647908
            ],
            [
              -122.4109849,
              37.765030800000005
            ],
            [
              -122.4112249,
              37.765030800000005
            ],
            [
              -122.4112249,
              37.7647908
            ]
          ]
        ]
      },
      "properties": {
        "source_id": "osm:way:1311377591",
        "name": "Parking area",
        "facility_type": "surface",
        "operator": "",
        "access": "private",
        "fee": "unknown",
        "charge": "",
        "capacity": "",
        "opening_hours": "",
        "website": "",
        "confidence": 0.35,
        "last_verified_source": "OpenStreetMap via Overpass",
        "raw_tags": {
          "access": "private",
          "amenity": "parking",
          "parking": "surface",
          "surface": "asphalt"
        },
        "geometry_note": "Approximate display polygon generated from point/center. Production should use parcel, building, lot footprint, or authoritative GIS polygon.",
        "source_name": "OpenStreetMap via Overpass",
        "source_url": "https://www.openstreetmap.org/",
        "api_url": "https://overpass-api.de/api/interpreter",
        "evidence_url": "https://www.openstreetmap.org/way/1311377591",
        "payment_url": null,
        "booking_url": null,
        "price_status": "unknown",
        "rule_status": "unknown",
        "enrichment_status": "needs_review",
        "existence_status": "candidate",
        "city": "San Francisco",
        "state": "CA",
        "geometry_quality": "osm_display_fallback",
        "provenance_note": "OpenStreetMap-derived candidate/probable parking zone; verify against official/operator sources before treating as authoritative."
      }
    },
    {
      "type": "Feature",
      "geometry": {
        "type": "Polygon",
        "coordinates": [
          [
            [
              -122.40597679999999,
              37.781703699999994
            ],
            [
              -122.4057368,
              37.781703699999994
            ],
            [
              -122.4057368,
              37.7819437
            ],
            [
              -122.40597679999999,
              37.7819437
            ],
            [
              -122.40597679999999,
              37.781703699999994
            ]
          ]
        ]
      },
      "properties": {
        "source_id": "osm:way:1332487846",
        "name": "Parking area",
        "facility_type": "surface",
        "operator": "",
        "access": "private",
        "fee": "unknown",
        "charge": "",
        "capacity": "",
        "opening_hours": "",
        "website": "",
        "confidence": 0.35,
        "last_verified_source": "OpenStreetMap via Overpass",
        "raw_tags": {
          "access": "private",
          "amenity": "parking",
          "parking": "surface",
          "surface": "asphalt"
        },
        "geometry_note": "Approximate display polygon generated from point/center. Production should use parcel, building, lot footprint, or authoritative GIS polygon.",
        "source_name": "OpenStreetMap via Overpass",
        "source_url": "https://www.openstreetmap.org/",
        "api_url": "https://overpass-api.de/api/interpreter",
        "evidence_url": "https://www.openstreetmap.org/way/1332487846",
        "payment_url": null,
        "booking_url": null,
        "price_status": "unknown",
        "rule_status": "unknown",
        "enrichment_status": "needs_review",
        "existence_status": "candidate",
        "city": "San Francisco",
        "state": "CA",
        "geometry_quality": "osm_display_fallback",
        "provenance_note": "OpenStreetMap-derived candidate/probable parking zone; verify against official/operator sources before treating as authoritative."
      }
    },
    {
      "type": "Feature",
      "geometry": {
        "type": "Polygon",
        "coordinates": [
          [
            [
              -122.40806169999999,
              37.7768939
            ],
            [
              -122.4078217,
              37.7768939
            ],
            [
              -122.4078217,
              37.7771339
            ],
            [
              -122.40806169999999,
              37.7771339
            ],
            [
              -122.40806169999999,
              37.7768939
            ]
          ]
        ]
      },
      "properties": {
        "source_id": "osm:way:1332487848",
        "name": "Parking area",
        "facility_type": "surface",
        "operator": "",
        "access": "customers",
        "fee": "unknown",
        "charge": "",
        "capacity": "",
        "opening_hours": "",
        "website": "",
        "confidence": 0.35,
        "last_verified_source": "OpenStreetMap via Overpass",
        "raw_tags": {
          "access": "customers",
          "amenity": "parking",
          "parking": "surface",
          "surface": "asphalt"
        },
        "geometry_note": "Approximate display polygon generated from point/center. Production should use parcel, building, lot footprint, or authoritative GIS polygon.",
        "source_name": "OpenStreetMap via Overpass",
        "source_url": "https://www.openstreetmap.org/",
        "api_url": "https://overpass-api.de/api/interpreter",
        "evidence_url": "https://www.openstreetmap.org/way/1332487848",
        "payment_url": null,
        "booking_url": null,
        "price_status": "unknown",
        "rule_status": "unknown",
        "enrichment_status": "needs_review",
        "existence_status": "candidate",
        "city": "San Francisco",
        "state": "CA",
        "geometry_quality": "osm_display_fallback",
        "provenance_note": "OpenStreetMap-derived candidate/probable parking zone; verify against official/operator sources before treating as authoritative."
      }
    },
    {
      "type": "Feature",
      "geometry": {
        "type": "Polygon",
        "coordinates": [
          [
            [
              -122.3926616,
              37.7884374
            ],
            [
              -122.3924216,
              37.7884374
            ],
            [
              -122.3924216,
              37.788677400000005
            ],
            [
              -122.3926616,
              37.788677400000005
            ],
            [
              -122.3926616,
              37.7884374
            ]
          ]
        ]
      },
      "properties": {
        "source_id": "osm:way:1346617981",
        "name": "Parking area",
        "facility_type": "street_side",
        "operator": "",
        "access": "",
        "fee": "unknown",
        "charge": "",
        "capacity": "",
        "opening_hours": "",
        "website": "",
        "confidence": 0.35,
        "last_verified_source": "OpenStreetMap via Overpass",
        "raw_tags": {
          "amenity": "motorcycle_parking",
          "parking": "street_side"
        },
        "geometry_note": "Approximate display polygon generated from point/center. Production should use parcel, building, lot footprint, or authoritative GIS polygon.",
        "source_name": "OpenStreetMap via Overpass",
        "source_url": "https://www.openstreetmap.org/",
        "api_url": "https://overpass-api.de/api/interpreter",
        "evidence_url": "https://www.openstreetmap.org/way/1346617981",
        "payment_url": null,
        "booking_url": null,
        "price_status": "unknown",
        "rule_status": "unknown",
        "enrichment_status": "needs_review",
        "existence_status": "candidate",
        "city": "San Francisco",
        "state": "CA",
        "geometry_quality": "osm_display_fallback",
        "provenance_note": "OpenStreetMap-derived candidate/probable parking zone; verify against official/operator sources before treating as authoritative."
      }
    },
    {
      "type": "Feature",
      "geometry": {
        "type": "Polygon",
        "coordinates": [
          [
            [
              -122.4075429,
              37.7693618
            ],
            [
              -122.4073029,
              37.7693618
            ],
            [
              -122.4073029,
              37.769601800000004
            ],
            [
              -122.4075429,
              37.769601800000004
            ],
            [
              -122.4075429,
              37.7693618
            ]
          ]
        ]
      },
      "properties": {
        "source_id": "osm:way:1346657497",
        "name": "Parking area",
        "facility_type": "surface",
        "operator": "",
        "access": "private",
        "fee": "unknown",
        "charge": "",
        "capacity": "",
        "opening_hours": "",
        "website": "",
        "confidence": 0.35,
        "last_verified_source": "OpenStreetMap via Overpass",
        "raw_tags": {
          "access": "private",
          "amenity": "parking",
          "parking": "surface",
          "surface": "asphalt"
        },
        "geometry_note": "Approximate display polygon generated from point/center. Production should use parcel, building, lot footprint, or authoritative GIS polygon.",
        "source_name": "OpenStreetMap via Overpass",
        "source_url": "https://www.openstreetmap.org/",
        "api_url": "https://overpass-api.de/api/interpreter",
        "evidence_url": "https://www.openstreetmap.org/way/1346657497",
        "payment_url": null,
        "booking_url": null,
        "price_status": "unknown",
        "rule_status": "unknown",
        "enrichment_status": "needs_review",
        "existence_status": "candidate",
        "city": "San Francisco",
        "state": "CA",
        "geometry_quality": "osm_display_fallback",
        "provenance_note": "OpenStreetMap-derived candidate/probable parking zone; verify against official/operator sources before treating as authoritative."
      }
    },
    {
      "type": "Feature",
      "geometry": {
        "type": "Polygon",
        "coordinates": [
          [
            [
              -122.3879872,
              37.7756331
            ],
            [
              -122.3877472,
              37.7756331
            ],
            [
              -122.3877472,
              37.775873100000005
            ],
            [
              -122.3879872,
              37.775873100000005
            ],
            [
              -122.3879872,
              37.7756331
            ]
          ]
        ]
      },
      "properties": {
        "source_id": "osm:way:1350026460",
        "name": "Parking area",
        "facility_type": "surface",
        "operator": "",
        "access": "",
        "fee": "unknown",
        "charge": "",
        "capacity": "",
        "opening_hours": "",
        "website": "",
        "confidence": 0.35,
        "last_verified_source": "OpenStreetMap via Overpass",
        "raw_tags": {
          "amenity": "parking",
          "parking": "surface"
        },
        "geometry_note": "Approximate display polygon generated from point/center. Production should use parcel, building, lot footprint, or authoritative GIS polygon.",
        "source_name": "OpenStreetMap via Overpass",
        "source_url": "https://www.openstreetmap.org/",
        "api_url": "https://overpass-api.de/api/interpreter",
        "evidence_url": "https://www.openstreetmap.org/way/1350026460",
        "payment_url": null,
        "booking_url": null,
        "price_status": "unknown",
        "rule_status": "unknown",
        "enrichment_status": "needs_review",
        "existence_status": "candidate",
        "city": "San Francisco",
        "state": "CA",
        "geometry_quality": "osm_display_fallback",
        "provenance_note": "OpenStreetMap-derived candidate/probable parking zone; verify against official/operator sources before treating as authoritative."
      }
    },
    {
      "type": "Feature",
      "geometry": {
        "type": "Polygon",
        "coordinates": [
          [
            [
              -122.40179549999999,
              37.797258899999996
            ],
            [
              -122.4015555,
              37.797258899999996
            ],
            [
              -122.4015555,
              37.7974989
            ],
            [
              -122.40179549999999,
              37.7974989
            ],
            [
              -122.40179549999999,
              37.797258899999996
            ]
          ]
        ]
      },
      "properties": {
        "source_id": "osm:way:1379147906",
        "name": "Parking area",
        "facility_type": "parking",
        "operator": "",
        "access": "",
        "fee": "unknown",
        "charge": "",
        "capacity": "",
        "opening_hours": "",
        "website": "",
        "confidence": 0.35,
        "last_verified_source": "OpenStreetMap via Overpass",
        "raw_tags": {
          "amenity": "parking"
        },
        "geometry_note": "Approximate display polygon generated from point/center. Production should use parcel, building, lot footprint, or authoritative GIS polygon.",
        "source_name": "OpenStreetMap via Overpass",
        "source_url": "https://www.openstreetmap.org/",
        "api_url": "https://overpass-api.de/api/interpreter",
        "evidence_url": "https://www.openstreetmap.org/way/1379147906",
        "payment_url": null,
        "booking_url": null,
        "price_status": "unknown",
        "rule_status": "unknown",
        "enrichment_status": "needs_review",
        "existence_status": "candidate",
        "city": "San Francisco",
        "state": "CA",
        "geometry_quality": "osm_display_fallback",
        "provenance_note": "OpenStreetMap-derived candidate/probable parking zone; verify against official/operator sources before treating as authoritative."
      }
    },
    {
      "type": "Feature",
      "geometry": {
        "type": "Polygon",
        "coordinates": [
          [
            [
              -122.408987,
              37.7951281
            ],
            [
              -122.408747,
              37.7951281
            ],
            [
              -122.408747,
              37.795368100000005
            ],
            [
              -122.408987,
              37.795368100000005
            ],
            [
              -122.408987,
              37.7951281
            ]
          ]
        ]
      },
      "properties": {
        "source_id": "osm:way:1395040476",
        "name": "Parking area",
        "facility_type": "parking",
        "operator": "",
        "access": "private",
        "fee": "unknown",
        "charge": "",
        "capacity": "",
        "opening_hours": "",
        "website": "",
        "confidence": 0.35,
        "last_verified_source": "OpenStreetMap via Overpass",
        "raw_tags": {
          "access": "private",
          "amenity": "parking"
        },
        "geometry_note": "Approximate display polygon generated from point/center. Production should use parcel, building, lot footprint, or authoritative GIS polygon.",
        "source_name": "OpenStreetMap via Overpass",
        "source_url": "https://www.openstreetmap.org/",
        "api_url": "https://overpass-api.de/api/interpreter",
        "evidence_url": "https://www.openstreetmap.org/way/1395040476",
        "payment_url": null,
        "booking_url": null,
        "price_status": "unknown",
        "rule_status": "unknown",
        "enrichment_status": "needs_review",
        "existence_status": "candidate",
        "city": "San Francisco",
        "state": "CA",
        "geometry_quality": "osm_display_fallback",
        "provenance_note": "OpenStreetMap-derived candidate/probable parking zone; verify against official/operator sources before treating as authoritative."
      }
    },
    {
      "type": "Feature",
      "geometry": {
        "type": "Polygon",
        "coordinates": [
          [
            [
              -122.4117661,
              37.8013458
            ],
            [
              -122.4115261,
              37.8013458
            ],
            [
              -122.4115261,
              37.801585800000005
            ],
            [
              -122.4117661,
              37.801585800000005
            ],
            [
              -122.4117661,
              37.8013458
            ]
          ]
        ]
      },
      "properties": {
        "source_id": "osm:way:1395041697",
        "name": "Parking area",
        "facility_type": "parking",
        "operator": "",
        "access": "",
        "fee": "unknown",
        "charge": "",
        "capacity": "",
        "opening_hours": "",
        "website": "",
        "confidence": 0.35,
        "last_verified_source": "OpenStreetMap via Overpass",
        "raw_tags": {
          "amenity": "parking"
        },
        "geometry_note": "Approximate display polygon generated from point/center. Production should use parcel, building, lot footprint, or authoritative GIS polygon.",
        "source_name": "OpenStreetMap via Overpass",
        "source_url": "https://www.openstreetmap.org/",
        "api_url": "https://overpass-api.de/api/interpreter",
        "evidence_url": "https://www.openstreetmap.org/way/1395041697",
        "payment_url": null,
        "booking_url": null,
        "price_status": "unknown",
        "rule_status": "unknown",
        "enrichment_status": "needs_review",
        "existence_status": "candidate",
        "city": "San Francisco",
        "state": "CA",
        "geometry_quality": "osm_display_fallback",
        "provenance_note": "OpenStreetMap-derived candidate/probable parking zone; verify against official/operator sources before treating as authoritative."
      }
    },
    {
      "type": "Feature",
      "geometry": {
        "type": "Polygon",
        "coordinates": [
          [
            [
              -122.41128529999999,
              37.8037278
            ],
            [
              -122.4110453,
              37.8037278
            ],
            [
              -122.4110453,
              37.8039678
            ],
            [
              -122.41128529999999,
              37.8039678
            ],
            [
              -122.41128529999999,
              37.8037278
            ]
          ]
        ]
      },
      "properties": {
        "source_id": "osm:way:1395041699",
        "name": "Parking area",
        "facility_type": "parking",
        "operator": "",
        "access": "",
        "fee": "unknown",
        "charge": "",
        "capacity": "",
        "opening_hours": "",
        "website": "",
        "confidence": 0.35,
        "last_verified_source": "OpenStreetMap via Overpass",
        "raw_tags": {
          "amenity": "parking"
        },
        "geometry_note": "Approximate display polygon generated from point/center. Production should use parcel, building, lot footprint, or authoritative GIS polygon.",
        "source_name": "OpenStreetMap via Overpass",
        "source_url": "https://www.openstreetmap.org/",
        "api_url": "https://overpass-api.de/api/interpreter",
        "evidence_url": "https://www.openstreetmap.org/way/1395041699",
        "payment_url": null,
        "booking_url": null,
        "price_status": "unknown",
        "rule_status": "unknown",
        "enrichment_status": "needs_review",
        "existence_status": "candidate",
        "city": "San Francisco",
        "state": "CA",
        "geometry_quality": "osm_display_fallback",
        "provenance_note": "OpenStreetMap-derived candidate/probable parking zone; verify against official/operator sources before treating as authoritative."
      }
    },
    {
      "type": "Feature",
      "geometry": {
        "type": "Polygon",
        "coordinates": [
          [
            [
              -122.4089918,
              37.7950446
            ],
            [
              -122.4087518,
              37.7950446
            ],
            [
              -122.4087518,
              37.7952846
            ],
            [
              -122.4089918,
              37.7952846
            ],
            [
              -122.4089918,
              37.7950446
            ]
          ]
        ]
      },
      "properties": {
        "source_id": "osm:way:1410119385",
        "name": "Parking area",
        "facility_type": "parking",
        "operator": "",
        "access": "private",
        "fee": "unknown",
        "charge": "",
        "capacity": "",
        "opening_hours": "",
        "website": "",
        "confidence": 0.35,
        "last_verified_source": "OpenStreetMap via Overpass",
        "raw_tags": {
          "access": "private",
          "amenity": "parking"
        },
        "geometry_note": "Approximate display polygon generated from point/center. Production should use parcel, building, lot footprint, or authoritative GIS polygon.",
        "source_name": "OpenStreetMap via Overpass",
        "source_url": "https://www.openstreetmap.org/",
        "api_url": "https://overpass-api.de/api/interpreter",
        "evidence_url": "https://www.openstreetmap.org/way/1410119385",
        "payment_url": null,
        "booking_url": null,
        "price_status": "unknown",
        "rule_status": "unknown",
        "enrichment_status": "needs_review",
        "existence_status": "candidate",
        "city": "San Francisco",
        "state": "CA",
        "geometry_quality": "osm_display_fallback",
        "provenance_note": "OpenStreetMap-derived candidate/probable parking zone; verify against official/operator sources before treating as authoritative."
      }
    },
    {
      "type": "Feature",
      "geometry": {
        "type": "Polygon",
        "coordinates": [
          [
            [
              -122.40090359999999,
              37.7683472
            ],
            [
              -122.4006636,
              37.7683472
            ],
            [
              -122.4006636,
              37.768587200000006
            ],
            [
              -122.40090359999999,
              37.768587200000006
            ],
            [
              -122.40090359999999,
              37.7683472
            ]
          ]
        ]
      },
      "properties": {
        "source_id": "osm:way:1416816159",
        "name": "Parking area",
        "facility_type": "surface",
        "operator": "",
        "access": "",
        "fee": "unknown",
        "charge": "",
        "capacity": "",
        "opening_hours": "",
        "website": "",
        "confidence": 0.35,
        "last_verified_source": "OpenStreetMap via Overpass",
        "raw_tags": {
          "amenity": "parking",
          "covered": "no",
          "parking": "surface",
          "surface": "asphalt"
        },
        "geometry_note": "Approximate display polygon generated from point/center. Production should use parcel, building, lot footprint, or authoritative GIS polygon.",
        "source_name": "OpenStreetMap via Overpass",
        "source_url": "https://www.openstreetmap.org/",
        "api_url": "https://overpass-api.de/api/interpreter",
        "evidence_url": "https://www.openstreetmap.org/way/1416816159",
        "payment_url": null,
        "booking_url": null,
        "price_status": "unknown",
        "rule_status": "unknown",
        "enrichment_status": "needs_review",
        "existence_status": "candidate",
        "city": "San Francisco",
        "state": "CA",
        "geometry_quality": "osm_display_fallback",
        "provenance_note": "OpenStreetMap-derived candidate/probable parking zone; verify against official/operator sources before treating as authoritative."
      }
    },
    {
      "type": "Feature",
      "geometry": {
        "type": "Polygon",
        "coordinates": [
          [
            [
              -122.41032829999999,
              37.799011699999994
            ],
            [
              -122.4100883,
              37.799011699999994
            ],
            [
              -122.4100883,
              37.7992517
            ],
            [
              -122.41032829999999,
              37.7992517
            ],
            [
              -122.41032829999999,
              37.799011699999994
            ]
          ]
        ]
      },
      "properties": {
        "source_id": "osm:way:1443107205",
        "name": "Parking area",
        "facility_type": "parking",
        "operator": "",
        "access": "private",
        "fee": "unknown",
        "charge": "",
        "capacity": "",
        "opening_hours": "",
        "website": "",
        "confidence": 0.35,
        "last_verified_source": "OpenStreetMap via Overpass",
        "raw_tags": {
          "access": "private",
          "amenity": "parking"
        },
        "geometry_note": "Approximate display polygon generated from point/center. Production should use parcel, building, lot footprint, or authoritative GIS polygon.",
        "source_name": "OpenStreetMap via Overpass",
        "source_url": "https://www.openstreetmap.org/",
        "api_url": "https://overpass-api.de/api/interpreter",
        "evidence_url": "https://www.openstreetmap.org/way/1443107205",
        "payment_url": null,
        "booking_url": null,
        "price_status": "unknown",
        "rule_status": "unknown",
        "enrichment_status": "needs_review",
        "existence_status": "candidate",
        "city": "San Francisco",
        "state": "CA",
        "geometry_quality": "osm_display_fallback",
        "provenance_note": "OpenStreetMap-derived candidate/probable parking zone; verify against official/operator sources before treating as authoritative."
      }
    },
    {
      "type": "Feature",
      "geometry": {
        "type": "Polygon",
        "coordinates": [
          [
            [
              -122.4100955,
              37.799012999999995
            ],
            [
              -122.4098555,
              37.799012999999995
            ],
            [
              -122.4098555,
              37.799253
            ],
            [
              -122.4100955,
              37.799253
            ],
            [
              -122.4100955,
              37.799012999999995
            ]
          ]
        ]
      },
      "properties": {
        "source_id": "osm:way:1443107206",
        "name": "Parking area",
        "facility_type": "parking",
        "operator": "",
        "access": "private",
        "fee": "unknown",
        "charge": "",
        "capacity": "",
        "opening_hours": "",
        "website": "",
        "confidence": 0.35,
        "last_verified_source": "OpenStreetMap via Overpass",
        "raw_tags": {
          "access": "private",
          "amenity": "parking"
        },
        "geometry_note": "Approximate display polygon generated from point/center. Production should use parcel, building, lot footprint, or authoritative GIS polygon.",
        "source_name": "OpenStreetMap via Overpass",
        "source_url": "https://www.openstreetmap.org/",
        "api_url": "https://overpass-api.de/api/interpreter",
        "evidence_url": "https://www.openstreetmap.org/way/1443107206",
        "payment_url": null,
        "booking_url": null,
        "price_status": "unknown",
        "rule_status": "unknown",
        "enrichment_status": "needs_review",
        "existence_status": "candidate",
        "city": "San Francisco",
        "state": "CA",
        "geometry_quality": "osm_display_fallback",
        "provenance_note": "OpenStreetMap-derived candidate/probable parking zone; verify against official/operator sources before treating as authoritative."
      }
    },
    {
      "type": "Feature",
      "geometry": {
        "type": "Polygon",
        "coordinates": [
          [
            [
              -122.41980459999999,
              37.768829
            ],
            [
              -122.4195646,
              37.768829
            ],
            [
              -122.4195646,
              37.769069
            ],
            [
              -122.41980459999999,
              37.769069
            ],
            [
              -122.41980459999999,
              37.768829
            ]
          ]
        ]
      },
      "properties": {
        "source_id": "osm:way:1443739117",
        "name": "Parking area",
        "facility_type": "parking",
        "operator": "",
        "access": "",
        "fee": "unknown",
        "charge": "",
        "capacity": "",
        "opening_hours": "",
        "website": "",
        "confidence": 0.35,
        "last_verified_source": "OpenStreetMap via Overpass",
        "raw_tags": {
          "amenity": "parking"
        },
        "geometry_note": "Approximate display polygon generated from point/center. Production should use parcel, building, lot footprint, or authoritative GIS polygon.",
        "source_name": "OpenStreetMap via Overpass",
        "source_url": "https://www.openstreetmap.org/",
        "api_url": "https://overpass-api.de/api/interpreter",
        "evidence_url": "https://www.openstreetmap.org/way/1443739117",
        "payment_url": null,
        "booking_url": null,
        "price_status": "unknown",
        "rule_status": "unknown",
        "enrichment_status": "needs_review",
        "existence_status": "candidate",
        "city": "San Francisco",
        "state": "CA",
        "geometry_quality": "osm_display_fallback",
        "provenance_note": "OpenStreetMap-derived candidate/probable parking zone; verify against official/operator sources before treating as authoritative."
      }
    },
    {
      "type": "Feature",
      "geometry": {
        "type": "Polygon",
        "coordinates": [
          [
            [
              -122.4046839,
              37.7750638
            ],
            [
              -122.4044439,
              37.7750638
            ],
            [
              -122.4044439,
              37.7753038
            ],
            [
              -122.4046839,
              37.7753038
            ],
            [
              -122.4046839,
              37.7750638
            ]
          ]
        ]
      },
      "properties": {
        "source_id": "osm:way:1452752981",
        "name": "Parking area",
        "facility_type": "street_side",
        "operator": "",
        "access": "private",
        "fee": "unknown",
        "charge": "",
        "capacity": "",
        "opening_hours": "",
        "website": "",
        "confidence": 0.35,
        "last_verified_source": "OpenStreetMap via Overpass",
        "raw_tags": {
          "access": "private",
          "amenity": "parking",
          "orientation": "perpendicular",
          "parking": "street_side",
          "surface": "asphalt"
        },
        "geometry_note": "Approximate display polygon generated from point/center. Production should use parcel, building, lot footprint, or authoritative GIS polygon.",
        "source_name": "OpenStreetMap via Overpass",
        "source_url": "https://www.openstreetmap.org/",
        "api_url": "https://overpass-api.de/api/interpreter",
        "evidence_url": "https://www.openstreetmap.org/way/1452752981",
        "payment_url": null,
        "booking_url": null,
        "price_status": "unknown",
        "rule_status": "unknown",
        "enrichment_status": "needs_review",
        "existence_status": "candidate",
        "city": "San Francisco",
        "state": "CA",
        "geometry_quality": "osm_display_fallback",
        "provenance_note": "OpenStreetMap-derived candidate/probable parking zone; verify against official/operator sources before treating as authoritative."
      }
    },
    {
      "type": "Feature",
      "geometry": {
        "type": "Polygon",
        "coordinates": [
          [
            [
              -122.4040745,
              37.7759838
            ],
            [
              -122.4038345,
              37.7759838
            ],
            [
              -122.4038345,
              37.776223800000004
            ],
            [
              -122.4040745,
              37.776223800000004
            ],
            [
              -122.4040745,
              37.7759838
            ]
          ]
        ]
      },
      "properties": {
        "source_id": "osm:way:1452752984",
        "name": "Parking area",
        "facility_type": "surface",
        "operator": "",
        "access": "private",
        "fee": "unknown",
        "charge": "",
        "capacity": "",
        "opening_hours": "",
        "website": "",
        "confidence": 0.35,
        "last_verified_source": "OpenStreetMap via Overpass",
        "raw_tags": {
          "access": "private",
          "amenity": "parking",
          "parking": "surface",
          "surface": "concrete"
        },
        "geometry_note": "Approximate display polygon generated from point/center. Production should use parcel, building, lot footprint, or authoritative GIS polygon.",
        "source_name": "OpenStreetMap via Overpass",
        "source_url": "https://www.openstreetmap.org/",
        "api_url": "https://overpass-api.de/api/interpreter",
        "evidence_url": "https://www.openstreetmap.org/way/1452752984",
        "payment_url": null,
        "booking_url": null,
        "price_status": "unknown",
        "rule_status": "unknown",
        "enrichment_status": "needs_review",
        "existence_status": "candidate",
        "city": "San Francisco",
        "state": "CA",
        "geometry_quality": "osm_display_fallback",
        "provenance_note": "OpenStreetMap-derived candidate/probable parking zone; verify against official/operator sources before treating as authoritative."
      }
    },
    {
      "type": "Feature",
      "geometry": {
        "type": "Polygon",
        "coordinates": [
          [
            [
              -122.4148333,
              37.801736999999996
            ],
            [
              -122.4145933,
              37.801736999999996
            ],
            [
              -122.4145933,
              37.801977
            ],
            [
              -122.4148333,
              37.801977
            ],
            [
              -122.4148333,
              37.801736999999996
            ]
          ]
        ]
      },
      "properties": {
        "source_id": "osm:way:1469656010",
        "name": "Parking area",
        "facility_type": "parking",
        "operator": "",
        "access": "",
        "fee": "unknown",
        "charge": "",
        "capacity": "",
        "opening_hours": "",
        "website": "",
        "confidence": 0.35,
        "last_verified_source": "OpenStreetMap via Overpass",
        "raw_tags": {
          "amenity": "parking"
        },
        "geometry_note": "Approximate display polygon generated from point/center. Production should use parcel, building, lot footprint, or authoritative GIS polygon.",
        "source_name": "OpenStreetMap via Overpass",
        "source_url": "https://www.openstreetmap.org/",
        "api_url": "https://overpass-api.de/api/interpreter",
        "evidence_url": "https://www.openstreetmap.org/way/1469656010",
        "payment_url": null,
        "booking_url": null,
        "price_status": "unknown",
        "rule_status": "unknown",
        "enrichment_status": "needs_review",
        "existence_status": "candidate",
        "city": "San Francisco",
        "state": "CA",
        "geometry_quality": "osm_display_fallback",
        "provenance_note": "OpenStreetMap-derived candidate/probable parking zone; verify against official/operator sources before treating as authoritative."
      }
    },
    {
      "type": "Feature",
      "geometry": {
        "type": "Polygon",
        "coordinates": [
          [
            [
              -122.3933529,
              37.786615899999994
            ],
            [
              -122.3931129,
              37.786615899999994
            ],
            [
              -122.3931129,
              37.7868559
            ],
            [
              -122.3933529,
              37.7868559
            ],
            [
              -122.3933529,
              37.786615899999994
            ]
          ]
        ]
      },
      "properties": {
        "source_id": "osm:way:1474573412",
        "name": "Parking area",
        "facility_type": "parking",
        "operator": "",
        "access": "",
        "fee": "unknown",
        "charge": "",
        "capacity": "",
        "opening_hours": "",
        "website": "",
        "confidence": 0.35,
        "last_verified_source": "OpenStreetMap via Overpass",
        "raw_tags": {
          "amenity": "parking"
        },
        "geometry_note": "Approximate display polygon generated from point/center. Production should use parcel, building, lot footprint, or authoritative GIS polygon.",
        "source_name": "OpenStreetMap via Overpass",
        "source_url": "https://www.openstreetmap.org/",
        "api_url": "https://overpass-api.de/api/interpreter",
        "evidence_url": "https://www.openstreetmap.org/way/1474573412",
        "payment_url": null,
        "booking_url": null,
        "price_status": "unknown",
        "rule_status": "unknown",
        "enrichment_status": "needs_review",
        "existence_status": "candidate",
        "city": "San Francisco",
        "state": "CA",
        "geometry_quality": "osm_display_fallback",
        "provenance_note": "OpenStreetMap-derived candidate/probable parking zone; verify against official/operator sources before treating as authoritative."
      }
    },
    {
      "type": "Feature",
      "geometry": {
        "type": "Polygon",
        "coordinates": [
          [
            [
              -122.3927456,
              37.7865183
            ],
            [
              -122.3925056,
              37.7865183
            ],
            [
              -122.3925056,
              37.7867583
            ],
            [
              -122.3927456,
              37.7867583
            ],
            [
              -122.3927456,
              37.7865183
            ]
          ]
        ]
      },
      "properties": {
        "source_id": "osm:way:1474573413",
        "name": "Parking area",
        "facility_type": "parking",
        "operator": "",
        "access": "",
        "fee": "unknown",
        "charge": "",
        "capacity": "",
        "opening_hours": "",
        "website": "",
        "confidence": 0.35,
        "last_verified_source": "OpenStreetMap via Overpass",
        "raw_tags": {
          "amenity": "parking"
        },
        "geometry_note": "Approximate display polygon generated from point/center. Production should use parcel, building, lot footprint, or authoritative GIS polygon.",
        "source_name": "OpenStreetMap via Overpass",
        "source_url": "https://www.openstreetmap.org/",
        "api_url": "https://overpass-api.de/api/interpreter",
        "evidence_url": "https://www.openstreetmap.org/way/1474573413",
        "payment_url": null,
        "booking_url": null,
        "price_status": "unknown",
        "rule_status": "unknown",
        "enrichment_status": "needs_review",
        "existence_status": "candidate",
        "city": "San Francisco",
        "state": "CA",
        "geometry_quality": "osm_display_fallback",
        "provenance_note": "OpenStreetMap-derived candidate/probable parking zone; verify against official/operator sources before treating as authoritative."
      }
    },
    {
      "type": "Feature",
      "geometry": {
        "type": "Polygon",
        "coordinates": [
          [
            [
              -122.3926934,
              37.7867123
            ],
            [
              -122.39245340000001,
              37.7867123
            ],
            [
              -122.39245340000001,
              37.7869523
            ],
            [
              -122.3926934,
              37.7869523
            ],
            [
              -122.3926934,
              37.7867123
            ]
          ]
        ]
      },
      "properties": {
        "source_id": "osm:way:1474573414",
        "name": "Parking area",
        "facility_type": "parking",
        "operator": "",
        "access": "",
        "fee": "unknown",
        "charge": "",
        "capacity": "",
        "opening_hours": "",
        "website": "",
        "confidence": 0.35,
        "last_verified_source": "OpenStreetMap via Overpass",
        "raw_tags": {
          "amenity": "parking"
        },
        "geometry_note": "Approximate display polygon generated from point/center. Production should use parcel, building, lot footprint, or authoritative GIS polygon.",
        "source_name": "OpenStreetMap via Overpass",
        "source_url": "https://www.openstreetmap.org/",
        "api_url": "https://overpass-api.de/api/interpreter",
        "evidence_url": "https://www.openstreetmap.org/way/1474573414",
        "payment_url": null,
        "booking_url": null,
        "price_status": "unknown",
        "rule_status": "unknown",
        "enrichment_status": "needs_review",
        "existence_status": "candidate",
        "city": "San Francisco",
        "state": "CA",
        "geometry_quality": "osm_display_fallback",
        "provenance_note": "OpenStreetMap-derived candidate/probable parking zone; verify against official/operator sources before treating as authoritative."
      }
    },
    {
      "type": "Feature",
      "geometry": {
        "type": "Polygon",
        "coordinates": [
          [
            [
              -122.3930307,
              37.787872199999995
            ],
            [
              -122.3927907,
              37.787872199999995
            ],
            [
              -122.3927907,
              37.7881122
            ],
            [
              -122.3930307,
              37.7881122
            ],
            [
              -122.3930307,
              37.787872199999995
            ]
          ]
        ]
      },
      "properties": {
        "source_id": "osm:way:1474573415",
        "name": "Parking area",
        "facility_type": "parking",
        "operator": "",
        "access": "",
        "fee": "unknown",
        "charge": "",
        "capacity": "",
        "opening_hours": "",
        "website": "",
        "confidence": 0.35,
        "last_verified_source": "OpenStreetMap via Overpass",
        "raw_tags": {
          "amenity": "parking"
        },
        "geometry_note": "Approximate display polygon generated from point/center. Production should use parcel, building, lot footprint, or authoritative GIS polygon.",
        "source_name": "OpenStreetMap via Overpass",
        "source_url": "https://www.openstreetmap.org/",
        "api_url": "https://overpass-api.de/api/interpreter",
        "evidence_url": "https://www.openstreetmap.org/way/1474573415",
        "payment_url": null,
        "booking_url": null,
        "price_status": "unknown",
        "rule_status": "unknown",
        "enrichment_status": "needs_review",
        "existence_status": "candidate",
        "city": "San Francisco",
        "state": "CA",
        "geometry_quality": "osm_display_fallback",
        "provenance_note": "OpenStreetMap-derived candidate/probable parking zone; verify against official/operator sources before treating as authoritative."
      }
    },
    {
      "type": "Feature",
      "geometry": {
        "type": "Polygon",
        "coordinates": [
          [
            [
              -122.42288289999999,
              37.7706005
            ],
            [
              -122.4226429,
              37.7706005
            ],
            [
              -122.4226429,
              37.770840500000006
            ],
            [
              -122.42288289999999,
              37.770840500000006
            ],
            [
              -122.42288289999999,
              37.7706005
            ]
          ]
        ]
      },
      "properties": {
        "source_id": "osm:way:1490658793",
        "name": "Parking area",
        "facility_type": "parking",
        "operator": "",
        "access": "private",
        "fee": "unknown",
        "charge": "",
        "capacity": "",
        "opening_hours": "",
        "website": "",
        "confidence": 0.35,
        "last_verified_source": "OpenStreetMap via Overpass",
        "raw_tags": {
          "access": "private",
          "amenity": "parking"
        },
        "geometry_note": "Approximate display polygon generated from point/center. Production should use parcel, building, lot footprint, or authoritative GIS polygon.",
        "source_name": "OpenStreetMap via Overpass",
        "source_url": "https://www.openstreetmap.org/",
        "api_url": "https://overpass-api.de/api/interpreter",
        "evidence_url": "https://www.openstreetmap.org/way/1490658793",
        "payment_url": null,
        "booking_url": null,
        "price_status": "unknown",
        "rule_status": "unknown",
        "enrichment_status": "needs_review",
        "existence_status": "candidate",
        "city": "San Francisco",
        "state": "CA",
        "geometry_quality": "osm_display_fallback",
        "provenance_note": "OpenStreetMap-derived candidate/probable parking zone; verify against official/operator sources before treating as authoritative."
      }
    },
    {
      "type": "Feature",
      "geometry": {
        "type": "Polygon",
        "coordinates": [
          [
            [
              -122.42466929999999,
              37.7725199
            ],
            [
              -122.4244293,
              37.7725199
            ],
            [
              -122.4244293,
              37.772759900000004
            ],
            [
              -122.42466929999999,
              37.772759900000004
            ],
            [
              -122.42466929999999,
              37.7725199
            ]
          ]
        ]
      },
      "properties": {
        "source_id": "osm:way:1490658794",
        "name": "Parking area",
        "facility_type": "parking",
        "operator": "",
        "access": "private",
        "fee": "unknown",
        "charge": "",
        "capacity": "",
        "opening_hours": "",
        "website": "",
        "confidence": 0.35,
        "last_verified_source": "OpenStreetMap via Overpass",
        "raw_tags": {
          "access": "private",
          "amenity": "parking"
        },
        "geometry_note": "Approximate display polygon generated from point/center. Production should use parcel, building, lot footprint, or authoritative GIS polygon.",
        "source_name": "OpenStreetMap via Overpass",
        "source_url": "https://www.openstreetmap.org/",
        "api_url": "https://overpass-api.de/api/interpreter",
        "evidence_url": "https://www.openstreetmap.org/way/1490658794",
        "payment_url": null,
        "booking_url": null,
        "price_status": "unknown",
        "rule_status": "unknown",
        "enrichment_status": "needs_review",
        "existence_status": "candidate",
        "city": "San Francisco",
        "state": "CA",
        "geometry_quality": "osm_display_fallback",
        "provenance_note": "OpenStreetMap-derived candidate/probable parking zone; verify against official/operator sources before treating as authoritative."
      }
    },
    {
      "type": "Feature",
      "geometry": {
        "type": "Polygon",
        "coordinates": [
          [
            [
              -122.4243089,
              37.7722388
            ],
            [
              -122.42406890000001,
              37.7722388
            ],
            [
              -122.42406890000001,
              37.7724788
            ],
            [
              -122.4243089,
              37.7724788
            ],
            [
              -122.4243089,
              37.7722388
            ]
          ]
        ]
      },
      "properties": {
        "source_id": "osm:way:1490658796",
        "name": "Parking area",
        "facility_type": "parking",
        "operator": "",
        "access": "",
        "fee": "unknown",
        "charge": "",
        "capacity": "",
        "opening_hours": "",
        "website": "",
        "confidence": 0.35,
        "last_verified_source": "OpenStreetMap via Overpass",
        "raw_tags": {
          "amenity": "parking"
        },
        "geometry_note": "Approximate display polygon generated from point/center. Production should use parcel, building, lot footprint, or authoritative GIS polygon.",
        "source_name": "OpenStreetMap via Overpass",
        "source_url": "https://www.openstreetmap.org/",
        "api_url": "https://overpass-api.de/api/interpreter",
        "evidence_url": "https://www.openstreetmap.org/way/1490658796",
        "payment_url": null,
        "booking_url": null,
        "price_status": "unknown",
        "rule_status": "unknown",
        "enrichment_status": "needs_review",
        "existence_status": "candidate",
        "city": "San Francisco",
        "state": "CA",
        "geometry_quality": "osm_display_fallback",
        "provenance_note": "OpenStreetMap-derived candidate/probable parking zone; verify against official/operator sources before treating as authoritative."
      }
    },
    {
      "type": "Feature",
      "geometry": {
        "type": "Polygon",
        "coordinates": [
          [
            [
              -122.3957643,
              37.779660799999995
            ],
            [
              -122.3955243,
              37.779660799999995
            ],
            [
              -122.3955243,
              37.7799008
            ],
            [
              -122.3957643,
              37.7799008
            ],
            [
              -122.3957643,
              37.779660799999995
            ]
          ]
        ]
      },
      "properties": {
        "source_id": "osm:way:1504713558",
        "name": "Parking area",
        "facility_type": "surface",
        "operator": "",
        "access": "private",
        "fee": "unknown",
        "charge": "",
        "capacity": "",
        "opening_hours": "",
        "website": "",
        "confidence": 0.35,
        "last_verified_source": "OpenStreetMap via Overpass",
        "raw_tags": {
          "access": "private",
          "amenity": "parking",
          "parking": "surface",
          "surface": "asphalt"
        },
        "geometry_note": "Approximate display polygon generated from point/center. Production should use parcel, building, lot footprint, or authoritative GIS polygon.",
        "source_name": "OpenStreetMap via Overpass",
        "source_url": "https://www.openstreetmap.org/",
        "api_url": "https://overpass-api.de/api/interpreter",
        "evidence_url": "https://www.openstreetmap.org/way/1504713558",
        "payment_url": null,
        "booking_url": null,
        "price_status": "unknown",
        "rule_status": "unknown",
        "enrichment_status": "needs_review",
        "existence_status": "candidate",
        "city": "San Francisco",
        "state": "CA",
        "geometry_quality": "osm_display_fallback",
        "provenance_note": "OpenStreetMap-derived candidate/probable parking zone; verify against official/operator sources before treating as authoritative."
      }
    },
    {
      "type": "Feature",
      "geometry": {
        "type": "Polygon",
        "coordinates": [
          [
            [
              -122.39629169999999,
              37.7966446
            ],
            [
              -122.3960517,
              37.7966446
            ],
            [
              -122.3960517,
              37.796884600000006
            ],
            [
              -122.39629169999999,
              37.796884600000006
            ],
            [
              -122.39629169999999,
              37.7966446
            ]
          ]
        ]
      },
      "properties": {
        "source_id": "osm:way:1505475432",
        "name": "Parking area",
        "facility_type": "surface",
        "operator": "",
        "access": "",
        "fee": "unknown",
        "charge": "",
        "capacity": "",
        "opening_hours": "",
        "website": "",
        "confidence": 0.35,
        "last_verified_source": "OpenStreetMap via Overpass",
        "raw_tags": {
          "amenity": "parking",
          "parking": "surface",
          "surface": "asphalt"
        },
        "geometry_note": "Approximate display polygon generated from point/center. Production should use parcel, building, lot footprint, or authoritative GIS polygon.",
        "source_name": "OpenStreetMap via Overpass",
        "source_url": "https://www.openstreetmap.org/",
        "api_url": "https://overpass-api.de/api/interpreter",
        "evidence_url": "https://www.openstreetmap.org/way/1505475432",
        "payment_url": null,
        "booking_url": null,
        "price_status": "unknown",
        "rule_status": "unknown",
        "enrichment_status": "needs_review",
        "existence_status": "candidate",
        "city": "San Francisco",
        "state": "CA",
        "geometry_quality": "osm_display_fallback",
        "provenance_note": "OpenStreetMap-derived candidate/probable parking zone; verify against official/operator sources before treating as authoritative."
      }
    },
    {
      "type": "Feature",
      "geometry": {
        "type": "Polygon",
        "coordinates": [
          [
            [
              -122.4060621,
              37.8027285
            ],
            [
              -122.40582210000001,
              37.8027285
            ],
            [
              -122.40582210000001,
              37.802968500000006
            ],
            [
              -122.4060621,
              37.802968500000006
            ],
            [
              -122.4060621,
              37.8027285
            ]
          ]
        ]
      },
      "properties": {
        "source_id": "osm:relation:4221904",
        "name": "Parking area",
        "facility_type": "street_side",
        "operator": "",
        "access": "yes",
        "fee": "no",
        "charge": "",
        "capacity": "",
        "opening_hours": "",
        "website": "",
        "confidence": 0.35,
        "last_verified_source": "OpenStreetMap via Overpass",
        "raw_tags": {
          "access": "yes",
          "amenity": "parking",
          "fee": "no",
          "parking": "street_side",
          "type": "multipolygon"
        },
        "geometry_note": "Approximate display polygon generated from point/center. Production should use parcel, building, lot footprint, or authoritative GIS polygon.",
        "source_name": "OpenStreetMap via Overpass",
        "source_url": "https://www.openstreetmap.org/",
        "api_url": "https://overpass-api.de/api/interpreter",
        "evidence_url": "https://www.openstreetmap.org/relation/4221904",
        "payment_url": null,
        "booking_url": null,
        "price_status": "known_free",
        "rule_status": "unknown",
        "enrichment_status": "needs_review",
        "existence_status": "candidate",
        "city": "San Francisco",
        "state": "CA",
        "geometry_quality": "osm_display_fallback",
        "provenance_note": "OpenStreetMap-derived candidate/probable parking zone; verify against official/operator sources before treating as authoritative."
      }
    },
    {
      "type": "Feature",
      "geometry": {
        "type": "Polygon",
        "coordinates": [
          [
            [
              -122.3887736,
              37.779830399999994
            ],
            [
              -122.3885336,
              37.779830399999994
            ],
            [
              -122.3885336,
              37.7800704
            ],
            [
              -122.3887736,
              37.7800704
            ],
            [
              -122.3887736,
              37.779830399999994
            ]
          ]
        ]
      },
      "properties": {
        "source_id": "osm:relation:7532709",
        "name": "San Francisco Giants",
        "facility_type": "parking",
        "operator": "San Francisco Giants",
        "access": "private",
        "fee": "unknown",
        "charge": "",
        "capacity": "",
        "opening_hours": "",
        "website": "",
        "confidence": 0.35,
        "last_verified_source": "OpenStreetMap via Overpass",
        "raw_tags": {
          "access": "private",
          "amenity": "parking",
          "operator": "San Francisco Giants",
          "surface": "paved",
          "type": "multipolygon"
        },
        "geometry_note": "Approximate display polygon generated from point/center. Production should use parcel, building, lot footprint, or authoritative GIS polygon.",
        "source_name": "OpenStreetMap via Overpass",
        "source_url": "https://www.openstreetmap.org/",
        "api_url": "https://overpass-api.de/api/interpreter",
        "evidence_url": "https://www.openstreetmap.org/relation/7532709",
        "payment_url": null,
        "booking_url": null,
        "price_status": "unknown",
        "rule_status": "unknown",
        "enrichment_status": "needs_review",
        "existence_status": "probable",
        "city": "San Francisco",
        "state": "CA",
        "geometry_quality": "osm_display_fallback",
        "provenance_note": "OpenStreetMap-derived candidate/probable parking zone; verify against official/operator sources before treating as authoritative."
      }
    }
  ]
}
